"IC05","IC08","IC09","IC15","IC16","IC17","IC18","IC19","IC20","IC23","IC24","IC26","IC27","IC29","IC31","IC33","IC36","IC37","IC38","IC41","IC42","IC43","IC44","IC45","IC46","IC47","IC48","IC49","IC50","IC51","IC54","IC56","IC58","IC60","IC62","IC63","IC64","IC65","IC66","IC67","IC68","IC69","IC71","IC72","IC73","IC74","IC75","IC76","IC77"
-2.582,1.6114,2.5245,-1.9831,-0.0704,-0.3091,-1.4953,1.6181,-0.8758,2.3385,2.2344,-1.2339,-0.0196,-0.0521,1.7242,-2.6837,-0.1154,1.6402,-0.3886,1.4207,-0.3385,0.4208,0.5735,3.2178,-1.3072,-1.8142,0.6112,0.9211,-0.2759,2.9148,0.6891,-0.1609,-0.5234,0.4948,-0.7425,-1.4422,2.7468,0.1716,1.706,-0.8323,-0.2467,-0.3327,-1.409,0.6162,0.1347,0.0606,-0.2008,2.2889,-0.3877
-1.5982,0.5757,2.2174,-3.7606,0.3547,-1.0513,-1.4227,1.2562,0.488,0.7923,0.1054,0.0177,-0.8411,0.2599,1.1171,-2.7353,-0.4188,0.3681,-0.7846,1.3608,-0.7522,-0.6608,2.3799,1.5376,-1.1535,-0.9377,0.8034,0.4681,0.2616,-0.6876,-0.0177,0.4598,-0.162,0.2311,-0.1041,-2.051,1.2613,-0.3188,0.1951,-0.2484,-1.4885,0.0229,-2.0589,0.1465,-1.2414,-0.2366,-0.3356,1.9931,-0.1169
-1.7443,0.0783,1.3851,-2.5198,0.055,-0.1992,-1.8717,1.8777,-0.0083,-0.6113,0.0119,0.1556,-1.3409,-0.4251,0.1039,-1.8903,-0.4318,0.3154,-0.8601,-0.054,-0.3587,-1.2705,1.1911,0.7677,-0.1419,-1.1348,0.8184,-0.0733,-0.1292,-1.1911,-0.1543,0.5673,-0.3043,-0.1823,0.5206,-1.9384,-0.3009,-0.4226,-0.4945,-0.2005,-0.6472,-0.274,-1.9638,0.4464,-0.7826,-0.4087,-0.5839,1.4516,-0.1432
-1.2396,0.1292,-1.1033,0.4184,0.6866,0.9638,-1.4616,1.8196,-0.2536,1.0753,-0.2248,0.2374,-0.7578,-1.5447,-0.2482,-0.8225,-1.6344,-0.6573,-1.6748,1.2495,-0.1114,-1.0008,-0.138,-1.24,-1.0105,0.6455,0.2338,0.5061,-0.4336,0.3948,-0.5845,-0.1112,-0.8904,0.1371,0.0765,-1.2664,-1.0603,-0.8225,-0.3572,0.4249,0.2142,0.0278,-1.4746,0.9614,0.4202,-0.2974,-1.6369,0.928,-0.5697
-1.1445,0.7708,-1.0814,0.7989,0.7356,-0.0216,-1.0617,0.3505,0.3955,1.0997,-0.7378,0.1609,-0.4082,-0.4699,0.347,-0.7031,-0.6248,0.21,-0.5223,0.4975,1.7348,0.4328,-0.503,-0.7777,-0.2289,0.8762,1.0047,0.4063,0.8421,0.1787,-1.5925,-0.216,0.4816,0.8496,0.2768,-1.2458,-0.9868,-0.4189,1.186,1.522,0.2023,1.5938,-0.4515,1.544,0.867,-0.1826,-0.9891,0.8175,-0.4771
-1.2283,0.7547,-1.2563,-0.071,0.7588,0.7622,-0.1036,0.4087,0.6545,0.4965,-0.5887,0.2677,0.3568,-0.4186,-0.9594,-0.653,-0.1405,-0.5471,0.3156,-0.4533,1.4021,1.0201,-0.4798,0.402,-0.3416,0.319,2.2793,0.0741,0.232,0.0949,-0.7365,-0.6562,2.1059,1.0594,1.1465,-1.5253,-0.2745,-0.5394,1.5194,1.4218,0.1065,0.7962,-0.096,1.7628,1.3528,-0.2319,-0.4255,0.3362,-0.4828
-0.5231,1.059,-1.8616,-1.2217,0.1877,0.9626,0.057,1.8268,0.3208,0.4437,1.2554,1.6543,0.1373,-0.1186,-1.4102,-0.636,-0.5302,-1.2789,0.4015,-0.1633,1.1972,1.0581,-1.5303,0.2348,0.4689,-0.4555,2.1119,-1.3978,0.0432,-0.4768,0.0147,-1.186,1.6108,1.4313,1.9241,-1.5531,0.2589,0.1315,1.3905,1.3104,0.8812,-0.0566,0.5532,1.7654,1.1091,0.1387,-0.1108,0.5102,-0.7944
-1.0622,-0.0726,-2.4268,-1.1849,-0.8511,0.6599,0.3785,2.4553,0.452,-0.3476,0.7617,0.6696,0.0112,0.2479,-1.255,-1.5775,0.4277,-1.0364,0.3738,-0.4737,1.0888,0.7787,-1.4763,-0.6295,0.2703,-0.7808,2.083,-1.7512,0.7019,-0.5223,-0.4283,-1.8185,1.0091,1.2766,2.5005,-1.7972,0.5383,0.975,0.8496,0.2622,0.2562,-0.364,0.6408,1.8153,0.3944,0.3313,0.1574,0.7911,-0.7174
-1.2439,-0.2949,-1.6337,-0.7152,-2.1414,0.8803,0.7357,1.3409,-0.2494,-0.6849,2.7846,0.6178,-0.1478,-0.4327,-0.6484,-1.8945,0.7591,0.022,1.1721,0.1152,1.4326,1.5036,-1.7433,-0.0839,0.7915,-2.2235,1.8066,-1.3071,0.9911,-0.0789,0.0325,-2.6517,0.6104,1.0954,2.7083,-0.6427,0.8266,1.0528,1.0959,-0.6422,0.4813,-0.5713,1.2715,0.6285,0.3796,-0.6491,-0.0948,-0.0372,-1.2567
-0.7198,-1.2708,-1.2065,0.4841,-0.909,0.7837,1.1168,1.6477,0.2243,-0.2376,1.822,0.9654,-0.331,-1.0935,-1.0274,-0.9854,0.176,-1.2402,0.3434,0.9813,0.1096,0.6552,-0.8427,-0.5622,-0.2796,-1.1158,-0.0733,-0.5393,0.7347,-0.3086,0.1744,-0.863,0.6235,1.4811,0.4786,-0.2271,0.7573,0.3284,-0.3567,-1.4863,0.079,-0.4091,1.4668,-0.5159,0.7831,-0.9282,0.3954,-1.5883,-1.1468
0.835,-0.7994,-0.7543,0.9227,-0.198,0.0733,1.0332,1.2277,-0.0973,0.2159,1.84,0.4717,-0.2714,-1.0571,-0.8484,0.0431,-0.0451,-0.529,-0.1243,0.8066,-0.8449,0.6735,-0.5771,-1.012,-0.6343,-0.9929,-1.0105,-0.2226,0.3029,-1.5033,0.8515,-0.7433,-0.3637,1.0219,-1.0842,0.0174,-0.2819,0.0827,-0.5447,0.1361,1.2662,0,1.0758,-1.4008,0.2543,-0.7737,0.6299,-1.9753,-0.2849
0.1361,-0.0484,-0.4613,0.5589,0.185,0.3821,0.4275,0.8683,0.1724,-1.0934,0.176,-1.1198,1.1546,-0.1871,-0.496,0.565,-0.6891,-0.3917,-0.5977,-0.026,-1.2739,0.6559,0.363,-1.3054,0.3394,-0.1445,-0.1622,0.2809,0.0507,-1.3122,0.2085,-0.2256,-0.2669,0.3908,-1.2871,0.1492,-0.5978,0.4378,-0.3391,-0.6288,1.3765,0.4319,0.3409,-0.3071,1.1888,-0.7741,1.8305,-1.6553,1.1972
0.4315,0.788,-0.0578,0.3887,0.1015,-0.0896,0.2299,1.3166,-0.3711,0.0542,0.062,0.2326,0.2407,-0.2421,-0.069,0.5101,-0.7776,0.5193,-0.1822,-0.1714,-0.2007,1.2539,0.0062,0.2135,1.041,-0.172,-0.1552,-0.2984,0.2516,-0.9424,-0.4613,-0.1071,-0.4363,0.8645,-1.8721,0.0227,-0.2614,1.2373,0.5769,-0.0699,1.9074,0.9028,1.6111,-0.7086,0.1744,-0.5209,1.6297,-1.1219,1.417
0.0275,-0.2864,-0.4146,0.59,-0.3951,0.8584,-0.4697,-0.182,-0.8427,-0.4442,-1.3358,-0.0267,0.8198,-0.4837,-0.0949,1.0334,-0.7119,-0.727,0.1182,-0.2924,-0.1308,0.6389,0.1527,-0.5498,0.3401,-0.1045,-0.54,-0.5434,-0.3091,-0.4058,0.3134,0.4342,-0.4556,-0.5561,-0.6112,0.058,-0.2447,1.3499,-1.071,-0.0296,0.8005,0.4201,1.812,-1.0498,0.6696,-1.0185,1.4418,-1.2533,0.8517
0.6563,-0.7231,0.121,0.4534,-0.1626,-0.664,-0.1504,-2.4304,-0.5006,-1.4545,-0.5874,1.2505,0.4487,0.1552,0.6574,0.8219,-0.0848,-0.499,0.596,-0.0521,-0.4898,-0.5176,0.1254,0.2925,0.5744,0.5921,-1.2225,-0.4078,-1.6112,-1.0776,0.6804,0.6695,-1.1305,-1.0918,-0.6644,0.1617,-0.2546,1.3304,-2.2431,-0.046,-0.306,-0.6074,2.0194,-1.4539,0.154,-0.1771,1.6764,-1.4994,0.8015
0.6136,-1.3088,0.1375,0.017,-0.1907,-0.3191,-0.9317,-3.3053,-0.125,-2.033,-0.8042,0.0419,0.1806,-0.0341,0.7094,1.0253,0.3528,-1.4835,0.5534,0.7605,-1.4032,-1.0076,1.0808,-0.6769,-0.1124,0.3637,-1.8732,0.5137,-1.6984,-0.6603,0.9901,0.6729,-1.2296,-2.1882,-0.9491,0.3162,-0.6722,1.2558,-2.3315,-0.7821,-1.1388,0.7415,1.2882,-1.8033,-1.061,-0.8232,0.5472,-1.8051,-0.4235
0.5657,-0.9171,0.5022,0.5795,0.8454,-0.48,-0.3976,-2.0378,-0.0991,-0.5819,-0.8311,-0.1721,-0.0711,0.6865,0.7648,0.9987,0.3133,-0.2397,0.1341,0.7788,-0.895,-0.689,0.648,-0.7563,-0.0794,2.2149,-1.2049,0.8755,-1.5814,0.1983,0.4683,0.7627,-0.5973,-0.5614,-1.1059,1.1105,-1.1855,0.5964,-1.7896,-0.9809,-0.7646,-0.1143,1.1714,-0.5194,-1.4275,-0.8721,0.5443,-0.9274,-0.9419
0.1103,-0.48,0.3223,0.4822,2.022,-1.0483,0.3265,-1.6181,1.2544,-0.262,-2.1785,0.6236,-0.1168,0.3996,0.5435,0.3768,0.443,-0.2789,0.5487,1.2129,-0.6237,-0.4227,1.6984,-0.5956,-0.3792,2.6557,-0.6274,0.7275,-1.4263,-0.441,0.5327,1.4456,0.8347,-0.6352,-1.3358,1.3147,-0.9642,-0.927,-1.4693,-0.3572,-1.1961,-0.2534,0.1144,0.4781,-1.3468,-0.0628,0.1038,-0.5425,-0.1022
-0.4305,-0.139,0.8065,0.4359,0.6925,-0.5523,-0.1221,-2.2973,-0.6561,-0.7869,-0.8092,-0.7299,0.2611,1.0132,0.2658,0.9102,0.1865,0.4914,0.7078,-0.575,-0.2054,1.1979,0.5301,0.2424,0.985,0.3711,-0.2011,0.5405,-0.6339,-0.4564,0.3916,1.0428,-0.1713,-0.459,-0.8235,1.8977,-1.0702,-1.6266,-0.4594,-0.4108,-0.7014,1.8134,-1.1729,-0.1651,-0.2324,-0.2379,-0.3766,-0.0841,-0.2774
0.2894,-0.8697,0.5512,1.067,1.4111,-0.823,-0.1657,-2.0482,-0.3174,-0.0737,-1.1525,-0.8133,0.8254,-0.2544,0.0313,0.9897,-0.9129,0.4484,-0.7431,0,-1.3407,0.3665,1.0368,-0.0581,0.4081,1.1804,0.4579,1.7106,-1.2385,0.5162,-0.4649,1.4656,0.4506,0.493,-1.2738,2.7338,-1.2951,-1.1239,-0.8453,-0.6456,-0.8959,1.3088,-1.2528,-0.8256,0.7726,0.5316,-1.229,-0.2143,-0.1732
1.2224,-0.693,0.5265,1.3546,0.9264,-0.9959,0.1963,-1.8645,-1.0149,1.2758,-0.0618,-0.387,1.2798,0.221,0.4148,1.1827,-0.3248,0.8209,-1.195,-1.2936,-1.0441,0.8755,1.3011,0.5963,0.572,0.9796,-0.051,2.1342,-0.9265,-0.4104,-0.7685,0.4985,0.1683,-0.3481,-0.7137,3.267,-1.3728,-0.2856,0.5012,0.1415,-0.6941,0.0412,-1.0625,0.1148,0.9019,1.7599,-1.9756,0.1665,-0.0626
1.0078,-0.1751,1.2983,0.9418,1.4658,0.0823,0.4622,-1.1198,-0.6352,-0.3902,-1.7554,-0.6871,1.4543,0.1843,0.9449,1.7756,1.6999,1.2392,-1.0391,-0.8768,0.3492,0.1925,1.3152,0.0454,1.269,0.9855,-1.1965,1.783,0.3319,1.6229,-1.4229,0.9071,1.369,-1.355,-0.6573,2.3537,-0.9481,-2.1832,1.0675,0.9475,-1.5563,0.0569,-1.3658,0.6058,1.4969,1.8151,-2.0091,-0.2399,0.4304
1.2409,0.3039,0.4284,0.8485,2.2941,0.8286,0.9306,-0.7508,-0.7304,1.5277,0.0295,0.9154,0.565,-0.2818,1.1345,1.6467,1.7696,0.3198,-1.1402,0.2647,-0.4366,-0.738,0.1897,0.1947,0.6598,1.4558,-0.9581,1.2954,-0.0051,2.5334,-1.5941,0.0247,1.9621,-1.1387,-0.4786,2.2305,0.2636,-1.1702,1.5208,0.3105,-0.0448,-2.0442,-0.5405,0.7744,0.2199,2.2927,-1.6321,0.2004,0.8557
0.6883,0.7164,0.7746,0.789,0.1745,-0.4734,0.1695,-0.3515,-1.6015,1.0352,0.0111,-0.3128,-0.2311,0.5575,0.8486,1.479,2.8934,1.1467,-1.0054,-1.4993,-0.2808,0.1223,-0.5718,-0.3378,1.3898,0.2718,-0.5984,0.635,-0.0436,2.2345,-1.9568,0.5527,1.4629,-1.6676,0.134,2.3556,-0.1012,0.6818,1.9496,0.6,-0.9224,-0.8798,-1.2364,1.2953,-0.2083,1.7975,-1.2925,0.8907,0.4205
0.8125,0.0971,0.6002,-0.1217,-0.0033,-0.5031,0.1407,-1.0555,-1.1617,0.277,-0.3844,-0.7002,-0.64,-0.2326,0.6839,0.6422,2.3911,1.0356,-1.5171,-0.457,-0.4294,-0.8053,0.2763,-0.1165,1.694,0.6489,-0.333,0.366,-0.5507,1.9905,-1.2238,0.9477,0.812,-1.6832,0.1298,2.1368,1.223,0.2804,1.4898,-0.2612,-0.8615,-0.8027,-1.4639,1.1611,-0.2586,0.7678,-1.2024,0.5119,0.528
0.579,0.1147,0.5722,-0.1526,-0.6707,1.6546,-0.5113,-1.0244,-1.7163,0.5847,-0.0413,-0.2304,-0.1052,0.0933,0.4202,1.0257,1.4105,0.9813,-1.6875,-1.293,0.4815,-1.1493,-0.0955,-0.3257,2.5516,0.063,0.0828,-0.0889,-0.7632,2.2903,0.3644,-0.0939,-0.2719,-2.1197,0.7156,2.2274,0.5033,0.2791,1.3515,0.6,0.1445,-0.084,-1.7312,0.818,1.2296,0.2821,-1.2978,0.5749,0.0981
0.6226,-0.0261,0.3021,0.1634,-0.1818,1.2951,0.0931,-0.1001,-1.4947,0.0394,-0.7366,-0.1591,-0.5636,0.2089,0.2339,0.6856,0.8149,0.1715,-1.6276,-0.9436,-1.3249,-1.6324,0.3636,0.5944,1.4339,0.8842,-0.076,-0.0713,-0.4861,1.4,-0.457,1.07,-0.8017,-0.5908,0.1872,1.2235,1.0203,0.0538,1.0607,1.363,-0.4739,0.1861,-0.9788,-0.6241,1.2017,1.176,-1.3012,0.4813,0.957
0.2592,-0.0923,0.579,0.6727,-0.4699,0.9985,0.0248,0.0996,-0.3505,-0.8513,-0.8139,0.0441,-0.3406,-0.8198,0.2894,1.2832,0.3602,-0.139,-0.9801,-0.3548,-1.0506,-1.6424,1.1986,1.0246,0.9123,0.6088,0.6947,0.3034,-0.8108,0.4307,-0.1884,1.8282,-0.9634,0.5697,0.266,1.4837,0.0216,0.2196,0.5632,1.552,-0.4228,0.7403,-0.9817,-0.9087,0.9857,0.3305,-1.716,0.1144,-0.4039
0.6939,-0.1746,0.1489,0.5743,-0.6833,-1.5022,0.1226,0.8416,-0.0972,0.5282,-0.9323,-0.4178,0.6583,-0.9749,0.4733,1.726,-1.7867,-0.3838,0.1982,0.5009,0.0643,-1.1373,0.7728,1.6132,-0.3393,0.5769,0.0588,0.3255,-0.4789,0.1852,-0.5337,1.6363,-1.461,1.3457,-0.2557,0.5379,0.0484,-1.148,-0.5358,0.0165,-1.3124,1.0413,-0.7651,-1.3389,-0.2684,0.4048,-0.4774,-0.3185,-1.1079
0.192,0.5913,0.3809,1.1607,0.2504,-0.9634,0.7162,1.1394,1.3635,0.7257,-0.8368,-1.3991,0.9994,-0.857,1.0998,2.4749,-1.7572,0.5136,0.9473,0.8022,1.8473,0.0946,0.0099,0.7871,0.1782,0.4482,0.0357,0.09,0.9167,1.569,-0.2209,0.8851,-0.5159,0.9948,0.3624,-0.3684,-0.9622,-1.3503,-0.8653,1.2892,-1.1927,1.8826,-0.5387,-0.9569,-0.3861,-0.2168,0.8442,0.0484,-0.726
0.0948,0.5294,-0.1697,0.7705,0.2914,0.2689,1.4084,-0.5821,1.9793,1.844,0.7758,-1.9356,1.0069,-0.288,0.317,1.6065,-1.5165,-0.5194,0.4033,0.7795,2.1758,0.7149,-1.1485,1.418,-0.7267,-1.0583,0.7867,0.1029,0.7407,0.3516,-0.3437,-0.1447,0.1349,0.7444,1.3565,0.4003,1.0275,0.4567,0.1819,-0.1437,1.1925,0.3729,0.7432,-0.2078,-0.481,-0.966,1.6229,0.7309,1.1236
-0.1887,1.004,-0.3422,-0.1711,0.0777,-0.3003,1.0057,-0.6281,1.8018,0.6477,0.1239,-0.6383,0.0937,0.4205,0.369,0.2631,-0.391,1.088,0.5519,0.5037,1.8263,-0.4299,-0.0083,2.205,-1.3657,-1.6267,-0.0622,0.0055,0.4532,-0.6754,-0.4259,0.8474,-0.1539,0.3923,0.4079,-0.1609,1.4075,0.115,-0.0892,0.9419,1.6433,-0.4507,1.0059,0.5813,0.1288,0.4838,1.3296,1.2222,2.5721
0.2693,0.525,-0.7012,-1.272,-0.1576,-0.6235,0.124,0.2923,1.7611,-0.7796,0.481,-0.6454,0.606,-0.3357,-0.0508,0.1844,-0.9977,0.3972,1.4928,0.8378,0.8148,-1.5154,0.5567,1.7486,-1.8176,-0.8268,-0.2636,-0.1838,0.5169,-0.2573,-0.1531,0.4421,-0.2001,0.6448,0.3053,-0.051,1.5689,0.1538,-0.9694,0.9006,0.8933,-0.7394,0.4977,0.0929,-0.598,1.0209,-0.375,1.3726,1.6521
0.1585,-0.3125,0.2369,-0.2751,-0.4034,-1.2649,-0.506,-0.2013,1.469,0.2638,0.3394,-0.6982,-0.0859,0.0297,0.1052,0.5562,-0.1648,0.8874,2.3999,-0.1878,1.1203,-1.1169,0.0192,1.5043,-1.7196,-0.7234,-2.0512,-0.706,1.8597,1.0846,0.1793,0.0263,-0.6337,1.0718,0.2415,-0.3646,1.2803,-0.3459,-1.2772,0.0471,0.2691,0.1761,0.2933,-0.4365,-2.5355,0.6721,0.267,1.2188,0.7731
-0.0703,-1.28,0.565,0.9637,-1.0663,0.7564,0.042,-0.4633,1.927,0.2355,-0.438,-0.1481,-0.4954,0.9746,-0.3942,1.0913,0.9906,-0.3861,2.6545,0.6463,1.0404,-1.0146,-1.2066,0.38,-2.0659,-0.2957,-1.7251,-0.4932,1.3517,0.495,1.4694,-0.6266,-0.0017,-0.0974,1.1246,0.0003,0.2283,-0.2967,-1.5806,-0.3091,-0.0014,-0.2917,0.0839,-1.4537,-2.2245,-1.2103,-0.2677,0.6178,0.3736
0.4357,-0.75,0.08,0.6133,-1.127,1.1303,-0.0419,-0.0212,1.3968,-0.0093,0.2045,-0.1502,-0.9211,1.9197,-0.9422,0.8139,0.5212,-0.5238,2.0198,0.1172,0.0067,-0.7885,-2.1318,-0.7386,-1.69,0.3816,-1.5907,-0.8505,0.7489,-0.7093,1.5431,-0.1407,0.6771,0.1363,1.0354,-1.2851,0.1853,-0.101,-0.4649,-2.2202,0.639,-1.6252,0.3853,-1.3254,-1.7551,0.0522,0.9447,0.3178,0.6713
0.7476,0.6202,0.3129,0.3151,-1.5522,0.6827,-0.4181,0.1927,1.42,-0.8789,-1.2681,-1.3027,-0.1184,2.2295,-0.9537,0.1714,0.9121,-0.2299,1.1315,-1.039,0.6133,-1.0564,-0.8052,-1.8978,-0.5418,0.5774,-1.5774,-0.2959,1.5373,-0.5836,1.6424,-0.9579,0.5592,-1.4688,-0.3963,-1.0357,-0.0937,0.8308,0.334,-0.5791,1.1856,-1.306,-0.1491,-0.5175,-0.5675,0.6361,2.4149,-0.4422,1.4033
1.1082,0.7005,-0.2123,-0.1299,-1.8656,-0.2237,-0.0781,-0.5788,0.9479,-0.7443,-0.4519,-0.8265,-1.1391,1.9259,-0.814,0.069,-0.5328,-0.3623,1.112,-2.5445,-0.3425,-0.7093,-0.6623,-1.3532,-0.2672,0.8206,-0.5479,-1.0279,0.8703,-1.4701,1.5859,-1.7836,-0.001,-1.3302,-0.7809,-0.3136,0.7126,1.6165,0.5739,0.1729,2.1094,-1.7537,0.4362,0.0842,-0.6034,0.899,3.4235,-0.702,2.2007
0.8582,0.1383,0.2052,-0.1061,-1.6321,-1.3191,-0.3037,-1.1679,0.8007,-1.0857,-0.5339,-1.6306,-1.6915,1.6619,-1.4533,0.5522,0.5328,-0.7198,1.4082,-1.714,-0.29,-0.597,-1.1854,-2.6477,-0.9709,-0.6317,-0.457,-1.4063,0.9199,-2.3615,1.1218,-2.4967,0.1741,-1.9561,-0.5249,-0.0726,0.0285,2.9906,0.4,-0.336,2.9981,-1.495,1.1969,-0.5204,-0.4655,-0.5642,2.2895,-0.4122,2.1486
0.7318,0.078,-0.0805,-0.3496,-1.1114,-2.4889,0.1548,-1.5781,0.3568,-1.149,-0.2276,0.4642,-1.9098,1.7781,-1.0786,0.8865,-0.2771,-0.2871,0.8493,-2.6347,-0.7902,-0.2326,-0.594,-1.0042,-1.6505,0.8209,-2.1047,-1.8148,0.8932,-2.1247,2.2787,-1.4642,-0.0792,-1.474,-1.9289,-0.1825,0.9481,1.3723,0.5084,-1.4502,2.6573,-1.2234,2.3613,0.2181,-0.959,0.8216,3.703,-1.1387,2.3456
0.2819,-0.5966,-0.4076,-0.6015,-1.1543,-1.7908,-0.2533,-1.4008,0.1918,-0.4315,-1.3695,-0.0479,-1.6188,1.0402,-0.7021,1.2522,-0.9795,-1.5649,0.831,-1.9838,-1.3375,-0.6142,-1.0595,-1.6527,-1.423,0.6769,-1.7044,-1.1064,0.3029,-0.0423,1.1889,-1.0112,-0.3157,-1.6964,-1.8831,0.1255,0.7371,0.6362,0.0575,-0.5427,1.1315,0.2061,1.2872,0.0047,-0.5259,-0.0406,3.0298,-1.3424,2.6009
1.4569,-0.4762,-0.262,-0.2615,-1.3038,-1.499,1.0296,-1.1434,-0.9565,-0.1635,1.295,0.0506,-1.2642,0.3445,-0.5719,1.1975,-0.9859,-0.635,0.7484,-1.5403,-1.2023,0.5855,-2.2086,-0.6947,-0.9953,-0.3104,-1.223,-1.1658,0.8594,-0.4508,0.9662,-1.9572,-0.8215,-1.3336,-1.1537,0.0614,0.0387,-0.5236,-0.4068,2.0093,0.5605,-0.2504,0.5841,-1.2414,-0.4208,-2.3247,0.4346,-1.408,0.7824
1.1042,0.0538,0.0684,-0.2322,-0.9534,-2.0412,1.2842,-0.739,-0.2605,-0.5545,0.6296,-1.2015,-0.7677,0.3962,-1.1087,0.2705,-0.8445,-0.0264,0.1293,0.0135,-0.5382,1.1817,-1.1521,-1.4605,-1.3481,-0.5564,-0.1135,-0.6934,0.7921,-1.2588,1.3272,-0.7297,-1.1164,-0.6368,-0.7389,-0.7415,-1.1874,-1.0667,-0.8871,0.5298,-0.702,-0.6393,-0.0137,-0.3454,-0.9628,-2.9369,-0.5349,-0.4684,-0.9337
0.9569,1.194,0.5676,-0.3709,0.4296,-2.8387,0.8932,-0.4328,0.2753,0.1427,0.3387,-0.2407,-0.5207,-0.2018,-1.155,-1.1227,-0.5622,0.7178,0.3454,1.4831,0.2292,1.8336,0.0049,0.0152,-0.0713,-0.7404,0.4015,-0.8429,0.742,-1.9614,0.8796,0.5293,-0.3786,1.1638,-1.3343,-1.2876,-1.7103,-0.8993,-0.548,-1.6821,0.0169,-0.0574,1.0233,-1.1506,-1.0544,-1.4539,-1.0381,-0.5502,-2.183
0.7609,0.3505,-0.1235,-0.0887,0.4257,-0.896,0.8966,-0.9327,-0.4063,-0.4872,0.1695,-0.9915,0.6132,-0.5367,-1.438,-1.4574,-0.0181,0.3384,0.7114,1.4227,0.3276,2.4254,0.3477,-0.0409,-0.3349,-1.5262,0.5281,-0.2305,0.3322,-1.0778,0.4043,-0.1579,-0.6772,0.6647,-0.6264,-1.0564,-1.2163,-0.7104,-0.0637,-1.2011,-1.1055,0.8786,0.3409,-0.7033,-0.0482,-0.8818,-1.0766,-0.2556,-1.9871
1.1312,0.1415,-0.6582,-0.062,0.4917,0.6937,0.3735,-0.7165,-0.2057,0.8673,1.6202,0.3781,0.9363,-0.669,-0.9866,-1.4804,-0.7084,0.4037,0.0694,0.8125,0.6036,2.1668,0.4956,-0.4055,-0.3434,-0.5737,-0.3393,0.046,0.0282,-1.0519,-0.6543,0.0472,-0.3382,1.5445,-0.0247,-1.075,-0.9946,0.1848,-0.1116,0.2966,-0.0938,0.1001,0.9977,0.2083,0.8017,-0.0019,-0.3368,0.2896,-1.4177
1.1838,-0.2523,-0.5434,0.5791,0.9538,1.3223,0.9765,0.792,0.4425,0.9362,1.273,0.7264,0.8266,-0.9462,-0.7018,-1.4516,-0.0389,0.1364,0.1504,-0.137,0.8313,1.2287,0.4534,-1.0944,-0.1884,0.3947,-0.3138,-0.3256,0.9695,0.34,-0.7688,-0.2324,0.801,1.7483,0.7142,-1.577,0.5661,0.7213,0.2197,0.2082,0.9155,-0.1004,1.448,1.1907,0.0149,0.5092,0.2074,-0.0791,-1.1161
1.6413,-0.2774,-0.6578,0.1624,-0.5692,0.379,0.247,1.0114,-0.2704,0.9451,1.6449,0.334,0.7812,0.0168,-0.1688,-1.611,-0.1697,-0.1301,-0.2781,-0.777,1.8106,0.9695,-1.6039,-0.6894,-0.0903,-1.144,0.6701,-0.7894,1.1987,-1.1088,-0.6677,-0.996,0.0296,1.4743,1.1826,-1.0583,1.1107,-0.0717,0.0902,0.5659,0.6657,0.1109,0.7975,0.1815,-0.3739,-0.5633,-0.097,0.4671,-1.5199
0.6971,-0.8654,-0.1923,0.4751,-0.6726,1.3735,-0.9324,1.2938,-0.7978,-0.7122,0.6813,0.4421,1.2851,-0.1629,-0.0527,-1.1958,-0.0036,-0.4635,-0.4986,-1.1606,0.9116,0.2938,-0.9188,-0.7406,-0.0495,-2.4892,1.096,-0.8715,1.0239,-0.7966,-0.4985,-0.7139,-0.3629,0.608,2.0965,-0.7914,0.1395,-0.5913,-1.2449,0.0053,-0.2139,0.306,-0.1797,-0.5655,-0.3794,-1.3349,-1.3574,0.3172,-1.6353
0.7083,-0.389,-0.4676,1.0002,0.0919,1.6597,0.08,0.7677,-1.2207,-0.6335,0.8289,1.4301,0.9032,-0.8023,-0.2496,-0.7286,-1.3075,-0.2885,-0.1976,-0.197,-0.1424,-0.0679,-0.6915,-0.1828,0.2214,-1.3099,-0.3017,-1.1639,0.6423,-0.0819,-0.0368,-0.7294,-0.9023,0.8865,2.1168,-1.2411,0.5396,-1.4208,-1.1908,-0.3745,0.6315,-0.1853,0.526,-1.1636,-0.6837,0.1679,-0.8501,-0.5313,-1.5029
0.5857,-0.5209,0.0228,0.9412,-1.1151,2.5527,0.3023,1.1061,-0.7902,-0.6613,-1.0426,1.092,1.3814,-1.3824,-0.3438,-0.5291,-0.8506,-0.3713,-0.1534,-0.6207,0.146,0.1242,-0.3364,-0.4585,0.4496,-1.8365,0.4659,-0.6236,0.1433,-0.1815,-0.8787,-0.4942,-0.424,-0.1997,2.6501,-0.8289,-0.2116,-1.3589,-1.4581,-0.7428,-0.5627,0.1752,-0.151,-1.3371,0.8913,-0.3449,-0.6913,-0.854,-1.689
0.6615,-0.4077,0.0839,0.254,-1.3165,1.5861,-0.0962,0.6778,-1.2726,0.0048,0.7846,2.1863,0.3663,-0.4997,0.5742,-0.7456,-0.1439,-0.6432,-0.5569,0.122,-0.3891,0.4567,0.1708,-0.3735,-0.0069,-0.6181,0.667,-0.4919,-0.3514,-0.1106,-0.1726,-0.7473,-0.8718,-0.1449,1.5619,-0.9349,-0.0356,-0.4566,-0.781,-0.7946,-0.8564,-0.2478,-0.5225,-1.1937,0.1662,0.0457,-1.1365,-0.5022,-1.5213
0.757,-0.26,-0.388,0.4228,0.2258,1.1021,-0.5047,0.276,-0.6156,-0.3823,0.1339,3.1747,0.374,0.2127,1.2776,-0.7044,0.0534,-0.6574,-0.8184,0.9433,-1.1092,-0.9553,0.8379,-0.3998,-0.0486,1.0392,0.9474,0.0482,-0.6326,0.608,-0.0427,0.7152,-0.9173,0.4125,1.0867,-1.7349,-0.3849,-1.0448,-1.3839,-1.6505,-1.5501,-0.9987,-0.0478,-0.2213,-0.1735,1.2775,-0.925,-0.1692,-1.1941
-0.009,-0.3584,0.0961,1.0478,0.2214,1.3771,-0.6961,0.0719,-0.612,-0.9221,0.0188,2.2253,-0.3396,0.3668,0.7025,-0.7551,0.5935,-0.36,0.2337,-0.064,-0.1952,-0.6379,-0.5457,0.8201,0.2201,0.5865,0.6012,-1.0237,-0.0841,0.1502,0.5438,0.5025,-0.9923,-0.1818,1.0291,-1.9281,0.109,-1.5246,-0.9591,-1.0918,-1.5994,-0.479,-0.489,0.1675,-1.17,0.9012,0.1241,-0.0894,-0.7923
-0.8012,-0.0402,0.5086,0.2019,0.5595,1.8553,-0.1704,-0.4214,0.6631,-2.1382,-0.0709,2.0731,-0.1044,0.8234,-0.3326,-1.0684,1.496,-0.3855,0.2464,0.6052,0.0042,-0.7752,-0.1687,-0.2301,1.3204,1.1207,0.5637,-0.6652,-0.2476,-0.0366,1.2697,0.8095,-0.2721,-0.7431,1.1859,-1.166,-0.5135,-0.5113,-0.1571,-1.2359,-1.5502,-0.3593,-1.0204,0.5383,-0.5152,0.4754,0.0834,-0.1161,-0.0966
-0.5455,0.2538,-0.5206,-0.6508,1.3971,1.6863,0.458,0.1024,0.9972,-0.3974,1.2709,2.4743,-0.2152,0.4725,-0.1855,-1.1582,0.7052,-0.267,-0.6102,1.0093,-1.4764,-0.9354,0.1091,0.5394,0.8165,2.468,1.2593,0.0639,-0.8039,-0.4585,0.7103,0.4441,0.9704,0.9302,0.7896,-1.1312,-0.2446,0.648,0.5333,-1.6729,-0.3839,-2.1084,0.7097,1.2526,0.4375,1.8011,-0.2078,0.1585,0.4102
-1.0054,0.2795,-0.405,-0.2512,0.7176,0.9152,0.6075,0.3105,-0.1352,-0.321,0.1705,1.1775,-0.8391,-0.0722,0.3149,-1.0647,1.665,1.1859,0.1682,0.281,-1.152,-0.2125,0.4458,0.8764,0.8297,0.6665,0.5007,-0.6293,-0.1569,0.8172,0.7499,0.4711,0.9489,0.0603,0.3461,-1.4296,-0.1537,0.5431,0.3957,1.264,-0.5125,0.9547,0.5434,0.6909,-0.0662,1.718,-0.6801,-0.2524,0.5432
-0.7438,-0.1111,-0.334,-0.2537,0.0644,-0.0861,0.4385,1.0351,-0.2496,0.2673,-0.6162,1.9084,-1.0786,0.6976,0.2128,-1.2962,0.4306,0.5408,0.3153,-0.5749,-1.1152,-0.5149,0.0159,1.2386,0.3232,0.3274,1.3148,-0.2429,-0.5157,0.3349,0.3975,1.0766,0.7651,0.4467,0.2364,-1.2851,0.4151,-0.0004,-0.5577,-0.0073,-0.9106,0.3554,0.2208,0.2128,-0.4203,1.7946,0.7901,0.1459,0.1976
-1.3765,-0.1788,0.372,-0.1048,-0.4738,-0.1646,-0.2965,0.5044,-0.6467,-0.459,-0.8237,0.0623,-0.84,0.3183,-0.4747,-0.9351,0.594,1.1934,0.1625,0.0391,-0.5603,-0.2665,-0.3751,0.2711,1.1713,-1.0535,1.4575,0.47,-0.6653,0.9099,0.386,1.0565,-0.3882,-0.2126,-0.2137,-0.3284,-0.413,-0.7132,-0.5491,0.7507,-1.3132,0.7842,-0.8808,-1.1158,0.3047,-0.246,-0.1657,0.3133,-1.0145
-0.4263,-0.5961,-0.2814,-0.9739,-0.6006,-1.4739,-0.5258,0.0581,-1.0856,-2.014,0.2641,-0.0352,-1.5671,-0.0729,-0.6853,-1.511,0.181,0.5593,-0.4884,0.7998,-1.0468,-0.1928,-0.1447,-0.292,0.7205,-0.7357,0.9871,0.3243,-1.0142,0.5583,0.6709,0.4031,-1.0933,0.2708,-0.8282,-0.4585,0.5478,-0.7507,0.0251,-0.5238,-1.2405,0.7252,-1.2921,-0.3209,-0.2049,-1.033,-0.7156,0.3338,-1.1964
-1.2923,-0.3094,0.6155,-0.1806,-0.9961,-0.2174,-1.2533,0.2622,-1.473,-0.4821,-0.9012,0.71,-1.4658,1.1318,0.139,-1.2769,1.5599,0.9509,-0.7564,-1.6739,-0.0623,-0.0869,-0.1228,-0.1045,1.5032,-1.1525,0.6019,0.006,-1.2008,-0.2035,0.5847,0.0926,-0.454,-1.0984,-0.2962,-0.4493,-1.0487,-0.8301,0.2747,0.9668,-1.9076,1.1737,-1.953,1.088,0.4813,-0.2161,-0.8335,0.0317,-1.0061
-0.3621,-0.6656,0.2231,0.1522,-0.1489,1.2005,-0.3466,0.2201,-0.8506,-0.1605,-0.5088,1.0595,-1.0176,0.9263,0.116,-1.3381,1.3383,0.6297,-0.6835,-0.7534,-0.1149,-1.1809,-0.0644,-0.6881,1.0853,-0.1518,0.0409,-0.1868,-0.9811,-0.0388,0.1413,-0.7589,-0.8243,-0.847,0.7066,-0.4137,-0.5388,-0.2757,0.5193,1.171,-0.8997,0.6349,-0.827,0.7005,-0.2733,-0.2066,-0.6812,0.0513,-0.0926
-0.1386,-0.5987,0.2771,0.4943,0.4206,1.0198,0.2308,0.4219,-0.5897,-0.8197,-0.8912,1.239,-0.8908,0.6493,0.4374,-1.441,0.876,1.3541,-0.9565,-0.8072,-0.3549,-1.3945,0.5219,-0.7689,0.6336,0.7868,0.1022,0.1707,-0.2206,0.838,-0.5429,-0.1082,-0.5462,0.1616,0.6811,0.1765,-0.7005,-0.0651,0.4611,0.3194,-0.8778,0.2987,-0.0457,0.3301,-0.2304,-0.0069,0.0889,0.1496,-0.2301
-0.4561,-0.5058,-0.2394,0.0088,0.801,-0.1046,0.8582,0.1884,0.6552,-0.8822,-0.6034,-0.15,-1.8292,-0.1781,0.7219,-1.7579,0.7681,0.8408,-0.6504,1.229,-0.9831,-1.0293,1.199,-0.9923,-0.1192,1.1659,-0.4314,0.0538,-0.7886,0.5712,-0.3535,0.0008,0.1833,-0.7071,-1.5877,-0.2504,-0.8884,0.6988,0.3943,0.873,-0.8265,-0.0867,0.1135,-0.3949,-0.3394,0.3145,0.0893,-0.386,-0.6521
-0.9801,-0.2457,-0.3507,0.4411,-0.073,0.6614,0.9681,0.6003,0.4485,-1.5007,0.3637,-0.4448,-0.4301,-0.1772,0.6265,-1.0556,0.2705,0.622,-0.2102,1.5326,-0.3668,-0.1092,-0.153,-1.0258,0.7165,0.4362,0.5527,0.4731,-1.5945,0.2163,-0.558,-0.1794,-0.1369,-1.8597,-1.7296,0.3882,-1.0289,0.3113,-0.0446,0.6086,-0.6538,-0.6833,-0.0478,-0.6224,1.3022,-0.8478,-0.6602,-0.7628,-0.7735
-0.3525,-0.4941,-0.0902,0.1559,1.4018,1.0837,1.2632,0.6302,0.9903,0.2228,-0.2599,1.3797,-0.2717,-0.2748,0.9383,-1.0004,0.2215,-0.3977,-0.4712,1.7254,0.1406,0.1789,0.7673,-0.3103,0.7684,0.7616,0.5704,0.6725,-1.0681,0.2863,-0.6159,0.376,0.4972,-0.6355,-1.0822,0.4074,-0.3883,-0.3287,-0.5047,-1.2801,-0.0863,-1.1175,0.9073,0.1899,0.6878,-0.6756,0.1741,-1.3006,0.3654
-2.0343,0.5422,0.161,-0.7774,0.9549,0.96,0.6939,1.5109,0.6444,1.3066,-0.4199,1.0391,0.5956,0.65,1.0702,-0.7515,-0.5549,-0.2674,-1.2911,0.6071,1.2264,-0.0449,1.6628,1.2159,1.2224,0.0208,1.1088,1.1754,-0.419,0.3042,-0.8903,0.7825,-0.571,-0.151,-0.5029,1.7932,-0.7459,0.9726,-0.1574,-0.5633,0.0154,-1.1101,0.341,0.9748,2.2441,-0.9883,0.7907,-0.9205,0.368
-1.7469,0.1177,-0.0572,-0.0823,0.2732,-0.3647,0.0028,1.1231,0.2422,0.1473,-0.5606,-1.4005,2.3865,1.0521,0.8922,-0.7744,-0.299,0.0978,-1.4237,-0.5638,0.597,0.2827,1.0661,1.6448,-0.6941,-0.2808,0.1258,2.1953,-1.0856,-0.0436,-1.4294,1.1679,-0.6046,-1.2241,-0.9807,1.9302,-0.2444,0.7186,0.0334,-1.429,-0.535,-0.4355,0.4719,0.2068,1.0671,-0.623,0.5294,0.0648,0.1106
-1.5602,-0.0679,-0.0181,0.3053,0.4483,-1.1389,-0.837,0.6808,-0.2341,1.0464,0.075,-2.5584,3.3886,0.5203,1.3648,-1.0337,0.733,0.5571,-1.3026,0.4705,1.301,0.4463,0.9587,0.6553,-1.3983,0.4668,-0.8019,2.4453,-0.634,0.4327,-0.786,0.8248,-0.7875,-1.5849,-1.3768,1.9975,-0.3988,0.2019,0.2716,-0.2105,0.0296,0.7144,0.3721,0.159,0.161,-0.8746,-0.3015,0.4863,-0.4903
-1.035,-0.3415,-0.0371,0.1526,1.0465,-1.0859,-0.8145,0.6811,0.23,0.7019,-0.7882,-2.6983,3.9911,-0.3036,0.9778,-0.7353,0.6776,-0.6178,0.1179,1.4114,0.7377,-0.1167,0.7067,0.2287,-1.533,0.5767,-1.0762,2.3379,0.2596,2.057,-0.7617,1.1617,0.065,-0.6041,-1.1625,1.6122,1.0928,-0.3146,0.6577,-0.2595,0.6095,1.1417,0.5921,-0.278,-0.0692,-1.0256,0.1086,0.9521,-0.4771
-0.8476,-0.5031,0.1071,-0.0544,1.1713,-1.6892,-0.0624,0.2776,0.244,0.9322,-0.5335,-0.8607,3.7502,-1.4679,0.739,-0.5624,-0.93,-0.9423,1.0879,0.9356,0.0665,-0.1026,0.6602,1.1713,-0.7032,0.6502,-1.4951,1.5845,0.3935,0.9679,0.4669,0.9581,0.2917,0.2897,-1.3047,1.6187,0.2358,-0.592,0.171,0.0376,0.4419,-0.194,0.0656,0.0306,0.1023,-0.7034,0.4626,0.3097,0.1228
-0.6828,-0.6712,-0.0511,-0.2087,0.9408,-1.1408,-0.0571,-0.066,0.5546,1.1202,0.575,-1.3746,4.0937,-1.5988,0.2349,-0.309,-2.3329,-2.2729,0.9717,0.6852,0.314,-0.4886,0.1582,0.6262,-0.0598,0.2185,-0.9262,2.1934,0.2043,-0.7897,0.5235,0.6139,-0.273,0.3389,-0.4094,2.2641,-0.5094,0.2905,-0.1128,-0.3747,0.5079,-1.1934,-0.3406,0.2477,2.0967,-1.1589,-0.3941,0.0043,-0.2873
-1.2109,0.0608,0.8633,-1.2437,-0.1447,-0.847,0.0818,0.3022,0.7229,0.5551,0.8291,-3.1671,3.0955,-1.2162,0.4791,0.5704,-0.6775,0.6321,0.6981,-0.9633,1.377,0.4635,0.1593,1.4051,1.0744,-0.6294,-0.7026,1.8024,0.9784,0.5476,-0.8321,0.1723,0.0865,0.1073,-0.3053,2.0303,-0.8267,1.0657,0.9314,0.3969,0.1058,0.5948,-1.0862,0.5109,1.6558,-0.8634,-0.9223,0.5076,-0.5004
-0.8056,1.3685,0.0783,-1.3236,1.3339,-0.8431,0.1865,0.3952,1.3134,0.0801,0.2703,-1.7574,0.9259,-1.8908,0.5918,0.7522,-0.7113,0.0648,-0.6633,0.7486,-0.1264,-0.1222,0.3699,0.4338,0.4572,0.9978,-0.0283,1.0369,0.0918,2.2427,-1.4787,-0.6432,0.7772,1.7045,-0.4823,0.8829,0.9323,0.8741,1.882,-0.0051,0.6433,1.0167,-0.8088,1.6315,0.1372,1.9452,-0.2216,1.2722,0.0465
-1.4537,2.1421,0.1457,-1.1193,0.2539,-0.3004,-0.3477,0.594,0.4466,0.3095,-1.0538,-0.8288,-0.6348,-0.7747,0.0633,1.2376,0.3665,0.6556,-0.5214,-0.02,0.0316,1.0591,-0.1241,0.7227,0.796,0.218,1.3545,0.8751,-0.6672,0.3567,-2.1344,-0.7409,1.4065,1.986,-0.9152,0.2762,0.8464,0.9685,2.7283,1.012,0.4163,1.7362,-1.95,2.4895,1.4794,2.2484,0.1818,2.0009,-0.6215
-1.8658,2.3478,0.046,-2.5273,-0.165,-0.2579,-0.3815,0.2616,0.1649,1.199,-1.0083,-0.7503,-1.9783,-0.0063,-0.2922,1.1615,1.2997,0.3868,0.3389,0.2534,0.0767,1.4822,0.3965,0.6488,0.3301,-0.2375,2.6422,0.5943,-1.4103,-1.1994,-1.3565,-0.4719,1.6943,1.4492,-0.1742,-0.0217,0.3603,1.5635,2.5083,1.378,0.3325,1.5527,-1.8273,2.703,1.3178,1.362,-0.3522,2.3335,-0.8924
-1.5523,1.9585,-0.0618,-2.6065,-0.8702,0.5834,0.1911,-0.6123,-0.9205,0.8621,-0.3498,-0.7158,-2.4387,0.422,-0.6617,1.4308,0.8031,0.5422,0.579,0.0546,0.2068,1.9747,-0.4425,0.4808,0.9236,-0.4454,2.2576,-0.7577,-0.8197,-1.2104,-0.5685,-0.1172,0.8044,1.8986,1.0996,-0.1482,0.8341,0.274,1.9562,1.6543,0.6269,1.5474,-1.3354,2.787,1.0636,0.2352,0.0988,2.3035,-0.1683
-1.2214,0.726,0.0613,-1.9721,-0.0945,0.0566,-0.7467,-0.0272,-0.6064,0.7778,-0.6234,-1.2458,-2.0978,-0.3117,-0.7191,1.1691,0.3332,0.0748,0.1581,0.8496,-0.6708,1.3898,0.048,-0.0574,0.3031,0.2396,1.5218,-0.4235,-0.1508,-0.8418,0.2577,-0.0075,0.1956,1.7869,0.1764,0.1815,1.3104,-0.3832,1.4073,1.1798,0.0857,1.3438,-1.545,1.4374,0.394,-0.4575,-0.9338,1.6207,-0.0187
-1.3859,0.3824,0.1927,-0.9144,0.0152,-0.2372,-1.2015,0.1129,-1.7388,1.0366,-0.243,-1.0029,-1.0433,-0.5602,-0.3998,1.3003,-0.6845,1.2241,-0.1556,-0.6069,-0.9993,1.5103,-0.129,-0.3136,0.8895,0.1146,1.9001,-0.1694,-0.2196,-1.2308,0.3576,-0.1043,-0.0848,1.1073,0.3924,0.7308,0.759,-1.4397,0.9263,0.6206,0.2441,1.8443,-1.9983,0.3847,1.0505,-0.3851,-1.2345,0.7965,-0.6711
-0.9649,0.0087,0.4082,0.5041,0.9429,-0.2038,-0.5617,-0.0261,-1.6975,0.447,-0.5186,-0.7799,-0.5194,-0.6637,-0.4829,1.0619,-1.1717,0.8716,-1.0423,-0.0156,-1.4617,0.4346,0.6285,-1.7314,0.3669,0.3966,0.818,-0.1594,-0.4784,-1.4363,-0.4572,0.471,0.1193,1.0052,0.6231,0.6428,-0.8062,-1.0982,-0.2286,0.3967,0.2068,1.051,-1.7466,-0.418,0.848,-0.2169,-0.5358,-0.0598,0.2294
-0.8076,0.0173,0.7179,1.0371,0.5205,-0.2761,-0.508,-0.5074,-1.642,1.0538,0.1574,-0.7757,-0.7904,-0.5591,0.1334,1.1751,-0.594,0.4776,-1.224,0.2582,-0.8214,0.5619,0.4454,-1.7734,0.5653,-0.093,-0.2656,0.2347,-0.6575,-0.5566,-0.5234,0.1399,-0.2637,0.7861,0.5663,0.7816,-2.0854,-0.9578,0.1974,0.0319,0.8418,0.6818,-0.5893,-0.0562,0.182,0.7328,0.0183,0.0998,0.334
-0.6125,0.6485,0.7919,0.3038,0.2334,-1.2666,-0.9273,0.0494,-1.3532,1.1304,-0.0764,-2.0226,-1.4824,-0.1628,0.3969,1.1855,-0.2542,-1.0949,-0.5944,0.282,0.2526,0.219,0.5076,-1.1755,0.8189,-0.1966,-0.3887,0.8419,-0.7598,0.468,-1.3413,0.3701,-0.0913,1.4078,0.1424,0.6895,-1.6818,0.1492,1.0907,-1.4444,1.3687,1.9711,0.3841,0.565,0.2139,0.7012,-0.2235,0.8155,0.4791
0.3999,1.0605,0.7777,0.0429,0.0095,-2.3853,0.1888,0.5805,-0.6089,0.1239,-0.2949,-0.3053,-1.7233,-0.5221,0.1187,0.2409,-0.7102,0.7279,0.0853,-0.7903,0.4799,1.2711,0.7729,0.8547,0.9563,-0.6407,-0.3863,0.4113,-0.9666,-0.2265,-1.7519,0.7315,-0.1227,1.5669,-0.6546,0.1131,-0.0709,0.76,0.7902,-1.3301,0.5333,1.686,0.3315,0.1661,-0.5458,1.0431,1.1139,1.2124,1.7201
0.3388,1.5733,0.5484,0.0166,0.4055,-0.4857,0.2095,-0.2777,-0.0445,-0.8229,-0.4256,0.0385,-0.8885,-1.4845,-0.097,0.2215,-1.1608,1.184,-0.4283,1.0077,-0.1469,1.1994,0.5136,-0.1466,0.6861,-1.3279,-0.2085,0.9299,-2.2212,0.8523,-1.7718,1.5908,-0.9188,1.1329,-0.2841,-0.6252,0.1715,0.1874,0.1506,-0.9013,0.6391,0.4004,-0.0466,-0.0291,-0.231,0.5965,0.3611,1.4039,1.5138
0.1547,1.9446,1.0576,-0.081,-0.0832,-0.5248,0.6742,0.0752,-0.1099,0.1615,0.0811,0.1622,-0.0095,-1.7652,0.0804,0.4833,-2.0277,1.9071,-0.3632,0.2686,-0.1891,1.2239,0.7936,1.3431,1.1894,-2.3034,0.9072,0.8913,-2.0002,0.3842,-1.9026,0.965,-0.2575,0.3207,0.1906,-0.8616,0.1075,0.4151,-0.0478,-0.9189,0.62,-0.6477,-0.0984,-0.1225,0.3948,0.8328,-0.055,0.9031,1.4344
1.145,1.5384,0.2792,-0.3769,0.0995,-0.1119,0.3379,0.3869,0.4283,0.3513,1.1871,0.0622,0.6552,-1.9558,0.0858,0.879,-2.1237,-0.2084,-1.2484,1.627,0.7745,1.016,1.4621,0.6805,1.2883,-0.7355,1.2902,0.4965,-0.3313,0.6374,-1.5356,-1.0332,0.6746,-0.5235,0.9731,-0.1873,0.6401,1.5899,0.4819,-0.5116,0.3001,-0.5125,0.3705,0.0063,0.3336,-0.4361,-1.1668,0.4265,0.5975
1.7848,1.7163,-0.5993,-0.0396,0.529,0.0672,0.1355,0.2163,0.9411,1.2876,2.4432,-0.293,-0.339,-1.053,0.4111,0.9351,-1.1415,-0.4039,-2.0869,1.8043,1.8554,1.198,0.3315,0.5337,0.4246,1.1475,-0.1864,0.1906,0.7768,0.6428,-2.016,-1.5391,1.0691,-0.2528,-0.1331,0.2475,1.7108,1.4541,1.092,0.6454,1.1415,-0.9959,1.1945,0.984,0.2309,0.3102,-0.1715,0.5374,0.1596
1.292,0.9829,-0.5287,-0.2678,0.7353,0.7733,0.2551,-1.1125,1.9098,2.088,2.1717,-0.2382,-0.1088,-0.6863,0.2419,1.6606,-0.8123,-1.1913,-1.5037,0.8827,2.1124,0.6986,0.0603,1.2211,-0.8076,0.4796,0.6922,1.1962,1.2378,1.5535,-0.1765,-1.4916,1.9488,-1.092,0.3265,1.378,1.6286,1.497,0.0166,2.5889,1.091,-1.3468,1.1122,1.3025,0.8416,-0.7829,0.2264,0.5639,-0.0237
1.5958,0.0577,-0.4745,-0.3115,0.7453,-0.0174,0.3,-0.6814,1.0306,1.3012,2.4458,-0.5825,-0.5885,-0.3127,0.4187,1.7978,-1.2649,-1.3749,-0.2527,-0.0893,2.1337,0.6606,-0.183,1.7836,-1.367,-0.6731,-1.3441,0.0013,2.7687,2.4192,0.7649,-1.5565,1.6507,-0.678,0.6848,0.2595,2.83,0.3939,-0.0817,1.8921,1.1265,-0.2868,1.4867,0.3483,-1.1264,-0.9218,0.4156,0.1727,1.3734
1.382,-0.7919,-0.2528,0.1848,0.8244,-0.7037,0.4151,0.3378,2.0486,1.4755,2.1953,1.2655,-1.0154,0.2104,0.4647,1.6352,-0.907,-1.9769,0.8472,-0.0893,1.3108,0.1266,0.1405,1.4173,-1.8564,-0.4896,-2.5038,-0.9759,3.5984,0.3331,0.9665,-0.9844,1.4922,-0.5479,0.098,-0.6441,2.0745,0.2963,-0.8634,2.5968,0.7707,-1.1555,1.5036,0.1795,-0.8626,-0.8049,0.4512,-0.6717,1.9245
1.2989,-1.4541,-0.1953,-0.2719,0.0291,-0.0783,-1.1905,0.7791,1.9304,0.7965,2.2313,0.6266,-0.5248,-0.1682,-0.3072,2.1861,-0.8839,-2.9738,1.2,-0.1999,-0.3502,-0.4723,0.3064,0.9726,-1.7362,0.4587,-2.328,-1.7526,3.1769,-0.649,1.481,-1.7013,0.3911,-1.4379,0.1731,-0.3675,2.728,1.0597,-1.1104,0.4271,0.6812,-0.9204,1.2901,-0.6671,-0.6123,-0.9088,-0.6599,-1.7193,0.9313
1.3232,-1.3517,0.2779,-0.0052,-0.0718,0.4068,-1.1392,0.6324,1.3055,0.0604,0.7508,-0.3387,0.1091,-0.7973,-0.174,2.4091,0.1026,-1.5655,1.2615,-1.3134,-0.5816,-1.1008,-0.1824,0.2538,-0.9205,0.1981,-1.9287,-1.4189,2.5069,0.0974,1.2467,-1.1936,0.3993,-1.2921,0.3372,-0.6612,1.0738,1.0051,-1.1334,0.6321,0.3887,-0.0423,1.0056,-1.6988,-0.0524,0.1419,-0.2643,-2.5607,0.1709
0.8582,-0.8185,-0.0397,-0.1932,0.5328,-0.7072,-1.2303,0.2267,1.0847,0.688,0.475,0.3129,-0.5206,-0.976,0.1944,2.3254,-0.9633,-2.281,1.5027,-1.521,-1.4742,-1.6125,0.397,0.2583,-1.5669,0.8601,-1.1657,-0.5768,1.7572,-0.3642,1.551,-0.7146,1.4385,-0.3835,0.5409,-0.8492,0.3684,1.3211,-1.0355,0.1285,0.7319,-0.6883,1.4358,-0.9007,-0.3239,1.1597,1.183,-2.5405,1.4104
-0.0507,1.0421,-0.1972,-0.0869,0.4059,-1.7397,-1.5001,-1.1133,0.1033,0.6072,-0.1947,-0.0641,-0.2802,-0.3018,0.4234,1.5973,-0.9948,-1.3261,0.4897,-1.0093,0.1119,-1.3969,-0.0482,-0.5263,-0.3728,1.5225,-0.5418,-0.0732,1.3255,-0.5304,0.4903,0.0226,0.659,0.8564,-0.0756,-0.3608,-0.7335,0.7082,-0.2021,0.5859,1.0355,0.0963,1.2389,0.5004,-0.0648,0.5098,1.8399,-1.0194,2.072
0.2782,0.6237,-0.4744,0.3371,1.0179,-0.7653,-1.0387,-0.6638,0.0814,1.4644,0.4093,0.8114,-0.2035,-1.0249,0.1156,1.0859,-0.7881,-1.3291,-0.8519,0.1812,0.3901,0.1802,0.1666,1.0113,-0.7655,0.506,-0.0581,0.5927,-0.0857,0.6797,-0.395,0.2116,0.3377,1.7658,-1.1451,0.6749,-0.068,0.4818,0.3069,-1.044,1.1372,0.7333,1.4042,-0.7563,-0.8195,-0.6547,-0.6141,0.3388,1.7545
0.5133,0.0725,-0.0777,-0.2794,0.0946,1.1701,-0.7414,-0.7831,-0.8148,0.0743,0.1554,0.8326,0.0062,-1.1888,0.2361,0.6757,-0.1839,0.4132,-1.5303,-0.6303,-0.1939,0.1499,0.54,1.5722,-1.1293,-0.7621,1.0329,0.9875,-2.2921,0.8911,-0.2497,0.9168,0.2722,0.6639,-1.0446,0.5797,0.3378,-1.3606,-0.6775,-1.0008,0.4933,-0.3417,0.0685,-1.2773,0.315,-0.1749,-1.7252,0.4749,0.7394
0.4604,-0.7662,-0.6805,-0.7483,-0.6677,0.6157,-1.0431,-0.3673,-0.8767,-0.9356,-0.4814,0.9737,-0.1718,-0.1246,-0.1888,-1.2521,1.18,0.6069,-1.0366,-0.3977,-0.185,-0.0989,0.5063,0.4978,-0.9622,-0.8745,0.0049,-0.0813,-1.7725,-1.0093,-0.0518,1.1844,0.2093,-0.254,-0.5955,-0.7263,-0.2228,-1.714,-1.2013,-0.6071,-1.2282,-0.1667,-0.8079,-1.2247,-0.889,-0.3692,-1.6448,-0.2016,0.3458
0.0287,-1.215,-0.6286,-0.0403,-0.4052,0.9207,-0.7559,-1.1565,-0.4829,-1.0394,-0.4873,0.4779,0.5844,0.4401,-0.0939,-1.7183,1.6397,0.8037,-0.3182,-0.0088,0.1026,-0.494,-0.0915,0.103,-0.2454,-1.2616,-0.2046,-0.8402,-1.264,-1.6446,0.7644,0.4564,-0.2563,-1.045,0.5016,-0.1878,-1.4328,-1.1856,-1.412,0.5069,-0.8416,-0.0125,-0.7504,-1.5292,-1.2195,-0.5868,-0.9254,-0.5942,0.1653
0.1972,-0.8637,-0.8104,0.3675,0.5398,0.9671,-0.649,-0.2635,0.1883,-0.091,-1.2761,0.7013,1.2703,0.6057,0.1688,-1.3914,0.6505,0.3609,-0.1445,0.5866,0.0923,-0.2713,-0.1007,0.0606,-0.5561,-0.373,-0.3237,-1.8213,-0.6107,-0.9447,-0.1424,1.1967,0.5121,-0.3207,1.3881,0.0161,-0.8451,-0.9918,-1.5004,-1.7682,-1.071,0.2645,-0.4916,-1.4254,-1.1098,-0.0583,0.0608,-0.6016,0.1416
0.5126,-0.6539,-0.1611,0.6324,-0.3972,1.2814,-0.3896,-0.3731,-0.7819,-0.3545,-0.4581,0.5206,0.6326,0.3706,0.6738,-0.8658,0.9716,0.9374,-0.2715,0.0933,0.1354,-1.3537,-0.4164,-0.4401,-0.6959,-0.2595,-0.7329,-1.6466,-0.8936,1.1247,0.4896,0.9256,-0.5513,-1.362,1.6591,-0.2864,-0.2796,-0.8965,-1.8034,-0.1817,-0.7155,-0.5332,-0.5401,-2.0021,-1.2282,-0.0502,0.0157,-0.6811,-0.1004
1.2833,-1.18,-0.4857,0.1417,-0.8874,0.9709,-0.202,-0.2936,-0.9824,-0.8916,-0.1833,1.8241,0.1991,0.9399,0.2796,-0.8165,0.3804,-0.4467,-0.2732,-0.184,-0.7916,-2.4656,-0.2905,-0.6695,-0.7224,0.9883,-1.1182,-1.1012,-0.9226,1.1824,0.718,1.074,-1.6026,-1.0325,0.7698,-0.6386,0.2395,-0.2306,-1.6153,-0.2208,-0.5313,-0.5859,-0.493,-1.5172,-1.655,0.1871,-0.2385,-1.3928,0.0827
0.6059,-1.2332,-0.0782,0.3075,-0.9542,-0.0975,-0.2108,-1.1906,-0.956,-1.312,-0.859,1.6822,-0.7612,1.096,-0.2192,-0.9621,1.0829,0.2101,0.8329,-0.1363,-1.1358,-2.6378,-1.4475,-0.6101,-0.0847,0.5901,-0.721,-1.687,0.1789,0.2696,0.8785,0.1187,-0.9161,-0.5399,-0.7493,-0.8188,0.164,-0.0986,-1.5467,2.1118,-0.4056,0.0422,-1.0157,-1.2097,-1.9537,-0.5725,0.2339,-1.8561,0.7849
0.5294,-1.5055,-0.4573,1.2104,-1.6157,-0.0371,0.2776,-1.0555,-0.37,-1.7912,-0.8141,0.9411,-1.5607,1.0065,-0.7426,-0.7374,1.4805,-1.2209,1.7873,0.4141,-1.798,-1.9109,-1.3013,-0.5125,-0.7427,0.4209,-0.4598,-1.6077,0.0365,-0.4617,1.242,-0.6097,-0.7314,-0.6208,-0.6948,-0.8423,-0.0235,0.4472,-1.5141,2.1225,-1.1145,-0.7865,-0.7755,-1.0788,-2.5901,-0.5265,0.2869,-1.8872,1.0016
0.1992,-2.189,-0.2205,2.0865,-1.8426,0.7143,0.1214,-0.5074,0.0361,-2.2964,-0.4647,-0.0252,-0.8671,0.8881,-1.3195,-1.0888,1.7295,-0.644,2.6186,0.5972,-0.807,-1.2396,-2.0149,-0.8535,-0.7302,0.1211,-0.7425,-1.7391,0.2604,-1.2435,1.4799,-0.5616,0.0339,-0.4473,-0.1253,-0.9588,-1.0415,0.4523,-1.3573,1.9221,-0.4835,-0.9025,-0.1028,-1.4219,-1.7529,-1.2351,0.5531,-1.7226,-0.2147
0.2688,-2.2563,-0.4958,1.432,-0.5024,-0.3664,0.0177,1.0983,1.499,-1.9465,-1.1338,0.6184,-1.1461,0.3986,-0.4056,-1.2239,0.4345,-0.7507,2.6035,0.0254,-1.1483,-1.7493,-0.783,-0.5392,-1.8148,1.7768,-0.8584,-2.108,0.3476,-1.6529,1.9235,0.2559,1.0629,1.2931,-0.344,-1.9358,-1.1377,-0.0499,-0.9617,0.3743,-0.7894,-0.8715,0.4103,-0.8369,-1.5863,1.1816,1.8756,-1.6099,0.5693
0.9835,-1.6697,-0.2126,1.4161,-1.1477,1.0401,-0.131,1.7473,0.3759,-1.8158,-2.0491,-0.4882,1.0317,0.9662,-0.5407,-0.6823,0.6182,-0.9277,2.2612,-0.54,-0.4151,-1.5531,-1.2619,-1.5487,-0.995,1.6657,0.1644,-1.6176,0.7069,-0.8538,1.9275,-0.4336,0.7701,0.4724,-0.3541,-1.2393,-1.3763,-0.7352,-0.1278,0.4018,-0.7342,-0.5232,-0.4506,-1.34,0.4911,0.192,1.6799,-1.541,0.4523
0.5684,-1.7602,-0.1153,0.6968,-1.584,0.9932,0.1056,0.3737,-0.3792,-1.4705,-1.0749,-0.2494,0.2407,1.7981,-1.1796,-0.7638,0.5377,-0.4922,1.8597,-0.5893,-0.4511,-0.6581,-2.0573,-2.0989,-0.4545,0.1785,-0.6972,-1.236,0.671,-1.7665,1.7711,-1.2422,0.1037,-0.4633,-0.0268,-0.7033,-1.1895,-0.3019,0.35,-1.6504,-0.4687,-1.1565,0.054,-1.6076,-0.1353,-0.8029,1.0467,-1.1014,-0.3318
-0.4139,-1.2788,-0.1017,1.0023,-0.7564,1.6781,0.5499,-0.1868,0.4278,-1.2297,-1.219,0.4589,0.7112,1.8273,-1.5266,-0.4784,-0.117,0.8521,0.7532,-0.271,-0.5965,-0.3726,-0.8686,-1.9987,1.1153,0.2296,-1.3766,-1.6281,0.7501,-1.4396,1.486,-0.7712,0.0632,-1.0378,-0.0583,-0.0286,-1.5777,-1.1895,0.0799,-2.4192,-0.4419,-2.3004,0.8358,-0.9338,0.2191,0.1349,0.9304,-1.4644,-1.0698
0.7386,-1.3605,0.1498,1.5647,-0.2389,0.6058,0.3179,0.3555,-0.0773,-0.4768,-0.306,0.0143,-0.3494,1.8045,-1.4328,-1.0072,0.8063,0.5114,0.7696,-0.0298,-0.304,0.1651,-1.3828,-1.347,0.7679,0.0287,-1.3029,-1.7146,0.9485,-1.9084,0.6299,-0.3309,0.085,-1.1167,-1.165,0.1446,-1.0391,-1.114,0.02,-1.9606,-0.9626,-1.9238,1.8139,-0.9125,-0.0976,0.1889,1.2509,-1.6989,-1.5697
0.8624,-1.2546,0.7134,1.7029,-1.2334,-0.0816,0.0472,-0.041,-0.5515,-1.2997,-0.3372,-0.0965,0.3863,1.8497,-1.1308,-0.5665,1.7035,1.6096,0.5756,-0.4906,0.7444,0.4984,-0.6189,-1.4118,0.8675,-0.7199,-0.62,-1.024,1.5193,-2.2216,0.9483,-0.8763,0.0263,-1.3111,-0.8471,0.5508,-1.8866,-0.7819,0.7207,-2.0049,-1.164,-0.3022,1.8897,-0.4055,1.1196,-0.2744,1.0433,-1.5862,-1.888
1.6116,-0.9647,-0.0947,1.9724,-1.5078,-0.3559,0.6141,-1.2156,0.1608,-0.363,-0.447,-0.3733,1.1415,2.0334,-0.177,-0.3196,0.9831,2.0089,-0.1517,-1.694,0.7297,-0.012,-0.6876,-0.7595,-0.135,-0.0767,-0.0736,-0.2358,0.0507,-0.8106,0.2137,-0.141,-0.6668,-0.1734,-1.0663,0.5201,-1.3007,-0.5647,0.9624,-2.3748,-1.1037,-1.141,1.8064,0.4964,1.406,0.4048,2.1806,-0.3512,-1.1122
1.267,-0.2806,0.0588,2.0184,-0.1512,-0.4371,0.8138,-1.5386,0.9021,-0.9642,-1.0831,0.4315,1.2766,2.1349,-0.084,0.3002,1.5748,1.8878,0.1936,-1.2634,0.9299,-0.2564,-0.4666,-0.7041,-0.0036,0.0525,0.1703,-0.0705,-0.1215,0.7426,1.1686,-0.0347,-0.4323,-0.4633,-1.3431,0.3649,-1.2419,-0.9554,0.3716,-1.2313,-0.9072,-1.1919,0.8144,1.0244,1.15,0.4113,1.1197,0.7421,-0.8311
0.8854,-0.0862,-0.5918,0.7894,-1.0523,-0.0728,0.9537,-0.5697,-0.197,-1.3097,-0.0374,0.0268,0.4718,2.2774,-1.0884,1.3635,0.3825,0.2582,0.7904,-0.8696,-0.213,0.1373,-1.8617,-0.7142,-0.4215,-0.4639,0.2959,-0.2339,0.4811,1.0076,2.0046,-0.7479,-1.1236,-0.5016,-0.8762,0.386,0.2861,-1.0821,0.3858,-1.3979,0.2288,-0.7235,-0.1816,0.6047,-0.4401,-1.0811,0.9547,1.1736,-1.3542
0.0719,-0.1725,-0.2111,0.3733,-1.4691,0.2586,1.2508,-0.5715,-1.136,-0.302,-0.0937,-0.2758,0.0155,1.9722,-0.676,1.4825,0.5851,0.4784,0.2599,-1.1128,-0.3333,0.4877,-0.9908,-0.3343,-0.3677,-0.8576,-0.2471,-0.285,1.1492,1.3984,1.9066,0.183,-1.1302,-1.698,-0.2447,0.1512,-0.3216,-1.6789,-0.4862,-0.2927,0.5612,0.5444,-0.9285,0.4111,-0.0783,-2.2137,0.6797,0.2954,-1.0994
-0.2782,0.2537,-0.5915,-1.1065,-0.699,-1.5065,0.4894,-4.116,-0.7271,2.6837,0.1981,-0.4758,-0.3387,1.7225,0.3353,0.7153,0.1836,-0.3196,0.2061,0.2754,-0.8403,-0.363,-0.6053,0.07,-1.6879,-0.7082,-0.4012,-0.2521,1.392,-0.7347,2.0018,1.0282,-1.2173,-1.3948,0.5914,0.6993,-0.5328,-0.8972,-0.489,1.284,0.3216,-0.1945,-0.6159,0.4357,-0.831,-0.9343,-0.6111,0.2421,-0.0751
-0.117,0.0513,-0.08,-0.5765,-0.3038,0.9295,-0.4928,-0.9418,-0.2538,-0.1932,-0.6725,-0.5465,0.245,1.4493,0.2768,1.5797,0.5105,-0.0513,0.8804,-0.854,-0.8312,0.0689,-0.3674,-1.4927,-0.6944,1.1131,-0.3319,0.599,1.7321,1.3287,0.789,0.0239,-0.0595,-1.4743,0.8966,-0.1195,0.1978,-0.4702,-0.5924,0.8824,0.3798,1.1944,0.5099,0.1833,-0.3265,-1.1987,-0.8015,0.106,-0.6781
0.3871,-0.6068,-0.7667,-0.0011,0.6259,1.1421,1.5722,0.1045,-0.7929,0.4298,0.9135,0.9646,0.1053,0.9829,0.4193,0.4603,0.2042,-0.7653,0.9863,-0.2932,-0.8424,0.4554,0.1176,-0.5799,-0.9882,1.7964,-0.7634,0.6515,1.8561,1.7848,1.6401,-0.3618,0.0289,-0.9083,1.2895,-1.0179,1.1974,0.016,-0.4564,0.0595,0.6668,0.7715,0.8661,-0.6563,-1.3006,-0.4468,0.3137,-0.2288,-0.3228
0.0799,-1.02,-0.7406,0.9173,-0.2665,1.3633,1.7631,-0.7738,-0.0309,-0.4981,-0.7538,1.3886,1.1166,0.7823,-0.0229,-0.0044,-0.0143,-0.5819,1.2616,-0.7997,-0.1032,0.243,-0.1269,-1.2145,-0.4544,0.547,0.4432,-0.1619,1.4001,0.1902,1.9234,0.6402,0.0023,-1.2038,1.5254,-1.007,0.1407,-1.1861,-0.7619,0.0889,-0.5068,-0.0561,-0.0775,0.2789,0.6904,-1.401,1.2545,-0.5488,-0.9494
0.8054,-0.9204,-0.2145,1.6521,-0.9627,0.9303,0.9938,-1.0355,-0.3002,-0.5858,-0.749,0.2691,0.5418,0.9246,-0.5116,-0.4814,0.5544,1.0009,0.5665,-0.4083,0.9093,0.4143,-0.7445,-1.7981,0.2482,-0.5564,0.2515,-0.139,1.2376,-0.0425,0.946,0.1423,-1.4557,-0.3485,0.6206,-0.6837,-0.5082,-1.3913,-0.1002,-0.1043,-0.5387,-0.1897,0.1681,0.526,0.4188,-0.9864,0.3994,0.024,-1.5971
1.0564,0.6752,0.3115,1.8826,-0.7012,-1.3304,1.6281,-0.0639,-0.5524,-1.8856,-0.7546,-0.4974,1.2352,1.4604,-0.417,-0.5228,0.8379,1.7717,-0.9685,0.2949,1.5728,-0.3688,-0.1444,-2.3644,0.8693,0.1658,0.7047,0.7924,1.1805,0.0885,-0.3959,-0.889,-1.7158,0.4624,0.9431,0.5865,-1.0535,-0.1082,0.7032,-0.5194,0.5251,-0.6441,0.4552,0.2417,0.7679,0.5694,-1.1134,1.3889,-1.0272
0.0325,1.6859,-0.4591,1.0465,-0.2854,-1,2.0114,0.2262,1.1644,0.3426,0.3067,0.4026,0.8373,0.7944,-0.3703,-0.9599,0.4838,1.7286,-1.1271,-0.9649,1.7667,-0.1003,-0.5606,0.4963,0.8334,-0.7307,0.4268,0.7988,0.1025,1.0774,-2.2235,-0.2881,-0.9071,1.0819,1.5588,0.374,0.1142,2.0471,1.6248,-1.1898,1.3646,-1.4104,0.9639,1.313,0.1394,3.1217,-0.3035,2.091,0.7339
-0.2132,1.9436,-0.5081,-0.2021,-0.4927,-0.1623,1.3113,-0.1481,0.9914,0.1598,0.0965,1.139,0.2222,-0.1428,-0.6328,-0.9523,1.368,0.6514,0.4909,-0.7485,3.0366,0.913,-0.6142,1.1061,0.9748,-2.0237,1.1969,-0.0967,-0.9099,0.9796,-1.1054,-0.7238,0.127,0.3386,1.2956,0.2567,0.7758,1.9095,2.1871,0.3964,1.3545,0.4519,0.7026,1.639,0.4185,2.9448,-0.3305,2.7207,0.957
-0.4959,1.0771,-0.5839,-0.829,-0.4834,-0.2078,0.8809,0.2975,0.1942,-0.1719,0.5138,-0.1424,-1.0569,0.1381,-0.8277,-1.1066,1.4554,-0.476,1.1405,-0.5357,2.1331,1.2587,-0.9713,1.6614,1.403,-2.9814,0.9709,0.0298,-0.6855,0.007,-1.4967,-0.2666,0.322,-0.078,0.6261,-0.1087,1.9704,1.4873,1.5192,0.5647,0.3832,1.1102,0.4177,0.6315,0.3584,2.3169,-0.0434,2.1778,0.2435
-0.2907,0.2085,-0.3325,-0.1864,0.0768,0.9593,1.6048,0.3994,-0.5029,-0.7947,1.3227,-0.1099,-0.4115,-0.468,-1.3962,-0.707,0.5175,-0.1031,0.2716,0.2343,0.7845,0.7094,-1.3037,0.8712,2.1498,-2.5101,0.4506,0.5316,-0.679,0.7302,-1.4655,-1.1045,-0.281,-0.3834,1.1147,0.0976,2.2383,0.4819,0.5641,0.5363,1.6566,0.6083,0.5129,-0.8762,0.8402,0.3336,-0.6093,1.1661,-0.4429
-0.5783,0.3603,-1.0019,-0.3189,-0.4088,0.206,1.2512,0.1568,-0.8173,-0.3277,1.023,1.21,0.6301,-1.0621,-1.5914,-0.7095,-1.7202,0.3265,-0.9058,-1.103,-0.8416,0.4385,0.3259,0.7274,1.5498,-1.6139,0.0522,0.0307,-1.2965,0.1238,-1.5051,-0.244,-1.6027,0.6007,1.0343,-0.2768,1.5606,-0.4563,0.3513,-1.2796,0.9083,0.3037,0.0277,-0.0869,0.4271,1.1336,-0.8937,1.1275,-0.5561
-1.1292,1.1827,-0.9365,-0.435,-1.4558,0.5411,0.9698,0.622,0.0717,-0.5794,0.1624,-0.0162,1.002,-1.6215,-1.2934,-0.1277,-1.5745,0.3359,-1.3781,-1.2549,-0.4001,0.2616,0.3263,-0.4112,1.4381,-0.5487,1.5346,0.5077,-1.5128,0.0666,-2.0145,-0.3746,-1.9622,-0.0522,0.9397,-0.1353,0.3045,-0.5007,0.1386,-0.3901,-0.0815,0.084,-0.8509,1.0708,1.6219,0.5137,-0.9917,1.057,-1.8176
-0.4961,1.7751,-0.9135,-1.311,-1.0809,-0.0614,0.7147,-0.41,0.0048,0.3974,1.1459,-1.4796,0.4267,-1.7452,-1.6058,-0.6005,-0.6421,-0.5538,-1.3725,0.1585,0.2105,0.4521,-0.3377,-0.8427,0.9028,-0.0194,1.6543,1.0006,-1.9141,-0.0146,-2.1198,-1.785,-2.1497,-0.2373,-0.0337,0.2854,0.9637,1.5586,1.3386,0.3147,0.1636,0.2842,-0.754,1.2845,1.5222,1.2475,-1.2089,1.0683,-2.4963
-0.0147,2.5404,-0.9362,-1.8548,0.5276,0.1208,0.6376,0.0369,0.8635,1.228,0.6475,-0.0617,0.1625,-1.9023,-1.3522,-0.4371,-0.593,-1.3777,-2.409,0.967,0.1206,-0.1712,-0.26,-0.5744,0.6069,1.0405,0.4561,1.2146,-1.6649,-0.02,-2.729,-0.3781,-1.1189,0.7001,-0.6987,-0.3071,0.7175,2.7478,1.2147,1.5566,0.4515,-0.6914,0.0885,1.6289,2.1573,2.5861,-1.0564,0.3979,-2.6955
-0.8405,2.6033,0.1039,-2.1188,0.3816,-0.3923,0.9094,0.3147,1.0112,-0.4411,0.1259,0.0203,-1.7427,-2.1578,-0.337,-0.5899,-0.7356,-0.9413,-2.6458,-0.8783,-0.3492,0.3124,0.3115,0.9715,-0.3841,0.8769,0.139,0.156,-2.7321,-0.8379,-2.0223,1.0768,-2.1384,0.4373,-1.4904,-0.4334,0.6472,2.5152,0.5465,1.0942,-0.6345,-1.1479,0.0287,1.9886,1.0402,2.4976,-0.5473,0.3301,-1.6911
-1.1557,2.1989,1.1148,-1.4292,0.5148,-0.6308,1.2806,1.4889,1.0011,-1.8087,-1.6618,-0.6275,-1.5297,-1.1153,0.7361,-1.3641,-0.2046,-0.7395,-1.5868,-0.3225,-1.054,-0.3908,1.353,0.0022,-0.3035,0.5364,1.6627,0.9425,-2.6104,-0.497,-1.3657,2.8074,-1.9572,-0.1331,-0.4359,0.3775,-0.2928,1.8398,-0.2674,-0.776,-1.8825,-0.5006,-1.2155,2.139,-0.0738,1.3856,-1.4261,1.0234,-0.2178
-1.1465,1.793,1.463,-0.6596,1.7709,-0.8405,0.8403,0.6665,0.2485,1.0289,-1.4648,0.2802,-1.0475,0.0093,1.5973,-1.7797,-0.4477,-0.0099,-1.4575,1.3286,-0.8671,-0.8866,1.619,0.9128,0.1856,1.1821,1.1125,1.2531,-1.5445,-1.6813,-0.9176,2.137,-1.5002,0.4811,-0.4091,0.4004,-1.1801,0.9168,-1.219,-0.5747,-1.3025,-1.1476,-2.1809,1.3946,-1.2713,0.9736,-0.9788,1.2936,1.5651
-0.7328,0.6468,2.528,-0.7789,2.4411,-0.9743,0.314,0.5748,0.8031,1.0901,-2.1151,-0.646,-0.0426,-0.9975,2.6968,-0.8419,-0.8708,1.6716,0.1319,0.8968,-0.3027,-0.3184,3.1424,1.7095,0.9687,1.366,1.2605,2.1126,-1.0778,-1.5826,-1.0727,2.7025,-0.6212,-0.0901,0.6856,0.6601,-1.2174,-0.3985,-1.8834,-0.0778,-1.4827,0.0091,-2.236,0.762,-0.3656,0.1585,-1.0674,1.0295,1.304
-0.6931,-0.0579,3.106,-0.7881,3.4363,-0.4339,-0.2039,0.9172,0.0888,0.5586,-0.9986,-0.9557,-0.2147,-2.4933,2.425,-0.4278,-0.3539,2.3444,-0.1288,0.2554,-0.8401,0.2987,2.8417,1.7366,0.955,0.966,0.2264,2.2372,-1.1104,0.4522,-1.8459,2.7273,0.5347,0.906,-0.0791,0.416,0.5766,-1.477,-0.5282,-0.1096,-1.2029,1.4996,-1.0924,-0.5011,-1.7796,-0.3785,-0.3362,1.0433,1.1544
-1.3829,-0.4086,3.6266,-0.7692,2.9439,-0.613,-1.439,0.9625,-1.4724,-0.2688,0.1812,0.0843,0.1412,-1.838,2.1506,-0.5505,0.6696,1.019,-0.2236,0.7312,-1.1869,0.045,2.8091,0.7534,1.0437,-0.694,0.417,2.3931,-0.7285,1.5631,-0.7349,1.3808,1.191,1.0637,-0.6264,0.8638,-0.4328,-0.6239,-0.3842,-0.775,-1.7158,2.9131,-1.5299,-1.1051,-1.9855,-1.277,-0.7273,0.2929,0.6213
-0.8867,-0.4632,3.3673,-0.7569,2.7138,-1.0067,-2.072,-0.1631,-1.9666,1.7046,1.5439,0.6204,0.0684,0.0295,2.9741,-0.7233,-0.2743,0.2515,-0.9529,-0.0471,-1.5233,-0.0332,1.9949,2.1184,0.3743,0.719,0.2204,2.0255,-1.3594,0.6834,-0.1984,0.7515,1.4216,1.6692,-1.6974,1.3728,-0.7366,-0.752,-0.9899,-1.416,-1.4769,1.2623,-1.7657,-0.8645,-0.5714,0.0687,0.0459,-0.4154,0.387
-1.0705,-0.4343,3.8504,-0.4545,2.5528,-1.5724,-1.9237,-0.4326,-1.4392,0.0399,-1.0418,-1.1242,0.3887,-1.3835,2.7662,-0.7945,0.068,1.2357,-1.2046,0.0956,-0.915,0.3364,1.8499,0.8771,0.8424,1.0411,-1.0875,2.0478,-0.7879,0.7175,-0.7416,1.3577,1.3539,1.1127,-1.9373,2.0495,-1.2778,-1.1217,-0.1787,0.1637,-1.8297,1.9374,-1.8964,-0.8776,-0.6296,-0.8001,-0.9198,-0.038,0.0263
-1.3524,-0.4715,3.0958,-0.798,1.8787,-1.3742,-1.1718,1.5114,-1.4777,-0.2448,1.1241,-1.2466,0.8863,-0.8163,3.3244,-0.164,-0.8931,-0.0606,-0.9528,-0.6404,-1.4015,1.1246,2.104,1.4113,1.2215,1.6844,-0.635,2.3003,-0.4803,0.0498,-0.7986,0.8909,1.136,1.5657,-0.865,2.0512,-0.2842,-2.1254,0.0685,-1.5878,-0.9665,2.8637,-1.5454,-0.1651,-1.0374,-1.2419,-0.3013,0.1286,-0.0735
-0.6869,-0.2891,2.4239,-0.7454,1.9474,0.8545,-0.8313,2.8029,-1.3974,1.7458,0.997,-1.2711,1.2384,-1.629,3.4914,0.522,-0.9462,-0.3362,-1.3908,0.507,-1.0076,0.9527,2.0158,0.8799,1.397,0.7026,0.2167,1.6499,-0.6183,0.5103,-0.7975,0.2758,0.2742,1.6059,-0.1106,1.0926,-1.0738,-2.0987,-0.7561,0.5861,-0.0153,2.6578,-0.6418,-1.1768,1.1355,-2.9999,-1.1334,-0.2294,-0.5776
-0.2025,0.3847,1.5806,-1.2787,3.1198,0.3916,-1.2588,1.4042,-1.3375,2.7753,0.5964,-0.6878,0.5184,-1.805,3.5588,0.3776,-1.3747,-0.2853,-0.6739,1.7664,-1.6339,1.0461,2.358,0.5546,1.0035,0.5457,0.5852,1.7181,-0.1798,-0.0378,-1.115,0.2776,0.8356,2.4043,1.3423,0.82,-1.3535,-0.5663,0.0983,1.2137,0.2766,3.0401,-0.43,-0.6409,0.1135,-1.1099,-1.8438,-0.0331,0.4918
-0.798,0.9258,1.367,-0.5034,2.1065,0.0791,-1.3805,0.9403,-0.8764,1.3983,0.5564,-0.2981,0.4638,-1.5731,2.926,0.5661,-1.5429,1.5779,-0.4219,0.7456,-0.8346,1.4373,1.4118,1.9016,1.4452,0.1453,1.4442,1.173,0.0368,0.6945,-1.5417,1.0025,1.3424,2.9224,0.8132,0.2847,-1.1918,-0.314,-0.0618,0.8998,0.5362,2.5532,-0.2453,0.0551,0.6164,-0.6911,-0.6266,-0.5586,0.8003
-0.9834,0.4886,0.9486,-1.2103,1.2237,0.1535,-0.5025,0.4022,-0.256,1.4872,0.4891,-1.401,0.1776,-1.0869,1.1542,0.2798,-0.9463,1.0988,-0.5324,-0.0926,-0.9948,1.662,1.1484,1.7814,-0.0003,0.3648,1.6093,1.2768,0.2847,0.9235,-0.9305,0.2342,1.5968,1.3744,-0.0977,0.2808,0.5796,-0.5894,0.3177,0.1213,0.4851,1.0456,-0.6993,0.9963,0.4492,-1.2519,-0.1985,-0.1223,0.3249
-0.2428,1.4801,-0.0241,-2.7456,0.0089,-1.0426,-0.1782,0.7955,0.4905,2.2258,0.9377,-0.8981,-0.875,-0.25,0.2852,-0.1753,-1.2048,0.7211,-0.8885,0.7921,0.8349,1.7864,0.6922,1.1496,0.5462,-0.1788,0.3986,0.12,0.7055,-0.1859,-0.3005,-0.748,1.542,0.054,-0.6822,0.324,1.2372,0.0643,1.4624,0.6846,0.46,0.4878,-0.2059,0.7891,-0.1248,-0.8748,0.3161,0.5449,-0.309
-0.4577,0.5372,-1.8279,-1.7078,-0.6516,-0.8331,-0.7986,1.4006,1.4103,1.429,0.8238,-0.3067,-1.6405,0.267,-0.7767,-0.2019,-0.7542,-1.6643,0.568,2.1712,0.7482,1.3407,0.5077,0.9185,0.0868,-0.6671,-0.903,-0.3947,0.4344,0.2153,0.3558,-0.7406,0.7519,-0.217,-0.9808,-0.4531,1.5493,0.9853,0.9626,0.3681,0.3255,-0.6942,0.4918,0.2334,-0.4369,-0.296,0.4651,0.3563,0.0928
0.4351,-0.0872,-1.5888,-0.4555,-0.9328,-1.1275,-1.2716,0.5882,0.5323,-0.3935,2.1143,0.6729,-1.1482,-0.1702,-0.411,0.1831,-0.4686,-1.2103,1.1378,2.3645,0.83,0.991,0.7012,0.7733,0.4793,-0.5209,-0.976,-0.594,0.1809,0.1689,1.0025,-1.0004,0.1705,-0.5501,-1.0061,-0.0752,1.553,0.7682,-0.3596,0.9572,0.8773,-1.4205,1.0951,-0.1905,-0.9668,-0.629,0.8275,-0.2311,0.7834
0.6352,0.0016,-1.4884,-0.415,-0.2646,-1.3519,-1.7896,1.2304,0.1185,-0.9654,0.8409,1.1294,-0.5982,-1.1517,-0.2374,-0.2033,-0.2661,-0.7958,-0.2447,1.7853,-0.2173,0.0887,1.4705,0.4892,-0.5044,-0.4402,-0.8617,-0.1976,0.2793,-0.3927,-0.1159,0.518,1.1237,-0.616,-1.1464,-1.0688,1.4984,-0.0221,-0.8352,-0.3557,-0.0788,-0.3617,0.9261,-0.4725,-0.2478,0.2213,0.5841,-0.7972,0.8198
0.579,0.0652,-1.3659,-0.1681,0.0488,-0.3979,-1.5198,0.3733,0.1878,1.6286,-0.0455,0.7121,-0.1148,-1.0993,-0.4088,0.0689,-0.548,0.7764,-1.2814,0.4436,0.122,0.3067,1.0392,-0.4044,-1.1403,-0.6831,0.7774,0.0871,-0.2849,-0.3456,-0.1353,-0.3688,0.9007,0.0059,-1.0896,-0.4744,-0.149,0.0044,0.0154,-0.2369,-0.1221,-0.4344,0.4726,-0.5227,0.4733,-0.2728,-0.3903,-0.2471,0.132
0.2186,-0.9111,-2.5903,-0.0954,-0.3819,0.8423,-0.6676,1.0715,1.4281,1.2969,-0.0116,-1.3714,0.3174,0.1725,-0.9695,0.5621,-0.82,0.1129,-0.0724,0.9266,1.0862,0.5061,-0.6657,-1.0606,-0.9987,0.4794,0.4682,0.0427,0.1517,0.7397,0.4532,-0.9182,1.1238,0.0556,-0.1742,-0.5891,-0.1862,-0.2254,0.5423,1.4385,-0.2196,-0.0078,0.174,0.4116,1.1136,-1.2669,-1.0116,0.1296,-0.6576
0.0753,-0.4153,-2.5036,-0.3298,-0.7801,0.8152,-0.348,1.769,2.6504,0.5772,1.1783,-0.4415,-0.8896,0.2073,-0.4952,0.2637,-0.7469,0.5982,1.1736,1.5537,2.1114,0.4667,-1.2016,-0.3681,-0.2333,0.4912,-1.1342,-1.2968,1.1026,0.6982,0.6268,-1.2188,1.1279,0.677,-0.0435,-1.0549,-0.2225,0.6569,0.773,1.4436,0.6027,0.2988,0.2774,0.8231,0.1525,-0.1172,0.2822,0.3295,0.3165
-1.0278,0.0515,-2.7622,-0.4916,-1.1861,1.1627,-0.7473,0.7674,2.7852,-0.5918,0.6172,0.2538,-1.1779,-0.0195,-1.215,0.3605,-0.6224,-0.7147,1.5836,2.3226,2.1415,-0.1022,-1.1427,-0.3204,-0.2635,-0.4669,-0.0292,-1.2522,0.7498,0.1994,0.8998,-1.4039,1.5565,-0.3847,1.1608,-0.7439,0.7311,1.2229,0.3573,0.7068,1.2078,0.3358,0.3841,1.3389,0.5194,0.3625,0.7944,0.6434,1.0561
-0.9595,0.3603,-2.104,-0.0313,-1.4136,0.6495,0.1399,0.0915,1.5327,-0.3826,0.3853,1.4914,-0.672,0.4541,-1.1022,0.608,-0.3379,-0.5292,1.7179,1.6349,1.8563,-0.1806,-1.4722,0.7867,-0.2978,-0.4776,0.0271,-1.345,0.6891,-0.5613,1.0296,-1.4876,1.3854,-0.1292,1.0404,-0.4007,1.1491,0.7864,0.4043,0.6302,1.627,0.0471,1.3107,0.7703,1.1937,0.5131,0.985,0.522,1.6253
0.0443,0.2136,-1.9376,0.2836,-1.3357,0.9614,-0.9749,0.6904,0.6143,-0.8681,-0.0318,0.0423,-0.5772,0.4088,-0.8073,0.7497,-0.2754,-0.707,1.5598,1.3785,1.1663,-0.3964,-0.9548,-0.8106,-1.1568,-0.5755,-0.5654,-1.7701,1.1137,0.8467,1.3168,-1.8622,1.1761,0.0211,0.5484,-0.979,0.8415,0.7475,0.7791,1.1311,1.3935,0.7972,0.9931,0.3567,1.2307,0.5204,0.4357,-0.0481,1.2502
-0.3099,0.9773,-1.0016,0.0412,-0.8506,0.2802,-0.458,0.3665,0.9694,0.0091,-0.2857,0.2496,-0.3551,0.7118,-0.9774,0.4544,-1.0061,-0.4723,0.9515,0.8761,0.8171,-0.2749,-0.9309,-1.1733,-0.8393,0.661,0.5394,-1.6367,0.4297,-0.024,0.6745,-1.0534,0.8673,0.3561,0.2411,-1.1855,0.4766,1.4534,1.1341,-0.0896,2.1381,-0.5889,1.3717,-0.0161,1.9621,0.7272,2.3139,-0.3275,1.8078
-0.8038,0.5378,-0.9918,-0.1432,-0.9237,-0.8893,-0.4781,-0.0323,1.0845,0.5227,0.1312,-1.8511,-0.4189,-0.5213,-1.8713,0.5876,-1.0268,-1.7926,1.7471,0.8962,0.416,0.0369,-1.5338,-1.3166,-0.7784,-0.2723,-0.4296,-1.2269,0.8252,0.0261,0.6247,-1.3669,0.9944,-1.0381,-0.3295,-1.5018,0.5583,2.6017,1.9171,0.0987,2.7985,-1.0118,1.2825,-0.9936,1.856,-0.4992,2.0509,-0.9639,1.9541
-0.6197,0.9799,-1.3913,-0.4207,-1.0431,-1.2026,-0.3293,-1.1905,0.5613,0.798,1.3916,-1.1338,-0.1399,-1.0013,-1.7091,0.5488,-1.8147,-1.0787,1.2562,0.5753,0.6106,0.4522,-1.8198,-1.3277,0.2489,-0.6804,-1.076,-1.0301,0.977,-1.0039,0.8193,-1.9646,0.6879,-1.1499,-0.1663,-0.7283,0.9213,3.0358,2.3411,0.0666,4.3101,-1.1353,1.7435,-0.5968,2.0285,-0.9162,1.9751,-1.0031,1.6689
-0.7628,0.3866,-1.3386,-0.5628,-1.5883,-0.0501,0.2486,-0.5945,0.2409,-1.1883,0.2674,-0.8724,-0.5226,-0.8325,-1.8366,0.307,-1.0057,-1.0026,0.4953,-0.2933,0.4379,0.3778,-1.1779,-0.7476,-0.7367,-0.26,-0.3665,-0.8442,0.7465,-0.0215,0.739,-1.7498,0.7327,-0.6572,0.3336,-0.9446,1.7971,1.5439,2.1054,-0.7667,2.6119,-1.126,1.4061,0.5544,1.7785,-0.6271,1.8446,-0.2669,1.5715
0.4266,-0.0232,-0.8904,0.1886,-1.5828,0.3449,-0.3312,-0.9327,0.1857,-0.044,0.0838,-0.282,-0.2869,-0.7149,-1.2688,-0.0116,-0.4132,-0.4229,-0.4442,-0.2706,0.8763,0.3307,-1.0717,-0.3493,-1.5506,-0.7801,0.2678,-1.099,0.0536,0.1322,0.7965,-1.0072,0.5777,0.1656,0.0494,-1.1866,0.7401,-0.4595,1.3257,0.3862,0.6898,-1.2398,0.526,0.4963,1.0839,-0.2325,0.8579,0.383,0.1733
-0.3856,-1.4086,-0.7122,0.9669,-1.4448,0.1338,-1.5551,-0.4779,-0.3258,0.403,-0.4426,-0.1558,0.1714,-0.2648,-1.0943,0.4294,-0.0383,-1.2969,-0.3438,-0.3988,-0.1402,0.0877,-0.7283,-0.5864,-1.5725,-2.2175,-0.0356,-0.9267,0.429,-0.1693,-0.2178,0.1285,0.2319,-0.0583,0.1436,-1.2936,-0.4921,-1.0518,0.0138,-0.9563,-0.7643,-0.5413,-0.5411,0.5646,1.0407,-0.4151,-0.94,0.0505,-0.9569
0.2711,-1.2258,-0.8952,0.9181,-0.8395,0.0695,-0.9019,-0.2994,-0.7855,0.5733,-0.0986,1.6527,0.3796,-0.1472,-0.6539,1.0143,0.5389,-0.8076,-0.7586,-0.3782,0.7893,-0.7973,-1.066,-0.4481,-1.0615,-1.224,0.3752,-1.2125,1.1793,-0.0906,0.2879,-0.3841,-0.2458,0.8673,-0.0753,-0.9455,-0.7875,-1.222,-0.5029,-0.2418,-0.011,-1.18,0.2255,0.6083,0.0802,-0.3974,0.0111,-0.6223,-1.5845
0.4533,-1.5812,-1.372,0.8446,-1.1936,1.0309,-1.2219,-0.6814,-1.4129,0.1779,0.5939,0.6049,0.6625,0.1337,-1.7881,1.3771,0.5775,-1.6188,-0.2731,-0.865,0.5836,-0.4117,-2.6008,-1.2588,-1.1685,-1.4349,0.3552,-0.9123,0.7117,0.279,-0.0094,-0.726,-0.1961,0.258,0.2072,-0.9729,-0.7091,-1.0645,0.0988,0.1085,-0.0431,-0.9077,-0.7739,0.2362,0.7569,-1.749,-0.5196,-0.5727,-1.2616
0.3087,-0.5577,-0.6995,0.3864,-0.8881,0.256,-0.7721,-0.6682,-1.7183,-0.8213,0.2931,1.243,0.1481,0.3877,-1.34,0.6747,0.9878,-1.4046,-0.7229,-0.8925,-0.0999,-0.0686,-2.0892,-0.7254,-1.0498,-0.8443,0.0086,-1.0546,-0.2395,-0.6417,-0.1635,-0.6559,-0.7617,0.1815,-1.3739,-0.4473,-0.9312,-1.2853,-0.0899,1.147,-0.3931,-0.3519,-0.8281,-0.2478,0.9117,-1.3407,-0.9615,-0.7539,-0.8737
0.2422,-0.6395,-0.5112,0.8724,0.2875,0.4735,-0.8413,-0.7338,-0.8454,-1.0846,-0.5967,1.5724,0.5426,-0.2301,-0.8289,0.1716,0.5483,-2.7374,-1.4165,-0.3182,-1.8796,-0.7044,0.2615,-0.0494,-1.6955,0.6802,-0.4538,-1.2484,-1.1035,-1.2124,0.1848,0.8402,-0.8731,-0.043,-1.8651,-0.25,-0.2449,-0.9217,-1.2517,0.294,-1.2291,-0.6388,-0.2134,-0.5087,0.2058,0.0921,-0.6074,-2.1923,-0.373
0.158,-1.5638,0.7541,1.5344,0.3048,1.5949,-0.5402,-1.6549,-0.8864,-0.1176,0.0324,0.8338,0.6299,0.2003,-0.2076,0.3582,1.6065,-1.4604,-0.8536,-1.5192,-1.6467,-1.0503,-0.2386,-0.0844,-0.9837,0.5553,-0.0954,-0.9029,-0.8359,-1.019,-0.2696,0.5795,-0.649,-0.8867,-0.7279,0.6165,-1.3122,0.2146,-1.6108,0.4366,-1.1088,-1.1968,-0.3586,-1.1925,-0.0497,0.0988,-0.3658,-2.9057,0.0022
0.1011,-1.5743,-0.0853,0.6589,0.9584,1.479,-0.4868,-1.3381,0.6209,-0.453,0.3504,1.0761,-0.0459,0.0615,-0.0583,0.0031,1.6232,-1.943,-0.559,-1.2155,-1.6739,-1.9499,0.0255,-0.3082,-1.7126,1.3972,-0.3009,-0.4937,-0.516,-0.2048,-0.2911,0.6566,0.4588,-1.5293,0.0971,0.334,-0.7236,0.7512,-1.4246,0.6354,-0.8102,-1.104,0.0335,-0.4124,-1.4006,1.0807,-0.6018,-2.6482,0.3846
0.0019,-1.2238,-0.0862,0.9558,0.4841,1.0517,-0.2486,-0.7179,-0.0234,0.8477,0.1618,0.3533,0.7845,1.1427,0.381,0.1156,2.1448,-0.6192,-0.4381,-1.7815,-0.2676,-1.177,-0.237,0.9384,-0.9354,1.7696,-0.9646,-0.0042,0.6904,0.1377,-0.1202,0.9558,0.4987,-1.0794,0.0585,0.3853,-0.9168,0.1593,-1.1599,0.6968,-0.9882,-1.256,0.3144,-0.0054,-1.5683,1.0403,-0.1558,-1.8849,0.3988
0.0021,-1.2903,0.4529,0.5089,1.2749,1.1796,-0.7614,-0.3992,-0.7641,0.622,-0.5126,0.0448,1.57,0.816,0.3909,-0.2414,2.1307,-1.5191,-0.992,-1.1249,-0.0781,-1.2892,0.1249,0.7181,-0.7247,1.1191,0.0155,0.5079,0.4207,0.0428,0.6771,1.0943,0.9283,-0.7837,0.1781,0.9243,-0.0995,0.0849,-0.8469,0.6834,-1.3808,-0.8968,0.1932,-0.8583,-1.0123,-0.0694,-0.4935,-0.6284,-0.0912
0.1019,-0.6687,-0.0599,0.1804,0.9492,0.019,-0.1676,-0.6896,-1.1573,-0.7325,-0.5795,0.6909,0.8218,1.287,0.4051,-0.2324,0.8125,0.423,-0.4566,-1.3633,-0.3115,-0.7845,0.3184,0.7567,-0.5103,0.7095,-1.0507,-0.3649,0.0063,0.0822,0.851,1.6774,0.2255,-0.2999,0.1121,0.3656,0.3488,-0.3401,-0.3575,-0.1491,-1.3108,-0.4779,-0.2107,0.0002,-2.1025,0.4092,0.2603,0.7273,0.2582
0.3441,-1.1982,0.0264,1.2306,0.2584,0.568,0.2604,-0.4921,-1.0367,-1.8178,-1.1587,-0.4278,0.8042,1.379,-0.3464,0.316,1.4149,1.1391,-0.0992,-0.2117,0.0551,-1.5327,-0.2884,-0.7159,-1.321,0.0231,-0.5978,-0.0697,0.0978,0.6244,0.7882,0.8461,-0.4856,-1.0165,0.3906,-0.0794,-0.4866,-1.5459,-1.1764,-0.0492,-0.9597,-0.8345,-0.0715,-0.5134,-1.2294,-0.9735,-0.425,0.7988,-0.185
0.3253,-1.0874,0.7329,2.06,-0.2529,0.6712,0.1373,-0.7301,-1.8248,-1.285,0.2619,-0.6056,1.0113,1.9131,-0.3689,1.2807,1.2785,1.384,-0.6155,-1.483,0.7431,-1.5344,-1.0874,-0.2881,-0.9803,-0.2691,-0.3551,0.0381,0.3048,0.4309,0.9844,-0.9881,-1.8595,-0.609,0.8459,0.4597,-1.089,-1.2952,-0.4766,-0.1958,-0.0931,-0.5861,0.1157,-0.6703,-0.8356,0.1232,-0.394,1.0962,-0.8751
0.2679,-0.1083,1.1002,1.7832,-0.2251,-1.0652,-0.039,0.1614,-1.7755,-1.0162,-1.2286,-0.5483,0.9917,2.0337,-0.2662,1.0507,1.9666,0.7866,0.2071,-1.6894,0.0804,-1.7562,-0.9303,-0.8129,-0.6259,-0.5166,-0.4549,-0.7343,1.2053,-0.6659,0.332,-0.3969,-1.2658,-0.363,0.5873,0.4128,-0.8216,-0.4264,-0.2212,-0.7978,-0.6298,0.9759,-0.5747,-1.0781,-0.6066,1.7068,-0.2033,0.4709,-0.4721
0.4389,0.4979,0.8947,1.5838,-0.6925,-0.0981,0.9557,-0.5172,-1.5215,-0.4915,-0.8345,0.5622,0.603,2.1869,-0.4053,1.201,2.294,0.5405,0.4333,-2.0905,-0.3848,-1.221,-0.9055,0.2881,-0.3956,0.5733,0.1562,-0.7207,0.8591,-0.2892,0.8654,-0.9819,-1.3335,-0.1584,0.7042,0.9055,-0.4821,-0.6579,-0.0914,-0.0053,-0.2333,-0.1366,-0.3264,-0.3891,-0.8107,1.1247,-0.128,0.5384,0.2084
0.6372,-0.4273,0.7865,0.6437,-1.284,0.2116,1.0537,-0.4129,0.1268,-0.2712,-1.3024,-0.9292,-0.1223,2.287,-0.0023,0.9485,2.0622,-0.0431,1.4497,-1.1411,-0.0144,-1.1035,-0.8585,-0.405,-0.1281,0.1424,0.6374,-0.0669,0.9651,0.9714,0.5191,0.3387,-0.5527,-0.8101,1.5645,0.8569,-0.9869,0.1528,-0.0595,0.1703,-1.5094,-0.1135,-0.4621,0.9039,-1.9101,-0.6164,-0.1437,0.7744,0.0154
1.1571,-0.3876,0.5279,1.2964,-0.4715,0.9858,1.4456,-0.4331,-0.2287,0.1068,0.0829,-0.0596,0.0092,1.5669,0.1958,0.5893,1.0213,0.7606,0.4941,-1.3406,0.6595,-0.8718,-1.1244,0.8515,0.7999,0.4336,0.8159,0.2255,0.1459,0.6038,0.5369,-0.1956,-0.37,-0.335,1.7923,0.9115,-0.5938,-0.183,-0.1156,0.2488,-0.6421,-1.538,0.0514,0.822,-1.1604,-0.0064,-0.0132,0.5061,0.7503
1.0249,0.049,-0.0075,0.414,0.6813,0.8466,1.7621,-0.9623,0.7625,-0.7008,-0.369,0.1225,-0.008,0.4692,0.015,-0.0695,0.7341,1.1128,0.9434,0.163,0.1606,-0.6737,0.1744,0.7955,0.7793,0.5603,0.4168,0.0672,0.3094,0.5716,0.8383,0.4024,0.1241,-0.1897,1.4109,0.8103,0.5508,-0.2716,-0.1234,-0.835,-0.0637,-0.3734,0.2405,0.4793,-1.8295,0.3949,-0.5232,0.1205,1.3666
0.5512,-0.3478,0.2813,-0.0813,-0.236,0.0858,1.6011,-0.4367,-0.6969,-0.9428,-0.7751,-0.1267,0.0894,0.5812,0.2043,-0.6079,0.2836,1.9128,1.0972,-0.9088,-0.2961,0.1845,0.054,1.295,0.633,-0.6517,0.0595,-0.6083,0.3778,0.1139,-0.1471,0.1547,-0.0786,-0.9782,0.6176,0.8717,1.1845,-0.672,-0.3172,-1.1923,-0.6854,0.416,-0.826,-0.6951,-1.3711,0.232,-0.5146,-0.0504,1.0979
0.1291,-1.0348,0.4603,-0.2878,-0.5617,0.0502,0.4242,-0.7782,-0.2376,-0.8446,-1.5807,0.9852,-0.733,0.0651,-0.1972,-0.528,0.3558,0.4983,1.0548,0.3818,-0.943,-0.37,0.6223,-0.7129,0.1347,-0.6218,-0.6042,-0.5931,0.1648,-0.9852,-0.1651,0.2461,0.1238,-1.9528,0.4948,1.2371,0.5898,0.0729,-1.1931,-0.1625,-1.2795,1.2722,-1.0571,-1.4005,-1.2159,0.1044,-0.4389,-0.4763,0.0997
1.0209,-1.1727,0.3794,0.9013,-0.3719,0.4953,0.8918,-0.5777,0.1093,0.3795,-0.7431,1.3514,-0.619,-0.1372,0.4358,-0.0421,-0.9657,1.2608,0.8554,0.1528,-1.5407,-0.849,0.3019,-1.0858,0.6265,1.4529,-1.1917,-0.656,-0.4786,-0.9219,0.5352,0.8059,0.5365,0.0398,0.1628,1.2389,0.2319,-0.635,-1.6476,-0.0679,-0.4973,0.2815,-0.1114,-1.1583,-0.9239,1.2349,0.9607,-1.1174,-0.4258
1.4986,-1.4564,0.7724,0.8625,-0.5921,0.0924,2.1268,-1.0331,1.9844,-0.4148,-2.068,0.6757,-0.5698,0.0558,0.1139,-0.2922,-0.4034,1.662,1.287,0.1708,-1.2887,-1.1733,0.0647,-0.8556,1.1065,0.216,-0.5669,-0.1568,-0.6197,-0.2689,0.9152,1.5066,0.9164,-0.2242,0.9558,1.2085,-0.1334,-0.6002,-1.5631,0.1065,-0.9763,0.1396,-0.3107,-1.3869,-0.9445,0.4718,1.0323,-0.9326,-0.5705
0.8492,-0.6166,1.0827,-0.5967,-0.842,-0.5894,2.234,-1.582,0.7444,-0.6757,-1.0657,0.733,-0.3395,0.7827,-0.2735,-0.5371,-0.493,2.243,1.0006,-0.6871,-0.8157,0.3654,0.1684,0.2947,1.5214,-0.7421,-0.5319,-0.0285,-0.2287,-0.8111,0.7822,1.081,-0.0029,0.6094,1.567,0.7635,-0.6861,-0.4589,-0.5068,-0.3617,-0.8229,1.7323,-0.6272,-1.4908,-1.4568,0.404,0.4838,0.0815,-0.8071
1.2635,-0.5749,0.6541,0.0527,-0.0528,-0.1362,1.9507,-1.3548,0.207,0.0193,-1.1684,0.9774,-0.2654,1.095,-0.7269,-0.3844,0.1367,1.497,0.4869,0.3824,-0.5528,0.2929,0.5582,-0.836,1.5569,-0.9156,-0.9521,0.5416,0.277,-0.9908,-0.0921,0.7629,-0.9985,0.2225,0.9692,0.3022,-1.358,0.0163,-0.8708,-1.1886,-0.1433,0.8812,0.3491,-1.5236,-1.2927,-0.3501,-0.2612,0.3136,-0.9669
1.3689,-0.0269,0.5669,0.4986,-0.2407,-0.0006,1.5419,-0.8004,0.2324,-0.2194,-1.5898,1.3054,0.027,0.6199,0.0041,-0.0043,-0.316,2.1938,0.418,-0.7448,-0.225,0.3434,1.5116,0.1442,1.8735,-0.8035,-0.754,0.4439,-0.0667,-1.5081,0.1013,0.2343,-0.8911,0.2083,0.1196,0.2314,-0.8821,-1.216,-0.9276,-1.312,-0.2652,0.5488,0.3082,-0.9347,-0.4882,0.709,0.4887,0.2271,-0.7362
1.3876,0.2743,0.2324,0.7936,-0.8714,-0.4597,1.1336,-1.0222,0.3958,-0.8763,-1.243,-0.3271,-0.5483,0.4418,0.1458,0.2253,-0.1399,1.2212,0.2542,-0.7821,-0.9064,-0.3604,0.5163,-1.3215,1.5438,-0.5172,-1.253,0.6307,-0.629,-0.4994,-0.2145,0.8207,-1.2207,-0.4544,-0.8686,0.14,-0.2008,-0.068,-1.2271,-1.1996,0.3707,-0.6589,0.5346,-0.6251,-0.089,0.5314,1.2376,0.119,-0.9197
1.5375,0.0127,1.1047,1.3276,-0.7964,-1.2114,2.1548,-0.7379,-0.3154,-1.9515,-1.093,0.3062,-0.2734,0.6705,-0.2222,0.6796,-0.0035,1.4979,-0.0259,-1.9654,-0.3132,-0.2195,0.2101,-0.8231,1.9034,0.1592,-0.8,0.5461,-0.9054,-0.3322,0.1893,0.5418,-1.9944,-0.3916,-1.5604,0.59,-0.2728,-0.1082,-1.2414,-1.2978,0.8431,-1.2074,0.7282,-0.7218,-0.094,0.285,1.333,0.1304,-0.9083
0.7314,0.5461,1.0321,0.2392,0.0146,-1.8545,1.2639,-0.2869,-0.1179,-1.4707,-1.454,-0.9559,-0.3607,0.9045,-0.0545,0.2181,-0.2184,-0.1874,-0.2255,-1.2018,-0.3756,-0.2131,0.6959,-1.9383,2.0117,0.475,-0.9169,0.6876,-1.0097,-0.1856,0.0873,1.1324,-2.7036,-0.4721,-2.0389,0.3643,-1.0549,-0.3679,-0.547,-1.8144,-0.0309,-0.168,0.7086,-0.3498,-0.3294,0.5287,0.7595,-0.0806,-1.0549
-2.1691,1.5328,1.0649,0.1803,0.9121,-1.3565,-1.0669,-0.9758,0.4315,-0.969,-0.5189,-2.7671,-0.1771,0.4272,0.445,-0.1946,-0.161,-0.3842,0.5876,-0.5457,-1.0728,0.221,0.6593,-0.9802,2.7339,0.8965,-2.2018,0.3456,-0.7149,0.2342,0.2063,0.8267,-2.3813,-0.0001,-2.5711,-0.0841,-1.7274,0.0173,0.1986,-0.8897,0.7634,0.5808,1.5039,-0.2109,0.1487,1.4555,0.8747,-0.6408,-0.2087
1.993,1.3584,0.6457,0.9251,-0.2206,-2.0585,0.2362,-0.8907,0.2304,-0.8421,-0.0228,-0.4931,-1.0637,-0.2087,0.8967,0.4128,-0.6561,-0.9776,0.8813,0.74,-1.6803,0.0361,0.1119,-1.2073,1.4739,1.3998,-1.3464,0.9613,-1.2113,-0.2242,0.6335,-0.1154,-1.8728,0.2819,-1.8537,-0.0028,0.3321,0.6179,0.0346,-1.1323,0.9633,-0.204,2.4007,-0.3648,-0.3336,2.0602,0.7852,-0.4388,-0.5666
2.5208,1.7773,1.1385,1.277,0.7128,-1.8196,0.9304,-0.2103,0.461,0.1645,0.4361,-0.0039,-0.1233,-0.8195,2.3706,0.5669,-1.4097,0.4263,-0.2757,1.0405,0.4825,1.0715,0.9577,-0.2645,0.8687,2.2489,0.2364,1.2351,-0.456,1.1515,-0.1872,0.7674,-1.2539,0.6248,-0.8531,-0.181,-0.8406,0.4817,-0.8506,-0.8327,1.0465,0.2752,2.2781,0.7181,0.9435,0.5905,0.3648,0.0249,-0.8674
1.1988,0.8377,0.826,1.1831,1.7822,-1.5922,2.2897,0.2939,0.706,0.7365,1.4555,-0.9798,0.9737,-0.7878,2.1813,0.8899,-1.362,0.0671,0.0376,-0.5313,0.8662,2.7932,1.3578,0.713,-0.1272,1.6892,1.35,1.3965,0.2114,2.3351,-0.8203,-0.1128,0.2797,0.2175,0.2826,0.205,0.2781,1.075,0.4348,-0.8018,1.0597,1.2984,1.5353,1.4533,0.426,-0.1402,-0.6638,0.6082,0.3836
1.6162,0.7449,0.2475,0.1154,0.877,-2.3473,2.4601,0.7966,1.2438,1.7352,2.7136,-0.9888,0.7869,-0.1561,1.69,0.0649,-1.0467,0.0729,0.4977,-0.2924,1.835,3.3715,0.0021,0.6959,0.229,1.2886,1.8798,1.0998,0.6263,1.8315,-1.7016,-0.7389,1.0799,0.4221,0.5618,0.7457,1.524,1.1561,1.6667,0.4059,0.1362,0.1603,0.8505,2.1802,-0.2594,0.3772,-0.5825,1.4353,0.3367
1.5516,-0.2159,0.0481,-0.8261,-0.4246,-1.2253,1.1955,0.587,1.0762,-1.3131,2.7184,-2.0899,0.7051,-1.2821,0.4261,-0.2669,-0.1266,-0.5096,1.1584,-0.179,2.749,2.388,-1.571,-0.3116,0.2423,-0.3718,1.343,0.9543,1.0804,2.2638,-0.2642,-1.839,1.5159,-0.8042,0.6428,0.4099,2.2469,1.1666,1.1311,2.8322,-1.0469,-0.216,-0.0523,1.4657,0.3984,-1.4196,-1.3087,1.5123,-0.1671
1.3525,0.4899,-0.4564,-2.5129,-0.1544,-0.9214,1.3712,0.6861,0.9569,-0.6653,2.6092,-0.5742,0.4887,-0.8816,0.0777,-0.5472,-0.3281,0.847,0.6191,-0.7525,2.3875,2.1607,-0.7588,-0.0041,0.4953,-0.0867,0.3424,0.1378,1.012,0.6853,-0.3731,-1.6215,0.841,-0.5292,0.2433,-0.0894,2.6437,0.3512,1.3973,0.88,-0.6559,-0.2897,-0.6953,1.1772,0.6864,0.3175,-0.6836,1.2516,0.2867
1.3657,1.2079,-0.2755,-3.1882,-1.1087,0.7923,1.8519,0.7804,0.4174,0.2304,1.1981,-1.28,-0.0786,-0.4539,-0.28,-0.6204,0.0477,1.3749,-0.1615,-0.3798,2.509,2.1181,-0.9345,-0.6259,0.7875,-0.3169,0.3643,0.263,0.5224,-0.021,-1.4351,-1.7999,-1.0586,-0.6787,-0.0403,0.4609,2.0558,-0.1913,1.489,-0.7382,0.7207,-0.2048,-0.4194,0.2218,2.3238,-0.3355,0.1789,0.9754,0.4842
0.9526,1.9903,0.0002,-3.0277,-0.8177,2.7228,1.4755,-0.1676,1.5692,1.7601,1.0218,-0.8285,-1.0584,0.044,-0.2992,-1.3946,1.1194,0.4221,1.4158,2.2111,0.0652,1.8714,0.6682,0.6604,-1.4645,-1.7421,0.0933,1.6021,-0.1012,-1.8009,-1.0742,0.0074,-2.6604,-1.0355,0.0724,0.7717,1.5042,0.7218,2.2184,-0.927,0.4551,0.0708,-1.2061,-0.3813,1.3092,-0.145,0.3224,1.3665,1.1483
-0.8605,2.8389,-0.2953,-0.7652,1.8164,0.4966,-1.087,-0.7386,3.1564,1.8193,1.4079,1.5961,-0.4806,-0.8523,-0.7672,-1.1307,-1.3241,-0.6479,-0.2267,3.2306,-1.5784,-1.3076,1.4208,1.4558,-2.0703,-0.9971,-0.1505,0.71,-0.8063,-0.9106,-0.817,1.9583,-0.4829,-0.6066,-1.0436,-0.3668,0.8261,0.7586,0.8737,0.8319,0.8585,-1.6732,-1.361,-0.9608,1.4088,0.4827,-0.173,0.0311,0.024
-0.8896,1.7661,-0.5585,-0.1646,-0.0075,-0.2067,-2.1661,0.2677,1.3239,0.0172,-1.2708,0.5113,-0.6957,-0.9979,0.3642,-1.3253,-1.5991,-0.8369,-2.0297,0.838,-0.3505,-1.0845,0.2597,0.0583,-0.4673,1.0075,-0.4129,0.3432,-1.3816,-0.7601,-0.5723,1.2205,-0.7874,-0.4693,-1.5213,-0.4826,-0.6625,-0.8364,-0.0906,0.3082,0.1903,0.1508,-0.5478,-1.2865,0.5492,-0.7917,-0.4565,0.2185,-1.2614
-0.1754,1.0703,-0.7136,0.3266,0.2269,0.7314,-1.5028,0.7701,-0.2634,0.4778,-0.4042,0.2103,0.1058,-0.922,1.5223,-0.6152,-1.4836,-0.4476,-1.3126,1.1065,0.147,-0.0255,0.0629,0.8705,0.2169,1.5817,-1.7238,0.2201,-0.2037,0.6919,0.2395,1.1644,-0.4412,1.719,-1.349,-1.0998,-1.0439,-1.0924,-0.2368,0.8556,0.0045,1.534,-0.2261,-0.8596,-0.4072,-0.2066,-0.1799,-0.0394,-0.5149
-2.107,1.0148,-0.1222,-0.132,0.8163,1.0607,-2.3882,1.6242,-1.3631,0.6844,-0.4898,-0.6187,0.5606,-1.163,0.6865,-0.3969,-0.4822,-0.4083,-0.7341,1.5329,-0.1838,0.2618,0.3899,1.0642,-0.3161,-0.1796,-1.0694,-0.1723,0.1813,0.4088,-0.0475,1.2219,0.8691,1.9879,-1.1109,-1.5527,-1.7959,-0.8407,-0.7188,1.922,-0.0915,2.2672,-1.3144,-0.1642,0.5442,-0.646,-0.897,-0.4105,-0.3292
-1.9852,0.7242,-0.5374,-0.8655,0.7652,0.6786,-1.7667,1.3552,-2.3257,0.4617,-0.2572,0.6536,0.5244,-0.4298,-0.6563,-0.7432,-0.9882,-0.7155,-1.5098,0.6852,-0.6865,0.0212,0.3671,0.9644,-1.0315,-1.1027,2.1191,-0.1494,-0.6039,-2.2005,-0.5608,0.2611,0.7703,2.4524,0.9597,-0.5913,-1.0117,-1.0064,-0.7478,0.2508,0.8393,0.2763,-0.7379,0.3229,1.197,-0.2283,-0.5851,0.5073,0.6295
-1.6935,0.039,-0.4656,-0.7994,0.7273,1.4695,-1.7937,1.1533,-1.9106,-0.3085,-0.5575,0.5224,0.5015,-0.7223,-1.3769,-0.5812,-0.7429,-0.2573,-1.4197,0.2587,-0.4412,-0.2625,0.3533,0.9423,-0.6607,-1.9504,1.8141,-0.7386,-0.3671,-0.8686,-0.5739,-0.3966,0.2217,1.8362,0.8918,-0.4616,-0.4109,-1.5332,-0.6916,-0.2008,0.3234,-0.1194,-0.7967,-0.8569,1.578,-0.8673,-0.7615,-0.5891,0.7512
-1.2733,-0.8699,-0.1963,-0.3724,-0.1977,0.5202,-1.5132,0.8752,-1.2825,-0.1559,0.2835,-0.2891,-0.1758,-0.7667,-0.9985,-0.2333,0.0029,-0.1233,-0.5126,-0.5673,0.0861,-0.1081,0.0303,0.0872,-1.2374,-2.0133,0.0148,-1.2409,0.1534,0.1975,-0.1475,-1.8691,-0.4585,0.306,0.2546,-0.4704,0.4489,-0.4081,0.4166,-0.5283,-0.2369,0.1943,-1.015,-1.2326,-0.3656,-1.9384,0.1332,-0.7927,0.9633
-1.3615,-0.6899,-0.0451,0.1411,0.0805,-0.3257,-1.2843,1.3035,-0.089,0.0805,0.0344,0.2435,-0.1939,-0.3053,0.0165,0.2231,-0.2427,-0.5084,-0.6275,-0.8145,0.3659,-0.8009,0.0149,-0.6888,-0.7249,0.3735,-1.128,-0.6774,0.1878,1.268,-0.1748,-0.4404,1.0789,-0.1448,-0.0607,-0.6104,-0.1938,0.1537,0.2361,-0.2554,-0.3539,-0.543,-0.2199,0.526,0.1341,-0.3214,1.1639,-0.4601,0.3598
-1.909,-0.841,-0.0737,-0.5992,-0.4095,0.0646,-1.5843,1.5918,-0.9904,0.4057,0.5574,-0.3856,-0.3587,-0.7053,-0.0931,0.1301,0.1183,-1.1772,-0.4266,-1.0695,0.1427,-0.8016,-1.1527,0.4787,-0.0021,-0.7882,-0.1815,-0.0544,-0.138,1.2659,-0.053,-0.6952,1.7965,-0.6273,-0.6549,-0.3336,0.3044,0.7803,1.023,-0.7659,-0.2261,-0.5447,-0.0933,0.3025,0.3977,0.1573,0.328,-0.3571,-0.1536
-2.002,-0.6713,-1.2198,-0.9729,0.0027,-0.1419,-0.7579,-0.103,-0.8215,2.1253,1.0892,0.5513,-0.3095,-0.4183,-0.4407,0.0416,0.12,-1.4566,-0.4337,0.4823,-0.6655,-0.5083,-0.2481,0.1333,-0.0329,-0.7443,1.2824,-0.387,-0.6403,-0.0787,0.3926,-1.1186,1.0734,-0.5101,0.2835,-0.4491,0.6651,1.2366,1.0803,0.9415,0.5219,-1.1514,-0.3465,1.1939,0.4197,-0.0599,-0.4368,0.1858,-0.2463
-2.1994,-2.0544,-0.8749,0.2131,0.2235,0.0965,-1.5554,0.4993,0.2356,0.3149,-0.1442,1.0329,0.2751,0.2751,-0.4538,0.0635,1.1392,-1.1146,-0.2106,1.0146,-0.2734,-0.7003,0.6566,-0.016,-0.3537,0.2519,1.9215,-0.5302,0.2441,-0.1545,0.2136,-0.5107,2.1907,-0.0078,1.3761,-1.0766,0.0658,1.0577,0.0923,0.6626,-0.3824,0.1429,0.126,2.2495,-0.1707,-0.614,-0.731,-0.051,-0.1551
-1.9968,-2.3727,-0.3205,0.2814,0.0389,1.1487,-1.4283,0.7067,0.027,0.236,-0.1054,0.8463,-0.3656,0.7366,-0.117,0.0575,2.0616,0.1553,0.5105,1.4639,0.2756,-0.7041,-0.155,0.6081,-0.9623,0.6542,1.9597,-0.4992,1.1581,-0.5466,1.0444,-0.2102,2.8721,1.1197,2.0761,-0.6906,-0.31,0.7174,0.178,1.447,-0.6602,1.1222,0.5255,2.7015,-1.0965,0.0923,-0.2499,0.1671,0.0228
