"IC05","-0.8007","0.3737","0.2384","0.1580","0.4582","0.0751","0.0779","0.7637","0.7019","0.1570","0.3395","-0.1197","0.1812","0.4439","0.5079","1.3215","0.5808","-0.0721","-1.0937","-0.6897","-0.4903","-0.3972","-0.8634","-0.9124","0.4041","-0.5690","0.2128","0.2384","0.2220","0.4786","0.9100","0.7297","0.5259","0.7872","0.1876","-0.3908","-0.5841","-0.5145","-1.5766","-1.8566","-1.8351","-1.6119","-1.4186","-1.4437","-1.5512","-1.5230","-1.7340","-1.3043","-0.8142","0.1809","0.4856","-0.0483","0.2630","0.0721","0.8250","0.6582","-0.0990","0.3806","1.8087","1.2421","1.6693","2.4733","2.1523","1.2551","1.3709","1.4044","1.8114","1.0503","1.4366","1.1797","1.4684","1.8049","1.9721","1.0796","1.4331","1.3551","0.4170","-0.4786","-1.1421","-1.8707","-2.4972","-1.7996","-1.6774","-1.9677","-1.4078","-1.7386","-1.6911","-0.7967","-1.0780","-1.4123","-1.0778","0.0147","0.3342","-0.5497","-0.1972","-0.2882","-0.6568","-0.8345","-0.6975","-0.1240","-0.1083","-0.2829","-0.9990","-0.4996","-0.8166","-0.5433","-0.2193","-0.1715","-0.4054","-0.5642","-0.5732","-0.9330","0.0145","2.5132","1.6665","2.0411","1.4453","0.8112","-0.0822","0.2366","-0.5007","-0.5912","0.4137","1.2858","1.3503","1.5615","1.2926","1.1333","1.1000","1.7960","1.4632","1.2771","0.7642","1.3773","0.4460","0.7048","0.6719","-0.3261","-0.7131","-1.3336","-1.6165","-1.1920","-1.1461","-1.0192","-1.1480","0.5234","-0.3392","0.4753","-0.3904","-0.7492","-0.4245","-0.5366","-0.2866","-1.7716","-1.5918","-1.6291","-0.9944","-0.1848","-0.5505","0.2709","0.1701","-0.0994","-0.4566","-0.7681","-1.5729","-0.2167","0.4764","0.0665","0.0602","-0.0733","0.7878","0.6116","-0.0551","0.4889","0.7478","0.5443","0.0134","0.3930","0.7284","0.5367","1.0581","0.7192","1.2169","0.2035","0.7048","0.2422","-0.4471","-1.3100","0.4757","0.6430","0.1054","-0.0739","0.5318","0.3485","-0.5151","-1.0281","-1.3000","0.2650","-0.1721","-0.6044","0.2666","0.0800","-0.1016","0.5308"
"IC08",-1.4843,-1.5394,-0.8739,-0.842,-1.0961,0.1369,1.3916,1.0989,1.1283,1.1126,-0.001,0.7738,0.3986,-0.5591,-0.5861,-1.3881,-0.5792,-0.0134,-0.189,0.0848,0.2391,-0.2068,-0.0398,0.1936,1.5609,0.7727,1.5825,1.8581,1.109,1.1979,1.0256,0.2738,-0.2934,-0.4516,-0.2179,-0.324,0.9123,1.3532,-0.0076,-1.0683,-1.3293,-1.4646,-0.4697,-0.4858,-1.4354,-1.6488,-0.6522,-0.6358,-0.4251,0.4967,-0.6915,-1.004,-0.11,-0.6504,-0.5692,0.1967,-0.2867,-0.0541,-0.0294,0.074,1.3239,0.4493,0.0626,-0.2719,0.1015,-0.4624,0.0054,0.9408,0.8,0.561,-0.0261,1.2255,2.1586,2.6669,1.0647,-0.1905,-0.9069,-1.1824,-1.9408,-1.7093,-1.7496,-1.4692,-1.1871,-0.0072,0.5668,2.2943,2.2775,1.8804,1.4653,0.1111,-1.2054,-1.3401,-0.7373,-0.4306,-0.2023,-0.7063,-0.4629,-1.2718,-0.7549,-0.2398,0.4725,1.5374,1.1181,2.2085,2.3439,1.8038,0.4038,-0.54,0.7461,0.2566,-0.8973,-1.2017,-0.8637,-1.6905,-0.8655,-0.4201,-1.0231,-1.4023,-1.0505,-0.2076,-0.8062,-0.2005,-0.1144,-0.2751,-0.4813,-0.8369,-0.6241,0.2256,-0.5629,-0.1292,0.1767,1.1251,1.1804,1.3449,1.1712,0.7757,-0.3974,0.2901,0.3231,0.5766,0.9131,1.3569,0.4955,-0.3566,-0.908,0.9137,3.2332,0.1532,-1.0453,-1.0946,-0.8337,-0.0695,-0.0726,-1.0481,-1.7202,-2.3851,-1.006,0.6811,0.8356,1.6292,0.3829,-0.4897,-0.7548,-1.6333,-0.9803,1.2705,1.3468,0.7552,0.7535,-0.0645,0.2663,-0.1623,-1.2154,-0.1582,-0.0357,-0.5887,0.0343,0.2026,-0.272,0.014,1.4163,1.1638,1.944,1.3627,0.5171,-0.8292,-0.7357,-0.6583,0.466,-0.1913,0.3675,-0.3852,-1.1159,-0.8879,-1.0215,-0.5333,-0.3503,-0.0977,0.0983,-0.1967,0.1562,-0.2356,0.3965,0.7479
"IC09",0.0407,-1.0857,-0.315,0.0794,-0.8564,0.2748,-0.2599,0.681,1.238,0.0034,-0.8463,-0.3492,-0.2012,0.7501,0.3328,-0.6968,-0.5885,0.0755,0.4724,0.7893,-0.134,-0.4448,0.2099,0.1288,0.9701,2.5205,2.8695,1.2753,0.1557,-0.9824,-0.1524,-0.3348,-0.5557,-0.9037,-1.128,-1.4867,-1.3943,-1.4577,-1.9069,-1.0648,-0.7043,-1.1571,-0.6754,-0.0831,-1.3394,-0.8648,-0.0615,-0.2976,0.7145,0.2241,0.469,0.748,1.0859,1.257,1.7783,1.4442,0.9238,1.1071,0.2628,1.3125,2.2154,2.3399,2.1396,0.5333,-1.183,-0.8817,0.2535,-0.2738,-0.4719,0.3521,0.6328,1.1806,1.4343,1.4838,0.1369,-0.6442,-1.4352,-2.2235,-2.6674,-1.8338,-1.1891,-1.8332,-1.4719,-1.7756,-1.8677,-0.9917,-1.7625,-1.1961,-0.6292,-0.4964,0.6652,0.0294,0.466,0.7359,0.4329,0.8468,1.0881,0.8934,1.4764,0.456,0.6788,0.8371,0.7964,0.8522,0.2794,0.6116,0.6,0.3719,0.2281,-0.2786,-0.3983,-1.064,-1.4688,-0.8554,0.8837,2.8008,2.4463,0.7352,-0.2128,-2.1415,-1.225,-0.6668,-0.3041,0.2655,-0.1929,0.5229,0.7894,0.4068,0.3451,0.3369,0.1071,0.3782,-0.0325,-0.0837,0.4212,-0.5423,-0.6677,0.2703,0.2366,0.1739,0.0841,-0.7198,-1.6128,-1.1409,-0.796,1.5324,1.1348,-0.2169,-0.411,-0.6753,-0.3178,0.3961,-0.3214,-1.4185,-2.1679,-1.3485,-0.4331,-0.4453,0.1285,-0.0739,-0.3285,0.7268,0.5729,0.6924,1.8004,0.8516,0.3531,0.3526,-0.6773,-0.0128,0.4357,-0.4128,-0.0616,0.6835,-0.0832,0.7437,0.8793,0.0224,0.3133,1.1021,0.3297,-0.3936,-0.1556,0.2214,0.2517,0.1058,0.3205,-0.1562,-0.4794,-0.0763,0.5034,-0.6021,-1.1792,-0.6016,0.054,-0.1293,-0.4037,-0.3447,1.4048,1.9312,0.8425,-0.2315,-0.9624,-2.4515
"IC15",-0.6514,-0.9788,-0.6372,-0.6047,-0.5679,-0.2169,-0.003,0.7034,-0.2518,0.2347,0.9433,0.0509,0.481,0.5998,0.3187,0.0088,0.273,-0.993,0.0997,0.2631,0.393,0.2959,0.5804,0.2679,-0.5975,0.9355,0.3196,0.0039,0.8077,1.0939,0.8715,1.2191,1.2839,0.8777,-0.2768,-1.2098,-1.5125,-2.4522,-1.8704,-1.8265,-1.8193,-1.2437,-0.7256,-1.1833,-0.2343,0.5264,-0.8849,-0.374,-0.4487,-1.2568,-0.2642,0.4709,0.15,1.0308,0.9869,0.8445,1.1394,1.6614,0.9981,1.1767,1.0753,1.5203,1.097,0.7969,0.8912,1.3054,0.65,0.7562,1.012,2.0688,2.1845,1.8797,0.6615,1.4998,-0.2663,-0.7455,-1.0542,-2.8253,-3.352,-2.5995,-2.4506,-2.3655,-1.9043,-1.3924,-0.7295,-1.9237,-1.5657,-1.2296,-0.9992,-0.3611,0.3495,0.2739,0.5201,0.0978,0.2503,0.5745,0.2743,0.4189,0.795,1.1049,1.7593,0.5674,0.9472,0.1096,0.506,1.5491,0.7333,0.894,-0.0379,0.4977,0.17,-1.4527,-1.4949,-0.7149,-0.5225,-0.4455,-0.1833,-0.0232,-0.0991,-0.349,0.7033,0.063,0.9376,0.7509,0.333,0.661,0.5656,0.7994,1.2019,0.05,0.4776,0.2835,-0.0321,0.2797,-0.4154,-0.0331,0.2315,0.0782,-0.6197,-0.6394,-0.8974,-1.1761,-0.5429,0.6163,1.862,0.7532,1.2286,1.0249,0.4491,-0.0581,-0.1091,-1.3159,-2.0331,-2.0045,-2.084,-1.339,-1.6806,-1.1862,-0.4425,-0.7886,-0.0819,-0.6828,-0.908,-0.0468,0.7187,0.3275,0.5566,0.8906,0.1771,0.7204,0.1702,-0.0067,0.9915,0.2001,0.5968,0.9741,-0.1469,0.8018,1.1126,1.0012,-0.2023,0.5769,0.5118,0.6795,-0.228,0.7007,0.5121,0.5274,0.2409,-0.3895,-0.1494,0.5909,1.3226,0.4093,-0.4615,-0.0166,0.0964,-0.3214,-0.5875,-0.4226,-0.6848,-0.8936,-1.1672,-1.4928
"IC16",-0.6381,-1.0981,-1.1483,-0.2284,-0.4202,-0.2458,0.2118,0.4862,0.5386,-0.1538,-0.221,-0.14,0.231,0.5559,0.2789,-0.3175,-0.4531,1.3445,0.1566,0.2184,-0.4929,0.0608,0.2961,-0.3496,0.1792,1.1579,1.7383,1.433,0.396,-0.2672,0.3678,1.8335,0.6704,-0.0994,-1.6875,-2.829,-3.2202,-1.5619,-1.9009,-1.6515,-0.9261,-0.7905,-0.2953,0.5171,0.2914,0.8451,1.7137,1.6213,1.1139,0.9955,-0.2274,0.7355,0.9711,0.72,1.5605,1.5774,1.0057,1.1489,0.9113,-0.4097,0.3602,1.1184,0.5699,0.3324,-0.3601,-0.2586,-0.073,-0.6114,-0.632,-0.5265,-1.1996,0.0257,0.6332,0.7566,0.3525,-0.7326,-2.0805,-2.1102,-1.7859,-1.5345,-1.4625,-2.0657,-1.8527,-0.6296,0.3474,0.5305,-0.0534,0.056,0.1766,-0.4295,0.3915,0.4862,0.8653,0.3689,-0.2065,-0.0181,0.7176,-0.3041,-0.0253,0.4842,0.1299,0.6111,-0.0957,0.2409,1.1678,1.679,0.9234,1.2862,1.3512,-0.4423,-0.5966,-1.3034,-1.1433,-1.257,0.4623,2.1531,1.0525,0.3746,-0.1299,0.7158,0.8968,0.9561,0.4881,-0.2262,-0.4246,-0.3896,0.0262,-0.426,-0.4342,0.2412,0.0892,0.7226,0.462,-0.5135,0.8083,0.8716,0.6474,-0.2221,-1.251,-1.5266,-0.6112,0.1,-0.5533,-0.9101,-1.3702,1.0918,1.2456,0.3663,-0.7573,-2.2446,-2.6882,-2.3588,-2.0351,-1.6955,-1.6211,-1.5543,-0.3004,0.2254,0.6503,1.4929,1.067,0.4748,-0.0091,0.5302,0.2915,0.8735,1.2983,1.1224,1.0884,0.784,1.194,0.747,1.1961,1.6781,1.4465,0.9997,1.0813,0.2471,-0.3025,-0.2072,-0.0783,-0.7057,-0.2816,-0.2275,0.1158,-0.0584,0.6809,0.204,0.0019,-0.0958,1.0881,0.2211,-0.1096,-0.8758,-1.1879,-2.4396,-1.5811,-0.3846,0.098,0.2591,0.1697,-0.311,-0.1357,-0.146
"IC17",-0.4983,-1.0391,-0.9668,-1.4522,-1.0786,-0.6687,-0.2586,0.2833,0.1689,0.2507,0.7788,-0.7036,-0.4385,0.476,0.3146,0.6276,0.9286,0.417,0.5384,0.4017,0.7725,0.9726,0.4706,0.2918,-0.3546,0.5903,0.7037,0.6833,1.0095,1.0508,0.2542,0.0743,0.2567,0.7294,0.4162,-0.5387,-0.4674,-1.564,-2.6378,-2.7554,-2.4384,-1.4269,-1.1348,-1.0688,-0.454,-0.2463,-0.9843,-0.1832,0.5453,0.6726,0.6404,0.9186,0.4897,0.8613,1.1975,1.2222,1.8984,1.9159,1.5286,1.5442,1.1287,1.357,1.2365,0.5738,0.7684,0.8493,0.0521,0.4019,0.9954,0.9383,0.8671,0.7403,-0.054,-0.6159,-1.0062,-0.6325,-1.386,-2.9006,-2.595,-2.3541,-3.2493,-2.6447,-2.1874,-1.0236,-0.0305,-1.226,-0.9044,-0.3974,-0.4654,0.3659,1.2141,1.1029,0.5287,-0.3092,-0.0013,0.7926,0.2407,0.5547,0.6323,0.2205,0.8968,0.259,0.7077,0.4547,0.8383,0.8207,0.2561,0.9273,0.4785,0.7072,0.2573,-0.6476,-1.1286,-0.6317,-0.1902,0.4618,0.8152,0.6354,0.5064,0.0098,0.5698,-0.0427,-0.1097,-0.1244,0.26,0.452,0.0243,0.3542,0.6369,-0.0571,0.0842,0.0513,-0.0858,0.8783,0.1591,-0.4538,0.2472,0.7344,0.5045,0.2447,-0.388,-0.2312,0.7259,0.7089,1.0497,-0.1031,-1.226,-0.7326,-0.8825,-1.4643,-0.9518,-1.4991,-1.8491,-2.1502,-2.2375,-1.7417,-1.8143,-1.4746,-0.6067,-0.5662,0.1332,-0.0505,-0.1597,0.1502,0.6977,1.4804,0.8079,0.4977,0.8953,1.5877,1.1153,0.942,1.0667,0.8545,0.6215,0.5508,-0.0912,0.6907,0.9036,0.7891,0.0447,0.2316,0.6803,0.7848,0.811,0.708,0.7189,1.3517,1.4471,0.0739,-0.0488,0.0846,0.3299,-0.0411,-0.4715,-0.5081,-0.5691,-0.6218,-0.419,-0.7655,-1.218,-1.844,-1.631,-1.0536
"IC18",0.4681,-0.8586,-0.6265,-0.0695,-0.5935,0.4434,0.8557,0.4115,1.0402,0.2595,-0.3487,0.28,-0.7625,-0.5862,0.0846,0.1444,1.2822,1.115,0.2321,0.7442,0.9684,0.1701,0.9742,-0.0267,-0.6685,-1.9502,-0.0761,-0.5001,-1.0942,-2.3287,-1.5687,-1.5686,-2.4153,-1.3679,-0.9147,-1.4961,0.1277,0.5725,-0.7775,-0.0048,-0.0742,0.0292,0.6418,0.8342,-0.3911,0.8197,2.2741,1.6946,2.3729,1.4036,0.6346,0.8773,1.1317,0.0129,0.6808,0.6623,0.3331,1.499,2.3963,0.7674,-0.1471,-0.6578,0.1415,0.4017,1.0031,0.1563,1.6244,1.1334,0.1356,-0.2863,-1.3224,-0.9947,0.2506,0.3379,-1.8727,-1.5144,-1.7516,-1.9101,-1.9056,-1.7885,-2.0789,-1.8326,-0.8222,-1.5192,-1.2217,0.5265,-0.6174,0.1806,-0.1421,-0.1504,-0.1675,0.0845,0.8152,0.5432,0.2165,0.2287,0.4314,-0.1741,1.3182,0.7513,1.2648,0.6731,0.0648,2.0951,1.1501,0.1234,0.534,0.1604,0.4245,-0.5738,-0.666,0.0458,-0.4385,1.3414,-0.1363,-0.0267,-0.4531,-1.4007,-0.3858,-0.7387,-0.1902,0.6274,-0.0183,0.6118,0.6963,0.9601,0.5715,1.3482,0.2715,0.9197,-0.4549,-0.6325,-0.8449,1.4915,1.4889,0.2019,-0.1847,0.1351,0.2373,-0.3179,-0.7175,-0.2115,-1.269,0.3044,0.9281,1.7759,0.2489,-2.2173,-1.5245,-0.6474,-1.3173,-1.0252,-0.6913,-1.8949,-2.4994,-2.1723,-0.8876,-0.3094,0.5745,1.5752,-0.6793,0.3432,0.9469,-0.1913,0.469,1.5072,0.6001,0.2723,0.0427,-0.6778,1.0768,0.7154,-0.989,0.4968,0.1457,0.8127,0.6251,0.1649,-0.1965,-0.5816,0.3472,-0.8037,0.7329,0.5371,1.072,-0.1757,0.7264,0.289,1.0582,1.1855,1.4083,0.3245,0.6078,1.1062,0.7931,0.1713,-1.2053,-2.0456,-1.3712,-0.8902,-0.4932,-1.1384,0.015,-0.7256
"IC19",0.6095,0.6121,0.5951,0.3484,0.4221,0.3579,0.1334,0.2361,-0.0426,0.1992,0.0033,-0.0393,-0.0319,-0.3728,-0.5764,-0.2046,1.1805,0.5498,0.5056,0.5678,1.1055,0.9825,1.1811,1.0309,0.4163,0.4119,0.1577,0.0157,-0.1481,-1.4679,-2.9579,-3.0385,-2.8117,-2.8094,-2.6576,-1.7566,0.5683,-0.2442,0.0074,0.0296,0.0189,-0.0427,-0.1182,-0.2421,-0.1017,-0.0151,0.084,-0.0015,-0.062,0.2826,0.6437,0.2691,0.0569,0.2568,0.0026,0.1765,0.0949,0.0955,0.1066,1.9687,2.417,2.0724,1.7975,1.0374,1.0007,0.7234,0.6146,0.39,-0.1003,-0.5212,-2.0465,-2.0845,-1.5113,-0.3345,0.0082,-0.0637,0.3071,0.3471,0.0774,0.4967,0.578,0.3797,0.1937,0.2328,0.6673,0.291,0.339,0.3123,0.0828,0.3539,0.1646,-0.0291,0.2484,0.0402,0.1519,0.2314,0.1154,0.1531,-0.1514,-0.429,-0.2245,-0.7348,-0.35,-0.4684,-0.8479,-0.9733,-0.8654,-0.8196,-1.2085,-1.1333,-0.9383,-0.9814,-1.0694,-1.258,-0.947,-1.325,-1.125,-0.9443,-0.9751,-0.8339,-0.7084,-0.9636,-0.6426,-0.7448,-0.8395,1.2343,3.3812,3.6901,3.644,3.6442,3.6546,2.5176,1.3762,0.7659,0.1288,0.9596,0.4904,0.2745,0.0638,0.217,0.5389,0.2718,0.1581,-0.0159,-1.1344,-1.803,-1.3008,-0.8202,-0.3707,-0.6594,-0.5738,-0.6808,-0.4135,0.1325,-0.2742,-0.2486,0.2568,0.0609,-0.1037,-0.1894,-0.1682,-0.5102,-0.5473,-0.194,-0.0692,-0.2942,-0.3687,-0.5358,-0.6369,-0.3159,-0.5134,-0.4393,-0.0997,-0.4587,-0.3204,-0.0122,-0.3023,-0.2348,-0.0716,-0.0519,-0.1053,0.0053,-0.0459,-0.074,-0.0853,0.0753,0.7346,0.1019,-0.3208,-0.3283,-0.257,-0.3079,0.068,0.2038,0.4929,0.533,0.6843,0.4947,0.0861,0.346,0.4389,0.4942,0.4287,0.4354
"IC20",-0.3118,-1.2225,-0.5097,0.196,-0.4838,-0.1713,0.217,-0.1692,0.5736,-0.0185,0.2356,0.1659,0.0413,0.2188,0.6303,0.5015,0.4937,0.6379,-0.3467,0.8326,0.907,0.723,0.6726,-0.085,0.3514,0.8097,0.3937,0.1941,-0.7781,-1.8014,-2.4766,-1.3457,-1.261,-1.0286,-0.6671,-1.6461,-1.952,-0.7282,-0.7974,-0.2709,-0.3498,-0.8009,0.2716,0.6617,-0.2034,0.2906,0.4819,-0.5678,0.0601,1.4821,0.8263,1.3831,1.3177,0.8185,1.8157,1.5352,1.2454,1.8147,2.0244,1.23,1.7577,1.3084,1.0869,1.787,1.1733,0.6455,0.3732,0.2423,0.0196,0.2005,-1.6528,-2.2975,-1.8802,-0.0969,0.2677,-0.9762,-2.2842,-1.3204,-1.9628,-1.7783,-1.9482,-2.4205,-0.8102,-0.0221,-0.7087,-0.0102,-0.1639,0.1541,0.2552,-0.6576,-0.0172,0.1947,0.3646,0.3792,-0.4579,0.122,-0.002,-0.5799,-0.2582,-0.4849,-0.3428,0.4507,-0.3831,-0.2257,0.6333,1.0416,0.7826,0.9518,1.2693,0.1832,0.3061,1.1282,1.2739,-1.3029,-0.5084,0.2611,-0.6778,-1.0326,-0.8981,-0.4666,0.0206,0.8787,0.5487,0.5733,1.1944,0.9189,1.721,1.5811,0.7574,1.3552,1.3466,1.211,1.6993,0.1735,0.8533,0.7915,-0.5288,-0.2851,-0.1776,-0.4863,0.664,0.6707,0.1462,-0.9573,-2.8293,-1.5696,-1.2594,-1.3474,-1.1217,-0.8849,-1.4961,-1.5862,-1.8371,-1.4695,-1.2492,-1.5952,-0.9373,-0.934,-0.4023,0.133,-0.2325,0.1441,0.3539,-0.2641,0.3887,0.5963,0.1156,0.2346,0.2383,-0.1396,0.5898,0.584,0.5071,0.4652,0.3828,0.1287,0.6544,1.0397,0.9741,1.431,1.6649,1.0174,1.4116,1.6211,1.4614,0.8051,1.0574,1.0471,-0.1077,-0.4686,0.7375,-0.2298,-0.1953,0.071,0.1255,-0.7829,-0.5588,-0.8011,-1.1908,-1.0428,-1.4616,-1.7019,-0.5709,-0.4294
"IC23",-2.3847,-1.143,-1.4493,-1.2923,-1.3335,-1.2675,-0.8126,0.3025,0.7481,0.6702,0.0837,0.6893,-0.0148,0.9541,1.0514,0.7425,0.5499,0.5546,0.4416,1.561,1.1775,-0.0713,0.093,-0.037,-0.7211,0.6484,2.2184,1.3491,0.7303,1.5097,2.0627,1.6402,0.9379,0.2773,0.051,0.3737,0.4813,-0.1421,-0.9021,-1.3998,-1.5111,-1.6511,-1.8269,-1.9604,-2.6655,-2.505,-1.516,-1.5157,-1.0426,-0.5197,-0.8726,-0.416,0.5734,-0.3665,0.694,0.7841,0.6337,0.8321,-0.4053,-0.825,0.4809,0.8786,0.963,0.6335,1.4189,0.0277,1.2608,1.0285,-0.1018,-0.1527,0.4603,1.4478,1.5672,1.3004,2.3149,1.3789,0.6171,0.875,0.7705,-0.4234,-0.8072,-1.5539,-1.6003,-0.9876,-1.2497,-1.044,-0.1827,-0.1843,-0.9281,-0.2782,-0.3412,-0.2101,-0.6422,-1.1469,-0.4611,-1.4024,-0.9557,-0.0529,0.2826,0.6658,0.3685,-0.1792,0.4315,0.9371,0.0084,-0.0033,1.152,0.2755,-0.3127,0.3558,0.1293,0.1735,-0.6962,-1.3592,-0.3675,0.2565,0.8192,-0.1675,-0.2344,0.125,-0.2257,0.9574,0.6958,0.1091,0.0083,-0.4678,-0.3953,0.6321,0.1704,0.5936,-0.0553,0.2346,-0.5686,0.7973,0.3195,0.0717,1.5674,0.4116,0.2208,-0.5363,-0.7783,-0.0647,-0.0271,0.204,0.7913,0.1397,0.1314,1.1173,0.6146,0.7539,0.2293,0.9582,0.817,-0.9905,-1.7999,-2.5927,-2.7814,-2.3595,-2.1014,-1.0061,-0.8998,-0.6921,-0.0111,-0.2465,-0.4093,0.2039,-0.0366,0.9082,0.8462,0.3447,1.0651,1.1341,0.8349,1.1844,0.6313,0.5521,0.9352,1.1314,0.1545,-0.7428,-0.3338,-0.2503,0.7353,0.1088,0.8743,0.3575,0.6776,1.3081,1.7451,0.635,0.9154,1.5131,0.4525,-0.3546,-0.3286,-0.6261,-1.7534,-2.3529,-0.7589,0.0569,-0.0375,-1.4049,-1.0563,-1.0309
"IC24",-1.0392,-1.061,-0.9259,-0.8445,-1.0436,-0.9841,-0.3072,-0.4687,0.4149,0.5272,0.0977,-0.2049,-0.213,0.1826,0.625,0.3116,0.3841,1.359,1.443,0.9042,0.9086,1.5143,1.2821,0.5956,1.3443,2.442,2.3019,2.0731,1.2637,0.7821,0.3447,0.2258,0.3253,-0.3818,-1.2496,-1.7096,-2.0146,-2.0736,-1.4634,-2.1486,-2.5019,-2.9298,-2.1405,-1.9609,-1.5181,-2.043,-1.9533,-0.7769,-0.6253,0.352,-0.2163,-0.2766,0.7373,0.6602,0.6951,0.5723,0.7407,0.7914,0.5124,0.1189,1.7472,2.0426,1.3125,1.8158,0.8333,1.0502,1.2519,0.8558,1.1297,0.7739,0.1362,0.8102,0.617,0.651,2.2049,1.8683,0.6006,0.7001,-0.2526,-1.2702,-1.7481,-1.3978,-1.2576,-1.3626,-1.348,-1.3758,-0.9308,-0.5607,-0.8002,-0.6581,-0.1021,0.4982,-0.5786,-0.206,0.274,0.1542,-0.1025,0.1799,0.2034,0.0368,-0.4334,0.0897,0.2983,-0.7002,-1.1658,0.3757,0.1419,-1.1822,0.043,0.5742,-0.4229,-0.6999,-1.1794,-1.4415,-0.0931,0.3131,0.9001,0.2378,-0.0077,-0.0806,0.1499,0.4554,0.3572,0.7817,0.5736,-0.1688,0.6655,0.8087,0.3224,0.6961,0.7094,-0.054,0.8583,0.7521,0.3619,1.2585,1.1848,1.3827,0.786,0.0901,-0.2276,-1.0139,-0.7268,-0.2468,-0.6859,-0.6259,0.342,1.4332,0.7249,-0.0709,0.1216,0.4975,-0.3982,-1.7665,-2.3576,-3.2078,-2.2333,-0.8118,-0.4333,-0.153,-0.2818,-0.3992,-0.1675,-0.2344,0.4577,-0.0063,-0.3169,0.5447,0.8322,0.8317,0.4884,-0.4836,-0.1645,0.683,1.0953,0.5569,0.8629,0.8222,0.2136,0.9584,0.7527,0.3978,-0.275,-0.0074,0.1177,0.2209,-0.3673,0.3162,0.0852,-0.3523,0.1824,0.618,-0.0894,0.0457,0.0742,-0.5286,-1.0206,-1.0657,-0.3308,0.5893,0.1814,-0.2128,-0.5135,-0.3628
"IC26",-0.6455,-0.8099,-1.5396,-0.4269,-0.4037,-0.3443,0.1805,0.4587,0.7893,1.058,-0.2973,0.4102,0.7665,0.5351,1.2428,1.0492,0.8747,0.4833,-0.5447,-1.0302,-0.1671,0.3533,0.8287,0.5082,0.3349,0.4867,1.3224,1.1005,0.2892,-0.2035,-0.9017,-1.0579,-1.595,-1.0892,-0.533,-0.6187,-1.0357,-1.1966,-2.1999,-1.138,-0.3052,-1.1218,-1.3222,-1.0786,-2.0652,-2.1747,-0.6059,0.0365,0.2569,1.3385,1.355,1.2436,1.6959,0.943,0.4918,1.317,0.8164,1.2196,1.4849,1.6371,1.4071,1.3368,0.3592,-0.1065,1.2232,1.1177,2.0559,2.6822,1.8569,1.3003,0.5214,0.4277,0.6104,-0.8693,-1.0857,0.7441,0.7942,-1.0466,-2.8354,-3.143,-2.4941,-2.1328,-2.2767,-2.053,-2.536,-1.6209,-0.6993,-0.5565,-0.8618,-0.6264,-0.4299,0.1754,0.2721,-0.3563,0.6725,-0.0406,0.3926,0.2423,0.6782,0.9586,0.5985,0.1353,-0.1084,0.0692,0.3709,-0.2923,0.9566,1.0772,0.4465,0.8985,-0.1705,0.3391,0.0678,-0.5948,0.1908,0.2563,0.903,-0.1638,-0.4163,-0.0255,-0.3623,0.3601,0.9386,0.4456,0.2549,0.4777,0.4664,1.6534,0.7289,1.9218,1.6465,0.2097,-0.4999,0.4081,0.0702,0.0022,-0.3457,-0.1895,-0.7589,-0.5934,-1.2888,-0.5027,-0.8251,-0.8484,-0.762,1.2907,0.2961,-0.9542,-0.7164,-0.1727,0.2203,-0.3301,-0.4905,-1.7321,-2.0023,-2.1889,-1.589,-0.0684,-0.8795,1.2973,0.2513,-0.3572,0.2362,-0.637,-0.5789,0.9431,0.6449,0.8269,1.1097,0.297,0.7013,0.825,0.3569,0.883,0.8917,0.4139,-0.1684,0.4019,-0.1314,-0.1527,-0.0221,-0.2613,0.2405,-0.2922,0.4189,0.0612,0.0604,-0.0207,1.3707,1.0319,0.4656,0.3728,0.6525,-0.0501,0.7007,0.1319,-0.299,-0.5297,-1.3273,-0.5692,0.2341,-1.0089,-0.6765,-1.081
"IC27",-1.8074,-1.2534,-0.6275,-0.9407,-0.9371,-0.7491,-0.9282,-0.0054,0.6434,0.4651,0.4796,0.0426,-0.326,0.491,0.1884,-0.7294,-0.2356,0.0494,0.1411,1.0982,0.8507,1.3735,1.2096,0.9014,0.8889,0.8595,1.0268,0.8165,1.2364,1.0928,2.7731,2.4356,1.7679,1.3502,0.5601,-0.6823,-1.0361,-1.4364,-1.7632,-1.4522,-1.9794,-1.8968,-1.8267,-2.1443,-1.9198,-1.5851,-2.044,-1.435,-0.5226,-0.3374,-0.6973,-0.1105,-0.4548,0.0128,1.1372,1.2729,1.2551,0.5422,0.2095,-0.2426,0.9711,-0.1771,0.1927,0.2106,0.1201,0.24,0.4413,0.0533,0.6184,0.5225,0.8924,1.2077,1.5858,2.1048,0.3911,0.4206,1.3369,1.1775,1.5895,1.4715,-0.0206,0.0733,0.422,-1.032,-1.9391,-2.3955,-2.164,-1.8564,-1.901,-1.7696,-1.0621,-0.7083,-0.2121,0.387,-0.0531,-0.2247,-0.0662,0.17,0.4395,0.6703,0.9769,0.0258,-0.2346,0.5637,0.8713,0.898,0.8909,0.4438,0.0831,0.0305,-0.5007,-1.4557,-1.3088,-0.9546,-0.6878,-0.4,0.2049,-0.2923,-0.2899,-0.1493,0.0843,0.2795,0.4643,0.6599,0.0869,0.057,0.8633,0.6109,1.1205,0.8028,0.6711,0.8849,-0.0392,-0.1206,0.2496,-0.003,0.8434,0.4392,-0.1812,-0.3659,-0.633,-0.7016,0.2347,0.2976,0.7769,1.3211,2.4312,0.7805,0.1854,-0.6185,-1.4217,-0.9148,-1.0189,-1.2593,-1.7757,-2.0513,-1.4083,-1.6209,-1.6058,-1.4604,-0.8348,-0.0892,-0.2118,0.0637,0.3816,0.4352,0.9926,1.0026,0.5217,0.4614,0.3407,0.5484,0.6504,0.7971,0.4141,0.5462,0.9712,0.9435,1.0569,1.0287,-0.0382,0.021,0.1752,0.1149,0.3176,-0.1528,0.2713,0.1789,0.1766,0.1612,0.2616,1.0885,1.5161,1.0437,-0.4868,-1.0672,-1.2448,-1.3675,-0.0771,0.023,-0.5073,-1.0061,-1.1356,-1.1404
"IC29",-1.108,-1.1372,-0.7588,-0.8875,-1.6261,-1.7836,-1.0189,0.1164,0.406,0.1486,-0.0544,0.3798,0.8158,1.3649,1.4308,1.0884,1.157,0.0489,-0.5706,-0.0068,-0.0137,0.3807,0.4859,0.3211,0.4282,0.3597,0.3101,-0.3434,-0.2103,1.2943,3.6996,1.6216,-0.0574,0.2124,0.4011,-0.1899,-0.6679,-1.142,-1.6574,-1.212,-0.7267,-0.0334,-0.0766,-0.6707,-1.3127,-1.0764,-1.136,-0.878,-0.0884,0.3369,0.7795,0.5145,0.3197,0.1546,0.124,-0.1078,0.168,1.2359,1.1625,0.6916,1.1534,0.7818,-0.001,-0.5984,-0.7219,-0.2877,0.4567,1.161,1.1238,0.8467,1.1663,0.6954,-0.5846,-0.02,0.061,-0.9305,-1.2635,-1.6362,-3.0157,-3.007,-1.4595,-0.5113,-0.7542,-1.4665,-1.484,-0.9866,-0.6682,-0.2219,0.4483,0.446,1.0595,1.4392,1.3756,1.0875,0.899,0.5979,1.0692,1.1989,1.3572,1.5879,1.4561,0.5061,-0.5358,-0.3439,0.0482,-0.0288,-0.0536,0.3291,-0.3937,-0.9482,-0.9681,-0.5237,-0.2532,1.2844,1.3616,2.5887,1.9464,0.5796,-0.2093,-1.0962,-0.5918,-0.1631,-0.4791,-0.8508,-0.7399,-0.2945,0.0461,-0.5809,-1.0243,-1.2474,-1.5541,-1.1564,-0.5809,-0.608,-0.0018,0.3568,0.7505,0.8838,0.4886,-0.3418,-0.5975,-0.0603,-0.0812,0.2371,0.9008,0.4383,-1.0001,-1.784,-0.9991,0.1467,1.0557,1.3562,0.2983,-1.1798,-2.1164,-0.8733,-0.1163,-0.119,0.5224,0.6947,0.6915,0.0958,-0.9819,-0.5619,0.6884,0.7097,1.3408,1.38,1.1305,1.3975,1.9101,1.654,0.9847,1.062,0.9077,0.1909,-1.0727,-1.5699,-1.5001,-1.3358,-0.7915,-0.3811,-0.5302,-0.5669,-0.8129,-0.17,0.4428,0.4282,0.9361,1.4163,2.0379,1.2205,0.4226,-0.5593,-0.7936,-1.2239,-0.3805,0.121,0.111,0.1293,-0.801,-0.8901,-0.7231,-1.3428
"IC31",-1.3154,-1.7625,-1.786,-0.9238,-1.0053,-0.6239,-0.0448,-0.0404,-0.081,0.2233,-0.1393,0.4962,0.3898,0.3582,0.8029,0.782,0.9565,1.7088,1.6588,1.7304,1.1525,0.5274,0.4075,-0.1909,0.5481,1.0272,0.982,0.7563,0.6637,0.6971,1.1138,1.2695,0.1886,-0.3234,-1.1776,-2.0917,-2.5042,-1.6487,-2.681,-2.5726,-1.3066,-1.8588,-1.61,-0.964,-1.1512,-0.5244,0.3,0.0541,-0.0864,0.58,0.3573,0.4011,0.9251,0.934,1.0101,1.3364,0.3289,0.1952,0.7056,0.4096,1.4258,1.661,1.1796,0.9842,1.0889,0.6558,0.9221,1.2097,0.7012,1.052,0.2639,0.5466,1.0477,1.8039,0.9669,0.3947,-1.1273,-1.9066,-2.4353,-2.6586,-1.9035,-2.2472,-1.7438,-1.1649,-1.7832,-0.8247,-0.7823,-1.1749,-0.9503,-0.8113,-0.0211,0.194,0.2453,0.3543,0.7449,0.4721,0.8831,0.6061,1.0049,1.3386,0.8228,0.4143,0.1873,0.0445,0.5682,0.8865,0.3301,0.4543,0.2014,-0.3736,-0.758,-0.867,-0.7337,-0.8276,-0.1592,0.719,0.271,-0.6592,-0.6089,0.1652,0.462,0.2992,-0.2773,-0.608,0.4772,0.6323,0.3953,1.0174,0.6692,1.1665,1.0399,0.5351,0.3861,0.3407,0.6385,1.0776,0.3133,-0.0589,0.1664,-0.352,-0.4377,-0.189,-0.6922,-0.6496,-0.7803,0.0464,1.1905,0.59,0.4573,0.2178,-1.009,-1.8497,-2.0868,-2.5146,-1.9731,-1.7629,-1.6044,-1.0442,-0.9942,-0.1003,-0.2382,-0.4431,0.4808,0.8635,0.6423,0.8002,0.6611,0.4036,0.6993,0.2554,0.3817,0.6068,0.4589,0.615,0.5676,0.7588,1.1164,1.2928,0.8099,0.5769,0.6044,0.477,0.5026,0.6555,0.7668,0.1013,-0.1758,0.0384,0.9528,0.444,0.9881,0.2571,-0.0979,-0.2662,-0.2417,-1.1328,-1.3934,-0.3242,-0.4321,-0.7627,-1.2396,-1.228,-0.5689,-0.2238
"IC33",-0.9752,-1.0991,-0.9707,-1.3669,-1.2422,-1.4735,-0.1653,1.0035,1.1397,0.4911,0.848,0.3979,0.5451,1.2097,0.247,0.5213,-0.9548,-1.4152,0.0508,1.2895,1.4195,1.7569,1.5661,1.523,1.0575,1.4337,0.7597,0.9302,0.9414,0.1976,1.3598,1.1418,0.7629,-0.0652,-0.9491,-0.8274,-1.4711,-2.0234,-1.8114,-1.9919,-2.1807,-1.3277,-1.3817,-2.5995,-2.5131,-2.3473,-1.9603,-0.5661,-0.3364,0.4438,0.5399,0.3743,-0.2943,-0.4081,0.5375,1.3167,1.2789,0.8449,0.3215,0.2118,1.6415,1.0865,0.4912,0.5485,0.1278,0.4445,0.0313,0.0461,1.1013,0.0281,-0.2263,1.984,2.8452,3.7611,1.7255,0.1,0.9688,-0.0293,0.0414,0.2362,-0.345,-0.3088,-1.3687,-1.7642,-0.9757,-1.1155,-1.1785,-1.2999,-1.2818,-1.3658,-0.3111,0.0474,-0.2203,-0.3874,-1.0175,-0.2567,-0.529,-1.1306,-0.5571,0.2852,0.8393,-0.0027,-0.6357,-0.3368,1.0119,2.2968,1.3066,0.7841,0.0013,-0.9604,-0.0734,-1.0142,-1.3687,0.3152,-0.5665,-0.1004,0.0632,0.2012,-0.273,-0.8955,-0.4987,0.469,1.601,1.1547,0.6458,0.4821,0.6209,0.1761,0.8175,0.3901,0.4244,0.5355,-0.1122,-0.2256,-0.2292,-0.3746,0.3709,0.441,-0.2759,-0.7269,-1.1195,-2.0207,-0.7788,-0.544,-1.1843,-0.4082,2.6383,2.5711,0.835,0.3015,0.8314,0.4505,0.0694,-0.6692,-1.2307,-0.2867,-0.4507,-0.7537,0.0248,-0.5683,0.3528,-0.0084,-0.8729,-0.2566,-0.3159,-0.2312,0.5599,0.3398,-0.0554,0.1011,-0.045,0.2928,0.7305,0.656,0.3417,-0.1919,-0.2219,0.6932,0.5423,-0.1746,-0.4879,-0.6359,-0.9479,-0.597,-0.45,0.0962,0.4145,0.8274,0.0368,-0.2327,0.3902,0.9493,0.8058,-0.1809,-1.1801,-0.3629,-0.2975,-0.3343,0.3383,0.2453,-0.2691,0.5057,-0.1365,-0.3357
"IC36",-0.937,-1.2817,-0.7593,-1.1123,-1.6086,-0.8703,-0.5633,-0.0051,0.3631,0.0274,0.0193,0.8074,0.995,1.6822,1.8116,1.0573,0.8644,0.3897,-0.4024,-0.1642,-0.2676,-0.3749,0.1532,0.5048,0.8343,0.9807,1.4691,1.5237,1.0372,0.9561,1.2643,0.2887,-0.4786,-0.4699,-0.12,-0.894,-1.4737,-1.8549,-2.4008,-1.9002,-1.7044,-1.4289,-1.0607,-1.5237,-2.0572,-0.8486,0.1524,0.4074,1.0734,1.432,1.1962,1.0536,0.4966,-0.0443,0.3803,0.5131,0.6609,1.4728,1.2226,1.1986,0.6146,-0.1247,-0.1057,0.0771,0.1383,0.9446,1.7373,1.898,1.4231,1.1097,0.5961,-0.8295,-1.1927,-0.3333,0.4892,-0.0977,-0.3879,-1.1957,-2.8522,-2.5453,-1.4561,-1.5239,-1.7029,-1.7973,-1.525,-1.1117,-1.0765,-0.477,0.023,0.6254,1.1214,0.3284,0.4019,0.4148,0.3408,1.0519,1.4638,1.8067,1.8454,1.5213,1.3023,0.5817,-1.0012,-0.8166,0.1287,-0.1901,-0.4151,-0.368,-0.4738,-0.3303,0.0721,0.3414,-0.1434,0.4886,1.0265,1.8844,0.9592,0.6644,0.5531,-0.4819,-0.6698,-0.8391,-0.8683,-0.7517,-0.7813,-0.4636,0.3356,0.2184,0.0529,-0.4472,-1.085,-0.5881,0.3662,0.0415,0.5109,0.1302,0.113,0.5275,0.5002,-0.2198,-0.5329,-0.0248,0.6729,0.5195,-0.2659,-0.2416,-1.2901,-1.6639,-0.4235,1.0416,1.4168,0.3163,-1.5548,-1.9403,-2.2199,-1.403,-0.4276,-0.3833,0.5831,0.4557,0.3425,0.5948,0.635,0.4568,0.8153,0.561,0.8969,1.2113,0.8968,0.8381,1.3874,1.415,1.1572,0.9528,-0.0196,-0.4176,-0.8203,-1.2951,-1.0987,-0.5995,-0.1216,-0.4892,-0.7483,-0.3453,-0.4044,-0.2362,0.6117,1.1075,0.9481,1.4488,2.1976,0.5549,-0.9928,-1.0014,-0.8237,-1.1175,-0.4767,-0.4305,-0.1048,-0.1651,-0.8751,-0.0446,0.1973,-0.4182
"IC37",-0.1453,-0.2727,-0.188,-0.0676,-0.5802,-0.3583,0.0923,0.3734,0.3854,0.0904,0.193,0.5951,0.0394,0.084,0.0241,-0.3067,0.1511,-0.3754,-0.4074,0.2875,0.3095,-0.0617,-0.3943,-1.4499,-2.0349,-1.8576,-0.8135,-1.4601,-0.8098,0.9667,2.75,2.7307,2.0997,2.1721,1.9251,1.1,0.8741,-0.5122,-1.5683,-1.5881,-2.0235,-1.6394,-1.3669,-0.8652,-1.0861,-0.4444,-0.0061,-0.5272,0.0481,0.0199,0.7271,0.5851,0.6756,0.3086,1.1181,1.2138,1.0594,1.2808,1.2638,0.9944,-0.1425,0.2779,0.9705,1.1495,0.7607,-0.1239,0.1332,-0.2688,-0.4136,0.3625,1.8163,2.2754,1.6199,-0.6493,-0.5785,-1.4748,-2.0133,-1.5195,-1.0164,-1.4713,-2.0988,-2.3976,-1.5359,-0.9971,-0.6937,-0.0745,-0.3534,-0.514,-0.4632,-0.0638,0.2874,0.0421,-0.0294,0.0399,-0.0826,-0.0701,0.1238,0.1114,0.184,0.0142,0.0658,0.4543,0.6305,1.2923,0.9215,0.5311,0.6578,0.7285,0.2903,-0.175,-0.4366,-0.1394,-0.615,0.7049,0.3388,0.6693,0.6744,0.3593,0.4763,0.3501,0.3489,0.5417,-0.1497,-0.0363,0.1528,0.3215,0.0859,-0.1935,-0.7285,-0.6741,-1.2975,-0.8238,-0.6115,0.1314,0.7569,0.5668,0.749,0.1757,0.0929,0.3345,0.4745,1.1329,0.3534,1.0347,2.5465,2.6181,-0.3886,-0.9581,-0.3895,-0.221,-1.324,-1.1325,-1.1147,-2.0591,-2.5072,-2.0154,-1.7051,-1.7658,-1.1789,-0.8422,-0.9874,-0.313,-0.3772,-0.4619,0.0556,0.1624,0.0716,0.4448,0.4263,0.3229,0.9349,0.7284,0.4446,0.9955,0.5884,0.8862,0.9808,0.5087,0.2451,0.3931,0.5345,0.2293,0.6225,0.7474,1.0439,0.3485,0.6615,0.8128,1.3678,1.9541,1.8077,0.9354,0.2616,-0.0709,-0.2287,-1.1835,-1.181,-0.6576,-0.4289,-0.9001,-1.4674,-1.7661,-1.0635,-0.9599
"IC38",-1.0168,-0.8342,-0.1766,0.2736,0.3408,0.5899,0.0588,0.1681,1.3464,-0.2713,0.068,-0.3363,-0.4651,1.1954,0.7906,0.5385,0.1294,-1.2944,-1.9862,-0.4927,-0.4297,-0.0865,-0.0031,1.207,1.7006,0.8848,1.1181,0.4174,-0.4705,-1.0334,-0.4113,-0.0497,-0.3945,-0.2387,0.3772,0.4338,-0.7204,-1.9381,-2.027,-0.8328,-0.8762,-0.2301,-0.1938,-0.3408,-1.7859,-1.3616,-0.9609,-1.1041,-0.2902,-0.3827,0.2063,1.4876,1.465,1.026,1.5432,0.5587,1.6064,1.6895,1.9707,3.1444,2.8887,1.4078,1.3511,0.9966,0.4621,1.376,1.23,-0.1733,0.1819,-0.8159,-0.1834,-0.3022,-0.0605,-0.1294,0.8381,-1.2218,-2.1195,-1.9888,-2.6099,-2.6775,-2.3471,-1.6727,-1.2778,-1.0937,-1.0454,-0.8343,-0.4266,0.8184,0.7936,0.2101,-0.2781,-0.1727,0.4713,1.2326,-0.3222,0.0666,-0.3316,-0.3984,-1.2972,-1.4129,-0.6178,0.5718,0.1813,0.6204,1.3216,1.8981,1.3574,0.6305,0.0801,-0.9054,0.1654,0.1082,0.1294,-0.1561,-0.4654,1.2637,0.2136,0.0659,-0.6933,-0.7025,0.4296,1.5636,1.8171,1.9233,0.9324,0.5689,0.8653,-0.062,0.293,0.5229,0.2332,1.3828,0.8982,-0.0631,0.5928,-0.2412,-1.2263,-1.429,-0.4262,-0.6086,0.0507,-0.1108,-0.5465,-0.6306,-0.4306,-0.0302,-1.3025,-0.6939,-1.2051,-1.014,-1.004,-0.5524,-0.5671,-0.5782,-1.4773,-1.7055,-1.0296,-1.0051,0.3111,0.5594,0.9733,1.0805,-0.5591,-1.227,-0.5908,0.0496,1.1177,0.8652,0.0927,0.1063,0.5974,0.9473,1.0441,1.4789,0.6443,-0.3304,0.0971,-0.4167,0.3544,0.7401,1.0789,0.5693,1.428,1.2148,1.2355,0.8773,1.0687,-0.0466,-1.6661,-0.6879,-0.1065,-0.3898,-0.7561,0.1862,0.0353,-0.136,-0.1178,-0.791,0.0985,-0.2152,-1.0341,-0.4834,-0.2133,-0.7172
"IC41",-1.0451,-0.9667,-1.2349,-1.0351,-0.9936,-0.4132,0.4726,0.0585,0.1606,-0.3343,-0.5833,-0.0987,0.167,-0.0981,0.1969,0.3498,0.7352,1.2161,0.3039,0.7639,0.8918,0.6985,0.2476,-0.3033,0.0519,0.0131,0.6282,0.9866,0.598,0.8141,1.5297,1.3333,0.4627,0.4989,0.6105,-0.067,-1.3668,-1.1619,-1.9058,-2.2472,-1.7278,-1.9148,-1.6926,-1.2252,-1.044,-0.5356,0.013,0.0444,0.5194,1.1208,0.4721,0.6476,1.0236,0.6534,1.596,1.7641,1.1592,1.4572,1.3043,0.1898,0.6637,0.8446,0.3097,0.8711,0.6409,0.4155,0.3002,-0.4123,-0.6101,-0.3253,0.4999,1.1523,0.6434,0.5819,0.3996,-0.3475,-1.836,-1.5912,-2.1569,-2.7896,-2.7403,-2.4789,-1.797,-0.9559,-0.337,0.1725,0.5236,0.3615,0.6519,0.1993,0.257,0.3779,-0.656,-0.2817,-0.0048,-0.3139,0.0778,-0.0959,0.0721,0.409,0.1331,1.1189,1.0376,0.6834,0.5928,1.1828,0.6622,0.2083,0.8832,0.38,0.0857,0.059,0.6093,-0.2828,-0.3347,0.2881,-0.5266,-0.8905,-0.419,0.3454,0.6708,0.7105,0.223,0.1438,0.3468,-0.1675,0.0786,-0.3754,-0.777,-0.4751,0.1072,0.3383,0.8989,0.8704,0.9022,0.9813,-0.2773,-0.1839,0.833,0.3349,0.3387,0.3028,0.3575,0.3946,-0.1151,0.9096,0.0745,0.3625,-0.0267,-1.0328,-1.6992,-1.8564,-2.6178,-2.9381,-2.2965,-2.9249,-2.3645,-1.248,-0.9406,-0.2121,-0.6461,-0.3611,0.1851,-0.223,0.4238,0.8686,0.8506,1.3959,1.3071,1.2085,1.8247,1.5577,0.929,1.0907,0.9659,0.3084,0.8193,0.9205,0.0882,0.6544,0.5844,0.4703,0.2126,0.7352,1.3818,1.2643,1.1786,1.1773,0.7589,0.4523,0.9795,0.3901,-0.4336,-0.4232,-0.688,-1.3649,-1.3897,-1.6124,-1.1454,-0.9043,-1.0982,-1.2904,-1.166,-0.1586
"IC42",-0.1472,-0.7094,-0.5566,-0.3921,-1.3042,-0.016,-0.273,0.4459,0.5561,0.8687,0.1048,0.3814,0.6149,0.8662,1.4744,0.924,1.094,-0.2356,-0.1308,-0.4344,0.4833,0.1469,0.1253,-1.0446,-1.0561,0.0858,-0.3391,-0.9356,-0.3967,-0.7806,0.3075,0.5925,0.3046,0.2359,0.0656,-0.198,-0.9069,-1.552,-1.4712,-1.9935,-1.2923,-0.9349,-1.047,-0.6814,-1.4046,-1.1669,-0.9263,-0.5037,0.6761,0.1691,1.2874,0.7165,1.0108,2.0951,1.9354,1.8883,1.8618,2.6414,2.0389,1.7142,1.3046,1.068,0.83,1.1866,1.0446,1.3118,0.9191,0.8002,0.1937,1.1862,1.083,-0.0772,-0.6501,-0.2548,-1.882,-2.2103,-1.1203,-1.066,-2.066,-2.6443,-2.1141,-2.6062,-1.5815,-1.2995,-1.1052,-0.5953,-1.2451,-1.6061,-1.1594,-0.3364,0.5063,0.88,1.0189,0.6677,-0.1069,-0.4432,-0.0047,0.0109,0.485,0.589,1.4286,0.482,0.8201,0.3615,-0.1232,-0.2803,-0.0099,0.0839,-0.5713,0.1457,0.289,0.5856,-0.3518,0.4771,0.2355,0.7737,1.4161,0.7124,0.6111,-0.5885,0.8945,1.028,0.1047,0.5614,0.4512,0.7912,0.5324,0.6184,-0.0229,-0.6189,-0.7462,-0.2036,0.5437,0.6118,0.4612,0.8368,0.5526,0.3885,-0.0324,-0.4913,-1.0658,-0.5501,-0.2932,1.6515,1.1335,-0.2083,-0.684,-1.4453,-0.8561,-0.7572,-0.2184,-0.1911,-1.0333,-2.592,-2.9175,-2.2113,-1.7729,-0.8957,-0.5929,-0.2872,-0.4138,-0.3412,-0.0144,0.6197,1.27,0.6702,0.8482,0.4816,-0.3013,0.3233,0.6198,0.786,1.4201,1.1252,0.453,0.8991,0.0845,-0.2291,-0.0631,0.2778,0.0023,0.1394,-0.3642,0.6265,0.2715,0.581,1.0776,1.2014,1.1635,1.3014,1.1153,1.1573,0.6565,-0.3289,-0.2656,-1.2998,-0.7497,-0.4557,-0.413,-0.3292,-1.1225,-1.4413,-0.6909,-1.1128
"IC43",-1.2873,-0.7281,-0.8577,-1.0613,-0.8158,-0.1064,-0.5294,0.4706,0.1564,0.4927,0.1637,-0.3184,0.0805,0.7375,0.5456,0.51,0.8412,-0.0697,0.633,0.616,0.642,0.3506,-0.0077,0.2862,0.3434,1.1833,0.8291,0.3321,0.8877,0.5404,0.7706,1.4163,1.3064,0.6789,-0.1609,-1.0477,-1.846,-1.9378,-2.4357,-2.3975,-2.2243,-2.2214,-2.4283,-1.841,-1.2543,-0.6924,-0.2008,0.4959,0.7385,-0.5074,1.1879,1.2835,0.5036,1.2657,1.1384,1.1192,1.3577,1.0974,0.7844,1.5317,-0.0025,0.1032,1.6242,1.4147,1.2248,1.1762,0.7128,0.4584,0.5044,1.039,1.763,1.3659,2.0272,0.5057,-0.613,-0.9298,-0.6346,-1.2449,-1.3344,-1.9753,-2.1041,-1.9043,-1.6576,-1.9475,-1.6168,-1.0162,-0.9731,-1.0048,-1.0764,-0.211,-0.6387,-1.2792,-0.1209,-0.61,-0.2779,0.2808,0.0429,0.8049,0.7343,0.3984,1.1224,0.4912,0.9862,0.6493,1.1251,0.5026,-0.3112,0.6657,0.0398,0.4345,0.4713,-0.214,-0.8009,-0.5554,-0.3936,0.0282,0.3723,0.6767,0.4338,0.3162,1.0546,0.3567,0.3968,0.3749,0.0915,0.6729,-0.0985,0.2349,0.5808,-0.0161,-0.3104,0.3744,-0.1581,0.7396,1.2101,0.5996,0.7432,0.5933,0.3217,0.3657,-0.4995,-0.5679,-0.4806,-0.1019,0.8618,0.8228,-0.0274,0.0814,0.0265,-0.9516,-1.5298,-1.8169,-1.7297,-2.5391,-2.7119,-1.8826,-2.1079,-1.3827,-1.0563,-0.9208,-0.4173,-0.1085,-0.2164,0.439,0.5442,0.5046,1.1623,0.762,0.2937,0.7482,1.1605,0.9497,0.9708,0.7616,0.5286,1.435,0.9392,0.775,1.216,0.9296,0.4303,0.5724,0.8174,0.866,0.6891,0.5866,0.2729,-0.3344,0.1511,0.8542,-0.014,0.5265,0.6586,-0.1267,-0.5369,-0.8169,-1.2407,-1.462,-0.8172,-1.0235,-1.1153,-0.5305,-0.3753,-0.4118
"IC44",-0.369,-0.2893,-0.994,-0.6528,-1.8354,-1.4485,0.5172,0.6397,0.4596,0.7886,-0.4662,-0.4729,-0.1878,-0.5961,0.1764,-0.1664,0.3687,1.3238,0.9945,1.2513,0.7114,0.0417,0.8804,0.025,-0.4313,0.1901,0.8882,0.3349,0.3952,1.2585,1.2771,1.9841,1.0536,0.277,-0.0565,-0.9711,-2.1142,-1.9918,-1.5803,-1.7381,-1.3327,-2.3929,-1.8079,-0.5346,-0.4766,-0.1125,1.2161,0.3136,0.1388,0.6782,0.2024,0.2731,0.6997,0.8698,0.8222,1.372,0.1005,-0.0322,-0.2716,-0.7503,0.1839,1.2262,0.6683,1.2127,1.5432,0.8687,0.8122,0.6461,-0.7108,-0.6832,-0.4697,-0.2096,-0.0597,2.0462,2.1516,-0.4287,-0.6805,0.0463,-1.4377,-1.6425,-0.5435,-1.3721,-0.9005,-0.4442,-1.4244,-0.1085,0.5611,-0.3627,-0.1092,-1.3538,-0.3535,-0.2111,-0.6349,0.2252,0.227,-0.3384,0.7491,0.0134,0.2387,0.3345,-0.7786,0.2231,-0.2133,-0.0856,-0.0002,0.4761,0.3311,0.4708,1.1365,0.548,-0.4931,-0.9473,-0.8504,-1.4614,-0.1122,0.0644,-0.457,-0.5392,0.5274,1.3719,0.5771,0.6923,0.2163,-0.2697,0.3664,-0.3628,1.2123,2.1803,1.7147,2.3115,2.5095,-0.0193,0.1945,-1.5349,-0.6669,0.8681,-0.182,0.2623,0.2235,-0.3588,0.2271,0.1372,-0.9222,-1.0111,-0.6192,0.3975,1.3733,1.0389,-0.3363,-0.7449,-2.0203,-2.7492,-2.9206,-1.655,-1.0506,-1.7645,-1.1418,-1.4004,-1.5666,-0.4232,-0.9286,-1.2109,0.0543,0.3507,0.0864,0.9796,0.8424,1.527,1.5975,0.3312,0.7935,1.0248,0.8606,0.6038,0.9303,0.7225,2.0456,2.551,1.3586,0.6874,0.3139,0.4589,0.4205,0.5653,0.9139,0.0081,0.0864,0.3055,0.1973,-0.5201,-0.0682,-0.3263,-0.2674,-0.4946,-0.171,-1.2094,-1.5459,-1.5096,-1.7483,-0.36,0.0016,-0.4971,0.4727,0.0454
"IC45",0.0806,-0.526,-1.0892,-0.1165,-0.4297,0.0148,-0.2741,0.2905,0.7434,0.185,0.2456,0.3395,0.2287,0.9586,0.7063,-0.1394,-0.0807,-0.8359,-1.6815,0.1621,-0.2741,-1.0912,-0.5023,-0.6815,-1.5476,-1.7338,-0.5009,-0.9408,-0.1764,0.4099,1.8805,2.7182,1.9205,1.9619,1.9512,1.91,1.4505,0.4108,-1.2175,-0.3433,-0.3183,-0.6821,-0.5518,-1.1305,-1.9023,-0.931,-0.2536,-0.8461,-0.1891,-1.0101,-0.7501,0.7298,-0.0916,-0.4422,0.7604,0.7246,1.0132,1.6989,0.3947,-0.866,-1.5893,-0.7234,0.6596,1.037,1.0596,0.8096,1.3284,1.0759,0.4255,0.829,2.3544,2.9728,2.7882,-0.2112,-2.3055,-1.5311,-0.9674,-0.9619,-1.4351,-0.819,-0.9813,-1.9734,-1.0314,-1.3067,-1.5302,-0.7388,-0.2435,-0.4458,-0.4242,-0.8814,0.1998,-0.4777,-0.2241,0.3773,-0.8152,-0.846,-0.1355,-0.6247,-0.0196,0.5365,0.8182,0.3414,0.4841,1.8718,1.072,0.478,0.8538,1.3524,0.8999,-0.2596,0.6537,0.4992,-0.1267,-0.1247,-0.1501,0.1413,-0.0897,0.0034,0.1946,-0.2945,-0.0816,0.1892,-0.0812,0.0712,-0.1881,-0.9807,-0.6449,-0.182,0.3793,0.1991,-0.3536,0.1708,0.2796,0.3729,0.9055,0.3066,0.3189,0.4061,0.2585,-0.3853,-0.0717,0.2894,-0.0218,0.1883,1.4358,2.3772,0.3124,-0.904,0.1711,-0.1818,-0.7794,-0.6133,-0.146,-0.151,-1.2631,-1.3219,-1.6517,-2.3573,-1.9012,-0.9309,-0.6411,-0.2116,-1.2313,-1.2072,-0.3483,0.1263,0.0144,0.3595,-0.3391,-0.2676,0.8473,0.903,1.0083,1.1392,0.1134,0.1627,0.6294,0.4573,0.0689,0.2229,-0.0315,0.2158,0.8403,0.892,1.0552,1.2006,2.0877,1.4498,1.131,1.8959,1.5551,0.9651,0.7121,0.623,-0.1182,-1.0644,-1.2942,-1.2047,-1.3963,-1.1028,-1.3208,-1.6009,-0.8645,-1.4436
"IC46",-0.3773,-0.666,-0.7825,-0.9707,-1.181,0.0037,0.5243,0.7215,0.8992,0.3342,-0.0254,0.3221,0.1377,0.4752,0.6874,0.3748,0.5433,0.462,0.0019,0.0734,0.2025,-0.1311,0.085,0.1693,0.1678,0.3793,1.1747,1.0612,0.9555,0.2021,-0.3159,-0.3926,-1.0521,-0.6101,-0.2132,-0.5537,-1.493,-2.234,-2.5838,-2.3049,-2.1858,-1.8506,-1.5465,-1.3606,-1.4978,-0.2988,0.8918,1.0807,1.6519,1.1929,1.4311,1.3963,0.7846,0.7392,1.5497,1.9217,2.097,2.035,0.9384,0.7044,0.1736,0.3058,0.765,1.5616,1.1084,0.984,1.1055,0.4721,0.0381,0.7564,0.9577,0.9345,0.9976,0.6265,-0.4094,-1.0243,-1.2912,-1.9169,-2.2871,-2.1519,-2.041,-2.2317,-1.5844,-1.28,-1.0015,-0.6798,-0.9421,-0.77,-0.5435,-0.5369,-0.0107,-0.632,-0.8023,-0.7506,-1.1981,-0.811,-0.0925,-0.3218,0.0115,-0.012,0.4865,0.3818,0.7829,1.5605,1.5537,1.4442,1.3329,1.512,1.421,1.1512,1.207,0.6915,-0.3344,-0.2253,-0.5182,0.0434,0.0086,-0.0987,0.7895,0.384,0.8292,0.598,-0.1584,-0.0876,-0.3185,0.0839,0.1852,0.0425,-0.1053,-0.2775,-1.0301,-0.8307,-0.0172,0.5777,0.9292,0.5665,0.1896,-0.6054,-0.9918,-0.9697,-0.4696,0.1368,0.1821,1.0885,1.3043,1.1767,0.1029,0.1566,0.7368,1.062,-0.1174,-1.3687,-2.2888,-2.3413,-2.101,-1.7053,-1.1075,-0.8871,-0.0991,-0.2521,-0.9529,-0.5801,-0.8882,-0.3341,0.2908,-0.0279,0.3763,0.7069,0.0111,0.0852,0.4799,0.4626,1.0691,1.0392,0.4036,0.7503,0.8209,0.5361,0.1475,0.3411,-0.0313,-0.0912,0.2594,0.7349,0.6087,0.8517,1.6885,1.6774,1.4841,1.4204,0.8151,-0.2546,-1.2805,-0.6809,-0.1556,-0.7324,-0.6586,-0.9229,-0.8542,-0.8328,-1.4837,-0.75,0.1281,-0.2901
"IC47",-0.0188,-0.118,0.0125,-0.1113,-0.5267,0.6801,1.1266,1.3622,0.5392,-0.4978,-0.5887,0.1249,0.4934,0.9851,0.8136,-0.0967,-1.2623,-0.3251,-0.7257,0.2653,0.5126,0.3625,-0.3351,-0.9397,0.4125,1.0324,1.7346,1.7929,1.1526,-0.0356,-0.2399,0.1151,-0.3195,-0.3131,-0.8682,-1.9774,-2.6817,-2.1994,-2.9224,-2.3256,-2.2497,-2.4677,-1.0762,-0.9494,-0.5811,0.4867,1.0689,1.37,1.1029,1.1579,0.3356,0.3855,0.6251,0.635,0.7769,0.5396,0.9862,0.6347,-0.7041,-0.1825,1.5227,1.8804,2.3177,1.1529,1.1078,1.0939,1.3213,0.9867,0.4234,0.1893,-0.4907,0.0236,0.1403,1.0448,0.8807,-0.0625,-0.602,-0.9142,-1.8321,-1.4837,-1.6732,-1.9162,-0.7437,-0.8111,0.3994,0.7727,-0.1266,0.2618,-0.0174,-0.3416,0.1237,-0.1808,-0.2271,-0.8865,-1.396,-1.0292,0.7252,0.8113,1.6872,0.4404,-0.597,-1.1285,-1.492,-0.5619,-0.0029,0.4401,-0.2009,-0.3589,0.9602,0.1919,-0.4463,-0.8986,-1.0709,-1.8057,1.2165,2.3966,0.179,-0.8973,-1.0815,0.0008,0.9765,1.1991,0.0118,-0.0871,-0.6862,-0.2952,0.5706,0.6329,0.2018,0.9783,0.039,0.1448,0.9896,1.6286,2.4639,1.6094,0.2875,-0.2836,-0.4924,-0.4285,-0.4012,0.1938,0.3216,0.7331,-0.9196,0.9137,1.0937,0.2374,-0.2067,-0.517,-0.1607,-0.6187,-1.68,-2.9547,-2.091,-2.1552,-0.2675,1.0998,1.1576,1.5995,-0.0578,-0.9557,-1.3986,-0.8925,-0.0064,0.4535,0.4449,0.6751,0.0572,-0.4996,0.1854,-0.3571,-0.3005,0.313,-0.6174,-0.4394,-0.0981,-0.2278,-0.2679,0.3586,0.1919,0.1842,1.7735,0.8113,0.7873,0.6176,0.0732,-0.8754,-0.2992,-0.4409,0.1604,0.2557,0.1751,-0.1814,-0.8736,-1.1123,-0.8463,-0.5145,1.3747,0.727,0.4781,-0.0795,0.5028,0.5039
"IC48",-1.4483,-1.7442,-0.8104,0.3529,-0.2127,-0.2222,-0.1167,-0.2999,-0.4012,-0.182,0.5395,0.6436,0.9556,0.0594,0.4569,0.2673,0.9295,0.2678,0.0599,0.5545,0.4538,0.5787,1.0862,0.8141,-0.1292,-0.4031,0.0869,-0.301,-0.3646,0.8587,2.5782,2.2628,1.8346,1.4117,0.6064,-0.338,-0.9896,-1.6883,-1.8649,-2.089,-2.4236,-2.3897,-2.4743,-2.1841,-1.106,-0.5518,-1.0788,-1.3328,-0.4755,-0.6389,-0.5924,0.6624,-0.0108,0.5653,0.8026,0.5398,1.021,1.5367,1.2747,1.463,2.822,1.1332,1.131,1.1995,0.6415,0.6557,-0.1687,0.6344,0.5687,0.282,1.7573,1.2506,0.5724,2.1065,0.9364,-0.9436,-1.5587,-1.4667,-1.9701,-1.6697,-1.5732,-2.127,-1.5209,-1.3578,-0.989,-1.0207,-1.0942,-0.8891,0.0392,-0.1458,0.6115,0.5722,0.7144,1.1321,0.943,0.4741,0.6804,0.5331,0.1117,0.4503,1.1166,0.4137,-0.7553,-0.4658,0.2548,-0.1849,-0.5962,-0.6928,-0.5733,0.5935,0.7233,-0.1839,-0.493,-0.0076,0.1178,0.4397,0.6888,0.4037,-0.4798,-1.189,-0.5266,-0.1295,-0.1985,0.2221,-0.0663,0.5007,0.9235,-0.3842,-0.4719,-1.8366,-1.4981,-0.2645,-0.1748,-0.3416,1.1249,1.7317,1.6672,1.3073,0.4728,0.3948,0.4144,0.6434,0.6358,0.3553,1.1965,0.6489,1.5134,0.1054,0.3686,0.4524,-0.0037,0.0077,-0.0458,-1.1645,-2.4492,-1.7239,-1.4456,-1.6611,-1.5199,-1.5287,-1.0889,-0.3445,-0.3502,0.1604,0.9506,-0.0692,0.1688,0.0481,-0.8211,-0.5568,-0.0381,-0.0237,0.0392,0.0419,0.4716,1.0264,0.8673,0.007,-0.1253,0.4533,0.6867,0.9093,0.5874,1.487,1.3163,0.8529,0.1314,0.022,-0.144,0.6401,0.722,0.6861,0.3122,0.3546,0.1769,-0.5317,-0.6376,-0.7961,-0.5631,0.0859,-0.5776,-1.0978,-1.0723,-0.8675
"IC49",-0.8876,-1.4021,-0.6486,-0.3917,-0.5389,-0.2783,0.0605,-0.081,0.4628,0.3038,0.3146,0.1523,-0.5885,-0.1449,-0.0182,-0.1343,0.5749,1.2933,1.4071,1.6594,1.3199,0.3993,0.3262,0.496,1.0453,0.8685,0.6399,0.3131,0.3208,-0.1061,0.3458,0.433,0.0848,-0.4491,-1.2396,-2.4362,-2.474,-1.9176,-1.9335,-1.7697,-2.0956,-1.7371,-1.2108,-0.6901,-0.3078,0.3355,0.3873,0.3726,0.3918,0.6397,0.7111,0.9721,1.23,0.6334,0.7478,0.3361,0.5165,0.951,0.8031,0.5318,1.8739,2.0156,1.9468,2.1519,1.2013,0.5089,0.5144,-0.7678,-0.4157,-0.1899,-0.8317,0.4087,0.395,2.0192,1.2231,0.1168,-0.9289,-0.8562,-1.564,-2.1439,-2.5964,-2.1891,-1.3833,-1.5801,-1.0496,-0.4453,-0.7608,-0.8383,-0.6155,-0.1987,0.1067,-0.1293,-0.557,0.5053,0.314,0.2025,0.8508,0.6383,0.7283,0.6736,0.2249,0.3588,0.3763,0.8556,0.7569,0.9413,0.4578,-0.2002,0.6284,-0.2468,-1.1354,-1.1867,-0.834,-1.3398,-0.4761,-0.2153,-0.3922,-0.2073,0.3271,0.5745,0.2384,0.3718,0.149,0.5755,0.3055,0.2918,0.8128,0.7289,0.913,1.2053,0.8526,0.6207,0.8021,0.8044,0.838,0.8728,0.429,0.0603,0.0976,-0.5855,-0.4526,-0.9068,-0.7722,0.1603,0.0984,0.414,1.4773,1.1855,1.134,0.3018,-1.5962,-2.5604,-3.2484,-2.7687,-2.17,-2.3133,-1.4834,-1.4937,-0.9072,-0.5839,-0.7608,-0.0308,0.1244,0.0792,0.7947,0.3736,0.354,1.0541,0.6454,0.8331,0.9803,0.4949,0.2283,0.9739,0.9102,0.9118,1.1287,1.1548,0.9491,1.2885,1.0503,0.6128,0.3746,0.5668,-0.3878,-1.0054,-0.3337,0.5579,0.441,-0.3204,0.1169,0.4811,0.045,0.3807,-0.0793,-0.664,-0.5228,-0.82,-0.1961,-0.2053,-1.4239,-1.3327,-0.2898,0.047
"IC50",0.0766,-0.8274,-1.0034,-0.3,-0.2653,-0.1313,-0.3778,-0.655,-0.1519,0.421,-0.7285,0.0998,0.0382,0.4149,0.5048,-0.0434,0.9162,0.2197,-0.5562,-0.609,-0.805,-0.2899,1.0982,1.3372,2.3141,2.3296,1.0526,-0.2004,-0.13,1.3821,1.6396,1.378,-0.4859,-1.5513,-1.6889,-1.2839,-0.9946,-1.0505,-0.5737,-0.3262,-0.048,-0.3385,0.8081,0.8632,-0.2165,-0.9305,-1.2934,-2.0234,-1.4384,-0.3609,0.3302,-0.8379,-0.3234,-0.3485,0.3904,1.085,0.1354,0.8541,1.163,1.0213,1.368,1.53,-0.2916,-0.4241,-0.1132,-0.4067,0.712,1.2583,0.1512,1.383,1.2534,0.8743,0.2152,0.0293,-1.343,-1.442,-0.9058,-0.1268,-0.5579,-0.9798,0.7768,0.2284,-0.7273,-1.2423,-1.9545,-1.513,-1.6691,-1.2615,-0.5855,0.247,0.7392,1.2707,1.8889,2.1546,2.2697,0.9589,0.2808,-0.5138,-0.4344,-0.8882,-0.4225,-0.2899,0.917,0.157,-0.4809,-0.1123,0.1535,0.0279,-0.0601,-0.0849,-0.9265,0.0132,-0.4912,0.1374,0.6987,1.7211,1.5234,-1.5132,-2.3213,-3.113,-1.9508,-0.5344,0.1125,0.6705,1.4116,0.9219,0.639,1.188,0.1433,0.8236,0.3718,1.3039,1.8364,1.5898,0.8742,0.5912,-0.0416,0.0066,-0.8238,-1.4241,-1.6378,-0.3524,-0.5296,0.8578,1.2051,0.0787,-1.3702,-2.5809,-2.3649,-1.0928,0.3483,1.8978,1.7568,0.0406,-1.0174,-1.6278,-1.1047,0.1403,0.3419,0.9797,0.0646,-0.2216,-0.507,-1.1557,0.0677,-0.1702,-0.4625,0.1695,-0.0377,0.0768,1.0987,1.1145,0.866,1.2204,0.3632,0.0256,-0.6331,-0.4467,-0.3376,0.2871,0.8199,1.1844,1.2033,1.6148,0.9266,0.3111,-0.5675,-0.7284,0.3011,-0.1564,0.2985,-0.0902,-0.8402,-0.9712,-0.3271,-0.8449,-1.0301,-0.1806,-0.6038,-0.2448,0.2138,0.2965,0.7544,-0.8269
"IC51",-0.0351,-1.1814,-1.0082,0.0677,-0.0378,-0.3604,0.2335,-0.0828,-0.0148,0.3132,0.7066,-0.0564,-0.5764,-0.9407,-1.252,-0.914,0.4329,0.7835,1.14,1.5944,1.0007,0.3736,-0.3135,-1.1032,-0.8513,-0.6133,-1.3506,-1.175,-0.1836,1.0093,2.203,1.4512,1.2141,0.8089,0.7145,0.7366,0.6732,0.7927,0.3124,-0.8261,-0.8303,-1.3989,-1.3068,-1.5837,-0.4998,0.2384,0.1047,0.193,0.6923,0.7813,0.7514,0.7889,0.0233,-0.3447,-0.9025,-1.1105,-1.35,-0.4461,-0.5287,-0.9362,0.5357,0.8578,0.2985,0.9603,-0.1235,-0.029,-0.5348,-0.537,0.026,1.1963,1.1232,2.0517,1.4029,2.8668,1.3951,0.1805,-0.2295,-0.3351,0.5278,0.7518,-0.0851,-0.8017,-1.2131,-1.0364,-1.0157,-1.1737,-1.0546,-1.5745,-1.9483,-2.0339,-0.1666,-0.1924,-1.11,-0.3569,-0.3874,-0.6368,-0.0716,0.0858,0.2514,-0.1928,0.7801,0.838,2.0031,1.2589,0.7256,0.6661,0.1754,0.2739,0.3806,0.6819,-0.0098,-1.1027,-1.3882,-0.8109,-0.397,-0.1575,0.4829,-0.6701,-0.0953,-0.1989,0.7282,0.6513,0.2731,0.0134,0.0535,-0.2123,-0.8408,0.3875,1.035,0.7286,1.3359,0.1671,0.5909,0.9164,0.3224,0.0878,-0.7225,0.8682,1.2939,0.9153,-0.3904,-1.1155,-0.2182,0.3475,0.6688,1.2788,2.3425,1.3282,0.2981,-0.6044,-0.5865,-1.9658,-1.6446,-1.1933,-1.1728,-1.1543,-2.3609,-2.5506,-1.7011,-1.3194,-1.0714,-0.6703,-0.2065,-0.2791,0.52,-0.1959,-0.9987,-0.1452,-0.0105,0.2713,-0.6879,-0.4574,0.0326,0.0747,-0.0198,0.3138,0.9589,2.2871,1.7322,2.4192,1.5069,1.9584,1.3902,1.8697,0.7807,0.4008,-0.6887,0.7147,1.3234,0.1577,0.2153,0.3602,0.1424,0.6851,0.9926,0.2547,-0.382,-0.597,-1.0053,-0.515,-1.3104,-2.5209,-1.9532,-1.6533
"IC54",-1.1423,-1.2093,-1.5267,-1.3841,-1.0432,-0.9848,-0.1531,0.0746,0.5563,0.1337,-0.4891,0.2631,0.3283,0.9774,0.9361,0.9545,0.0005,-1.0124,-1.1529,-0.245,0.5885,1.0132,0.9043,1.3783,1.7374,1.3137,1.3314,0.9829,0.0064,-0.0115,2.3485,1.332,-0.3176,-0.3343,0.5771,0.3935,-0.3005,-0.8284,-2.1972,-0.7441,0.1172,-0.0311,0.1542,-0.2422,-1.7316,-2.4356,-1.9857,-1.1064,-0.2988,1.1393,0.7041,0.3659,0.572,-0.4094,-0.1667,0.2121,-0.07,0.1119,1.3135,0.6394,1.8335,1.4644,0.0776,-0.5969,0.4933,0.2395,0.7768,0.5844,0.2477,-0.21,-0.9915,-0.2281,-0.5909,-0.4731,-0.6022,0.096,-0.5394,-0.4288,-1.4073,-2.0202,-1.0547,-0.2154,-0.4644,-0.7582,-1.3276,-0.9564,-0.3855,0.4201,0.9386,1.1294,0.158,0.982,1.0691,0.7552,0.446,-0.7403,-0.9777,-0.8354,-0.2978,0.6505,0.8044,0.9092,1.1351,0.4617,1.0629,1.961,1.6722,0.8884,0.2979,-0.5904,-1.3284,-0.7269,-0.5708,-0.4172,-0.3639,0.3389,-0.0115,-0.7412,-0.4129,0.2421,0.539,1.4393,1.4681,1.0374,0.5555,-0.3123,-0.108,0.6435,-0.2232,0.2312,0.2473,0.0328,-0.6769,-0.8844,-1.097,-0.3946,-1.1638,-1.8831,-1.4767,-1.7202,-0.4798,0.368,-0.1429,-1.0781,-1.0463,0.2603,0.7367,-0.9309,-1.057,-0.2658,0.5578,1.6455,0.6125,-1.368,-1.7205,-2.0468,-1.0304,0.9232,1.7287,3.1045,2.194,0.9004,-0.9727,-1.8796,-0.3819,1.1275,1.103,1.2762,1.4493,0.9232,1.2434,1.4753,0.8792,1.2698,1.4625,0.3435,-0.6278,-0.7092,-1.3549,-1.2635,-0.5553,-0.7653,-0.6393,-0.8033,-0.1485,0.252,0.3137,0.2856,0.7408,0.1567,1.2668,1.6818,1.1229,0.2872,-0.7074,-1.2985,-1.8509,-1.372,-0.5749,-0.2786,0.25,-0.2793,-0.4765,-0.8681
"IC56",-1.4692,-2.1622,-1.858,-0.3403,-0.7407,-0.2752,1.5363,0.6586,0.5903,0.566,0.1001,-0.2491,-0.1902,-0.5566,0.6881,-0.0378,-0.559,1.3059,1.074,1.2067,0.3427,0.1745,0.066,-0.2391,1.4539,1.7413,1.6749,1.494,0.7784,0.2773,1.3429,1.05,-0.2287,-0.3108,-0.5471,-1.5729,-2.5544,-0.6243,-1.8273,-1.6478,-0.3516,-1.8761,-1.6846,0.2782,-0.2472,-0.554,0.5807,-0.1261,-0.3273,0.3806,-1.0445,-0.6567,-0.0592,0.6474,0.7204,1.3834,-0.2133,-0.4011,1.0178,-0.0659,1.4842,1.0686,0.6955,1.3963,1.1737,0.7943,-0.2868,0.3118,-0.4269,-0.9691,-2.0181,-1.2119,-0.1557,2.0336,0.8703,0.0995,0.3596,0.5399,-0.9858,-1.2739,-0.1872,-1.087,0.2241,0.8275,-0.9171,0.5031,0.9549,-0.2102,0.6675,-1.1708,-0.8916,-0.3809,-0.7354,-0.1026,0.3679,-0.4065,0.2263,-0.7591,-0.2591,0.6669,-0.3297,0.059,0.392,0.2582,0.39,0.6291,-0.2159,0.3661,0.2692,-0.0266,-0.4052,-1.4209,-0.7609,-1.1781,-0.8126,-0.163,0.5331,0.3751,0.7882,1.4993,1.4691,1.3726,0.8004,-0.5034,0.4365,-0.018,-0.0476,0.0064,-0.3061,0.5537,1.1644,0.9046,1.2894,-0.832,-0.069,0.3987,-1.6552,-1.1032,-0.4365,-0.2483,0.9078,1.1618,-0.3627,-2.1983,-2.0576,0.8491,3.2159,0.9162,0.39,-0.5687,-2.3638,-2.4111,-1.9946,-1.6906,-1.1481,-1.0358,-1.1267,-1.2453,-1.1055,0.6539,0.2258,0.3384,0.7874,0.7885,0.6301,1.3324,1.1627,0.7966,1.4322,0.9732,0.9534,0.6541,0.742,0.3081,1.0854,1.0395,0.8727,1.0819,0.4046,0.2459,-0.0726,0.2074,-0.1741,0.1495,0.6613,-0.2222,-1.4163,-1.0834,-0.3939,-0.4009,0.3295,-0.0167,0.114,-0.4807,-0.2568,-2.0516,-2.3564,-1.0388,-1.5655,0.0924,0.6909,0.9536,1.2068,0.6995
"IC58",-1.8384,-1.5115,-1.9093,-1.4837,-0.9269,-1.0248,-0.1273,0.0896,0.3596,0.5838,0.1796,-0.0325,0.5088,0.2394,0.1705,0.5085,-0.311,0.08,0.574,1.0533,0.9849,0.8548,0.7256,0.5648,-0.359,0.8992,1.8975,2.3821,1.8077,1.3106,1.5215,1.7471,1.4333,0.9109,0.5144,0.1116,-2.2786,-2.5515,-1.8814,-2.2237,-2.0284,-1.9393,-2.0918,-1.8596,-1.1869,-1.1812,-0.4585,0.4655,-0.1631,0.0669,0.2289,-0.3728,-0.755,0.2501,0.7815,1.0464,1.0297,1.2835,1.5327,0.7736,1.3872,1.2196,0.5261,1.2562,1.2328,0.9079,0.2749,0.3556,-0.4907,-0.671,0.0381,0.2998,0.7591,0.7345,0.2927,0.4171,-0.3628,-1.0209,-0.8409,-1.6072,-1.5439,-1.8028,-1.7733,-1.0481,-0.9641,-0.0482,0.7138,-0.3333,-0.595,-0.2428,-0.294,0.2569,0.3395,0.0188,0.0478,-0.1578,-0.4658,-0.2141,0.0217,0.3581,0.399,0.5541,0.9292,0.3199,0.3753,0.5119,0.2232,0.4193,0.3527,0.5284,0.142,0.2621,0.0136,-0.5709,-0.5804,0.0255,0.1618,-0.5467,-0.4931,-0.241,-0.363,-0.024,0.1884,-0.0074,0.5945,0.6966,0.3362,0.5678,-0.0831,0.2601,0.4815,-0.2024,0.2775,0.8752,1.0147,1.9447,1.1312,0.221,0.0371,-0.1376,-0.3757,-0.3431,-0.2144,-0.1609,-0.0446,0.046,0.5707,0.032,-0.4553,-0.2994,-0.2787,-0.3289,-1.0213,-1.9997,-2.3171,-2.1427,-2.368,-1.8298,-1.4837,-1.0426,-0.2147,-0.5175,-0.616,-0.1714,-0.212,0.4639,0.4163,0.0341,0.3078,0.2288,0.9162,1.0397,0.9649,1.1642,1.5426,0.9246,0.7197,1.1876,1.1328,1.0211,1.3189,1.5074,1.0866,1.3467,1.665,1.9274,0.8324,0.5273,0.5579,0.2077,0.7994,0.1404,-0.5715,-0.2878,-0.3986,-1.149,-2.2794,-1.415,-1.2993,-0.9158,-0.7162,-1.289,-1.4373,-0.9854
"IC60",-1.5265,-1.1937,-1.7028,-1.1601,-0.3093,-0.5641,0.3029,-0.3116,-0.2502,-0.2011,-0.0664,-0.0027,0.2613,0.217,0.0251,0.241,0.5068,1.2667,-0.2031,0.1066,0.9536,1.5037,2.0872,2.0384,2.09,1.91,1.951,1.661,0.1766,-0.0307,-0.179,0.5547,0.1362,-0.2956,-0.3397,-0.6856,-1.7273,-2.0612,-2.1772,-1.8321,-2.1312,-2.2607,-1.7399,-1.4398,-0.9853,-0.8446,-0.9505,-1.2337,-1.2368,0.4421,0.2586,0.3411,0.8688,1.0247,1.634,1.9119,1.3029,1.1918,1.6829,1.1634,1.6728,1.4975,0.712,1.0521,1.06,0.3971,0.5278,0.2038,0.1419,0.3958,0.513,0.303,0.3915,-0.1103,-0.4167,0.2966,-0.4808,-0.8192,-2.3355,-2.5218,-1.5947,-1.1724,-1.329,-1.3057,-1.4249,-1.1206,-0.187,0.092,0.1317,-0.12,0.0803,0.8243,0.0207,0.3194,0.4004,-0.2171,-0.288,-0.2525,-0.1637,0.5172,0.047,1.0114,0.7882,0.9301,0.6912,0.5784,0.3922,-0.168,0.69,-0.0029,-0.5321,-0.8741,-0.4849,-1.4379,-0.033,1.1861,0.8307,-0.3796,-0.8957,0.0422,-0.0806,1.2255,1.5749,1.0919,0.7414,0.231,0.4404,-0.1914,-0.9637,-0.6228,0.2484,0.8674,0.9238,0.906,0.4237,0.7428,-0.2393,-0.5513,-0.3465,-0.6875,-0.2108,0.1059,0.3074,0.0784,0.1305,0.7005,0.7065,-0.1514,-0.6626,-0.8058,-1.1414,-1.5083,-2.2193,-1.8244,-1.532,-2.4679,-1.8298,-1.1933,-0.9464,-0.1304,0.1084,0.3223,0.4959,-0.3417,0.1072,0.958,0.4116,0.9576,1.1604,0.6763,1.1991,1.0841,0.446,1.2698,1.7503,1.3207,1.6279,1.1556,0.2897,0.2963,0.7404,0.5982,0.6757,0.3366,0.8771,0.5799,0.2014,-0.1289,-0.0734,-0.7047,-0.1354,-0.1266,-0.5636,-0.5035,-1.0234,-1.132,-1.2811,-1.4365,-0.9797,-0.2953,0.2658,-0.3824,-0.5192,0.3357
"IC62",-1.0248,-0.2728,0.2753,-0.0553,-0.2838,-0.3612,-0.4988,0.9565,0.8993,0.236,-0.054,0.1541,0.5419,0.6488,0.6929,0.6942,0.3317,-1.6905,-1.7524,-0.6343,0.0698,0.1358,0.2459,0.0364,-0.564,-0.5854,-0.9359,-0.1416,0.7973,0.7295,0.5384,0.0524,-0.7425,-1.0389,-0.7904,-0.0193,-0.3392,-0.4533,0.9688,0.4062,0.0805,0.4268,0.6701,-0.117,-0.5248,-0.5133,-0.8333,-0.1589,-0.0985,-0.4425,0.1956,0.0763,-0.0747,0.5487,0.7149,1.2437,2.0002,2.4936,1.484,1.6459,0.796,0.5653,0.1987,-0.1031,-0.4297,0.4601,0.1275,-0.1054,-0.6707,0.324,0.8746,0.6832,-0.2534,-0.0452,-1.0074,-2.17,-1.7265,-1.0138,-0.9142,-1.1808,-0.9402,-1.4586,-1.6356,-1.2784,-0.3415,-0.5761,-0.3475,-0.5233,-0.2493,-0.0805,0.6711,0.7781,0.7499,0.062,-0.3847,-0.7214,-0.673,-0.3614,-0.8319,-1.3465,-0.4551,-0.4495,0.8119,1.659,2.9128,3.2271,2.3586,1.9255,0.5869,0.9452,1.9378,1.6434,0.7395,0.5741,-0.0183,0.0694,-0.5997,-1.2048,-1.2862,-1.5814,-0.1745,0.0717,-0.3265,-0.9797,-1.6803,-0.3514,-0.4204,-1.4725,-1.5322,-1.6074,-1.627,-0.2616,0.516,-0.0506,0.6933,0.9067,0.8163,0.3221,-0.514,0.0967,0.0377,1.0509,1.8796,2.1072,1.5787,-0.0462,-0.9141,-0.3394,0.5236,0.2097,0.8759,0.7332,0.658,0.1675,-0.7831,-0.3985,-0.4358,-0.2041,-0.4997,-1.3481,-0.4784,-1.0114,-1.7844,-0.849,-0.399,-1.1508,-0.5827,-0.5272,-1.7051,-0.723,0.2617,0.3939,1.589,0.7073,-0.578,-1.1944,-1.2795,-0.4026,0.1463,0.5877,0.4075,0.82,0.6668,1.4352,1.5731,2.1455,1.9654,2.0979,1.4697,1.2764,1.3764,0.4148,-0.6558,-0.6268,-0.2688,-0.1259,0.0925,0.3871,-0.0204,-0.957,-1.7635,-1.5172,-1.1854,-2.0122
"IC63",-0.256,-0.4449,-0.7656,-0.5111,-0.86,-0.6438,-0.2473,-0.1507,-0.4694,-0.6408,-0.271,0.3632,0.8194,0.4488,0.597,0.5161,0.6388,1.012,1.5795,2.2616,1.7441,0.9373,-0.1357,-0.9415,-1.4864,-1.0962,0.0007,-0.3767,-0.8244,-0.2732,0.6095,0.4325,0.1133,0.2657,0.9924,0.7605,-0.7736,-2.2002,-2.8993,-2.4159,-2.1483,-2.1519,-1.924,-1.294,-0.3562,0.7495,1.379,1.9628,2.6372,2.0176,1.4617,1.3747,1.0879,0.7505,0.5513,-0.081,-0.0252,0.4151,-0.1874,-0.327,0.2461,0.0252,0.437,1.0907,0.6438,0.9637,1.2415,0.9558,0.8698,0.6446,0.4088,-0.3931,-0.9029,1.049,0.3377,-0.717,-1.2152,-0.6066,-0.5788,-0.6893,-1.0483,-1.4372,-1.7363,-1.941,-1.5607,-1.0493,-0.8304,-1.2033,-0.78,-0.28,0.0648,-0.5216,-0.7896,0.0414,0.7766,0.7642,1.2281,1.388,1.4659,1.101,0.8334,-0.1093,-0.7855,-0.527,0.3567,0.183,-0.0373,-0.0356,0.2511,0.408,-0.5835,-0.8173,-0.9153,-0.4787,0.3074,0.4381,-0.0897,0.0741,1.098,1.4001,1.2384,0.3391,-0.4834,-0.0997,-0.5838,-0.3261,0.189,0.2317,0.6695,0.3172,0.3136,0.6997,1.0272,0.4884,0.9769,0.9458,0.3603,0.5079,0.2626,-0.0522,0.0566,0.0399,-0.0979,0.0785,0.0637,0.3026,0.2354,-0.8448,-0.1334,0.2912,-0.1101,-1.1339,-2.8407,-3.0299,-2.9481,-2.4229,-1.4876,-1.049,-0.5758,-0.8134,-0.8529,0.1416,0.7497,0.7469,1.1335,0.4793,0.4553,0.5868,-0.2788,0.2031,0.809,0.236,-0.1726,0.6023,0.1304,0.3281,0.6022,0.7716,1.0383,1.4384,1.202,1.2575,0.7364,0.7954,0.3374,-0.0531,0.3371,1.0862,1.1017,1.1643,0.9779,0.378,-0.6032,-0.4021,-0.1276,-0.4825,-0.4479,-1.0807,-0.5033,-0.5962,-1.9724,-2.0022,-0.4499,-0.1379
"IC64",-1.1119,-0.8505,-1.2398,-1.5474,-0.9188,-1.6789,-0.3394,0.1031,0.2238,0.9359,1.1519,0.0008,1.0177,0.9443,0.7067,1.2205,-0.1977,0.3502,0.3331,0.2724,1.0546,1.2764,0.6989,1.6002,1.4835,0.4906,0.4877,2.4978,2.1928,0.1944,-1.2939,-0.1897,-0.0609,-0.6793,-0.758,-0.0926,-0.7591,-0.5731,0.6019,-0.8888,-1.5877,-1.7842,-1.9671,-2.1179,-1.2287,-1.7496,-2.7649,-1.6826,-1.3421,0.1289,0.1469,-0.1936,-0.6194,-0.0076,-0.5067,-0.0333,0.1841,-0.6091,0.5157,1.1893,2.8718,2.6053,0.9529,0.3068,0.4579,1.5507,-0.0933,0.4416,1.0917,0.2182,0.1282,-1.2842,-1.3841,2.0877,2.5422,1.3073,1.7841,1.6087,1.4929,0.8325,-0.3685,-0.729,-1.1271,-0.8637,-0.642,-1.5572,-0.3397,-0.6343,-0.8544,-1.2243,-0.7638,0.3583,-0.3465,0.2437,-0.1976,-0.5945,-0.3122,-0.0596,-1.2857,-0.0355,0.1805,0.3533,0.8782,-1.1502,-1.1803,0.5896,0.4086,-0.8367,-1.0767,0.3581,1.0606,0.1046,0.5185,-0.5565,-1.5148,-0.6277,0.6473,1.0699,-0.6286,-0.298,-0.3498,-0.5012,0.1018,-0.3261,0.3778,0.169,0.0385,0.3328,0.9273,0.164,0.5019,-0.2123,0.6113,-0.0973,-0.9258,1.0107,1.3601,0.8138,1.2462,0.6492,0.1387,-0.6798,0.0857,-0.0617,-0.8307,-2.2277,1.5485,2.476,0.5078,-0.0166,1.0845,0.4597,0.974,0.9761,0.1917,-0.5135,-1.3405,-2.2577,-2.0494,-2.2446,-0.976,-0.8548,0.4816,0.3429,-0.951,-0.6252,-0.1855,-0.5815,0.7737,0.7274,-0.7297,0.4796,0.6357,-0.2084,0.6677,-0.2022,-0.149,0.3858,0.8752,0.3633,0.0554,1.2177,0.0214,-0.2211,0.3783,1.2784,-0.1517,0.1148,0.0878,-0.6143,-1.1765,0.5238,0.1735,-0.1303,-0.0316,0.353,0.5245,0.2268,-0.943,0.2581,0.2594,-0.0318,-1.4076,-0.2624
"IC65",-0.3131,0.2187,0.6075,-0.0193,-0.4568,0.1865,0.3211,0.1403,0.3818,-0.3281,-0.7674,0.7265,-0.2494,-0.1498,-0.3888,-0.8511,0.184,0.8952,0.3957,0.9718,1.0341,0.3138,0.7088,0.4968,1.2476,1.8995,1.6694,-0.0915,-0.4002,-0.3297,0.0094,-0.2585,-0.4668,-1.5559,-2.2286,-2.3732,-2.6577,-3.4272,-1.5935,-0.6554,-2.0185,-1.3255,0.0791,-0.086,0.3034,0.8761,0.6984,-0.4133,0.5238,1.2921,0.7076,0.9306,1.3146,-0.3585,0.1603,0.5066,-0.4632,0.1312,0.7311,1.2124,1.3478,1.0844,0.1109,0.5746,1.2277,0.4458,1.6716,1.3033,1.3975,0.896,-0.2474,0.5677,1.0611,-0.5446,2.6411,1.4412,0.3053,-0.6702,-1.5591,-1.7601,-1.3807,-1.2619,-0.3008,-1.2121,-2.3227,-2.1678,-2.3428,-1.1255,-2.1312,-1.4612,0.6358,0.2794,-0.3301,0.1293,-0.3933,0.3295,1.1947,0.9075,1.952,0.5136,-1.0697,-0.9116,-0.6829,0.5615,-0.8244,0.4396,1.2729,-0.7509,0.2656,0.7948,0.2306,0.1393,-1.3659,-0.6714,1.4183,0.9356,0.4981,-0.4915,0.382,0.4732,0.2993,0.571,-0.6934,0.7409,0.262,-0.1784,0.8484,0.8438,0.1575,0.7871,-0.3421,-0.7739,0.3603,0.7208,0.467,0.8756,1.1172,0.3085,0.4414,0.383,0.1378,-0.6751,-0.4904,0.8011,-0.1111,-0.696,-1.7543,-0.6006,-0.6976,-0.6797,-0.601,0.2966,-1.0982,-2.6996,-1.1203,-0.7107,-0.9299,-0.494,0.7643,0.4595,-0.1207,0.9025,0.7673,0.1982,0.6207,0.4554,-0.4956,0.3351,-0.2601,-1.0579,0.8963,0.553,-0.5242,0.0975,-0.0399,-0.124,0.2265,0.484,0.3668,1.6082,1.8183,0.5117,0.9294,1.0438,0.5021,-1.1073,-0.9438,-0.0461,0.2693,-1.2558,-0.7697,-1.6199,-1.4389,0.9256,0.1053,-1.1696,-1.11,-1.689,0.542,0.7456,1.3271,0.747,0.936,0.4621
"IC66",0.9687,-0.401,-0.941,-0.7019,-1.1156,-1.0379,-0.0715,-0.3763,-0.2016,-0.223,-0.5526,0.5679,-0.6465,-0.0698,-0.5652,-0.6608,2.3207,2.6722,0.9716,1.1623,-0.1317,-0.5415,-0.3917,-0.1553,0.9636,0.4067,0.7242,-0.1716,-0.2965,0.57,1.4518,1.276,0.0603,-0.1386,0.4296,-0.6558,-0.562,-0.7383,-2.1283,-2.0391,-2.1942,-2.2993,-1.5166,-0.6133,-0.94,-0.4552,0.811,0.4137,0.4351,1.5831,1.4444,1.0747,1.6854,0.5934,0.7286,0.4337,0.0705,-0.0269,0.4655,-0.3684,0.3161,0.1622,-0.3401,0.2886,0.1671,-0.3154,1.0691,0.554,0.6947,2.0372,2.0174,1.1285,0.794,1.7146,0.925,0.1467,-0.5841,-0.8751,-0.9462,-1.2483,-0.9656,-1.1913,-1.4764,-1.8214,-2.0051,-1.302,-2.3642,-1.711,-1.923,-1.3709,-0.6752,-0.7088,-0.2781,0.3541,-0.1469,-0.1264,0.0435,-0.0297,1.0774,0.9286,1.0337,1.6573,0.8044,1.1301,0.6606,-0.1939,-0.2185,-0.0962,1.4907,1.3599,1.1584,0.9186,-0.4451,0.3127,0.4877,1.4578,0.8423,0.1578,0.4984,-0.1411,-1.0149,-0.642,-1.0742,-0.2665,0.1253,-0.5004,-0.3982,0.1074,-0.4951,-0.1322,-1.4439,-0.0277,0.0045,0.9861,2.2677,0.7486,-0.1485,-0.7815,0.0484,-0.5488,-0.6157,-0.5293,-0.616,0.9128,2.0335,1.7975,1.5973,-1.1617,-1.2708,-0.0785,-0.3898,-0.2742,-0.7455,-2.2789,-2.3298,-1.824,-0.6603,-0.6675,0.1115,0.8399,-0.3855,-0.252,0.1278,-0.4853,-0.3475,0.2589,-0.1672,-0.7702,-0.8481,-0.9851,0.6742,0.8183,0.1192,1.8066,0.9057,0.517,1.0211,0.3638,0.334,0.2627,1.3707,0.4795,0.3333,0.4457,1.1546,0.6115,0.7616,0.7122,1.3885,1.3226,1.4495,0.1114,-1.2383,-0.3468,-0.3744,-0.7198,-0.7793,-0.8585,-0.226,-0.9329,-1.0722,-0.9165,-0.4156,-1.1386
"IC67",-0.6265,-1.5401,-0.4878,0.8186,-0.0167,0.4462,0.2834,-0.1259,0.1621,0.2565,-0.2641,0.5258,0.4302,0.754,0.6925,0.0075,-0.5951,-0.3532,-0.5928,0.0221,0.5443,0.9892,1.0325,0.7809,1.5407,1.1358,0.5147,0.4666,-0.0397,-0.5627,-0.9702,-1.0979,-1.2667,-1.0966,-0.6817,-0.9582,-1.949,-1.9626,-2.0989,-1.2814,-0.9536,-1.5024,-0.4686,0.7247,0.2635,-0.1669,0.0881,-0.0041,0.2818,1.2507,0.8826,0.082,0.5615,0.6535,0.4472,0.3187,0.4108,0.9364,2.0626,2.4046,2.9846,2.4085,0.7088,-0.0925,0.3723,1.33,2.0016,1.847,1.7262,1.1551,-0.634,-2.058,-2.7556,-0.5461,-1.095,-0.2477,-0.3503,-1.2953,-2.3768,-1.7471,-0.8976,-1.218,-0.815,-1.2837,-2.6898,-1.7659,-1.2543,-0.2676,-0.5402,-0.7408,-0.1909,0.4405,0.6768,1.4041,1.1746,1.3893,0.8823,0.4082,0.4446,0.4673,-0.0838,-0.3017,-1.1432,-1.2827,-0.6519,0.4734,0.6185,0.2698,0.6091,0.9534,0.6042,0.6964,0.7243,0.2453,0.9023,1.4845,0.6488,0.1208,-0.4216,-0.4225,-0.3984,-0.179,0.4425,1.2465,1.5162,0.0067,-0.617,-0.1044,-0.5316,-0.1171,-0.4894,-0.8454,-0.0369,-0.4717,0.6427,1.3609,0.3743,-0.7268,-0.6686,-0.5199,1.1062,1.0089,0.3074,-0.2943,-1.5785,-1.8171,-0.5568,-1.0248,-0.9248,0.0367,0.2255,0.7823,0.1906,-0.9461,-0.7777,-1.0352,0.0086,0.1352,0.498,0.9699,-0.1457,-0.3282,0.1621,0.0196,-0.2834,0.2176,-0.1434,-1.0105,-0.5368,-0.063,-0.2257,0.2856,0.4767,0.157,0.3345,-0.6913,-0.8293,0.0736,1.0362,1.3596,2.0157,2.3741,1.8976,1.6346,0.5372,-0.935,-1.4605,-0.9269,-0.6793,-1.1528,-1.0195,-1.031,-0.2273,0.9565,1.3477,0.5452,0.1142,-0.1603,0.0931,0.4205,0.4634,-0.4051,-1.21,-1.3665
"IC68",-2.4063,-1.7932,-1.1095,-1.3349,-0.8429,-0.9826,0.3855,0.1718,0.4837,0.9503,1.0442,1.5165,1.6423,0.4914,-0.124,0.1134,0.1058,0.0719,0.6222,0.3924,0.7408,1.1469,0.0541,0.2536,1.3251,1.6177,1.8224,2.0597,0.5786,-0.1043,0.0267,0.1086,0.284,-0.3911,-0.7347,-0.5319,-0.5557,-0.5051,-0.4971,-2.2234,-2.0686,-1.7308,-1.9713,-1.8595,-1.2211,-2.5086,-2.3208,-1.0798,-1.0708,0.8726,0.4267,-0.0303,0.3274,0.5335,0.0561,0.5319,0.5926,0.1308,0.6356,1.6761,3.0115,1.5791,1.073,1.3119,1.3006,1.5352,0.5778,0.9477,1.1755,-0.0829,-1.2206,-0.4868,1.0619,1.316,2.9862,1.5172,0.6518,0.0255,-0.6287,-1.606,-1.8808,-1.3358,-2.0277,-1.0548,-0.492,-1.2573,-0.5878,-0.6961,-1.2964,-1.0629,-1.1278,-0.5644,-0.3941,-0.4995,-0.6057,-0.424,-0.9907,-0.4262,0.121,0.6659,0.3512,1.0193,0.5776,0.4564,0.5924,1.1556,0.3514,0.0774,0.3906,0.5761,-0.0749,-1.2472,-0.4127,0.196,-0.1849,-0.4521,-0.0304,0.2251,-0.1589,0.7431,0.5202,0.4996,1.1297,0.7005,0.1442,0.0076,0.5817,0.6945,0.5845,0.1617,0.7031,-0.0252,-0.0069,-0.4854,-0.5539,0.7906,0.6541,-0.184,-0.4675,0.179,0.5144,-0.3009,0.2218,-1.1944,-1.5904,-1.0611,2.3469,1.7149,-0.0602,-0.0665,0.252,-0.0284,-0.622,-1.3688,-1.6656,-1.8101,-2.0221,-1.8703,-1.3374,-1.0992,0.1244,-0.7621,-0.269,0.0405,-0.5246,0.5611,1.5455,0.9718,1.1868,0.5548,0.2468,0.5928,0.9842,0.6747,1.2061,0.559,0.5793,0.4313,0.3091,0.725,1.2409,1.0217,0.4283,0.0994,-0.5768,-0.1764,-0.4686,0.1309,-0.3108,-0.3604,0.8142,0.4818,0.1135,0.0187,-0.6597,-0.5222,-0.2894,-0.501,-0.6366,-0.6891,-0.0434,0.0063,-1.0844,-0.41
"IC69",-1.153,-1.2609,-0.0716,0.8134,0.2451,0.6133,-0.0099,0.1735,0.2437,0.3524,-0.0049,0.2161,0.1777,0.4777,0.7919,-0.1947,-0.0542,-0.1743,0.3408,0.0674,-0.0994,-0.2729,0.2925,-0.645,-0.8016,-0.411,-0.9761,-1.6212,-0.6752,-0.2323,0.8446,1.4027,0.9359,1.0446,1.1833,0.7226,-0.5048,-1.1659,-0.9885,-1.0416,-0.4026,-1.2908,-1.794,-1.2017,-1.1172,-0.694,-0.6011,-0.8158,0.0379,0.0971,1.4155,0.452,0.0025,0.3099,1.0819,1.9819,1.8336,2.3376,2.1829,1.5993,0.878,1.0531,0.4202,1.1136,1.0099,1.0956,0.1642,0.2577,0.3035,1.7019,1.0169,0.1627,0.6343,0.4626,-1.2607,-2.5852,-2.3713,-2.6783,-2.5882,-2.2105,-0.9769,-1.8924,-1.6719,-1.2091,-0.984,0.0865,-0.2822,-0.6411,-0.2351,0.0803,0.7903,0.1531,-0.0547,-0.6188,-0.1296,0.4333,0.6536,0.1965,0.0363,-0.3072,0.7676,0.7929,1.6192,0.9839,0.287,0.4922,0.1569,0.6087,-0.1512,-0.123,0.0024,0.3673,-0.6867,0.1744,-0.4857,0.1167,0.646,-0.0033,0.9056,0.2813,1.3071,1.5945,1.3196,0.1747,-0.1783,0.2988,-0.6056,-0.607,-1.237,-1.1158,-1.2871,-0.8048,-0.1805,0.1237,0.1684,0.2875,-0.4648,-0.3829,-0.4014,0.3446,0.5107,1.3533,0.6763,1.4,1.8098,1.5682,1.7543,1.3432,1.135,0.6843,-0.9272,-2.3328,-1.8029,-1.4923,-1.6965,-1.5111,-2.1981,-1.8327,-1.3299,-1.4744,-1.4117,-0.9913,-0.8563,-0.3844,0.48,0.3087,0.0551,-0.0591,-0.4405,-0.6225,0.283,0.4268,0.7879,0.7675,0.2119,0.9503,0.8771,0.9341,0.6542,0.9767,1.017,1.1083,0.8575,1.1874,0.644,0.9338,0.7924,0.5109,1.2317,1.1517,1.0021,-0.001,-0.3847,-0.7035,-0.2084,-0.5525,-0.9216,-0.2092,-0.6172,-0.7373,-0.9885,-0.8587,-0.4776,-1.4697
"IC71",-0.4979,-0.1072,-0.2917,-0.5921,-0.5958,0.072,1.411,0.3819,0.4279,0.5904,-0.5946,1.0688,1.1326,0.3195,-0.1594,-0.0945,-0.1497,-0.2113,-0.4488,-0.3486,0.2785,0.0384,-0.8869,-0.6494,0.1114,0.7029,0.8894,0.4837,-1.2009,-0.6394,0.9732,0.2913,-0.1667,-0.0623,0.3093,0.1506,-0.1731,-0.8673,-1.6321,-2.0034,-1.3965,-1.2835,-0.9877,-0.2521,-0.4626,-1.4128,-0.6535,-0.2968,-0.2263,1.8476,1.2513,-0.1909,1.6308,1.2592,0.5442,0.563,-0.0417,0.0391,0.3661,1.0624,1.876,1.001,0.574,1.1869,2.0179,0.7894,0.9081,0.4285,0.1283,0.0615,-0.4976,0.6139,0.6199,0.9321,1.9116,1.3464,-0.2465,-0.345,-1.0342,-2.3576,-2.6615,-1.9236,-1.6116,-1.4503,-1.8303,-1.8574,-1.0553,-0.624,-0.871,0.1029,-0.2357,0.537,-0.0709,0.2177,0.103,-1.1644,-1.5053,-0.8169,0.4786,1.1484,0.1406,0.9622,0.3426,0.4305,0.7644,0.4017,0.9611,0.2036,0.8932,1.0196,-0.0037,0.1737,-0.1088,-0.7079,-0.6991,-0.7739,0.4304,0.0618,-0.0918,0.756,-0.3261,0.5565,0.5717,0.8582,1.17,0.2842,0.7449,1.3904,0.5273,0.5653,0.7782,0.0747,-0.333,0.2703,0.2604,0.4464,-0.245,-0.5819,0.271,-0.4347,-1.1737,-1.4384,-1.1208,-1.1936,-0.6164,0.1389,2.9279,1.8438,-0.249,0.1314,0.244,-0.1605,-1.6603,-2.3368,-1.468,-2.3778,-2.1895,-1.0823,-0.9214,0.1681,-0.2258,-0.8831,-0.0233,-0.4586,-0.2382,0.8531,0.5614,0.8079,1.5652,1.0993,1.1778,1.2648,0.4864,1.8331,2.3146,1.1821,1.3612,0.8204,-0.5657,-1.3272,-1.3332,-1.9504,-2.3367,-1.7236,-0.4788,0.0326,0.0505,0.8611,0.5745,0.3531,2.0824,1.79,0.3541,0.358,0.358,0.0188,0.007,-0.1525,-0.2723,-0.6973,-0.0094,-1.1014,-1.0363,-0.2672
"IC72",-1.4639,-1.9511,-1.2473,-0.4428,-1.2393,-0.7633,0.4038,0.3698,0.429,0.2918,0.1444,0.3572,0.2617,-0.1001,0.7226,0.0713,0.5217,1.11,0.4533,0.959,0.7288,1.3827,2.1873,0.6929,0.7338,1.1152,1.1987,0.8362,0.303,-0.3601,-0.2106,-0.3598,-0.669,-0.7814,-1.2873,-2.0924,-2.0871,-0.99,-1.0165,-1.37,-1.5766,-1.375,-0.801,-0.8829,-0.9943,-0.5376,0.1096,-0.4608,-0.7817,0.9574,0.238,1.0119,0.6826,0.5092,1.1966,1.275,0.9011,1.3837,1.8877,1.1894,2.6777,1.9753,0.9539,1.1972,0.437,0.585,0.898,0.9992,0.9364,0.8812,-1.3337,-1.3851,-0.9091,1.2655,0.3275,-0.477,-0.6291,-1.1909,-2.6136,-2.0519,-1.6114,-1.7822,-1.5994,-1.3692,-1.2098,0.0233,-0.2282,-1.2221,-0.5428,-1.3808,-1.1252,0.2916,0.5506,0.5959,0.9309,-0.0504,0.9938,0.4781,0.5672,1.0975,0.6671,0.4535,-0.3312,-0.2611,0.4363,-0.076,-0.5213,-0.184,0.778,1.0659,0.4625,0.1968,0.2221,0.0684,1.2368,1.0319,0.0962,-0.8428,-1.2457,-0.9884,-0.5296,-0.1431,-0.2004,0.2174,0.8782,1.3321,1.4714,0.7371,-0.166,0.3,0.2662,0.1783,0.9757,-0.1104,0.4005,1.9532,1.3813,1.3645,-0.0761,-0.5586,-0.5974,0.1891,-0.0551,-0.9111,-2.7896,-2.0918,-0.0128,-1.1163,-0.2678,0.0309,-0.0578,-0.4732,-0.8278,-1.9197,-1.8909,-1.5464,-0.5614,-0.0258,-0.9174,-0.27,-0.308,-0.3888,-0.6415,-0.221,0.6001,0.3296,0.365,0.5706,0.525,0.4702,0.5325,0.3146,0.4219,0.1191,0.7564,0.8749,0.7588,1.2296,1.1305,1.3636,1.2372,1.4265,1.5851,1.2481,0.4385,-0.9107,-0.8512,-0.4305,0.752,0.7259,0.2587,-0.2214,0.664,0.5347,0.3911,-0.1998,-0.1459,-0.2863,-1.2168,-1.0682,-2.1741,-1.5483,-0.5895,-0.9717
"IC73",-0.6192,-0.5288,-1.123,-1.241,-1.2058,-0.9742,-0.3093,0.3037,-0.7014,0.4445,0.7558,0.7331,1.0683,0.4963,0.1316,0.0375,0.8865,-0.1884,-0.1137,0.0735,0.4185,0.6425,0.467,0.38,-0.0595,0.5553,0.4194,-0.1501,-0.034,0.4415,1.8997,1.2797,1.2069,1.1521,1.0829,1.1668,0.5685,-0.5199,-1.4472,-2.4085,-2.6241,-2.2717,-2.8366,-2.3916,-0.9702,-1.1463,-1.5432,-0.791,-0.3079,-0.077,1.5172,1.0405,0.1095,1.1146,1.271,1.3378,0.9751,0.8256,0.4731,0.2768,0.4483,0.3949,0.33,0.5608,0.7676,1.001,0.9948,1.1387,0.7829,1.101,1.9298,1.4756,0.6287,1.4834,-1.0581,-1.9776,-1.0983,-1.0918,-0.9104,-0.7006,-1.1672,-1.4467,-1.761,-1.3429,-0.2295,-0.3645,-0.6638,-1.3801,-1.3959,-0.9471,-0.6456,-0.1393,0.0984,-0.3575,0.0162,-0.2606,0.3627,0.3803,1.0402,1.6642,1.7074,0.6408,0.8299,0.3285,-0.2294,-1.1056,-1.0287,0.0952,0.4522,1.0233,0.2075,-0.9366,-0.9447,-0.1863,0.099,-0.111,0.674,1.5899,1.9332,1.3944,0.6942,-0.3648,-0.4306,-0.676,-1.006,-0.4092,0.0963,-0.0338,-0.0401,-0.7402,-0.6436,-0.1416,0.3636,0.9846,1.2323,0.8541,0.8458,0.7498,-0.4137,-0.4157,-0.3347,-0.3704,-0.0443,0.968,1.9985,0.7025,0.6681,-1.2105,-0.5398,-1.0256,-0.9246,-0.1252,-0.8872,-1.9822,-1.8964,-1.005,-1.0677,-0.8366,-0.814,-0.8248,-0.7169,-0.3245,-0.5278,0.333,1.046,0.5395,0.648,0.2133,-0.8673,-0.1636,0.3757,0.7164,1.052,0.3779,0.3467,0.8014,0.3593,0.0898,0.202,0.1121,-0.6334,0.164,-0.1362,0.5994,0.8183,1.3305,1.7945,1.8806,2.16,2.1423,0.781,0.8393,0.6814,-0.3137,-1.149,-1.4798,-0.9719,-1.1243,-0.732,-0.6875,-1.3371,-0.9908,-0.8571,-1.4084
"IC74",0.0873,-1.1233,-1.0607,-0.4007,-1.1812,-0.5257,1.8863,0.6496,-0.6314,0.4878,0.0458,0.7864,1.5201,0.2946,0.8477,-0.2676,-0.1686,1.4059,0.401,-0.3494,-0.215,-0.202,-0.3035,-2.2699,-0.004,-0.9262,-1.0808,-1.0597,-0.9637,-0.0795,4.6912,2.4634,0.942,1.1754,1.2138,0.8026,1.1199,1.0439,-0.8298,-1.6195,-1.2334,-2.1711,-1.5072,-1.2517,-1.6139,-1.2939,0.0786,-0.4189,-0.9097,0.6581,-0.45,-0.5046,0.5624,-0.301,-0.5199,1.0669,-0.1585,-0.4133,0.1951,-0.6143,1.5184,0.1705,-0.8938,-0.4651,0.3889,0.4325,0.3784,1.2105,0.7693,0.9915,0.6526,2.2662,0.954,1.5895,0.8138,-0.5451,-0.568,-1.442,-2.4958,-1.6455,-0.8094,-0.7344,-0.6507,0.4604,1.1193,0.6716,0.9605,-0.9145,-0.4413,-0.9271,-0.3788,0.3323,-0.4475,-0.7369,1.322,-0.3631,0.8875,0.0029,0.9701,1.9283,1.2599,0.6737,-0.8141,-1.0835,-0.3701,-0.7134,-0.3263,-0.0939,-0.099,0.391,-0.3515,-1.0587,-0.906,0.7453,1.1968,1.0291,1.0916,-0.2169,-0.4104,0.4641,0.3669,-0.1058,-0.5831,-1.4699,-0.9453,0.0251,0.4284,1.05,-0.9908,-0.8166,-0.4373,-2.3382,-0.7027,-0.4648,-0.1061,1.096,-0.2671,-0.5092,-0.8404,0.3126,-0.4833,-0.241,-0.0675,0.0069,-0.0826,2.7728,3.2785,0.5308,0.1017,0.1468,0.7873,0.1033,1.4106,-0.0413,-0.2395,-0.0838,-0.288,0.6408,-1.4781,0.3844,-0.2541,-1.0392,0.8685,1.4782,0.5293,0.9131,0.5406,-0.9059,-1.155,-1.7879,-0.8307,-0.4008,-0.2856,-1.3217,-0.5744,-0.0116,-0.2304,0.8745,-0.4272,0.1024,0.5818,0.9139,0.7375,-0.1828,0.3851,0.0687,-0.8179,-1.1859,0.862,0.6641,0.6377,-0.9464,-0.7385,-0.8071,-0.3316,-1.0082,-0.2405,1.5284,-0.5016,-0.2478,0.7378,0.2072,0.438,0.7615
"IC75",0.3372,0.6462,1.625,0.5831,-0.7337,0.7118,1.6544,1.8435,-0.643,-1.0627,0.588,0.5646,0.1807,0.105,-0.0443,-1.4466,-0.6136,-0.0948,-0.9969,-0.3157,-1.1663,0.4023,-0.8713,-2.3727,-0.6098,-1.2883,-0.6996,-0.8852,0.4396,-0.6977,-3.5559,-0.9917,-0.0657,0.1693,0.3977,0.3967,1.4678,1.4537,1.1647,1.0904,0.4692,-0.4101,0.6996,0.9985,-0.5502,0.5018,0.4692,0.2147,0.7605,1.8437,-0.379,1.1536,1.7562,1.0037,0.2981,-0.2989,0.4324,-0.0657,-0.6072,-2.0558,-0.7317,0.1755,0.583,-0.4635,-0.5333,0.4913,0.602,-0.3757,-0.2491,0.1615,-1.6019,-3.1219,-1.3703,0.8298,-0.3378,0.0566,0.493,0.8643,0.6593,1.1809,0.9757,0.9438,-0.3575,-0.5693,1.7027,1.0439,0.3065,0.7701,-0.3557,-0.9666,-1.4076,-0.8525,0.5028,-1.161,-1.404,-1.7819,-1.8806,-1.25,-0.3663,-0.4242,0.9664,2.1766,-0.091,-0.4323,0.0556,0.0274,-0.6193,0.9749,1.6534,1.1269,1.0439,-1.14,-0.883,0.6919,0.5451,0.2431,-0.6866,-0.0949,-0.5527,0.8581,1.7026,-0.2022,0.18,0.3689,-1.6138,-0.606,0.3573,0.1117,0.4592,0.2158,1.4371,2.3122,-0.6319,-1.8414,-0.09,0.7423,0.8457,-0.0765,-1.2429,-0.2972,0.4283,0.4245,-0.457,-0.2718,-1.7696,-1.9164,1.0981,0.2202,-0.6907,-1.3902,0.9414,-0.0782,1.6285,0.6315,0.1551,-0.0843,0.7255,0.763,0.6237,1.6929,1.0582,-0.4236,-1.4893,-0.504,-1.3126,-1.0086,0.3775,-0.3393,-1.3143,-1.6982,-0.9042,-1.839,-0.2593,0.0076,0.6229,1.2511,0.7041,0.061,0.0388,-0.6522,-1.0217,-1.2752,1.5839,-0.0609,-0.0902,-0.1727,0.8053,0.0879,0.9484,2.1961,0.8174,0.2402,1.0633,-0.0511,-1.2063,-0.0756,-0.1797,-0.0785,0.6315,0.2058,0.9212,0.028,-1.0346,-1.0089
"IC76",-1.2926,-2.025,-1.467,-1.6905,-1.8987,-0.9873,0.1615,0.5055,0.3448,0.2566,0.8365,1.157,0.8657,1.2019,0.9074,0.2371,0.0967,0.4927,0.3897,1.2625,1.3723,1.2917,0.7412,0.271,0.8808,0.1911,0.1338,0.5249,0.3806,-0.471,0.2831,0.4008,0.2873,-0.1011,-0.0333,-0.9703,-0.994,-0.2818,-0.3334,-0.9326,-1.4045,-1.8304,-1.5676,-1.1017,-1.4607,-1.1774,-1.1588,-1.5571,-1.1133,-0.0609,-0.1315,0.2446,0.9815,0.4544,0.9067,1.6077,1.8549,1.3113,1.436,0.9349,1.7999,1.1709,1.4432,1.8016,1.6635,1.4375,0.8554,0.2975,0.2539,0.096,-0.7646,-0.2449,0.1132,1.5562,0.2508,-1.4814,-1.8422,-1.7044,-1.8417,-1.6076,-2.1129,-2.1062,-1.269,-0.7721,-0.3463,0.1228,0.0946,0.2388,-0.3783,-0.7882,-0.2383,-0.4668,-0.1854,0.6068,-0.3163,-0.0771,-0.3761,-0.3905,0.064,0.4603,1.2529,1.9966,1.1195,1.2312,1.1946,0.9698,-0.4243,-0.6395,0.5913,0.2073,0.7226,0.4898,0.3962,-0.8253,-0.8818,-0.0357,-0.7136,-0.9524,-0.9968,-0.8857,-0.3526,0.0644,-0.035,-0.0809,0.4106,0.2149,0.2673,0.208,-0.1657,0.1605,0.1326,0.2148,0.4872,-0.0333,0.8494,1.1241,0.7706,0.742,1.0154,0.4941,0.9786,0.8709,1.0233,0.4922,-0.3981,-0.1957,0.8149,0.1952,-0.1196,-0.3504,-0.727,-1.2671,-1.0458,-1.0725,-1.6792,-2.0767,-1.9296,-2.1838,-1.6673,-1.7073,-1.4464,-0.8929,-0.1232,0.143,0.2616,0.9127,1.1434,0.0904,-0.0081,-0.0464,0.5134,0.8409,0.8065,0.5027,-0.0722,-0.1921,0.5946,0.6978,0.5941,0.7579,1.5276,1.2199,1.3359,1.0642,1.2273,0.8903,0.6781,0.6304,0.6702,0.8163,1.5469,1.1143,0.6839,0.7985,-0.1176,-0.8011,-0.747,-1.0675,-0.9607,-1.3146,-1.8906,-2.2084,-1.811,-0.8031
"IC77",-1.5475,-1.6572,-1.039,-0.0176,-1.0188,-0.9727,-0.3025,0.2893,0.9009,1.3359,0.8131,1.3126,0.503,0.0974,0.3443,0.5997,0.8061,-0.5522,-1.478,-1.2728,-0.5507,0.0668,0.8165,-0.3756,0.472,0.7619,2.0409,1.6024,2.6782,1.9967,2.2621,0.8971,-0.8164,-1.3853,-1.58,-1.1807,0.1014,0.1544,-0.5651,-0.4063,-0.3996,-1.6631,-1.3884,-0.768,-1.7106,-1.0284,-0.8191,-1.6355,-0.788,0.0771,-0.4876,-0.0077,0.9125,-1.1742,-0.4063,1.2808,0.3692,0.2217,-0.2892,-0.6829,1.571,1.9158,0.7779,0.7574,1.4343,0.5452,1.2152,0.1313,-0.6055,1.1999,1.8568,3.0841,1.5958,1.2121,-0.2237,-0.7209,-2.0019,-0.8964,-0.4303,-1.0484,-1.4553,-2.0462,-1.5267,-0.9266,-1.2653,-0.3879,-0.8162,-0.197,0.4065,0.2224,-0.8506,-0.1247,0.5272,0.1103,1.0735,0.6581,0.2814,-0.2875,0.0938,-0.5218,-0.2551,-0.1461,1.3065,1.4253,0.1127,-0.2863,0.3884,-0.467,-0.6562,-0.4697,-0.0988,0.1691,-0.3064,0.2476,0.8596,0.7406,0.21,-1.8198,-1.6554,-1.5039,0.1398,0.7318,0.6116,2.0526,1.5484,0.2607,-0.1341,0.8957,-0.5228,-0.4852,0.2642,0.1807,-0.0406,0.7763,-0.6192,0.8628,1.0047,-0.2629,-0.1557,-0.18,0.227,0.9683,0.1411,0.8472,-0.2828,0.8526,0.6754,-1.0425,-1.6774,-2.6971,-1.8239,-0.0295,0.3358,-1.1006,-1.8967,-2.5098,-1.2202,0.126,-0.2454,1.2211,0.318,0.3452,1.0917,0.2566,0.5478,1.4878,0.2877,0.2503,0.5689,1.0424,1.5384,0.3984,-0.049,-0.2381,-1.1571,-0.9596,-0.7195,0.599,0.3649,0.2305,0.5951,0.4365,1.0867,0.2077,0.5971,0.5817,0.4421,-0.9935,0.7561,-0.1844,-0.1598,-0.1152,0.54,0.2596,-0.3592,-0.9612,-0.6575,0.7785,0.5977,0.0801,0.0509,-1.497,-1.032,-0.9312
