"IC05","-0.6158","-0.5895","-0.3010","-0.3790","0.0160","0.7622","0.2651","-0.4401","-0.5095","-0.1975","0.1530","0.5853","0.4573","0.4443","0.4652","-0.0173","-0.2164","0.0025","0.3176","-0.0473","-0.1428","0.0065","0.1938","0.1136","0.0250","-0.3744","-0.0895","-0.3190","-0.4837","-0.0349","-0.1814","-0.0398","0.6626","0.8059","0.4824","0.9497","-0.3435","-0.8577","-0.5875","0.1932","0.0345","-0.8602","-0.4646","-0.4719","0.1563","-0.3791","-0.3535","-0.1259","-0.0978","0.1270","-0.2363","-0.5614","-0.0560","-0.0224","0.7249","0.7550","1.1266","0.3659","0.2671","0.4261","0.0949","0.5650","0.1662","0.2281","0.0835","0.4435","0.4501","0.4986","0.7318","0.2609","0.5496","0.0077","-0.5779","-0.6340","0.2116","-0.2611","-0.1276","-0.0156","-0.0125","0.0959","-0.0746","-0.0605","-0.7046","-0.5756","-1.1153","-0.6017","-1.0163","-0.4432","-0.2471","0.0491","0.6730","0.4201","0.0257","0.3898","-0.1125","-0.0703","-0.4338","-0.8506","-0.8057","-3.7122","-3.5557","1.2618","0.1921","0.1941","0.3186","-0.2042","0.9504","1.0871","1.4721","1.0980","-0.1680","0.0386","1.1149","1.3543","0.5400","0.6933","0.8043","0.8321","0.2078","0.4990","0.5341","1.3653","2.1948","0.6296","0.0166","-0.3012","-0.3104","-0.1468","-0.0057","-0.1584","-1.3918","-1.8194","-2.0116","-1.9999","0.1644","0.9759","0.3463","0.0094","-0.5717","-0.4548","-0.3961","0.3013","0.7079","0.1060","-0.0842","0.5588","-0.5562","-0.9825","0.1852","0.2714","-0.1534","-0.4107","0.4821","0.7017","0.1883","0.3970","-0.1537","-0.3395","0.5437","0.8110","-0.1143","-0.9273","-3.4022","-4.1650","-4.2617","-1.6402","2.9038","0.8564","1.1941","0.5340","0.3097","0.7266","0.6864","0.9854","1.9524","0.7784","-0.0826","1.9930","4.1594","1.4753","-0.0740","-0.5947","-0.9854","-0.6276","-0.2513","-0.7187","0.3134","1.1262","1.5883","0.9081","0.3353","-0.2484","-0.1219","-1.0200","-1.2738","-0.5043","-1.5226","-2.5742","-1.0260","-0.7231","-0.6595","0.2406","1.1721","1.3269"
"IC08",-0.2799,-0.9075,-0.4085,1.3881,3.1907,1.9515,0.8744,-0.3173,-0.9407,-0.2122,-0.5241,-0.515,0.9911,1.5024,0.6056,-0.7219,-1.4601,-0.8828,-0.6169,-0.7748,-1.4447,-0.9766,-0.1719,0.1265,-0.7319,-1.4016,-0.7264,-0.3217,-0.7339,-0.4876,-0.3573,-0.357,-0.3024,-0.4664,-0.0739,-0.3596,-1.0995,-0.3256,1.2967,1.0764,1.4344,1.9006,2.3238,1.5225,-0.2445,-0.1547,0.5125,-0.0191,-0.5847,-0.5835,0.0044,-0.1688,-0.7551,0.1067,0.9838,0.5996,0.5175,0.812,1.355,0.5756,-0.0923,-0.3249,-0.3283,0.3551,0.3107,-0.4435,-0.1065,-0.196,-0.404,0.0777,0.0258,-0.5442,-0.4148,-0.659,-0.4725,-0.449,-0.3922,-0.0059,-0.1929,0.1405,0.5079,-0.0116,0.496,-0.2698,-0.5483,0.3752,0.7397,0.8236,0.2876,-1.0947,-1.0527,-0.2201,-0.4962,-1.2993,-1.4548,-1.4848,-0.6269,0.8356,0.0728,0.9199,0.7805,-0.6809,-0.9184,-1.0994,-2.0657,-2.0763,-1.2599,0.3003,2.3198,1.6805,2.0565,2.7099,2.7886,2.2015,1.6978,0.4699,-0.4596,-0.2869,-0.2693,0.1462,0.7702,0.9597,-0.4594,-0.6123,-0.7612,-0.5472,-0.3755,0.2236,-0.5989,-1.297,-0.6119,0.0013,0.792,0.4365,-0.4686,-0.4086,-0.8656,-1.3762,-1.6231,-0.619,-0.3999,0.0696,1.8966,0.6553,-0.4614,-0.0997,-0.4757,-0.0685,0.2586,-0.1881,0.6784,-0.0768,0.5251,1.4502,-0.0043,-1.0074,-1.1043,-0.507,-0.3202,-0.0062,-0.076,0.7519,1.1717,1.0841,1.5112,1.0051,1.1868,-0.7675,-0.6402,-1.1963,-1.0103,-1.1677,-0.1564,1.0441,-0.7081,-0.7859,-0.2906,0.2517,0.4707,-0.4945,-0.8588,-1.0695,-2.0154,-2.0605,-1.7953,-0.4275,1.7651,2.1937,1.8759,1.4701,0.9017,0.6304,-0.0186,0.5167,0.5938,-0.0067,0.5998,0.7049,1.0591,1.2789,0.3346,-0.8287,-1.9792,-2.0805
"IC09",-0.31,-1.0012,-0.3504,0.1713,-0.4731,0.5071,1.9036,0.6521,-0.9191,-1.9281,-1.4083,-0.2532,0.3184,1.0563,0.4122,0.302,0.387,-0.3888,-0.0237,0.8214,1.1543,0.0236,-0.363,-0.051,-0.0905,0.6956,0.612,0.1801,0.6152,0.9519,1.3067,0.0644,-1.5466,-0.6169,-0.1312,0.0817,0.1526,0.0852,-0.8273,-0.9582,-0.7857,-0.9607,-1.5331,-0.9851,0.1504,1.2593,0.1492,0.4754,0.1422,0.3072,1.9641,2.2283,0.638,-0.8266,-0.5729,-0.0603,0.3836,-0.1468,-1.5199,-1.2265,-0.2585,-0.8931,-0.6269,0.3267,0.7972,-0.2341,-1.5286,-0.1964,0.1286,-0.2641,-0.4866,0.7149,0.6057,0.3129,-0.2271,-0.1288,0.53,0.3321,-0.9896,-1.381,-0.7985,0.8244,1.4515,0.9596,0.3898,-0.3354,1.0685,0.2717,-0.229,-0.0024,0.0991,-0.1107,-0.2511,-0.4351,0.1521,0.3282,-0.1073,0.6677,0.9072,2.5619,4.3245,1.7596,0.3741,-1.5244,-2.3811,-0.6192,-1.1775,-0.744,-0.0837,0.3701,-0.2149,-1.1971,-0.0396,-0.3473,-1.3518,-1.0256,-0.6063,-0.1069,-0.949,-1.4972,-0.6401,-1.2661,-0.0796,1.753,0.0334,-2.1311,-1.6415,-0.0413,-0.4648,-0.542,-0.1466,-0.2065,2.0838,2.7154,2.3161,1.3552,0.6209,0.0324,0.6955,-0.1744,-1.4685,0.8427,1.6341,-0.1263,0.531,-0.2435,0.1288,-1.0713,-0.9433,0.2437,1.5876,1.83,0.9307,1.7364,-0.6219,-2.5586,-0.7542,0.2162,0.2064,-0.7001,-0.9695,-1.5883,-1.4988,-0.6817,0.6076,0.3514,1.195,2.0723,-0.5656,-1.0893,-0.745,0.1876,0.3887,0.1086,-0.2795,-0.06,-0.0666,0.3602,-1.4207,-1.6651,1.012,1.4487,-0.0815,-1.7594,-0.7411,1.7601,-0.2668,0.4625,0.3141,0.7053,-0.3733,0.4764,0.9023,0.2191,-0.7984,0.3353,0.3683,-0.0287,0.1779,0.1783,0.282,-1.3949,-0.6461,0.332
"IC15",0.2297,-1.1214,-1.1365,-0.5404,-0.1105,0.8026,0.1125,-1.1946,-0.619,0.9897,0.8024,0.9958,0.9991,-1.8436,0.8545,2.3476,1.9669,0.0943,0.114,-0.2044,-0.6364,0.3761,0.772,-0.6903,-0.8389,-0.3826,0.6037,-0.4058,-0.3735,-1.1617,0.0821,-0.0088,0.2105,-0.3362,-0.4609,-0.5815,-0.1511,-0.3435,-0.3886,0.8816,1.3185,0.7907,0.5531,-0.7216,-0.9244,-0.2765,0.4377,0.8627,0.9444,-0.8459,-0.2658,-1.032,-0.4208,0.3625,0.4117,0.1631,0.8882,0.7062,-1.2451,-1.2996,-0.8777,-1.4363,-1.1169,-0.4286,-0.1998,0.2407,-0.8778,-0.6914,0.0246,-0.6599,-0.2444,-0.0608,0.3473,0.9342,0.768,-0.5416,-0.678,0.3576,2.0764,1.8411,0.6484,-0.192,2.2996,1.9568,0.0977,-0.5223,-0.9794,-0.4656,0.1031,-0.6091,0.0029,1.5699,0.5316,0.3061,0.7272,-0.0891,1.1365,0.7154,-0.2308,-0.0531,-0.6761,0.6576,1.294,0.139,-1.0494,-1.0975,-0.7305,-1.6015,-1.7775,-0.4389,-1.0143,-0.492,-1.3333,-0.3941,-0.957,-0.6089,-0.6378,0.2002,-0.0129,-0.3538,-1.9042,-0.1903,0.1365,2.9048,2.7344,2.1077,-0.1826,-1.1975,0.078,0.7398,-0.0798,-1.3025,-1.6835,-0.1518,1.0384,0.1755,1.5947,1.6712,0.716,-1.7794,-0.4894,0.57,-0.4813,-2.4953,-0.9083,1.3809,-1.0021,-0.9206,-0.9749,-0.6271,1.2696,2.1259,2.1826,1.4235,0.7602,1.4987,-0.2433,-0.1149,0.6261,0.9852,0.8816,-2.6953,-0.2714,0.4161,0.9481,1.5441,-1.1935,0.6033,0.1899,-1.0832,-0.6283,-0.6275,0.1049,-2.0306,1.2708,-0.2467,-0.4416,-1.5904,-2.5813,-0.7773,1.2114,1.0612,0.1962,0.0151,-0.167,-0.8659,-1.2307,-0.6822,-0.0995,0.2843,1.2061,0.0807,-0.3688,-0.3463,0.1089,0.0166,0.5057,1.1929,0.4386,-0.2229,-0.4516,0.383,0.5164,0.4771
"IC16",0.1856,-0.2993,-0.0579,1.134,0.9712,-0.5517,-2.2454,-2.1649,-1.3395,-0.4103,-0.5364,0.4201,1.3096,0.9338,0.252,-0.4232,-0.7005,0.2613,0.6093,0.5212,0.3497,0.7634,0.2147,0.4849,0.5014,-0.3657,-0.3103,-0.5257,0.131,0.8994,-0.6703,-0.5914,1.1888,0.5268,0.4028,0.533,0.1048,0.1388,-0.7221,-1.0612,-0.4677,-0.4715,-0.2442,-0.5026,0.2923,0.3923,0.5322,0.2756,0.3999,0.1999,0.9144,-0.1548,-0.2234,-0.0733,0.5511,1.6698,1.1871,-0.1212,-0.1428,-1.0265,-0.6367,-0.2193,-1.2269,-0.6072,0.8785,0.3437,-0.11,-0.0592,-0.3775,0.2976,0.6555,0.3156,0.71,0.243,0.225,0.0803,-0.9947,-1.1668,-0.4791,0.1602,0.1763,-0.7108,-0.9096,-0.3145,0.0799,-0.0581,-0.9553,-1.2649,-1.3433,-0.3543,0.6328,-0.1416,0.1939,-0.7045,-0.8527,-0.3758,0.814,0.1697,0.2573,1.68,1.3558,-0.3174,-1.9045,-2.2615,-1.2568,-0.0839,1.0679,2.3756,3.1608,2.2904,2.2791,0.8724,0.427,0.398,0.2711,0.0238,-0.0985,0.2109,0.6382,0.5474,-0.0076,-0.6374,0.1422,-0.9498,-1.6261,-0.6879,-1.2691,-0.4492,-0.5711,-0.1991,1.3043,0.5979,1.0941,0.2959,-0.3845,-1.7004,-1.8608,-1.2085,-0.4504,-0.2889,0.2559,1.5711,2.2441,1.3229,-1.8341,-2.1647,-1.7302,-2.2213,-0.7038,0.6948,0.3875,-0.0766,-0.073,-0.0787,0.8493,0.2266,-0.9038,-0.0806,0.3261,-0.825,-1.4177,3.16,0.6287,0.1527,0.0746,-0.0618,1.0221,-2.0489,-0.463,-0.4165,1.0914,1.974,2.1198,1.8594,0.8868,0.848,-0.9368,-1.2989,1.1684,-0.5273,0.1227,-0.2375,-1.1772,-1.0633,-0.0197,1.5569,3.2393,1.4895,-0.5872,-1.5377,-1.0737,-0.4905,-0.4697,-0.7052,-0.5801,-0.0686,0.2667,-0.1664,-0.099,0.1272,-0.2533,-1.3035,-0.4134,0.4038
"IC17",0.7306,1.3616,0.8466,1.3425,0.2737,-0.135,1.3104,-0.615,-1.2388,0.8782,0.3096,1.077,1.4576,-1.0485,-0.2733,0.1254,-0.4028,-0.9928,-0.4441,-1.6087,-1.975,-0.6086,-0.3641,-0.8464,-1.8735,-0.7312,0.6797,0.6381,1.3075,-0.7594,-0.0603,-1.8749,0.2345,-0.0725,-0.8663,-0.7998,0.5976,-0.0397,-0.4674,0.5062,0.1242,0.1155,1.2037,0.6033,-0.6526,-0.5754,0.4225,0.6457,0.0149,-0.2052,0.142,-0.3894,0.032,-0.0295,0.5926,0.6324,1.0468,1.0402,-0.214,-0.0159,0.4347,0.6519,0.3774,0.0973,0.1058,0.4703,0.0416,-0.563,0.2672,-0.3093,-0.0863,1.0667,0.9529,0.978,0.7328,0.3112,0.2249,-0.0757,0.9365,0.2693,-0.0537,-0.9429,-0.3708,0.2258,-0.1665,-0.538,-1.3945,-1.6569,-1.2085,-1.1047,-0.6781,0.1299,-0.4435,-0.8594,-0.1521,-0.0077,0.3366,-0.4036,-0.0868,-0.1588,-0.5926,-0.7488,-1.045,-1.9591,-1.9252,-1.6894,-0.6665,0.2395,0.8189,1.5662,2.2545,1.9169,0.6664,1.192,0.5168,0.9938,0.1418,0.3669,0.7004,0.9836,0.4282,0.7067,0.2942,1.0323,0.5791,0.1162,-0.3062,-0.7098,-0.0812,-0.1404,0.4207,-0.532,-0.8824,-0.3876,1.0954,0.0538,-0.1428,-0.3977,-0.191,-0.6488,0.997,1.108,0.3423,0.4057,0.1404,0.2129,-2.2006,-0.8555,-0.7889,-0.4252,2.059,0.0841,-1.9597,-1.0106,0.0825,-0.4634,-1.1241,0.3483,1.1594,0.4238,1.1822,2.2468,-2.0955,-4.088,-1.7808,-2.2062,-0.9372,2.2326,-0.2051,-0.5672,1.1863,1.8014,0.5626,-1.4939,2.0997,1.5777,1.552,1.533,0.1663,-0.1579,0.2346,-0.7314,-0.6528,0.1655,-0.8361,-0.6872,-1.1692,-0.4456,-1.0442,-1.159,-0.5488,-1.244,-1.3807,-0.1215,1.5481,1.1406,1.2153,2.5465,1.8226,0.0863,-0.9503,0.179,0.133,-0.7451
"IC18",0.2635,-0.3587,-0.3698,0.4553,-0.1233,0.4969,0.4884,0.8549,0.8273,0.2494,-0.1814,0.0266,-0.1145,0.4303,-0.0213,0.3625,0.166,0.1173,0.3935,0.1105,-0.8652,-0.7539,-0.3933,-0.3115,-0.5987,-0.7119,-0.5015,0.0828,0.1657,-0.0231,-0.479,0.1451,0.2457,-0.3756,-0.1931,0.2114,-0.1742,-0.3488,-0.1133,-0.6907,-0.6618,-0.5072,-0.3933,0.0301,0.221,-0.4666,-0.2048,-0.1251,-0.0732,1.1909,-0.0367,-0.284,-0.3868,-0.3621,-0.5208,0.1099,0.2201,0.6326,0.6943,0.7628,0.8378,0.4938,0.2107,0.2164,0.1138,0.0135,-0.0882,-0.2891,-0.5759,0.0016,0.4772,-0.1359,-0.0743,0.1157,0.2194,0.6162,0.0594,0.5601,0.4191,0.5478,1.0496,0.7356,0.5113,0.1685,0.4512,0.7339,0.6025,0.4693,0.4133,0.5556,0.1987,-0.0851,0.0891,0.1665,-0.0276,0.0728,-0.558,-1.1351,-1.4983,-3.39,-3.7346,0.1965,-1.1339,-0.6725,-0.6912,-1.1605,-0.8308,-1.0488,-0.7962,-0.3418,0.1809,1.2236,0.6726,-0.1728,-0.078,0.4167,0.2638,0.5846,0.6058,0.1965,0.2237,-0.2864,0.5469,0.7928,0.9306,1.0276,1.1151,0.7555,1.3667,1.3885,-0.8571,-2.3804,-1.9957,-2.0568,-1.4095,0.9782,0.8205,1.4238,1.0421,1.3529,0.7103,0.9222,2.0563,2.1638,1.7425,1.3354,1.3109,0.1616,-0.1854,0.324,0.3103,-0.1237,-0.1495,-0.2216,0.2347,-0.162,-0.2811,-0.3115,-0.6271,-0.9324,-1.5749,-1.8093,-3.3175,-4.5514,-4.2134,-3.7726,1.4981,0.5145,0.2343,0.1106,-0.2574,-0.7128,-0.6943,0.4464,0.6585,-0.307,-0.8622,0.2805,2.5929,2.2224,0.7742,0.3136,0.5667,0.6886,0.5771,0.4123,1.5283,0.9687,0.7994,0.5461,0.6954,0.6294,0.3877,0.0366,0.0034,0.1055,-0.2242,-0.6325,-0.5328,-0.4975,-0.3294,-0.3598,-0.3239,-0.8474
"IC19",0.5264,0.2457,0.0354,0.2429,0.5314,-0.2193,-0.6663,-0.8441,-0.2063,0.3304,0.2377,0.2074,0.0329,0.7561,0.7155,0.4745,0.5742,0.4347,0.4563,0.3063,0.528,0.2969,0.1736,0.1095,-0.0441,-0.1008,-0.484,-0.5772,-0.6173,-0.7761,-1.1107,-0.3818,-0.3885,-0.5248,-0.8361,-0.6,-0.3784,0.0421,0.0607,-0.1744,-0.2758,-0.107,0.2945,-0.0038,-0.2629,0.1796,0.4408,0.5198,0.6489,0.2256,0.0135,-0.1611,0.0736,-0.1535,-0.4041,-0.8203,-0.3971,0.0896,0.0174,0.0122,-0.2653,-0.4406,-0.3454,-0.324,-0.1004,-0.3051,-0.4918,-0.001,-0.0776,-0.3304,-0.2064,0.1427,0.1749,-0.0013,-0.0759,-0.0972,0.3479,0.746,0.4218,0.1402,0.09,0.1303,0.589,0.8555,0.6513,0.611,1.0489,1.3351,1.6399,1.6656,1.9283,1.8869,1.8006,1.7149,1.7387,1.6096,1.4059,-0.4815,-1.7474,-1.4355,-1.9752,-2.9913,-2.4784,-1.4203,-1.4877,-1.5612,-2.1846,-2.1811,-1.4456,-1.0496,-1.6028,-1.6809,-1.0549,-0.9822,-0.8867,-0.8152,-1.3522,-1.5104,-0.7775,-0.7324,-1.0013,1.7745,0.8474,1.63,2.3054,2.4655,2.2904,2.8472,2.5992,2.894,2.7329,0.3165,-0.0309,-1.0708,-1.748,0.3882,0.1173,0.0847,0.368,0.236,0.246,0.2919,-0.5102,-0.0337,-0.4597,-1.1304,-1.1262,-0.4876,-0.1054,-0.086,0.1178,0.9064,0.3032,0.6289,0.4064,0.6097,1.0008,0.9732,0.6223,0.6524,1.0475,-0.5693,-0.5485,-0.1062,-1.3511,-2.1053,-1.9899,-1.5602,-0.6934,-0.9897,-1.244,-0.877,-0.4268,0.2067,0.0603,-0.1297,-0.0294,0.0947,-0.5307,0.222,0.9462,0.7751,0.7127,0.8374,0.586,0.7199,0.2697,-2.496,-1.4554,-0.1699,0.0488,-0.0321,0.1016,0.1629,0.0414,0.2726,0.5697,0.0133,0.0428,0.6113,0.7086,0.3721,0.2472,0.6719
"IC20",-0.6025,-0.9448,-0.0353,0.3456,0.5405,0.9644,-0.2525,-0.1564,-0.0669,-0.0548,-0.0219,0.2492,0.5579,0.8052,-1.0791,-0.3885,0.2207,0.1876,-0.0502,-0.8545,-0.4838,-1.1166,-0.7672,-0.038,0.5335,-0.4645,-0.6211,-0.4398,0.4291,0.956,-0.7469,0.5197,0.2807,-0.1938,0.0246,1.3167,0.4952,-0.2979,-0.1212,0.8193,0.4612,0.2647,0.1219,0.8166,0.6379,-0.7127,-0.5693,-0.1102,-0.3095,0.2477,-0.1585,-0.9536,-0.1473,-0.2625,-0.4269,0.0728,0.2574,-0.5286,0.3887,0.9981,1.1138,1.115,-0.3655,0.0415,0.697,0.9514,0.1998,0.8451,-0.1021,-0.8579,0.5393,-0.5332,-0.6373,-0.3296,0.0094,-0.0402,0.1097,0.3358,0.0074,0.0833,0.8144,0.1756,-0.85,-0.8148,-1.2702,-1.1467,-0.9192,0.7953,0.4889,0.8133,1.348,0.0618,0.0432,0.9885,-0.0167,-0.699,-0.9453,-0.5606,-0.8562,-2.9564,-3.2356,-1.4373,-1.7713,-0.5411,-0.1303,0.2464,0.5549,0.7107,0.9966,0.5033,-0.1911,0.3205,1.4233,0.8746,0.5895,-0.0855,0.2985,0.7598,1.0207,1.2469,0.8646,0.5261,0.5186,0.3598,0.11,0.4161,0.4181,1.1304,0.9229,1.1577,0.5915,-0.0316,1.1396,0.2969,0.6063,0.7629,-0.7474,-0.4767,1.003,0.3266,0.4328,0.0411,-0.2572,1.2932,-0.7897,-1.7462,-2.1625,-2.4533,-1.7209,-1.8971,-1.2539,-1.1073,-1.4861,-2.1849,-1.1785,-0.7296,-0.7976,-0.4742,-0.2748,-0.6043,-0.5523,2.3788,0.2897,-0.2872,-1.0887,0.094,3.6622,0.52,-0.6309,-0.9395,-0.9635,1.6771,0.9397,-0.5898,0.4761,0.8746,0.3778,0.5872,5.3429,2.6217,0.2914,-0.3917,-0.3653,0.2037,0.4019,-0.0109,1.512,2.3907,-0.1841,-1.1107,-0.6345,0.0526,0.4691,-0.6717,-1.1598,0.0187,-0.3177,-1.7386,-1.4874,-1.7616,-0.7129,-0.0872,0.5541,0.0397
"IC23",-1.1362,-0.4781,-0.7416,0.0947,1.089,0.1656,0.155,-0.4858,0.0712,0.0298,-1.0516,-0.736,-0.6261,1.3695,2.1957,1.0031,1.0267,-0.133,-0.557,-0.1896,0.3436,1.1194,1.034,0.0667,-0.2386,-0.1112,-0.8184,-0.947,-0.1308,-0.7351,0.4312,-0.267,0.3372,0.4542,-0.6309,-0.2828,-0.4752,-0.6682,-1.4677,-1.1199,-0.5435,-0.4229,-0.081,-0.1835,0.8521,0.0837,0.1569,0.2051,0.0849,0.4141,-0.1844,0.7054,0.0913,-0.117,-0.5199,-0.2584,1.584,1.6825,0.1964,-0.195,-0.3098,0.2847,0.6562,0.1847,0.8704,0.9503,0.24,-0.7297,-0.447,-0.4123,0.0245,0.2545,0.4781,0.3469,0.6749,0.6166,-1.1431,-0.9398,-0.0837,0.2803,-0.101,-0.6592,-0.55,0.781,0.6926,-0.2242,-1.2954,-0.9707,-0.0943,0.2418,-0.0275,-0.1424,-0.4803,-0.8426,-0.7812,-0.6998,-0.0352,-1.0288,-0.6617,1.0328,0.6448,1.7421,1.7881,0.4199,-1.3662,-2.5959,-1.5962,-1.4657,0.2534,0.542,0.9043,0.8425,0.9966,1.1022,0.5717,1.0604,1.2078,0.139,0.217,0.0305,0.224,1.2917,0.1085,-1.4137,0.2234,0.2344,-0.508,-1.7146,-1.0949,-0.3131,0.443,1.4705,1.4354,1.6084,0.2991,-1.7684,-1.2325,0.0406,-1.1086,-2.1367,-1.8558,0.4367,1.8959,1.6064,2.958,1.4429,0.8624,-0.6575,-2.0689,0.2003,-0.8044,0.3698,-0.7019,-0.3386,-0.0609,-0.122,-0.4553,-2.5077,-0.8355,-0.4207,-1.579,-0.4161,2.23,2.3182,0.5712,0.3826,0.1107,-1.3049,-1.5168,-1.4499,-1.7851,-2.1482,-0.3559,1.8388,1.3584,0.4685,0.8869,3.5742,2.6663,0.8569,0.1751,0.4299,0.3243,-0.7994,-1.6401,-1.9586,-0.2114,0.1467,0.863,0.58,0.8612,0.6264,-0.7384,-0.2275,-0.0265,0.3337,-0.3872,-0.8648,-0.1108,0.4678,-0.7184,-0.3654,-0.3047,-0.091
"IC24",-0.7682,-0.4389,-0.3599,-0.3399,0.0918,-0.9781,0.474,0.7971,0.74,0.484,0.0013,-0.1157,-0.5277,0.4438,1.8083,0.9618,0.2014,-0.15,0.102,0.2817,-0.2088,0.1305,0.4232,-0.4629,-0.528,-0.6037,-0.58,-0.3393,-1.2048,-1.4398,-0.019,0.1147,-0.1067,0.1784,-0.4257,-1.1071,-1.0594,0.0582,0.0517,-0.592,-0.3777,-0.067,0.1619,-0.3907,0.2802,1.1365,0.6252,0.1891,-0.2666,-0.2534,0.6381,1.3144,0.801,0.5946,0.2865,0.2225,0.3507,0.7401,0.6427,1.3314,0.7122,0.7962,0.6985,0.2696,0.3597,0.5887,0.5614,-0.4071,-0.0515,-0.3512,-0.2453,-0.2404,-0.4479,-0.5412,0.1734,-0.1373,-0.6051,-0.8133,-0.8139,-0.5453,0.0372,0.0726,-0.6547,-0.6621,-0.928,-0.3222,-0.4746,-0.9327,-1.0265,-0.6125,0.4793,0.1739,-0.7863,-0.7064,-0.757,-0.5976,-0.7186,0.6011,0.6012,1.6273,2.5216,0.0395,0.4528,-0.4259,-1.1102,-1.7183,-2.2094,-0.9125,0.0271,-0.4538,0.3162,1.3779,1.8909,1.9698,1.5107,0.8267,1.4097,0.8835,0.2886,0.1301,0.0962,0.431,-1.8056,-0.2167,0.5419,-0.1455,-1.2012,-1.1877,-0.7439,-0.4748,0.9893,2.9913,2.9793,2.9888,1.8306,0.3745,0.1151,-0.9463,-1.6503,-1.7648,-1.3248,-1.3018,-0.9977,-0.2977,0.9095,-0.1127,0.0345,0.0452,-1.0576,-1.7889,-1.2472,-1.1764,-0.9333,-1.1339,-0.6576,0.1326,-1.64,-2.089,-1.0951,-0.0604,1.9298,2.4158,1.4408,1.8469,2.3545,1.1944,-2.7415,-2.0618,-0.5106,-1.1825,-1.6478,-0.5385,0.6191,0.0148,0.9564,1.0983,1.3079,1.4744,1.8122,0.9239,0.5434,0.9106,0.1529,-0.2506,-0.6762,-0.7644,0.8898,1.7853,0.5622,1.0882,0.3092,-0.0728,-0.0454,-0.0829,-0.2521,-0.9249,-0.5778,-0.6796,-0.9586,-0.7007,-0.8044,0.2021,-0.2997,-0.6054
"IC26",-0.6754,0.2368,0.7345,1.2693,0.8053,1.3711,-0.0421,-0.2687,-0.4096,0.8177,0.2431,0.2305,1.4457,1.5757,-0.2849,-0.2751,-1.1119,-0.3983,0.6273,-0.246,-2.0502,-1.5575,-1.1687,-0.5362,-1.2931,-1.7602,-1.6598,-1.1941,-0.6619,0.0365,-0.8312,0.815,2.0954,0.5693,0.4241,-0.1758,-0.4738,-0.7047,-0.2079,-0.6225,-0.342,0.1447,0.5168,0.4183,0.7501,0.3974,0.1803,0.2543,-0.3429,-0.2982,0.1948,0.5507,0.3179,0.0046,0.0738,1.9339,0.6843,0.3657,0.0096,0.6334,0.9327,1.0813,1.4546,0.524,0.409,0.2736,0.1279,-1.2499,-1.3455,-0.6645,-0.5081,-0.4576,0.1057,0.5649,0.5486,0.232,-0.5938,-0.1779,0.0933,0.689,1.1259,-0.3422,-0.6077,0.0018,0.4003,0.5999,0.2173,-0.6093,-0.6617,-0.7659,-0.0098,-0.2984,-1.0461,-0.5558,-0.3,-0.1183,0.3789,-0.0612,-1.4188,-0.6214,-0.4815,0.6984,-0.3336,-0.6906,-1.3643,-2.3482,-1.9067,-1.9161,0.0132,0.5164,0.5986,0.392,0.5298,0.5332,1.2698,0.2675,0.3623,0.5327,0.3868,0.4863,1.1052,0.9618,0.7845,-0.046,-0.1469,0.7016,-0.1957,0.3222,0.8577,0.4498,0.8571,0.5717,0.7565,0.3353,-0.2061,1.2473,0.3511,0.5745,0.1691,0.807,0.3019,1.0253,2.3172,1.8398,0.9776,-0.4173,-1.945,-1.6881,-1.3208,-0.5821,0.0015,-1.4091,-1.0577,-0.9645,-0.0089,0.4176,-1.2679,-2.5869,-2.1376,-1.8557,-3.0929,1.2974,-0.2427,-1.6015,-0.7434,0.5957,3.579,-0.8041,-0.831,-1.5842,-1.0098,-0.1832,-0.0312,-0.7068,0.7197,0.3137,0.0835,0.2953,3.6761,1.8379,1.0403,0.9869,0.2273,-0.4851,-0.6875,-0.2355,1.9925,2.1841,0.4332,0.1531,0.0345,-0.1249,-0.5722,-0.7055,0.0478,0.2634,0.4179,0.9041,1.1155,0.1666,-1.1731,-1.1326,-1.1007,-1.242
"IC27",-0.9262,-0.5688,-1.2897,0.0687,0.3271,-0.5602,0.2995,-1.5259,-1.4495,0.2602,0.7502,1.7505,2.8104,2.3334,1.0571,0.2504,-0.19,0.045,0.3875,-0.6428,-0.286,-0.2808,-0.3524,0.0639,-0.0737,0.3946,0.8535,0.281,1.1769,-0.4122,0.1334,-0.2771,0.22,-0.457,-0.795,-0.3971,-0.0192,-0.5263,-1.2193,-0.4465,-0.4853,-0.9731,-0.2177,-0.7747,-0.8958,-0.3099,0.217,0.5843,0.3659,0.4668,0.2805,-0.5241,-0.5694,-0.4058,-0.0209,0.2297,0.7259,0.5317,0.5017,0.7538,-0.3155,-0.6066,-0.3865,-0.4369,-0.3174,0.1911,0.169,-0.1724,0.0075,-0.2963,-0.0657,0.3692,-0.1406,-0.0245,0.7654,0.4912,0.9335,0.282,0.6202,0.7543,-0.2585,-0.8297,-0.0441,-0.077,-0.906,-0.3292,-0.9368,-0.8065,-0.5657,-0.5829,0.6054,1.1869,0.3379,-0.3536,-0.3366,-0.5424,0.1047,2.5963,1.5432,0.6128,0.6678,1.3128,0.6821,0.3531,0.2721,-0.1809,0.0082,0.0331,-0.8729,-1.1484,-0.5635,-0.5398,-0.6505,-0.1157,-0.3736,-0.4038,-0.3315,-0.3525,-0.7026,0.1689,-0.5618,0.2393,-0.1766,0.0649,-0.1037,0.1416,-0.0296,-0.9609,-0.8061,-0.2533,1.046,1.054,0.6313,0.3129,0.3156,-1.4363,-1.6395,-1.9929,-1.6266,-1.9456,-0.6531,-0.6672,-1.3229,0.7975,1.858,3.7091,1.7567,1.4386,1.2389,0.6895,0.8999,-0.583,-0.6539,0.5818,1.168,0.755,0.3458,0.8059,2.0257,0.6385,-0.3116,-2.4389,-0.9627,-0.0232,-0.0111,-1.0837,-3.5221,0.3201,0.5679,0.2695,0.8114,0.3586,0.8495,0.8857,3.5198,2.4324,1.7501,0.4297,-2.3096,-1.9609,-1.9345,-2.0725,-1.6907,-0.5023,-0.9242,-1.5915,-1.5713,0.3997,0.1161,-1.2429,-0.5435,-0.3932,-0.1133,0.5138,0.3525,-0.0983,-0.1013,0.7848,1.29,0.2675,-0.4354,0.0942,1.1735,1.8007
"IC29",-0.5542,-0.1263,0.4935,0.924,1.1214,1.2517,-0.497,-0.6645,-0.2657,-0.5439,-0.3329,-0.8456,0.9225,2.2797,0.0579,-1.5477,-0.8428,-0.6706,-1.406,-0.4686,-0.1494,-1.4747,-1.1147,-0.9756,-0.2084,-0.1501,-0.776,-0.3504,0.0588,1.3005,1.072,1.519,0.232,0.0977,0.4272,-0.411,0.2633,0.1489,-0.9105,-0.8007,-0.6046,0.9615,0.8185,2.4047,2.232,0.1034,0.0169,0.0343,0.6658,2.0445,0.1779,-0.4976,-0.5692,-0.0266,-0.2629,-0.5596,-0.3293,-0.7468,1.6696,0.9369,1.5487,0.8196,-0.7745,0.2668,0.7565,1.1411,-0.1444,-0.6499,-1.4136,-2.786,-2.0411,-1.4906,-1.4831,-0.5293,-0.9555,-1.6339,-1.3466,-0.0339,0.0677,0.0514,0.8448,-0.1246,0.1592,0.779,1.6286,0.2016,-0.9772,0.8477,-0.0612,0.1403,1.5642,0.0182,-0.9164,-0.3236,0.5472,0.1631,0.6692,1.9252,0.2464,-0.3568,-0.0806,1.6223,0.512,-1.0626,-1.8779,-1.6312,-0.8667,-0.5521,0.2184,0.6697,0.3509,0.446,-0.0581,-0.4522,0.5339,-0.01,-0.679,-1.0302,1.061,2.0073,2.2667,1.8661,0.4766,0.7851,-0.3599,-1.3023,-0.9656,-0.4719,0.4578,0.3947,0.9798,0.4815,0.0255,-0.6217,-0.2383,0.4097,-0.1586,-1.362,-0.0132,0.3266,-0.5079,-0.458,0.1674,1.2273,-0.6812,-1.7024,-2.3161,-1.6376,0.0422,0.944,0.8669,-0.1738,-0.4954,-1.1296,-2.1105,-1.4146,-0.2635,0.4118,0.7929,-0.1338,-0.5992,-0.3721,1.5528,1.6732,1.7557,1.7588,0.5906,-0.3568,-2.041,-1.0671,-0.9525,-0.5364,-0.1432,0.3958,0.8594,0.172,0.7656,1.2493,2.7471,1.9102,0.805,0.4573,0.1434,-0.2913,-0.5835,-0.5705,-0.7008,0.5141,0.4936,-0.6238,-1.1908,-0.5628,-0.4828,0.3353,-0.1735,0.4722,0.7911,0.3316,0.9467,-1.4827,-1.4831,-1.0639,-0.5259,0.6609
"IC31",-0.068,-0.2425,0.4175,1.9036,0.7282,-1.2869,-0.5846,0.5079,-1.2244,-0.7372,-0.2618,1.2876,3.0695,2.2268,-0.0055,-0.2454,-0.9424,-0.6938,-1.1032,-0.6236,-0.2351,-1.0137,-1.0182,0.1193,-0.1824,-1.4101,-1.422,-1.4282,-1.1175,1.4168,-1.0481,0.3354,0.2524,-0.5657,0.6236,0.3655,0.2215,0.0251,0.4873,0.0773,-0.4171,0.2015,0.6687,0.5912,0.8401,0.2306,0.3792,-0.1219,-0.1377,-0.5889,-0.1391,1.9795,2.251,0.9652,-0.117,0.4769,0.348,0.1306,1.423,0.5671,-1.1826,-1.6427,-0.5945,0.4912,0.1998,-0.0037,-0.3647,-0.2676,-0.7934,0.1483,1.167,-0.1212,-0.3431,0.1069,0.1271,-0.3354,-0.7385,-0.7163,-1.1405,-0.497,-0.2872,-0.2511,-0.157,-0.4397,-1.1273,-0.8754,-0.3569,-0.3789,-0.9903,0.0828,1.0837,-0.7158,-0.4609,0.3922,0.1758,-0.1136,-0.5909,-0.6192,0.7214,2.6709,3.4173,2.0973,-0.0487,-0.9153,-1.3756,-1.7881,-0.5581,0.5753,1.5579,1.4517,1.207,0.7747,0.4015,0.1682,0.2503,-0.6137,-0.0735,-0.2163,0.1472,-0.3795,0.4654,0.4231,-0.5216,-1.1609,-1.0214,-0.8533,-1.7614,-1.4726,-1.3234,-1.2974,-0.5222,-0.8585,0.8406,2.0725,1.4428,0.6819,0.4615,-0.4353,-0.2131,-0.3049,-0.7346,1.1612,2.3467,3.216,0.5803,-0.4119,-0.5146,-1.2089,-1.2522,-0.2736,-0.5337,0.0189,0.2167,0.0817,0.9942,1.1019,0.4556,-0.1157,-0.4813,-0.5901,-1.409,-1.5993,-0.8668,0.2977,1.2489,1.5667,0.1387,-1.7433,-1.59,-1.7043,-1.072,0.938,1.2695,0.5044,-1.2471,0.149,1.5373,0.3762,-1.6347,-1.0458,0.7771,1.1128,-0.5672,-1.1553,-0.3615,0.1776,1.8805,1.9207,-0.077,0.6261,0.9655,0.9396,0.3721,-0.2251,-0.947,0.4224,0.4969,0.0726,-0.1364,-0.4535,-0.4671,-0.2854,-0.7016,-0.6769
"IC33",-0.061,-0.6318,-0.8851,-0.8188,-0.5132,1.5838,2.7312,0.2595,-1.3607,-0.6185,-0.4084,-0.1665,0.2481,0.9426,2.7827,2.3006,0.6384,-0.3666,0.0125,-0.6833,-0.7978,-0.5001,0.0579,-0.1209,-0.4294,-0.5561,0.5763,0.5808,0.6078,-0.5168,-0.2208,-0.1566,-0.0062,-0.3143,-0.2929,-0.1263,-0.0313,-0.0286,-0.4347,0.2753,-0.3125,-0.6488,-0.0272,-0.1259,-0.7933,-1.0051,-0.3235,0.0624,0.0548,-0.7813,-0.428,-0.5175,-0.1479,-0.6274,-0.6956,-0.4934,0.383,0.4415,0.7534,-0.0276,-0.6164,-0.5793,-0.3071,-0.0576,-0.0067,0.3342,-0.2806,-0.1708,0.5175,0.0136,0.2731,-0.0603,-0.1119,-0.0073,0.5252,0.1581,0.0246,0.4512,0.9559,0.9779,0.7538,0.9781,1.3777,0.4111,-0.295,-0.1091,-0.4043,-0.0747,0.1644,0.0218,-0.3793,0.4826,-0.0431,-0.1442,0.4777,0.6534,0.5195,-0.6089,0.5273,0.5045,0.4677,0.6141,0.2515,-0.3304,-0.2226,-0.3046,-0.3229,-0.3452,-0.6957,0.0587,-0.0778,0.3632,-0.4416,-0.3194,-0.7874,0.0724,0.115,-0.1008,-0.8237,-0.5942,-1.1528,-0.1436,-0.1993,0.0748,0.106,0.4878,0.1555,-0.5038,-0.8362,-0.9148,-0.9477,-1.3363,-1.707,-1.3059,-0.5395,-1.2914,-1.7384,-1.8908,-1.6544,-1.4881,0.1668,0.8786,0.9657,1.0665,1.4207,2.4423,1.7481,2.1636,2.323,1.8094,2.2531,1.637,1.3536,2.1911,2.9747,2.0979,1.0034,1.3011,1.5564,2.1419,1.8021,-0.3455,-1.5891,-2.9375,-2.9875,-2.234,-2.5445,-0.1324,0.1829,-0.3949,-0.7288,-1.1645,-0.9983,-1.7297,0.3507,-0.0529,-0.0135,-0.9636,-2.4402,-1.146,-0.9083,-0.982,-1.0519,-0.5486,-0.5335,-0.9281,-0.8572,-0.7906,0.352,0.0861,0.5522,0.367,-0.0399,0.255,0.5222,0.3674,0.4045,1.006,1.2005,1.008,0.7415,0.8934,0.827,0.742
"IC36",-0.5316,-0.5076,-0.4834,0.0283,2.2136,1.3069,-0.0453,-0.2085,-0.4708,-0.7541,0.004,0.2324,0.9578,0.6501,1.6702,-0.1147,0.0824,-0.4317,-1.6218,-0.8568,-0.5612,-0.6883,-0.9225,-1.1539,-0.6247,-0.6444,-0.0866,-0.6889,1.2579,1.5948,1.6257,-0.0533,-1.0325,0.1414,-0.3978,-0.3805,-0.2123,-0.0678,0.0601,0.2061,0.5751,0.5112,0.2081,0.8687,0.3042,0.9787,0.3231,0.9922,0.6186,0.3061,0.3861,-0.2381,-1.0788,-1.1015,-0.0983,-0.6556,-0.4897,-0.4268,-0.1006,0.5886,1.2016,0.4482,-0.5285,-0.41,0.4681,0.7652,-1.2133,-0.6041,-1.7945,-1.6791,-1.3626,0.1448,-0.9131,-0.7579,-0.6445,-0.4949,0.2012,0.0059,0.6814,0.6716,1.4254,2.2064,1.3675,0.6304,0.6172,-0.4673,-0.032,-0.0967,-0.1212,0.0214,0.3994,0.1847,-0.1339,-0.5589,0.1025,-0.1876,0.2191,1.4637,0.4837,0.1221,1.2537,0.3305,-0.7538,-1.4101,-2.186,-1.4479,-0.1505,-0.7595,-0.5864,-0.071,0.6401,1.0018,1.05,1.0974,-0.2221,0.1858,-0.0508,-0.1079,-0.1046,0.2457,0.0788,0.4408,1.3913,1.4125,-0.1467,-1.3956,-0.4877,0.1976,0.6574,1.2806,0.3305,-1.639,-1.2522,-1.2234,-0.2798,-0.6062,-1.1329,-1.9428,-1.3846,-0.987,0.3274,0.8632,1.8305,0.7361,0.2761,-0.5914,-0.7665,-0.6007,-0.1861,-0.0934,0.2402,1.3508,0.9937,0.6325,-0.6145,-1.09,0.6387,1.6863,2.1411,1.7136,0.6671,0.4738,-0.9442,-1.5554,-1.2604,-0.5887,0.0821,0.206,-1.3219,-0.6807,0.1273,0.8041,0.1286,0.0961,-0.1104,1.826,2.3107,2.5762,2.5993,0.0235,-0.4393,-1.2344,-1.1201,-1.4757,-2.5145,-1.3162,-1.6347,1.1679,-0.427,-2.1384,-2.7973,-2.5005,-0.9242,0.4282,0.8875,1.0106,0.9751,1.9083,1.2586,0.5047,0.5073,-0.404,0.2626,1.0099
"IC37",-0.9574,-1.0888,-0.5242,0.4303,0.9325,1.7056,0.134,0.4083,-0.0199,-1.0029,0.3202,1.0181,1.5941,1.5612,0.5135,-0.9295,-0.9578,-0.9296,-1.4208,-0.39,-0.8322,-1.7907,-1.5984,-0.2864,-0.1036,-0.437,0.2495,0.1273,0.2971,0.8331,0.8007,0.0439,-0.4425,0.1471,0.0293,0.0742,0.2692,-0.0873,-0.1427,0.618,0.6362,0.5978,0.2231,1.1141,0.5612,0.7148,0.2694,0.0779,-0.059,0.5922,-0.5204,-0.9107,-0.8201,-0.052,0.3102,-0.3193,-0.2781,0.4744,0.4973,0.77,1.0759,0.7172,0.2118,-0.1605,0.1028,-0.2292,-0.9171,-1.1138,-1.686,-0.9932,-0.8513,-0.3186,-0.175,0.395,0.4175,0.5053,0.2935,0.3324,0.3108,0.2062,-0.4348,-0.1796,-0.1059,-0.107,0.3405,-0.0915,0.1657,0.0746,-0.3968,0.3532,0.3201,-0.1685,0.4762,0.4148,0.1788,0.1666,0.0343,1.0546,0.4701,-0.5054,-0.4648,-0.3513,-1.4664,-1.9154,-2.4425,-1.7845,-0.0316,0.0851,0.8683,1.7899,0.6643,-0.7095,0.3094,0.2143,0.1677,1.0263,0.3298,-0.9607,-0.3227,0.5253,0.9681,-0.0749,1.1336,1.852,1.1254,0.5619,0.4731,0.3391,1.2741,1.0632,0.7354,-1.1892,-1.799,-2.3211,-0.6522,1.2124,-0.0571,-0.4767,-0.8218,-0.5913,-0.5871,0.5697,1.9981,1.6182,0.8279,-0.158,-1.0349,-0.8954,-1.0217,-0.6619,0.2887,0.2918,0.0029,-0.2982,-1.6944,-2.2019,-0.6732,0.1229,0.4743,0.1143,-0.8271,1.3552,-0.6547,-2.6416,-3.4734,-2.4041,2.4863,0.677,-1.1251,-0.6958,-0.1524,1.8672,1.397,1.2968,1.7766,2.4272,1.6019,1.4128,4.3123,1.4016,0.5692,-0.2863,-1.185,-0.9732,-0.5596,0.0397,-0.8718,0.2998,0.3645,0.26,-0.5197,-0.7854,-0.7211,-0.9448,-1.1198,-0.5229,-1.0218,-0.8423,-0.4353,-0.5698,0.1205,0.1519,0.8539,1.0655
"IC38",-1.1352,-1.1798,-0.8238,-1.1406,-1.0604,2.0989,1.6188,0.816,1.0885,0.7052,1.2469,0.758,0.4159,0.7194,-0.0769,-1.4749,-0.6443,-0.2844,-1.1501,-1.5895,-1.2953,-0.6864,-0.9622,-0.9788,-0.0729,0.7321,-0.277,-0.1942,1.0164,1.1893,0.8741,1.0484,0.9145,0.9878,0.9112,0.5926,0.2821,-1.1415,-0.9954,-0.5091,0.2947,0.3895,-0.006,0.8956,1.1951,0.6963,-0.6019,-0.207,-0.3038,-0.3935,-0.6953,-1.2687,-0.9232,-0.3044,-0.0635,0.2188,0.2007,-0.2132,-0.4461,-0.4025,0.1193,0.3687,0.4943,-0.2796,0.6765,1.3391,0.9871,1.0353,0.0611,-0.6991,-0.7795,-0.5141,-0.7726,-0.631,-0.6347,0.2666,0.221,-0.2388,-0.465,-0.0751,-0.0792,0.0182,-0.4035,-0.3794,0.0539,-0.6691,-0.7247,0.0909,0.663,0.483,1.3953,1.2144,0.1994,0.6584,0.609,-0.261,-0.4992,0.92,0.6079,-0.6161,-0.6578,-0.4827,-0.6417,-0.114,-0.4173,0.0108,-0.1272,0.0351,0.5307,-0.1257,-0.958,-1.302,0.1899,-0.3347,-0.8952,-0.5288,-0.237,-0.1081,0.0513,0.3735,1.041,0.0741,2.2118,2.0249,0.478,-0.4434,-0.3657,-0.3201,0.7094,1.4081,0.9364,-0.6382,-0.1629,-0.8119,0.6472,1.1542,-0.618,-0.6941,-0.4469,0.5377,-0.0792,-0.1425,0.7309,0.112,-0.7448,0.045,-0.6616,-0.7219,-0.9745,-0.8582,-1.3003,-1.088,-0.3243,-0.5521,-1.3228,-0.9849,0.0297,0.4027,1.7867,1.9172,-0.2105,0.5361,-1.2448,-2.67,-3.4664,-1.8966,3.773,2.7093,0.2957,-0.1268,-0.2119,1.8027,0.7908,-0.5428,-0.2472,1.5122,1.0729,1.3469,3.9292,2.2998,0.554,-0.4073,0.0876,0.7659,-0.0728,-0.7896,-1.7987,0.1441,-1.066,-1.7215,-1.5313,-0.6853,-0.5218,-0.6902,-0.7275,-0.3978,-0.7411,-0.2367,-0.5286,-1.432,-0.36,0.7066,1.6099,1.9716
"IC41",-1.1349,-1.5175,-0.3937,0.8553,0.9158,-0.2713,-0.3939,0.3591,1.2185,0.1403,-0.6861,-0.1238,0.6559,0.6918,0.4408,-0.3913,-0.2049,-0.0076,-0.8101,-0.4841,-0.4021,-0.3048,-0.7756,-0.6973,0.4797,0.0739,-0.5161,0.0793,-0.0036,0.3514,1.2308,0.7033,1.1426,0.3228,0.2575,0.4532,-0.5297,-0.2728,-0.7449,-1.3496,-0.3619,0.0409,0.5143,0.8743,1.9286,1.211,0.6423,-0.6279,-0.8768,-0.2262,-0.7927,-0.9108,-0.8918,-0.0594,0.3799,0.8102,0.8541,0.2824,0.1185,0.4463,0.5877,0.567,-0.4797,-0.1904,0.7268,0.2431,0.2363,-0.9779,-1.95,-1.0483,-0.3594,-0.5575,-0.4098,0.4344,1.1538,1.22,0.4285,0.0102,-0.0448,0.3383,0.5757,0.2408,-0.3161,-0.7371,-0.382,0.0341,-0.9865,-0.2716,-0.2688,0.1028,1.2739,0.7179,0.0495,-1.0059,-1.6162,-1.4059,0.0885,0.9718,1.0582,0.9585,-0.7599,-1.8136,-2.4043,-2.1965,-1.7923,-2.0242,-2.223,0.4612,2.4203,1.4563,1.3684,1.9466,2.1108,1.7296,0.9984,0.748,0.4459,0.0429,0.9565,1.3717,0.6559,0.7759,-0.0752,-0.2583,0.0743,0.1369,0.0011,1.2577,2.2055,1.1887,-0.2313,-0.2377,-0.8499,-1.4874,-0.8677,-0.9494,-1.0084,-1.382,-1.4195,-0.6722,-0.1815,0.5756,1.1645,0.1612,-0.8425,-1.3987,-0.9414,-1.2691,-0.8905,-0.1078,-0.4262,-0.4449,0.2096,-0.3061,-0.6717,0.269,-0.2034,0.0547,0.5432,-0.2679,-1.0788,1.7401,-0.1806,-0.5749,-0.3795,0.0241,2.0587,-1.1068,-0.8065,-1.0405,-0.0856,0.1809,0.2094,0.7132,1.2137,1.4321,0.9011,2.0289,4.4263,2.8779,1.09,-0.2487,-1.1143,-1.0546,-1.1229,-0.4534,1.3566,1.3411,-0.3475,-0.9767,-0.9001,-0.4232,-0.9036,-1.2248,-0.7817,-0.7022,-0.4842,-1.0877,-0.808,-0.177,-0.5006,-0.4204,0.8085,1.1357
"IC42",-0.2024,0.2281,0.5913,0.4189,1.0642,0.4633,0.145,-0.9686,-0.9376,-1.1498,-0.0594,0.7085,1.7878,1.2537,1.1529,-0.8753,-1.4091,-0.9636,-1.952,-1.9621,-0.8403,-0.9826,-0.7458,-0.6554,0.2247,0.2325,0.6701,-0.2831,0.8398,1.0254,1.614,0.8665,-0.0655,0.7676,-0.2742,-0.4485,-0.2585,-0.708,0.2372,1.3873,1.5264,1.1479,0.9273,0.7531,-0.6489,0.3241,-0.0727,-0.9166,-0.0981,-0.8094,-0.9325,-0.6889,0.051,0.2576,0.8459,0.2004,-0.2248,-0.601,0.2659,1.5477,1.078,-0.5615,-0.9109,-0.0502,0.3796,1.0123,0.3248,-0.1895,-1.6362,-1.6516,-1.8768,-1.7958,-1.3135,0.2394,0.4381,-1.1082,-0.4673,-0.4079,0.7653,1.158,0.4861,-0.4055,-0.1064,0.4737,0.9266,-0.1125,-1.3045,-0.5418,0.2594,1.3639,0.8082,0.8629,1.159,0.4697,0.3953,0.776,0.6626,1.3307,0.9907,1.1922,1.9632,0.5084,-1.2183,-3.091,-2.0323,-1.5079,-0.7581,0.2205,0.3516,0.618,-0.0619,-0.7472,-0.5843,0.2041,-0.499,-0.2588,-0.3944,-0.5293,-0.6527,0.1939,-0.4307,0.1132,-0.0139,1.5124,1.1811,0.1301,-0.6633,-0.6521,0.1055,0.9558,0.7719,-0.1703,-0.5713,0.2175,0.5808,0.0079,0.4189,0.0374,0.5028,-0.8891,0.9405,2.3119,2.6362,0.4031,-1.0424,-2.1439,-3.4847,-1.3797,-0.1722,-1.254,-0.8363,0.3925,1.1729,0.694,-2.1128,-2.4465,-1.273,0.4378,1.2315,1.6573,1.1497,-0.011,0.6894,2.0578,2.7719,0.1765,-2.0387,-0.3321,-0.9447,-0.7812,-1.0363,-0.1691,0.0867,0.61,0.08,0.7981,1.4355,0.8414,-0.5439,0.6564,1.0077,0.2114,-0.1961,-0.1091,-0.4747,-0.0095,0.1163,0.5354,0.0344,-0.5527,-1.1631,-1.4709,-0.5135,-0.1391,-0.0763,-0.5078,-0.1971,0.0274,-0.4605,-0.4548,0.3962,0.0179,0.677,1.3
"IC43",-1.5961,-1.5342,-0.5677,0.1528,-0.5655,0.5625,0.0726,0.9271,0.9718,0.0062,1.0204,1.0316,2.2692,1.4166,0.0829,-0.4797,0.0993,0.2713,-0.6435,0.0579,-0.6402,-0.7974,-0.9903,-0.4669,-0.7242,0.0299,0.6534,0.2527,0.6796,0.7649,0.8465,0.2234,-0.9852,-0.8263,-0.3267,-0.4014,-0.2629,-0.1513,-0.1308,-0.0279,0.4264,0.5982,-0.8999,-0.2086,-0.2976,0.4756,-0.3323,-0.1401,-0.1686,0.097,0.3534,0.4242,-0.6396,-0.2168,-0.1746,0.2316,-0.0896,-0.1304,0.0388,0.6137,0.8051,-0.256,-0.3725,-0.5072,0.0684,-0.8758,-1.5474,-1.2717,-1.8258,-0.7963,-0.7942,-0.0475,0.497,1.3874,0.4713,0.4281,0.0746,0.4167,0.9501,1.2329,0.8839,0.6969,1.5101,0.858,0.9379,-0.1439,0.4225,-0.111,-0.1815,0.1064,-0.1308,-0.6186,-0.0642,-0.9681,-0.5044,-0.372,0.9092,2.952,1.431,1.4229,0.658,-0.9106,-1.85,-2.0389,-1.8831,-1.5599,-0.905,0.4418,0.9918,1.2592,0.971,0.2182,0.3266,-0.1965,-0.7522,-0.33,-0.2399,-1.357,-1.5772,-1.4129,-0.7557,-1.6014,0.3193,2.1694,0.814,0.0921,-0.1865,-0.2255,0.1705,0.0931,-0.018,-1.1427,-1.2508,-1.575,-0.8865,0.5074,-0.2237,-0.6505,-0.8844,-0.9483,0.2442,2.3041,3.9787,2.2156,2.0259,1.6005,0.5855,0.2973,0.2162,-0.2742,0.1838,0.5771,0.7074,0.3936,-0.5043,-1.1779,-0.973,0.0185,0.2572,-0.1998,-0.7828,2.5258,0.5989,-0.6572,-1.6708,-2.6918,1.619,-0.5873,-2.497,-1.7324,-0.7469,0.4143,0.1262,0.14,-0.1131,1.4624,1.2628,1.8676,2.8859,-0.1387,-0.8565,-0.7544,-1.2327,-1.5595,-1.4498,0.0152,-0.8367,-0.1257,-0.1864,0.0929,-0.1611,-0.395,-0.1673,0.1976,-0.2195,-0.4125,-0.3205,0.2258,0.2097,0.2921,1.2176,0.7162,0.5527,0.4171
"IC44",-1.2175,-1.2935,-0.4566,-0.0423,-0.7765,-0.5343,-0.5404,0.6119,0.1229,1.2199,0.0272,0.1728,0.7448,0.5224,0.2402,0.9266,0.5979,0.3222,0.9937,1.0607,-0.9161,-0.7068,-0.5748,0.8139,0.0062,-0.9583,-0.2021,-0.361,0.3394,0.9062,-1.7218,0.1301,0.6587,0.1784,-0.0164,0.319,0.9461,0.1633,0.152,-0.5588,-0.3436,-0.2748,-1.1355,-0.6755,0.8733,0.9724,0.3743,-0.1938,-0.3341,-0.1671,0.2173,0.2505,0.4901,-0.0411,-0.9714,0.5237,0.8033,0.8507,-0.0033,-0.6075,-0.1455,-0.1873,0.5147,-0.071,-0.7544,-0.9129,-0.3724,-0.2801,-0.498,0.2583,0.5335,-0.4362,0.8553,0.6466,0.1032,-0.0273,-0.5016,-0.6725,-1.492,-0.6054,-0.3069,-0.762,-0.6947,-0.182,0.5286,0.3128,0.7186,-0.2849,-0.9981,-0.5254,0.6869,0.6435,0.1511,0.3619,0.0024,-0.1719,0.9652,0.5547,1.0823,1.4358,0.6369,0.3463,-0.963,0.2632,-0.2954,-1.6275,-0.8897,-0.4164,1.4465,1.0908,0.9846,-0.1293,0.4343,0.669,1.1967,1.6098,1.3275,-0.4291,-0.7401,-1.7948,-1.8028,-1.1943,-0.994,-0.1597,-0.1656,0.3858,-0.3443,0.1467,0.3203,-0.5446,1.3046,1.0874,1.3867,0.0913,-2.4117,-0.5992,-0.2593,-0.1618,-0.8643,-0.0686,-1.2421,-0.031,1.8752,1.283,-0.079,-1.3601,-2.1658,-1.2759,-2.1183,-0.951,0.4134,0.5799,0.8597,0.1387,1.7316,2.3885,0.4547,-0.8652,-0.8401,-1.7297,-2.7856,2.6504,0.7114,-0.5807,0.226,0.1433,2.8312,-0.7947,-0.7872,-0.9716,0.0747,2.6324,1.9294,0.804,1.7324,1.9282,1.5228,0.1925,0.5746,0.1655,0.3633,0.2039,-1.0874,-1.1801,-0.847,0.9962,1.4939,-3.8745,-2.4959,-0.9901,-0.3264,-0.2311,-0.6091,-1.1123,-1.7764,-0.6364,-0.7759,0.1615,-0.1241,0.0204,0.6999,0.8595,1.18,1.5694
"IC45",-0.9525,-1.0036,-1.456,-0.5587,-0.6852,0.2098,0.9994,2.5091,1.6593,0.2005,-1.3489,-1.2278,0.2755,1.4524,1.0304,1.1178,2.0354,-0.5076,-0.4197,0.0754,-1.0358,-0.8678,-1.5172,-1.5598,-1.452,0.3456,-0.1362,-0.6524,0.3904,0.9049,1.491,0.8784,0.643,-0.8595,0.12,0.4315,0.0913,-0.1935,-0.0097,-0.4735,-0.1977,-0.6433,-0.4173,0.3524,1.1466,-0.3875,1.03,1.6125,-0.0306,-0.2412,-0.8349,-0.3417,-0.7436,-1.3543,-1.0764,0.1193,1.0293,1.1397,-0.2145,0.5741,0.7181,0.7185,0.7872,-0.5918,-0.5147,-0.1653,-0.2822,-0.4759,-0.5632,-1.2485,-0.5409,0.3002,0.1194,0.3877,0.4143,0.7145,-0.1243,0.0949,0.4064,0.4584,0.1827,-0.0189,0.414,0.5278,0.0835,-0.103,-1.0049,-0.9397,0.1992,-0.2682,-0.4865,-1.5764,-1.054,-0.1779,-0.4185,-1.2224,-0.6212,1.2225,0.188,0.0432,0.7594,0.9871,1.3619,1.3522,-0.8813,-1.435,0.4012,-0.4598,-0.2874,0.2312,1.6803,2.3998,1.7911,1.1025,1.297,1.2991,0.1564,-0.5114,-1.0112,-1.4882,-0.2826,-0.6012,-1.6155,-1.8633,-0.4023,-0.7191,-0.9216,-2.4479,-0.9126,-0.6156,0.2165,0.2102,0.8332,1.9665,2.7359,0.6291,-0.0272,-0.2116,-0.9867,-1.0066,-0.6721,0.2208,0.6387,1.468,1.638,2.0807,0.5231,-1.1617,-1.9534,-0.7017,-1.4422,-0.1294,-0.1644,0.4453,1.675,0.2437,-1.6704,-0.9792,1.0235,-0.4332,-2.4801,-1.8919,0.3669,2.0454,0.1969,1.6418,1.0242,0.1417,-0.8756,-0.4223,0.068,-1.1077,-1.4425,-0.0134,0.9338,0.6398,0.9307,2.4221,1.8062,0.4122,0.6115,1.3029,0.006,-1.4284,-1.2883,-1.5354,-0.869,-0.8219,-0.0044,0.3401,0.3666,-0.2858,-0.7057,0.8603,0.4916,0.1098,-0.4978,0.966,-0.0727,-0.4021,-0.9119,0.0516,-0.2891,0.1917
"IC46",0.2851,0.3266,1.4518,1.2612,-1.004,-0.2661,-0.4851,-0.5223,0.0937,-0.8547,-0.832,-0.1277,0.5479,-0.2216,-1.0178,-0.777,-0.7699,-0.3101,0.0356,-0.1713,0.2923,-0.3815,-0.2475,-0.0743,-0.1613,0.2881,-0.1333,0.3426,0.7994,0.8929,0.3796,-0.0992,-0.1464,-0.2924,-0.884,-0.3661,1.006,1.8424,1.8331,1.2402,0.4528,0.6903,0.9517,1.0827,-0.1685,-0.8725,-1.1314,-0.9355,-0.5388,-0.2737,0.1698,-0.6596,-1.0848,-0.716,-0.0958,-0.3577,0.6009,-0.0018,-0.884,-0.2168,0.3763,0.9169,0.5833,0.0867,-0.7666,-1.3347,-0.6625,-0.449,-0.6025,-0.3179,0.3771,1.1736,1.6798,1.7036,0.7401,0.7467,0.9859,0.8641,0.0079,-0.749,-0.5895,-0.8991,-1.0063,-0.9085,-0.227,-0.1329,-0.5457,-0.148,-0.1849,-0.186,-0.6679,-1.0269,-0.0513,-0.1308,0.4586,0.9071,1.3497,0.0684,-0.6176,-0.5395,-0.8088,-1.957,-0.5258,-1.4745,-2.1038,-1.2027,-0.9992,1.0548,1.7434,2.3087,1.6886,1.3394,1.3974,1.0223,2.1808,2.235,0.8491,-0.0878,0.2015,0.3525,0.1745,-0.6387,-0.9808,-0.0552,-0.3199,-0.0025,0.1288,0.2354,-0.0101,0.2973,0.6656,-0.2623,-0.9417,-2.0168,-2.9481,-1.1637,-0.9383,-0.875,0.0396,-0.048,-0.1394,1.695,1.3129,0.7703,0.1028,-0.9811,-2.0126,-1.1249,0.0782,0.4996,0.6928,0.5038,0.3631,1.1663,0.9134,0.2459,0.0386,0.1018,0.148,0.5095,0.2944,0.0503,-1.483,-2.0869,-2.6003,-2.1288,0.1613,-0.3755,-1.1524,-0.5557,0.1739,2.2104,2.525,2.0317,2.1462,2.1025,1.6811,0.0727,-0.0766,0.7124,0.6443,-0.5246,-0.9842,-0.633,0.2291,0.696,-0.6274,-0.819,-1.0293,-0.7981,-1.3901,-1.4449,-1.2863,-0.7396,0.6202,1.2886,1.779,1.1982,1.0891,0.7056,0.2964,-0.7334,-1.2648,-1.479
"IC47",-0.7822,-0.6756,-0.1522,0.8007,0.3983,-0.7217,-1.0356,-0.7449,-0.2353,0.4086,-0.1969,0.5194,1.7079,0.7268,0.3885,0.1079,-1.3563,-1.4527,0.2647,0.7377,-0.5282,0.6455,0.4933,0.8921,1.0343,0.0475,-1.7707,-0.5493,0.061,-0.0546,0.1869,1.0751,2.3684,-0.6953,-0.4204,0.2723,-0.1254,-0.0152,0.5408,-0.5563,-0.0802,-0.773,0.4122,0.271,0.1538,-0.2065,0.1526,-0.1805,-1.0593,-1.3176,-0.1218,0.8633,0.3285,0.3138,0.1893,1.1548,0.2132,0.7237,0.02,-0.571,-0.993,-0.5972,-0.7411,-0.6236,0.6135,-0.1216,0.444,-0.7324,-1.5521,-0.7646,0.4833,0.8877,0.8492,0.2247,0.3777,0.2636,-1.2101,-0.2144,-0.2542,0.1512,0.3876,-0.5896,-0.1109,-0.0217,-0.3143,-0.0857,-0.2468,-0.2907,0.312,-0.262,-0.324,0.153,0.2391,0.0038,0.2126,-0.2834,1.0944,1.3216,0.9372,3.2805,1.4684,-0.3752,0.0401,-0.6413,-1.3426,-1.1957,-0.7507,1.3576,1.7135,-0.3216,-0.4291,-0.392,-0.4464,-1.06,0.0881,0.0257,0.1248,-0.2616,0.7182,0.6481,-0.8814,-1.298,-1.0164,-1.2902,-1.0334,-0.5026,-0.7654,0.1795,1.3001,0.0999,0.3304,0.2162,-0.1053,1.4235,1.0358,-0.6338,-0.9349,-0.131,-0.6017,-0.2613,0.712,1.0634,0.8832,-0.6263,-0.3533,-0.7703,-1.4859,-0.7199,-0.6753,0.6916,1.0397,0.6608,0.0506,-1.3657,-0.2899,1.7155,-0.2444,-0.6627,-0.3417,-1.062,-1.0244,2.4193,2.5098,3.4524,4.1271,3.0394,-0.0183,-2.6516,0.0266,-1.2698,-0.5762,-0.878,-0.3122,-1.9093,-3.6548,-1.8459,-1.4048,-0.3063,-0.7705,-0.08,0.7798,1.2442,-0.1366,-0.4011,-0.2315,0.4703,2.7911,0.9072,0.4773,-0.1101,-0.3069,0.3141,-0.2108,-0.144,0.6361,0.4659,0.7349,0.7068,-0.8542,-0.2425,-0.7355,-0.1503,-0.574,-0.6185
"IC48",-1.2283,0.3538,0.7879,0.7466,0.2202,0.1296,-0.0416,1.498,1.0017,0.5661,0.3437,1.1825,2.0512,2.2971,-0.247,-0.3855,-1.21,-1.2274,-0.5183,-2.4662,-2.4733,-2.068,-1.4396,-1.7314,-0.7734,-0.2231,-0.9142,-0.4383,0.1642,-0.1094,0.2942,1.2284,-0.7526,-1.5737,0.3309,0.3598,0.2828,-0.5478,0.4601,0.905,1.4183,1.7436,1.1575,1.2071,0.974,0.77,0.8527,0.4086,-0.2542,-1.3791,-0.3242,0.0389,0.323,0.3712,-0.6098,0.1259,-0.13,1.5266,0.8088,0.9308,1.8766,0.9287,-0.6353,-0.9505,-0.6017,-0.4461,-0.2425,-1.2369,-1.9387,-2.2507,-1.6263,-1.094,-0.6874,-0.2245,0.5432,-0.1617,0.4137,0.5123,-0.3708,0.4799,0.783,0.2977,-0.5209,-0.3918,0.0554,0.0227,-0.4292,0.3846,0.5218,0.9773,1.1591,0.0448,-0.6095,1.149,1.2209,0.7425,0.4456,0.2466,0.357,-0.0536,-0.6046,0.4845,-0.6442,-0.8168,-1.4333,-1.2021,-0.8389,-0.2919,0.4775,0.4844,0.3596,0.1129,0.115,0.2482,1.2139,0.4786,-0.8681,-1.1842,-0.543,0.4513,0.3109,-0.6428,-0.1965,0.4837,0.7029,0.5233,-0.727,-0.6743,0.4639,0.374,0.1871,-0.392,-0.9559,-0.8319,-1.3657,-0.1277,0.6922,0.3854,-0.2534,-1.1671,-0.2288,0.9987,0.8868,2.3027,2.5841,2.2924,-0.7442,-1.1666,-1.2095,0.6062,1.4,-0.3011,-0.1357,-0.7769,-0.5871,-1.008,0.2767,0.893,0.7172,-0.0116,-0.3134,-2.0085,0.1446,1.5468,1.8576,0.6057,-3.4892,-0.9709,-1.9943,-1.3843,-1.0123,-0.6837,-1.207,-2.3627,0.9514,0.923,1.5989,1.9493,0.9192,0.6272,1.1536,1.3378,0.361,-0.0134,-1.132,-0.4231,-1.4923,0.5066,0.362,-0.3438,0.296,-0.2366,0.4407,-0.1735,-0.3357,0.1598,0.1343,-0.2531,0.7875,-0.7028,-0.5401,0.4091,0.8014,0.1382
"IC49",0.9926,0.6972,0.8097,1.3025,0.101,-1.4928,-0.4781,-0.8317,-1.5744,-1.4589,-0.7174,0.5669,0.8456,1.7103,1.6004,0.6314,-0.6764,-0.6319,0.2536,-1.2626,-0.1612,-0.3845,0.1395,-0.8853,-0.529,0.3552,-0.1948,-0.2574,0.0231,-0.3061,1.0994,-0.0443,-1.1725,-0.9218,-0.1398,-0.4809,-0.2573,0.3067,1.0242,0.5821,0.1449,-0.1593,-0.2564,-1.0918,0.2318,0.7565,1.2699,0.6951,0.5609,-0.7793,0.0589,0.2242,-0.1666,-0.2873,-0.263,0.8618,2.0217,1.8916,0.2219,-0.4414,0.1892,0.1684,-0.9629,-0.265,-0.1602,-0.8363,-0.6335,-0.3795,0.4793,0.2137,0.2943,0.8708,0.7095,0.6942,-0.0909,-0.704,-0.1037,-0.6085,-0.6051,-0.4508,-0.7263,-0.1081,0.1629,-0.4188,-1.2354,-0.1694,-0.1752,-0.6494,-0.952,-0.6498,-0.1338,0.4367,0.4186,-0.0359,-0.1326,0.1381,0.3506,-1.0392,-0.1016,1.8651,1.5705,-0.6459,-1.746,-1.6487,-1.7834,-1.2473,-0.3863,0.9064,1.8385,1.3086,1.4244,1.5631,0.8021,1.0364,0.95,1.3937,0.3208,0.3046,-0.1311,0.2927,0.1263,0.321,0.6095,0.0645,-1.038,-0.557,-0.2544,-1.3961,-1.2599,-0.507,1.1072,0.5979,-0.4214,-0.3551,-0.7753,-1.3132,-0.7219,-0.7946,-1.1403,-1.0058,0.4355,1.9787,1.5503,1.8977,1.7375,1.3267,-0.3587,-1.3342,-1.829,-0.6347,0.0737,-0.6216,0.3852,0.4735,-0.1529,-0.8676,-0.4757,0.2169,0.1432,-0.8355,0.5286,0.1861,-1.0454,-1.6038,-0.5892,-1.3223,-4.0279,0.4574,-0.0034,0.2797,0.5211,1.6565,1.9838,1.3187,3.7624,3.1484,2.8171,0.9053,-1.7963,-0.9271,-0.1379,-1.1625,-1.5498,-1.1563,-1.3291,-0.5532,-0.7016,0.2421,0.7469,0.8803,0.9709,-0.2019,0.0441,0.2493,-0.3518,-0.9727,-0.2486,-0.0903,0.1482,0.2582,0.6139,0.1438,-0.6661,-0.2837
"IC50",0.3384,-0.1129,0.2747,-0.1346,1.0832,0.7796,0.9603,-0.5199,-1.5337,-0.9169,-0.3291,0.066,0.5245,-0.2214,0.396,-0.2172,-0.4998,-0.4368,-0.5387,-0.3808,-0.5044,-0.0023,0.4631,0.6515,0.6834,-0.5458,-0.183,-0.3481,0.0413,0.848,-0.5165,-0.6156,0.8153,2.0233,0.1994,-0.5327,-0.4344,-0.6595,-0.9805,-0.2052,0.6926,0.3531,0.0443,0.513,0.0549,-0.0299,-0.6905,-0.5667,0.4305,-0.6264,-0.3422,-1.0228,-0.0886,0.0709,1.2218,-0.0813,-0.7166,-2.3245,-0.4195,1.3204,0.905,0.5258,-0.3717,0.0925,1.1108,1.8006,1.3336,2.0368,1.0022,0.1827,0.2272,-0.3657,-0.3673,-0.5527,-0.5707,-1.1508,-0.6862,-0.6061,-0.0254,0.3562,0.3414,0.778,-0.0064,-0.1306,0.2663,-0.0359,-1.3368,-0.4603,-0.2562,0.2133,-0.0021,-0.0144,0.1019,0.135,0.0873,-0.2313,-0.5758,-0.8693,-0.9482,-0.7955,0.5429,-0.6576,-0.3311,-0.9483,-0.8911,0.0723,0.1162,0.7015,0.7597,0.4036,-0.5359,-1.0044,-0.159,0.1261,-0.1466,0.0393,-0.0268,-0.0059,-0.1368,0.6836,0.6926,1.2731,0.4272,0.2207,-0.034,-0.4489,-0.6609,0.0449,-0.1907,0.5811,0.7319,2.3696,4.4995,3.8244,2.9433,1.4586,-0.6126,-1.6274,-0.3915,-0.4278,-1.2633,-1.976,-0.1359,0.3753,-1.3176,-2.2157,-2.6924,-2.0693,-0.7774,-2.0278,-1.6399,-0.5238,-0.5427,0.4675,-1.3369,-1.7912,-1.0823,-0.4793,0.7794,2.7299,2.3895,1.2545,0.4749,1.2689,1.3751,1.1122,-0.2881,-1.0204,-0.4795,-0.9769,-1.6914,-0.3362,0.3817,2.0575,-1.4518,0.0685,0.6535,0.0965,0.8322,1.0813,0.6771,0.0443,0.335,0.6558,0.0086,-0.5167,-0.0903,1.698,1.4753,-0.4111,-1.3044,-0.8427,-0.014,-0.2017,-0.3361,0.0967,0.207,-0.6554,-0.6362,-0.4391,-0.7533,-1.0834,0.472,1.3501
"IC51",3.3586,1.1157,-0.8613,-0.2966,-0.6622,-0.2155,1.1903,-0.4546,-0.4651,-1.2715,-0.9945,0.0051,-0.1206,-0.6824,1.241,1.6952,0.5441,-1.1628,-1.0157,-0.9795,-0.7063,-1.296,-0.6566,-0.1742,0.494,1.0514,1.1991,-0.2936,-0.3137,-0.4578,0.8804,-1.9333,0.3613,-0.2615,-0.9666,-0.7611,0.5354,0.3239,-0.772,1.775,1.1383,0.8594,2.3951,0.9196,-1.7018,-1.4735,1.8358,1.3008,-0.0319,-1.6616,-1.1645,-0.0599,1.242,0.1708,0.3023,-1.5529,0.5572,0.6289,1.0168,0.0734,-2.0277,-0.5289,-1.3132,-0.2559,-0.0287,0.4075,-0.0589,0.1388,1.1725,-0.3717,0.2465,0.0419,-0.4011,-0.1361,-0.1933,-1.1899,-0.8422,0.1458,2.5537,0.9529,-0.7583,-0.729,0.2564,1.2223,-0.3675,0.0624,-1.1728,0.2133,0.5974,-0.3663,-1.5845,-0.6232,1.4142,0.905,0.4298,-0.0419,-1.0348,-0.6292,0.0297,0.5458,0.0167,0.8972,3.4008,0.6217,-1.4824,-1.3596,-1.0615,-0.697,-1.3028,-0.2193,0.1693,0.5264,-0.3291,-0.2484,-0.1715,0.2226,-0.1743,0.0177,0.0236,1.024,-0.1084,0.8929,-0.2832,-0.0617,1.3332,1.0402,0.8334,-0.6414,-1.2243,-1.1602,-0.0101,1.826,-0.0981,-1.1193,-0.1552,-0.0727,0.492,-0.051,0.6735,-1.108,-0.458,0.1945,-0.7574,0.0035,-0.3205,1.4614,-0.9193,0.014,0.7145,-1.4508,0.5839,1.6662,-0.1943,0.5547,-0.3652,-0.6074,-1.3039,-0.0821,0.1352,-0.9436,1.1967,-0.4547,0.3229,-0.4439,-0.0662,-0.2888,-1.4258,0.2155,-0.0429,-0.275,0.2294,0.4585,0.5577,-0.1123,2.9905,2.2485,2.3393,1.2226,-1.2451,-1.3732,0.645,-0.0489,-1.1998,-1.3022,-0.2561,-0.9982,-2.3417,-2.2234,-0.7528,0.0344,0.4872,0.6204,-0.4091,-0.4562,0.1596,0.0864,0.5995,-0.0146,-0.1728,0.831,0.9443,1.8187,0.473,-0.8454
"IC54",-0.5053,-0.6654,-0.2472,0.22,0.5735,0.8893,0.4604,-0.1115,-0.0394,0.3426,0.8974,0.2896,0.1096,0.4968,0.9175,0.3025,-0.4407,-0.4837,-1.3039,-0.6952,-1.1547,0.1167,0.1464,0.6057,0.4542,-0.5397,-0.8938,-0.8377,-0.7549,0.2824,0.4417,1.8234,1.8066,0.4212,1.0812,0.1624,-0.9891,-1.661,-0.565,-0.5572,-0.8924,-1.515,-1.558,-0.0149,0.1762,-0.3785,-0.0989,0.5215,0.049,-0.4189,0.9883,1.3193,-0.3392,-0.331,-0.4485,1.8407,1.1548,0.9714,0.2886,0.1964,0.191,-0.9328,-1.1297,-0.5951,0.9694,1.4771,-0.0761,0.2246,-0.2203,-0.2733,-0.1994,-0.7732,-0.9747,-0.8728,-0.8825,-0.5429,-1.5512,-0.8579,-0.384,0.912,1.7774,1.5809,1.4939,0.8209,1.3772,0.293,-0.2131,-0.321,0.1307,0.5278,1.5188,0.4019,-1.0571,-1.354,-0.9869,-1.648,-0.1316,2.2712,0.9146,1.1072,0.2326,0.4141,-0.5737,-0.9722,-0.1298,-0.6544,-0.0363,-1.3773,-0.1827,-0.1561,-0.2455,-0.8931,-0.4993,-0.7059,-2.247,-1.8969,-0.7007,-0.1524,-0.0096,0.0777,0.4441,-0.5051,1.1046,0.9722,-0.1634,0.5922,0.966,1.6332,2.8702,1.2276,-0.2025,-0.6227,0.3364,0.8018,-0.4564,-0.3465,-0.7523,-0.0002,0.7559,1.0623,0.4032,0.3732,0.6483,-0.7531,-0.2301,-1.7854,-1.0382,-0.0031,-0.7133,0.1506,-0.0129,-0.1742,-0.0945,-1.1932,-0.2178,0.6647,-0.2212,-0.2183,1.0665,2.0379,0.4062,-0.6914,0.1012,0.6654,2.5323,1.177,0.1209,0.2649,-0.334,-1.7159,-1.6571,-1.0078,-1.2847,-2.7557,-2.5883,-1.7865,-0.1978,-0.3269,1.4705,2.0328,0.8725,-0.2984,-0.4132,0.8823,0.1404,-0.6264,1.1347,3.8151,1.5406,-0.699,-0.7005,0.1043,0.01,-0.1795,-0.5465,-0.5059,-0.6416,0.0225,-0.1582,-1.67,-1.5336,-0.0715,1.6009,1.8789
"IC56",-0.6006,0.3297,0.0115,0.1998,-1.1541,-0.5984,-1.2866,-0.3121,0.6865,0.7426,-0.4141,-0.4482,1.0049,1.366,-1.1142,0.1291,0.5221,0.5499,1.7722,1.7,-0.5599,-1.1535,-0.9097,-0.0701,-0.5339,-0.3658,-0.0426,-0.9078,-0.2592,1.2632,-0.7671,0.0942,-0.0235,-0.8384,-0.3892,0.1464,-0.1941,0.6058,-0.4727,-1.1058,-1.4443,-0.5761,-0.1305,0.3584,1.1208,1.4552,1.0413,0.9392,0.2393,-0.4969,1.205,1.0301,0.3567,0.2565,0.1471,1.1022,1.0465,-0.8445,-0.327,0.347,0.6271,0.5856,-0.1256,0.4163,-0.2414,-0.2932,-0.7727,-0.4738,-0.4641,-0.3063,0.6537,-0.129,0.265,-0.0556,-0.4055,0.0043,-0.2776,-0.5495,-0.7977,-1.4972,0.5439,0.3938,0.158,0.4035,-0.1519,-0.2464,-0.9023,-0.7466,-1.3825,-1.0059,0.8869,-1.1494,-1.0641,-0.5153,0.0677,0.3484,0.1552,-0.4415,0.2749,0.3805,0.267,-1.3215,-1.4241,-0.9201,-0.3495,-0.8761,0.1346,0.2698,0.7691,1.615,1.0502,1.143,2.0527,1.4188,2.0311,1.2871,1.9034,1.9988,1.6747,1.5855,0.579,0.443,0.1149,-0.1977,-0.4548,-0.5809,-1.0508,-0.1701,-0.4982,-0.5859,0.2081,-0.0242,-0.5539,-1.2412,-3.414,-2.2896,-1.2742,-1.1626,0.0958,-1.1872,-1.3567,-0.6827,-0.2849,1.5201,-0.2232,-0.7066,0.1612,0.2731,0.3491,-0.3527,0.552,-0.181,-0.98,-0.1612,2.1917,2.9475,1.4314,-0.508,-1.2162,-0.9855,-0.7241,1.4957,0.1512,-0.9175,-0.4864,-0.1538,0.7229,-1.8489,-1.7543,-0.7126,1.5009,2.6438,1.5723,-0.198,-0.2414,0.4243,0.9288,0.4698,3.1731,-0.384,-1.5287,-0.6268,-0.6113,-0.8496,-0.4685,-0.6375,1.6729,3.8336,-0.9278,-0.2939,0.1712,0.2393,-0.422,0.0954,0.3492,-0.1294,0.137,-0.0757,-0.8594,-1.2226,-0.6289,-0.3308,-0.2842,-0.7133
"IC58",-2.0596,-1.6549,-0.9153,-0.7349,1.1008,3.3857,1.4059,1.1097,0.8172,-0.0947,-0.455,-0.9992,0.7634,1.2616,0.7946,0.6643,0.6749,0.4836,-0.9746,-0.3203,-1.7856,-1.4747,-0.939,-0.598,0.4492,-0.5448,-0.2267,-0.3862,0.0961,0.4968,-0.0195,-0.3297,-0.4245,-0.0512,-0.0596,-0.1765,-0.005,0.2349,-0.1237,0.6907,0.1727,0.9512,0.1742,0.3604,-0.8116,-0.4206,0.2515,-0.2785,-0.6042,-0.0636,-0.1686,0.0276,-0.3543,-0.5762,-0.4933,-0.068,0.1393,0.4152,0.7475,1.1874,1.3186,0.5547,0.3136,-0.5578,-0.0793,0.7384,-0.0942,0.516,-0.4629,-0.6289,-0.576,-0.3397,0.2784,1.2926,0.5422,-0.2348,-0.5566,-0.2463,0.4705,0.3967,0.8224,0.1388,-0.002,-0.2551,0.2731,-0.7962,-0.6573,-0.533,-1.387,-0.9606,-1.1828,-0.8145,0.0354,-0.0155,-0.1363,-0.7578,-0.9869,0.4995,-0.7393,1.3047,2.3197,1.0979,-0.2386,-0.6967,-1.4934,-1.4061,-0.7533,-0.7916,-0.205,1.833,2.2597,3.7316,2.2722,0.819,0.0216,-0.4337,-0.479,-1.1622,-0.1413,0.5309,-0.6177,-0.3309,-0.2037,1.1412,0.5802,-0.651,-1.6533,-0.7535,0.133,0.3714,-0.0795,0.206,-0.243,0.5771,0.46,0.6407,-1.1372,-2.159,-2.2393,-2.4582,-1.323,-0.6269,2.4904,1.3508,1.6714,1.1531,0.6219,-0.0457,-0.0064,-1.4512,-0.1933,0.54,0.7658,0.7563,-0.3147,0.0198,0.5908,0.2105,-0.0725,1.4456,1.708,-1.7509,-1.1848,-0.653,1.0268,-1.9029,-0.4494,-0.9001,-1.5929,-1.3804,-1.0368,0.465,1.2413,2.4015,0.8481,1.3313,1.769,1.7491,-0.3996,-0.3323,0.5125,0.5907,-0.0552,-0.3617,-1.2422,-0.417,1.1395,-0.7673,-1.6899,-0.2553,-0.8123,-1.1813,-1.4682,-1.4564,0.02,0.8358,0.5948,-0.0244,0.1643,0.0253,0.6517,0.7982,0.7871,0.2447
"IC60",-0.8084,-1.2775,-0.76,1.0606,-0.0155,-0.3462,1.5777,1.2415,0.3304,0.6376,0.2142,0.8908,1.5752,2.3841,0.5122,-0.5413,-2.1853,-0.7404,0.8321,-1.0441,-1.3273,0.6893,0.0901,0.0074,-0.2223,-0.1073,-1.4267,-0.5549,0.0686,-0.545,-0.4594,0.1016,1.2434,-0.829,-0.2738,-0.0584,-1.1145,-1.0301,0.0102,-0.9627,-0.1025,-1.0761,-0.2527,-0.3932,0.4688,-0.2388,-0.0983,-0.1831,-0.7611,-1.2471,0.1654,1.4737,0.6885,-0.047,0.5017,2.5466,1.895,2.2807,1.0207,0.2139,0.2011,-0.4079,-1.301,-0.6958,0.5827,-0.7725,-0.0103,-0.9668,-1.9033,-0.1099,0.4019,0.3578,0.182,0.6147,0.9254,0.1927,0.0309,0.4051,0.5137,-0.1974,-0.3458,-0.565,0.2845,1.1378,1.1189,1.4275,0.764,-0.8301,-0.9236,0.2734,1.1214,-0.1423,-0.6054,-0.6463,-0.4825,-0.0083,0.4158,-0.4331,0.0639,2.052,0.689,-1.9815,-2.7932,-2.599,-2.4489,-2.1255,-1.2127,0.2663,1.1104,-0.5346,-0.1184,0.5594,0.8113,0.6725,0.0475,-0.0063,-0.4784,-0.7634,0.0582,0.59,0.0613,0.2613,-0.1177,-0.1676,0.5375,0.3189,-0.735,0.2659,0.8046,1.1382,1.8206,1.1302,1.5904,0.9154,-0.8641,0.8747,0.8933,-0.5935,-1.2461,-0.4342,-0.4305,1.0994,1.9387,1.3918,1.622,0.828,-1.6505,-1.0348,-0.147,0.8162,0.3675,-0.2243,0.1863,-0.1174,0.1349,0.2039,-1.1574,-0.6349,-0.3092,-1.3416,-0.3042,-1.5197,-3.2893,-2.1273,1.1861,0.4739,-1.1738,-1.3635,0.1062,-1.8668,-0.8685,0.1759,0.8347,0.3071,-0.5363,0.4373,0.9221,1.0012,-0.0707,0.9918,1.1502,0.4859,-0.6987,-0.3557,-0.9262,0.4083,2.607,1.6943,0.5401,0.4174,1.1232,0.7569,0.1627,-0.8421,-0.4539,-1.1702,-0.8806,0.1035,-0.4902,-0.1598,-0.6039,0.404,0.4693,-0.2078
"IC62",0.813,0.571,0.4974,0.6941,0.286,0.5016,0.5975,-0.0409,-0.0896,0.4539,-0.2616,-0.3631,-0.006,0.1273,-1.6062,-1.836,-0.7688,-0.0109,-0.3603,-1.1754,-0.3554,0.2176,0.7842,-0.3936,-1.1711,-0.7655,-0.8621,0.2126,0.9594,-0.1198,-0.5119,0.6104,0.8918,0.748,0.4564,0.2921,0.8661,-0.1646,0.0587,0.8705,1.0436,0.6522,-0.1915,-0.0072,-0.0331,-0.7375,-0.9522,-0.6265,0.3611,-0.7318,-1.5213,-1.0913,-0.0541,0.7395,-0.0812,-1.0403,-0.9095,-0.2163,0.5166,0.7963,0.6218,1.0439,1.6232,0.7259,0.2601,0.9388,-0.1191,-1.6104,-0.8027,-0.368,0.3687,0.767,1.4567,1.3026,1.0964,1.7181,1.6174,1.5756,-0.0467,-0.8856,-0.6911,-1.1895,-0.7095,-0.6803,-0.838,-1.8898,-2.2487,0.4532,1.0494,0.1134,-0.984,-0.7602,-0.3261,0.8109,1.0204,0.1538,-0.0493,-0.6848,-0.6333,-1.7824,-2.0378,-0.1133,0.4655,0.171,-0.3158,-0.1733,0.0674,0.1754,0.3505,-0.0966,-0.5046,0.0447,-0.783,-0.0151,0.5262,0.0934,-1.1195,-1.8106,-0.1122,0.2245,0.2578,0.9614,-0.2312,0.9968,1.9267,2.218,1.1866,0.8245,1.6985,1.6763,0.605,-0.4494,0.5233,1.0846,1.0977,0.7028,-0.2318,0.1694,0.5937,0.7309,0.4997,-0.8006,-1.9026,-0.7378,-0.0656,-0.7193,-2.6809,-0.3568,-0.4701,0.3566,0.3468,-1.9001,-1.1319,0.005,-1.2776,-2.4641,-1.055,0.0113,1.3719,3.0399,0.7041,-3.0075,-1.6201,-0.2995,0.064,0.9117,-1.1456,0.185,-0.5661,-0.688,-1.2847,-0.4765,0.5512,0.9198,1.8443,0.3468,-0.4961,-0.2592,2.5706,2.3321,0.7934,0.924,1.4326,1.5486,-0.209,-0.837,-1.2184,0.2734,0.2222,-1.3169,-1.3269,-0.5124,-0.5445,-0.0756,0.07,0.3702,0.7053,0.6529,2.1839,0.5558,-0.6297,-1.0011,-1.3715,-0.7033
"IC63",-0.376,0.3344,0.908,1.7547,1.6464,-0.2334,-1.0516,-0.6525,-1.1058,-1.368,-0.7884,0.1227,1.1733,1.3715,0.5195,-0.0615,-0.8549,-0.3494,0.0815,-0.348,0.0897,0.0869,0.3351,-0.6267,-0.3127,0.2895,-0.2909,-0.06,-0.0366,-0.2545,0.7732,0.2131,-1.3335,-1.3987,-0.6774,-1.01,-0.4575,0.6051,1.6547,0.7616,-0.1027,0.2521,0.1153,-0.4176,-0.4842,0.0229,0.0122,-0.2759,-0.2518,-0.1065,0.1689,0.5188,-0.0414,-0.1426,-0.5725,0.371,1.3152,1.7816,-0.0864,-0.5652,0.1569,-0.0049,-0.0362,0.4204,0.2288,-0.1962,-0.4309,-0.8577,-0.1865,0.1679,0.4433,1.3413,1.0713,0.9018,0.0464,0.0032,0.0888,0.0062,-0.5609,-0.7953,-0.2339,0.0237,0.1413,-0.1918,0.0477,0.4511,0.0455,-0.7455,-1.3866,-1.2764,-0.5523,-0.3751,-0.5198,-0.5247,-0.0105,0.117,0.3992,0.567,-0.257,0.3409,0.2421,0.0872,-0.9364,-1.8424,-2.197,-1.812,-0.8215,0.1689,1.5765,1.8872,2.1615,2.339,1.4724,1.4954,1.584,0.9212,0.4046,0.3587,0.2541,-0.137,-0.1273,0.0529,-0.0552,0.2463,-0.9232,-1.3072,-0.9732,-1.4049,-0.6704,-0.4822,0.4659,0.0733,-1.0971,-1.2954,-1.3392,-0.916,-0.7253,-1.182,-1.4907,-0.7993,-0.0472,1.3916,2.3346,2.5586,2.5035,1.3613,0.4485,-0.0513,-0.3734,0.7092,1.4539,0.3805,0.418,0.7253,0.5302,-0.2389,0.1544,0.0372,-0.1737,-1.0229,-0.2758,-1.8584,-1.8727,-1.9209,-0.501,-0.0541,-2.9002,-1.5402,-1.4652,-0.6927,-0.3079,0.8294,2.2749,2.2313,2.8345,2.0228,1.8426,1.2519,0.1808,-0.8185,-0.5378,-0.3498,-1.2261,-1.8586,-2.2066,-0.9865,-1.0058,0.6073,0.2692,-0.2125,-0.0838,-0.1262,0.246,0.761,0.9964,0.6754,0.8001,0.7176,1.2945,0.9401,0.3519,-0.743,-1.2607,-1.1305
"IC64",0.17,-0.5716,-2.3529,-1.1814,0.1561,0.8999,2.0063,1.9887,1.3804,0.8733,-0.5723,-1.3566,-0.5311,0.2908,1.3633,1.219,0.5484,-0.3877,-0.7745,0.3207,0.5365,-0.3311,-1.1071,-1.0398,0.0879,-0.3323,-0.8969,-0.2913,-1.4402,-0.5926,-0.4487,-0.2802,1.1499,-0.3314,0.2049,0.0482,-0.4778,-0.7109,-0.1562,-0.1585,0.4856,-0.498,0.8122,0.7213,1.3661,0.191,0.504,-0.0271,-0.6713,-0.2992,-0.3542,0.912,0.4403,-0.4195,-0.7067,-1.1454,-0.8038,-0.0884,0.9344,1.4773,0.2369,1.083,0.3687,-0.4975,-0.2915,0.5845,1.3314,0.26,-0.178,-0.6029,0.2117,0.2328,-0.6277,-0.751,0.6704,0.8356,-0.0573,-0.2048,0.173,0.005,-0.5119,-0.6775,-1.0395,-0.2439,-0.4979,-0.1997,-1.0654,-0.1487,0.4795,0.8654,0.213,-0.3928,0.3024,0.3436,-0.716,-0.7702,-0.5917,-0.4243,-0.9301,-0.5675,-0.0453,1.316,2.2881,1.5259,0.4535,-1.9686,-1.7478,-1.7243,-2.0723,-1.3522,0.1948,1.0474,1.5722,2.5113,1.931,1.317,1.9306,0.6417,-0.0273,0.1668,0.9655,1.3848,0.869,-0.2501,0.8371,0.3882,-0.164,-1.2235,-0.3983,-1.064,-1.6159,-0.981,-1.0691,-0.0161,-0.5714,-0.4065,0.0447,-0.4839,-2.1043,-2.7914,-2.986,-2.3006,-1.1096,0.2905,1.095,1.4102,1.0843,1.0845,0.6864,1.2994,0.7675,1.1143,0.7679,0.9727,1.9777,1.9995,0.5804,-0.0558,0.4099,0.1933,0.7687,-0.2759,-0.3376,0.8876,0.8964,-0.5168,-1.4786,-1.0989,-0.3012,-0.8243,-1.6356,-2.6546,-1.512,0.5723,0.5922,-0.0626,0.6287,1.9939,1.2093,-0.1252,-0.5283,0.4746,0.6212,-0.1301,-0.8864,-2.151,-1.5645,-0.6661,-0.0174,0.9462,0.8255,0.6097,-0.4006,-0.224,0.2806,0.2626,-0.2493,0.142,0.151,0.8219,0.0968,0.5518,0.141,-0.3842
"IC65",0.1478,1.1187,1.5116,0.7879,0.1011,-1.3253,-1.0383,-0.8626,-0.823,0.8209,1.8663,1.2086,0.3342,0.2156,0.1591,0.5367,-0.6508,-0.7033,0.8789,0.5082,-0.5156,1.4671,1.9699,0.7437,-1.6098,-1.2455,-0.7866,-0.53,-2.0259,-2.7906,-1.4572,-1.7932,-1.7922,-0.2725,-0.9634,-1.8546,-0.7208,0.5318,1.2204,1.5539,2.4768,1.7651,0.1499,-0.4739,-0.7967,-0.9755,-1.1128,-1.1089,-0.5797,1.081,0.6263,0.9168,0.6505,0.6106,0.7787,1.088,1.273,0.5283,-0.0671,0.851,0.8728,0.635,0.2715,0.1553,-0.0581,-0.3459,0.4185,-1.0582,0.0503,0.2767,0.1481,-0.1217,0.3021,0.139,-0.2591,0.1626,-0.2146,0.1202,0.3111,-0.3602,-0.4215,-0.7467,-1.2014,0.0655,0.261,-0.2845,0.3036,-0.1927,0.0759,-0.338,-0.1439,-0.2763,0.4294,0.2244,-1.287,0.7688,2.1778,0.1992,-0.5901,-0.606,-0.1557,-0.6031,-0.698,-2.0802,-1.354,-0.6968,-0.2662,-0.5443,-0.4003,-0.7589,0.3368,0.6826,1.0372,1.6489,1.4902,-0.0481,0.5179,0.6141,0.5937,-0.5751,-1.0644,-0.9146,-0.2655,-0.3632,0.4913,0.1149,0.7363,0.1294,-0.373,-1.7126,-1.1352,0.606,1.9214,2.3203,-0.5659,-1.7364,-0.7965,-0.0795,0.2962,2.3173,0.4868,0.3975,1.2547,1.0964,1.7769,1.0437,0.7631,1.4676,1.2075,0.1556,-0.6827,-0.6449,-1.138,-2.0161,-1.6053,0.1706,-2.1323,-0.7024,0.2005,-1.5539,0.2188,0.9232,0.3608,-0.5044,-0.7515,0.0269,-1.6037,-1.0529,0.1312,-0.7321,-1.5715,-1.3005,0.6854,0.7047,0.9923,0.8309,1.4396,0.3656,-2.6843,-0.5118,-0.172,0.1605,-0.2037,-0.0179,0.0763,-0.1342,2.1577,0.758,-1.2557,-0.256,0.4817,0.5007,0.0532,0.6576,1.5007,0.9312,0.4656,1.2414,0.225,-0.3608,-1.7712,-0.2707,-0.1474,-0.2641
"IC66",0.7909,0.1107,-0.098,0.6462,0.8089,0.7457,-0.3137,-0.6533,-1.2358,-1.8795,-1.6651,-0.0694,0.4889,0.7067,0.9325,-0.3033,-0.4857,-0.9286,-0.1368,0.3802,0.3397,0.3774,0.163,0.1931,-0.428,-0.5456,0.1897,0.7529,0.1432,-0.3829,0.1938,-0.4999,-1.5277,-0.6717,-0.6509,-0.4643,0.8109,1.3502,1.2259,0.7306,1.5521,1.1777,0.6595,1.2002,0.537,-0.41,-0.7289,0.0793,0.0628,1.1393,0.5785,-0.8441,-1.5551,-1.2733,-0.3876,-0.6476,0.4031,1.3157,0.6055,-0.1371,0.6152,0.2606,-0.6333,-0.3489,-0.1568,-1.2163,-1.2548,-0.6225,-0.4174,-0.5757,-0.4338,0.9202,0.7318,-0.277,-0.0874,-0.5833,-0.237,0.4087,-0.1616,0.1194,-0.1071,0.571,-0.3474,-0.3057,-0.1102,-0.7135,-0.3787,0.1466,0.3631,-0.078,-0.2452,-0.0455,-0.2271,0.0136,0.1631,0.5332,1.6527,1.2715,1.275,0.0434,0.4878,0.5272,-0.5637,-0.6642,-1.5074,-1.3187,-1.7221,-0.4383,1.4824,1.2527,1.3721,0.8825,0.9928,0.8668,0.3619,0.2508,-0.7107,-1.0152,-0.0156,-0.845,-0.5568,0.4404,0.2173,-0.6565,-0.0494,-0.3669,-0.2686,-0.3837,-1.2321,-1.4887,-0.0801,1.297,1.4377,0.3144,0.9583,0.7428,0.3658,-0.9758,-1.3405,0.6261,-1.776,-0.6771,0.9937,2.0503,1.2871,-0.0386,-0.4281,-0.7563,-0.8221,0.4251,-0.7471,-0.6498,-0.5391,-0.0723,-1.6747,-2.4367,-0.814,-0.7443,-0.4705,-0.7481,0.6729,1.3388,1.9349,2.6872,2.7699,2.2307,-0.9854,-1.6448,-1.2399,-0.4737,-0.4432,-0.3425,0.7359,2.145,2.0948,0.1893,-0.0239,0.6725,2.4163,0.1126,-0.2443,-0.4374,-1.5342,-2.2725,-2.2046,-0.7562,-1.5424,-0.4937,0.1303,-0.5036,-0.8916,-1.0472,-0.036,1.2422,1.1446,1.351,1.3587,1.991,1.8427,1.3288,0.2256,-1.2551,-2.2457,-2.029
"IC67",-0.2235,0.0065,1.3675,2.1969,1.9375,0.8193,-0.105,-0.6544,-1.3482,-1.5124,0.2474,1.3074,1.9296,0.4694,-0.5295,-0.5711,-1.2944,-1.2844,-1.9582,-0.6068,-1.1801,-0.1764,1.0213,0.3644,0.0277,-2.1852,-0.908,-0.1731,-1.0175,0.2497,-0.1529,-0.7392,0.9139,1.8855,0.3778,-1.6022,-1.403,0.236,0.6738,-0.207,-1.2206,0.0818,1.0047,1.4645,0.4462,-0.4032,0.2262,-0.0875,0.4171,1.3203,-0.478,-0.1073,-0.0498,-0.3441,0.2541,1.3496,1.1445,0.9679,1.4028,1.1564,0.212,-0.6648,-0.5759,0.0208,0.5599,0.4613,0.0788,0.3175,-1.5473,-1.0852,-0.6425,-0.4881,-0.7299,0.4118,0.1082,-0.0371,-0.8371,-0.6677,-0.1277,0.2144,-0.3865,-0.6187,-0.2082,-0.0114,0.4682,1.2027,-0.4539,-0.691,-0.3069,1.2091,1.131,-0.4281,0.1413,1.3019,1.2757,0.5149,-0.0381,-1.2713,-0.658,-1.0527,-1.5878,0.3982,-0.2626,-1.9315,-1.2121,-1.4796,-0.8513,-0.1647,0.0072,1.1979,0.9342,1.1035,-0.0303,0.3846,-0.0707,-0.0109,0.1989,0.1556,0.4989,0.4798,0.6441,1.8609,1.3401,-1.5818,-1.1119,-0.6224,-1.5348,-1.3918,1.4481,1.9809,0.9679,0.2729,0.7509,1.4941,1.5218,-0.0695,-1.1555,-0.6595,0.2711,0.8177,-0.364,0.4656,1.3484,2.4756,1.5389,-2.1108,-0.721,-1.2879,-1.5474,-0.466,-1.3009,-0.5697,-0.5228,-1.089,-1.4071,-1.0421,-0.1223,-0.1322,0.5629,1.4495,0.6913,-2.1896,-2.0144,-0.8244,-0.2646,0.081,2.4328,-0.4622,-0.4983,-0.0798,-0.5454,0.5184,0.7263,1.1265,0.4548,0.4883,0.7014,-0.1229,1.1597,0.5751,0.5331,-0.5313,-0.5996,0.369,0.0846,-1.2989,0.654,1.5684,1.0735,-0.6825,-2.1282,-1.4945,-0.9548,-0.0378,-0.3217,0.8148,1.0418,1.6129,-0.8977,-1.4486,-0.3691,1.0865,0.9879,-0.0199
"IC68",-0.4201,-1.1547,-1.3161,0.1359,3.4754,2.022,0.134,-0.7529,-0.4397,0.3994,-0.3086,-0.6073,-0.5867,0.8669,1.2365,-0.1602,-0.5391,-0.7043,-0.1312,-0.3924,-0.3526,0.0715,0.4848,-0.2806,-0.9826,-1.0372,-0.6407,-0.3686,-1.1565,-1.3399,0.6002,-0.2742,-1.9007,-0.5347,-0.6207,-0.7219,-0.4484,0.5972,1.2398,1.3657,1.9557,2.5077,2.2455,0.4388,-0.2949,0.476,-0.0524,-0.4403,-0.5181,-0.0539,-0.1152,0.1963,0.1435,-0.1153,-0.2002,-0.0738,1.3363,1.542,0.4416,-0.0152,-0.0797,0.2329,0.411,0.5299,0.3797,0.3989,0.2111,-1.3172,-0.5162,-0.6614,-0.7434,-1.1128,-0.5648,0.1392,0.2765,-0.4833,-0.2571,0.2762,0.0919,-0.5707,-0.6845,-0.1202,-0.0614,-0.2259,-0.9274,-0.2837,1.0849,0.9385,0.4687,-0.8574,-0.3421,0.841,-0.4093,-1.0136,-1.625,-0.9902,-0.4605,-0.568,0.0928,0.4559,-0.4767,-0.4533,0.1546,-0.5171,-1.6918,-2.1193,-1.3277,-0.5109,1.4323,1.378,1.6076,2.4764,2.2077,2.2944,2.1668,1.1823,0.6857,0.634,1.0355,0.8009,1.0814,1.458,0.2684,0.3369,0.049,-0.4706,-0.1451,0.2558,-0.8174,-2.0526,-1.016,-0.2652,-1.2356,-1.6403,-1.6454,-0.7984,-0.5807,-1.4916,-2.2581,-1.2877,-0.6628,0.1138,0.5948,-0.2817,1.5783,0.3743,0.0875,1.6804,1.338,-0.3978,0.4114,0.2339,0.9373,0.1596,-0.6743,-0.0139,-0.7103,-0.0788,-0.3729,-0.4121,1.551,0.8009,-0.1376,-1.2762,-0.2398,-0.0985,1.7585,-0.9782,-0.6459,-0.8978,-0.9436,-0.2643,0.751,-0.3259,0.552,0.2064,0.8863,1.1855,0.2725,-0.0724,-0.5707,-0.5066,-1.2906,-1.6624,-1.205,-0.3449,1.2077,2.0434,1.7405,1.2279,1.1263,1.0172,-0.0442,0.2942,0.7151,-0.3084,-0.1291,0.7092,1.3496,0.3761,-1.317,-1.3959,-1.9696,-1.57
"IC69",0.3518,-0.5653,-0.4644,0.1604,0.3754,1.4204,0.0949,-0.7195,0.4925,-0.871,-0.0217,0.245,1.6928,0.6486,-0.7002,-1.4087,0.7124,0.3072,-1.6301,-0.3707,-0.08,-1.458,-1.8399,-0.5138,-0.2497,0.2738,0.5262,0.2866,1.7352,2.3181,0.8072,-0.5637,-0.6929,0.287,0.099,0.0473,0.5609,-0.4877,-1.1332,0.2591,1.2817,1.327,0.3531,1.9513,0.8168,-0.6976,-0.903,-0.15,0.0427,-0.2866,-0.9416,-0.562,-1.0062,-0.8007,0.199,-1.3033,-0.1472,0.1667,0.9625,0.808,0.4133,-0.2251,-0.0226,0.5355,0.3755,0.2169,-1.0075,-1.1533,-2.1172,-1.5118,-1.3324,-0.5914,-0.4528,0.0771,0.1567,0.9959,0.8282,1.0811,0.1424,-1.3061,-2.555,-1.0651,0.5402,1.2857,1.7645,0.742,0.4655,0.5532,0.6285,0.5888,0.7325,-0.217,0.6493,0.7648,1.1946,0.3741,-0.3831,1.6772,1.1421,-0.0677,1.1087,0.6156,0.5971,0.2952,-1.5813,-1.9805,-1.5612,0.4168,0.8484,0.3306,0.037,-0.7394,0.2762,-0.3106,-0.3261,0.6893,-0.391,-1.3386,-0.4894,-0.7528,0.1019,0.0948,-0.4311,0.2301,-0.7049,-2.0906,-0.5023,0.1361,0.4673,1.3573,-0.0206,-2.3101,-1.1911,-1.8662,-2.0492,-0.9595,-0.555,-1.0501,0.0946,1.4946,0.6338,1.2416,2.4957,2.0093,0.5014,0.6876,-0.2398,0.0926,1.9538,1.1652,0.1081,1.8858,1.4593,2.0518,-1.1071,-1.8768,-0.5119,0.4743,1.0283,0.5615,-0.7299,-1.9234,-0.2595,1.3619,1.4464,0.7749,-2.0612,-1.2693,-2.545,-1.7077,-0.4841,0.4243,0.0187,1.1042,-0.2832,0.6715,0.5826,0.1079,-0.1184,0.7842,1.1235,-0.0251,-0.0533,-0.2486,-0.0996,-0.2595,-1.7622,-0.6138,-0.7845,-1.0101,-1.4047,-0.3962,-0.2992,-0.0118,-0.3422,0.8443,0.6017,0.3221,-0.0924,0.1713,1.2677,0.6973,0.4383,0.4781
"IC71",-0.7559,-0.7056,-0.2105,0.5259,1.5937,1.1024,0.2433,-1.0905,-1.394,-0.4101,-0.3033,-1.4975,-0.7623,1.3751,2.0783,0.704,-0.3582,-0.2083,0.0322,0.2539,-0.0669,1.0221,0.9604,0.1769,0.1857,-0.5237,-0.9116,0.3354,-0.8783,-1.6106,-0.5285,-0.1082,0.1273,-0.7803,-0.6346,-0.452,-0.4663,0.0724,-0.0054,-0.9023,0.2586,0.6365,0.8948,-0.0008,0.2274,0.5005,0.6049,-0.3241,-0.7966,-0.2585,0.497,0.1811,-0.2859,0.0789,-0.1233,0.686,0.9068,1.1973,0.5012,0.0675,0.3595,0.53,-0.0466,-0.1277,0.8,0.782,1.3306,-0.1174,-0.3373,0.7505,0.375,-0.0687,0.2046,0.3901,1.028,0.1838,-0.8464,-0.3446,-0.086,-0.0511,-0.4855,-0.5735,-0.6974,-0.7344,-0.0755,0.3168,0.0099,-0.4998,-0.5079,-0.7248,-0.5786,0.1368,-0.1324,-1.0698,-1.9409,-1.7535,-0.1624,-0.3842,-0.617,-0.4325,-1.0857,-0.7907,-0.7395,-1.5101,-1.289,-1.4593,-2.1325,-1.0993,0.665,0.8194,1.7903,2.2631,2.1065,3.0172,2.9982,2.2626,2.5361,2.7538,1.8848,0.7665,-0.4184,0.4732,1.8695,-0.3015,-0.8086,-0.4039,-0.7579,-0.4215,-0.0241,-0.2577,0.6387,-0.0589,-1.8459,-1.4131,-1.0571,-0.5666,-0.8613,-0.9177,-1.5676,-0.2914,-0.284,-0.2075,0.5785,0.6163,0.7734,-0.4629,-0.4529,-0.1283,0.1115,0.1071,-0.0529,0.2515,0.376,-0.123,0.3481,0.8747,-0.3902,-0.51,-0.0771,-0.1595,0.0204,-0.82,-1.3679,-1.6774,-1.4712,-1.2358,2.0087,-0.7654,0.1347,-0.8626,-1.3087,-0.9756,0.7559,0.9463,-0.4494,-0.3071,0.0787,0.9838,2.1773,1.6815,0.9598,0.654,-0.316,-0.2943,-0.4786,-0.4437,1.9638,2.8376,2.6841,0.7091,0.1667,0.9931,0.5974,0.0452,-0.2371,-1.0708,-0.6478,-0.2673,0.0929,-0.066,-1.3302,-2.0595,-1.4697,-0.9978
"IC72",-1.2475,-0.1125,-0.3621,-0.6387,0.3227,0.7094,1.054,0.7566,-0.6711,0.3149,0.7247,1.4724,1.8946,2.8394,1.1866,0.1941,-0.9097,-0.9087,0.2824,-0.2399,-2.2326,-2.6957,-1.3372,1.2262,0.25,-1.334,-1.5072,-0.9975,0.4264,0.1136,-1.3934,0.5444,0.1444,-0.5268,-0.0429,0.3756,-0.2294,-0.7624,0.4211,1.391,0.6506,0.8209,1.0388,1.1189,-0.1304,-1.0833,-1.0499,0.0504,-0.3332,-0.6795,0.1712,-0.1695,0.3907,-0.3979,-0.4104,0.4225,-0.1033,-0.1234,1.4656,0.9413,0.204,-0.4659,-0.3568,-0.3271,0.2387,0.0805,-0.8245,-0.58,0.1095,1.0469,0.5158,-0.9723,-0.4959,-0.6985,-0.8656,-1.8515,-0.9918,0.188,-0.284,0.3631,1.856,1.7681,1.163,0.5958,0.286,-0.2819,0.1094,0.6012,1.4779,1.118,0.2659,-0.7822,-0.6625,0.51,0.1406,-0.022,0.5633,1.2104,0.6797,-0.4782,0.619,1.7979,-1.4302,-1.8105,-1.4173,-1.4241,-1.6625,-1.0789,0.3189,0.1954,-0.4399,-0.821,0.599,0.632,1.1586,-0.433,-0.8264,-0.2026,-1.013,-1.0375,-1.8593,-1.2766,0.2597,0.1159,-0.1805,-0.2794,-0.8837,-0.1416,-0.5992,-0.7797,0.3518,2.5246,3.8486,2.9707,1.72,0.9244,-0.5803,-1.0945,-0.3947,-0.5662,-0.8672,-0.6701,1.628,2.8036,0.5829,0.516,-0.0234,0.1539,-0.3085,-1.1995,-0.1161,-0.8084,-1.206,-0.6048,0.3174,-0.1574,-1.0029,-1.3517,-0.1154,1.7187,0.8203,0.7219,0.8162,0.5451,0.5714,0.0033,-0.2515,-1.7837,-1.3724,-1.2141,-0.1701,0.0718,-0.0656,0.0312,-0.472,1.1244,1.6834,0.8014,-1.013,-0.4365,-0.5465,-0.4075,-0.392,-0.8962,-1.7687,-1.0666,0.7301,0.1223,0.0996,0.8141,0.0043,-1.3049,-0.8149,0.1228,1.2652,0.8935,0.04,0.4837,0.6261,-0.2342,-0.274,1.0288,0.9015,-0.167
"IC73",-0.2056,0.6009,0.307,0.8517,2.3335,1.0305,0.426,-0.9482,-2.7543,-1.3132,-0.9727,-0.9785,-0.1619,0.4619,-0.1034,0.2262,-1.0717,0.3041,1.0404,-0.3992,0.1854,0.4664,0.3208,-1.5104,-0.1765,0.9245,1.7235,0.9778,0.5231,-0.4188,0.4028,-0.2936,-1.3804,-1.3823,-0.6177,-0.9024,0.3156,0.4827,1.2206,1.7835,0.5137,1.008,1.1231,-1.1089,-2.059,-0.8471,-0.1323,-0.7811,-0.7219,-0.3192,0.5643,-0.125,-0.6536,-0.8714,-0.6957,0.8943,1.17,1.1299,-0.5694,-1.5605,-0.7229,0.5042,0.6521,0.3144,-0.4472,0.0838,0.5879,0.648,1.4806,1.1775,1.1072,1.3935,1.0644,0.1543,0.1403,-0.8806,0.5621,0.3517,-0.5492,-1.0934,-0.4126,-0.5852,-0.0901,-0.2889,-0.0948,0.2219,-0.4714,-0.3372,-1.0529,-0.6424,-0.9216,-0.4294,-0.6456,-0.656,-0.1932,0.2793,-0.1405,0.5426,-0.1617,0.01,-0.12,0.5355,-0.3652,-1.5352,-1.4628,-1.2825,-0.5903,-0.5689,-0.0115,0.7719,1.608,2.6398,1.5265,1.9047,1.3451,0.7277,0.9635,1.1253,-0.464,0.0179,-0.3256,0.5621,-0.4473,0.4707,-0.3118,-0.7798,-1.2196,-0.9067,-0.748,-0.4893,0.7005,1.7164,0.1097,-1.3492,-2.1996,-0.349,0.3126,-0.2319,-0.444,-1.4142,1.0106,0.9197,-0.0506,0.7853,1.4239,1.2485,-1.0883,-1.6599,-1.4111,-0.8851,1.8831,0.6622,-0.2357,-0.2588,-0.115,-1.1219,0.0844,-0.3486,-0.9232,-0.5202,0.6697,-0.1206,2.5759,2.7552,1.8255,0.4454,-2.108,-0.5593,-1.3463,-0.3926,-0.2207,-0.2761,-0.0115,-0.0809,1.1384,-0.4854,-0.0673,1.2145,0.1882,-0.0793,-0.0265,-0.4479,-1.2099,-1.0259,-1.4448,-0.6871,-1.007,-0.2783,0.5788,0.5697,0.3764,-0.4642,0.364,0.6881,0.8099,0.3942,0.9192,0.6753,2.8019,1.488,0.5629,-0.5077,-1.611,-3.139
"IC74",-0.1796,-1.0295,-1.167,1.1709,2.2342,-0.1152,-1.5729,-1.2679,-0.7258,0.5602,-0.6068,0.1156,1.1848,1.5998,0.5699,0.2682,-0.5349,-0.6947,0.9978,0.9257,-1.0283,-0.6488,-0.4035,1.4258,-0.6727,-1.0249,-0.2736,-0.0537,-0.136,0.0615,-2.0232,-0.683,0.1746,-0.7999,-0.536,0.7493,0.0886,0.6732,0.8829,0.0003,0.1635,-0.3916,-0.0216,0.2517,0.1753,0.6246,0.1418,-0.2812,-0.6921,0.399,0.8549,0.6353,1.01,0.8041,0.4735,1.0105,1.0408,0.607,1.6634,0.7335,-0.4664,-0.2489,0.0155,-0.7478,-0.5258,-0.8258,-0.3568,-0.9343,-1.0048,0.2531,0.2603,-0.6271,0.4835,0.5269,0.5655,0.1724,0.6302,1.1981,-0.7915,-1.9819,-1.8785,-1.2711,-0.6351,-0.2769,-0.1991,-0.5349,0.0248,-0.4447,-0.6285,-1.2019,-0.6054,-1.1448,-0.9904,-0.2947,0.2454,0.3421,0.4812,0.5772,0.377,1.1328,1.367,2.2671,0.7322,0.0065,-1.6065,-1.3361,-0.3788,0.4172,1.6865,1.1731,1.6146,0.499,1.3708,-0.2825,0.7068,0.7187,-0.1029,0.0585,1.1911,1.3416,1.3303,-0.5237,-1.0444,-1.0668,-1.2381,-1.5673,-1.8781,-0.2146,-1.5966,-1.5792,0.3649,1.0375,1.852,0.5863,-0.2977,0.3297,-0.7061,-1.4728,-1.068,0.059,-0.0119,0.9686,1.1314,1.0887,-0.1333,-0.0862,-0.1055,-0.3319,-0.5736,0.2285,1.3242,0.2559,-1.4911,-1.333,-0.6308,0.6848,0.2563,-0.9741,-0.5845,-0.7583,-2.0924,0.4954,1.2748,1.3307,1.2718,0.7569,2.7238,-2.5316,-0.8037,-1.5492,-0.7336,-0.3052,1.3036,1.6438,-2.5468,-0.5093,0.4364,-0.2713,-0.4954,-0.3953,0.5038,1.5001,0.1326,-0.7684,-0.388,0.3154,3.1031,2.831,1.2749,0.4562,-0.0353,0.1978,0.1747,0.4867,-0.4302,-0.1662,0.2725,-0.2468,-0.2476,0.2687,-0.7191,-1.3801,-1.6434,-1.5467
"IC75",0.021,-1.1327,-1.2565,0.854,1.8969,3.3663,0.9864,-1.0897,-0.1895,0.2249,-0.1693,-0.6868,-0.4636,0.1959,-1.4002,-0.7759,-1.1813,-0.9085,0.1222,-0.335,-1.6087,-0.8519,-0.2776,0.1006,0.0457,1.0607,0.4406,-0.0373,-0.0981,0.1329,-0.9197,1.2428,1.5776,-0.6833,0.08,0.6519,0.1829,1.0576,1.4344,0.9295,0.3714,0.7983,1.2426,0.609,-0.9282,-1.1358,-1.0222,-0.8387,-0.5202,-0.1842,0.3127,-0.5329,-1.5719,-0.9965,0.2917,1.4146,0.6244,0.3422,1.0505,-0.4146,-0.6564,-0.9809,-0.9879,0.413,0.8806,-0.0029,0.2104,0.2631,0.0672,0.0136,0.414,-0.1243,-0.1513,-0.4165,-0.9553,-0.2539,-0.9477,0.2506,-0.2476,-1.2134,-0.0817,-0.2533,1.4933,0.6577,-0.7698,-0.3783,-0.0439,1.5107,1.8034,-0.0066,0.3849,0.393,0.1522,-0.9395,-0.1098,0.2142,-0.0954,0.4477,-0.2543,-0.4769,-1.3022,-0.3368,-1.9786,-1.2741,-0.0386,0.5673,1.4035,1.0023,1.4632,1.5472,0.9084,0.241,1.5363,0.2072,0.1695,-1.1424,-1.5154,-1.5252,-0.7027,-0.1611,-0.6744,0.0951,0.662,-0.574,-0.4343,0.3517,0.4475,0.9451,0.5316,-0.8758,0.627,0.2581,0.7962,1.4781,-0.6675,-1.021,-0.9364,-0.9215,0.0614,0.0335,-0.478,-0.6201,-0.3044,0.1287,-1.9202,-0.8834,0.1086,-0.4635,-0.3587,0.5325,1.4098,0.9672,0.076,0.1555,0.5981,1.2049,1.1981,0.4884,0.009,-1.4312,-2.8746,-0.2556,2.2501,3.1257,2.3699,1.7839,-0.8976,-1.2904,0.4444,-0.0559,0.4432,-0.5089,-0.1177,-0.5532,-3.7795,-2.3338,-1.9047,0.4754,0.3224,0.3467,-0.2708,-0.6902,-1.4025,-0.8951,0.5202,1.2043,2.252,-0.5419,1.4346,-0.1322,-0.71,0.9827,0.6728,1.2632,0.8121,0.0765,0.2978,0.3561,-0.1202,0.4584,0.1233,-0.8989,-1.5396,-0.584
"IC76",-0.3301,-0.3997,-0.887,-0.1822,0.7843,0.3748,0.1965,0.2972,0.5558,-0.051,-0.7887,0.249,0.998,2.3659,1.0563,-0.2472,-0.6516,-1.1592,-1.5531,-2.2104,-0.9513,-0.7582,-1.0626,-0.3024,0.4018,0.1358,-0.4411,-0.4338,-0.0949,-0.0072,1.1078,1.0943,0.0979,-0.0773,0.2732,0.5134,-0.3594,-0.5699,-0.6471,0.1058,0.6605,1.398,1.7611,2.3107,2.1914,1.6415,0.3647,-0.1527,-0.2488,-0.0696,-1.7755,-0.6049,0.7514,0.8566,-0.2341,-1.2942,-1.3455,-0.0502,1.3933,1.7103,0.545,-0.7922,-1.4619,-0.2151,0.4176,0.2461,0.0714,-0.981,-1.9986,-1.4449,-0.85,-0.9322,-0.8663,-0.8701,-0.7566,-0.8989,-0.5539,-0.2552,-0.3682,-0.899,-1.0298,-1.0298,0.0001,0.9754,1.1658,0.2828,-0.6647,-0.6995,-0.1899,0.9244,2.5548,1.3288,0.8199,1.293,1.2988,1.3222,0.676,-0.1283,-0.2537,0.5084,1.5786,2.3964,1.4329,0.7473,-0.2564,-0.7945,-0.9863,-0.6232,-0.0266,0.5457,0.3868,-0.3609,-0.0038,-0.7802,-0.4627,-0.4442,-1.7309,-1.886,-0.9775,0.069,0.3221,-0.399,0.1815,0.7674,0.941,-0.5996,-1.8357,-1.3714,-0.1246,0.7195,-0.0311,-0.9769,-1.3738,-1.7543,-0.8243,-0.233,0.231,0.1107,1.2924,1.6236,0.4604,0.5773,1.0431,2.6063,2.1253,0.7525,-0.3061,-0.845,-0.2188,0.5428,-0.0228,-0.4829,-0.6707,-0.3361,-1.4093,-2.565,-1.4553,-0.5787,-0.2706,-0.431,0.837,0.3211,1.1904,1.0265,0.8933,2.2532,0.6726,-0.034,-0.9683,-1.2298,-1.2742,-0.6737,-0.1991,0.0486,0.5508,0.0283,0.3837,1.0806,3.5533,1.3211,0.4514,0.3302,0.4392,-0.3249,-0.6534,-0.5758,-0.9436,0.131,-0.9131,-0.8721,-0.9944,-0.5382,-0.7164,-0.8048,-0.6368,-0.4961,0.1102,0.8004,0.9943,0.0888,-0.3614,-0.2322,0.3941,0.5412
"IC77",-0.8964,-1.8569,-1.1286,1.3494,2.1954,2.4264,0.9001,-0.3533,0.4642,0.8216,-0.6101,-0.2903,1.07,1.383,-0.5674,-0.7758,-1.3974,-1.4806,-0.9371,-1.5589,-1.8296,-1.1223,-1.4107,-0.8173,-0.612,-0.6756,-0.3049,0.6231,0.6282,0.8977,0.1745,0.2445,0.1843,-0.9525,-0.0629,1.2581,1.1317,1.2091,1.1119,0.6702,1.6535,1.9221,2.3677,1.1289,-0.898,-0.5757,0.3661,-0.6476,-1.3273,-0.5376,-0.1265,-1.1474,-0.8356,-0.1927,-0.1085,0.3933,1.333,1.2878,1.6138,0.6013,-0.5164,-0.535,-0.78,-0.702,-0.2465,-0.7166,-0.976,-0.9871,-0.7851,-0.4812,0.0359,-0.5254,-0.3661,-0.7802,-0.4782,-0.1291,0.7348,1.3091,0.7916,0.9217,1.5607,1.0097,0.4711,-0.3663,-1.2302,-0.6626,0.1058,1.1033,1.1579,-0.3654,-1.2556,-0.7724,-0.2222,-0.6062,-0.6095,-1.0011,-0.4816,-0.882,-1.2035,-0.2217,0.1341,0.503,-0.8427,-0.9587,-1.4261,-1.3131,-1.4542,-0.4321,1.4441,1.239,1.1866,1.5691,1.6543,1.7566,2.4464,2.2236,1.1948,0.8761,0.5861,0.5093,-0.0941,0.7251,0.8188,-0.4887,-0.1469,0.0093,-0.6357,-0.2759,-1.1222,-1.7951,-0.8014,-0.5795,0.2107,0.5135,-0.2757,-0.5462,-1.2974,-1.4083,-0.7556,0.0691,-0.9904,-0.2427,0.0868,0.8325,-0.5054,-0.764,-0.0893,0.9903,0.1062,0.4334,0.1223,-0.1633,0.4762,0.3877,-0.2584,0.169,0.051,-0.357,0.4005,-0.0991,-1.4219,0.5334,0.4638,0.0108,-0.1586,0.2933,1.881,-1.4091,-0.6178,-0.9631,-0.9159,-0.5994,-0.1897,0.7408,-0.2624,0.2561,0.7292,1.4981,3.0103,0.3386,-1.3206,-1.1567,-1.1679,-1.178,-1.016,-0.4438,1.8013,1.8473,1.5486,0.7833,0.6075,1.7526,1.0725,0.4362,-0.4234,-1.1337,-0.5083,0.1244,0.04,-0.105,-1.3882,-1.546,-0.9603,-0.1787
