"IC05","1.2387","0.0443","-0.3011","0.3181","3.1714","0.0684","-3.1806","0.2669","-0.6664","-0.7820","0.2706","1.1397","-0.6417","-0.2044","0.2404","-0.2533","-1.3449","-0.0458","0.0894","-1.6518","-1.6760","0.7496","0.3987","0.0615","1.1867","-0.6897","0.0451","0.2800","-1.0138","-1.2842","0.2257","0.8051","1.1860","2.6796","-0.0179","0.0088","0.3618","1.3716","0.2846","-0.3931","-0.5147","-0.2601","-1.2279","-1.5084","0.6546","0.0600","-1.2484","0.1374","-0.7394","-1.0388","-0.4173","0.1631","-0.1336","0.0467","-0.0281","1.6720","1.2161","-0.0110","1.4393","-0.4199","0.7948","1.6598","0.7382","-1.2750","0.0954","-0.7715","0.9781","1.2142","1.4532","2.8483","1.5203","-0.1329","-1.9482","-0.3761","-0.6821","-0.9862","-1.1268","-1.2644","0.0226","-0.3450","-1.7558","-1.6624","-1.4842","-0.1940","-0.4810","-0.5034","-1.7495","-0.4363","-0.4656","-0.9627","-0.1704","-0.9380","-0.4645","0.3576","0.6723","1.5780","0.8639","1.5169","1.5162","1.5117","1.0059","2.6098","1.3387","0.0395","-1.2509","0.1139","-1.0597","-0.7827","-1.3349","0.6379","-0.1285","0.3516","-0.4101","0.0376","-0.0971","-1.1172","0.3346","0.2056","-1.0651","1.1525","0.1760","0.0127","0.6107","-0.0397","-0.1387","0.7792","0.8014","1.1891","0.4274","0.4326","-1.2731","-1.5578","-0.0783","-0.0924","0.0319","0.4462","-1.0636","-1.5991","0.4818","0.3600","0.8561","-0.5866","-0.1407","-0.3858","0.3379","-0.9662","-0.1283","-0.2904","0.6216","0.0807","1.7775","0.7965","1.6414","1.3129","0.1233","-0.8212","-1.2343","-0.6777","-1.2291","-3.2036","-0.9293","-0.3990","-1.3889","1.3111","0.4837","-1.0127","0.2687","-0.2928","-0.3510","-0.8045","0.6824","0.7415","0.6904","0.6768","-0.3735","0.8006","1.4014","0.2434","0.0338","0.3229","-0.3594","1.6680","1.0806","-0.0215","-0.7411","-0.1077","1.7145","1.7088","0.3492","-1.1705","-0.1176","-1.1672","-1.3388","-0.3919","-0.6835","0.0409","0.5119","-0.4983","0.0645","-0.4930","-0.1144","-0.2469","0.2517","0.2320"
"IC08",-0.3028,-1.744,-0.9095,-1.3064,-0.4184,0.6902,3.3957,1.7494,-0.2458,-0.7013,1.9419,1.0674,1.1586,-0.3116,0.2942,-0.8099,-0.1813,-0.6449,1.858,-0.2894,-1.3371,0.2966,0.238,0.0445,-0.7698,0.2919,-1.3348,-1.2041,-2.1187,-1.6963,-0.8449,-1.0719,-0.6561,-1.0393,-0.2359,-1.189,-1.1747,1.2828,3.0888,1.6802,0.4715,0.7449,-0.0748,-0.3874,1.4855,1.5251,1.4598,0.6916,1.2014,-0.8286,0.97,0.031,0.6563,0.3038,-0.0325,0.58,-0.3001,0.1753,-1.0311,-1.2719,-1.3627,-0.1024,-0.3449,-0.6112,-0.7885,0.3198,-0.5779,-0.319,-1.3296,-0.9736,-0.2185,0.4463,1.4205,1.1389,0.4673,-0.2891,-0.6704,0.3853,0.2392,0.7253,-0.7634,-0.0743,-0.0729,-0.7611,0.6607,0.5897,0.3055,1.6822,-0.4295,-0.8839,0.0871,0.4884,-1.4151,0.7388,-0.2034,-0.1624,-0.7529,-0.5373,0.5457,-0.0187,-0.0111,-0.5738,0.1874,-0.227,-0.2603,-0.7314,-0.844,-0.9691,-0.5752,0.3957,0.7218,0.9569,-0.9388,1.5346,1.871,1.5041,1.3612,-0.1102,-1.2485,0.2125,1.5232,1.9208,-0.3735,0.2326,-1.2338,-1.3133,-0.7933,-0.8978,0.3426,0.7538,0.9416,-0.6646,-0.6018,-0.16,-2.1406,-0.9323,-0.6805,-0.2671,0.8724,0.7187,1.1541,-0.6646,-0.5245,-0.7262,0.4951,0.8376,0.2883,1.0521,-0.6739,-1.5035,-0.1534,-0.6925,0.3238,-0.8578,1.6481,0.2747,-1.248,0.4281,-1.016,-0.4072,-0.0297,0.88,2.7091,1.8633,0.3415,-0.8395,0.7197,0.7588,0.018,-1.6512,-0.3644,-0.0356,0.4387,0.8964,-1.357,-0.7289,0.7169,-0.7881,-0.2219,-0.8388,-0.9415,-0.8143,-0.2242,-0.1008,-1.8567,-0.1996,1.1658,1.372,2.2908,1.0603,1.1938,0.8713,-0.9066,0.8985,-0.7754,-1.0603,-1.4667,-1.7367,-0.1084,0.3105,0.874,-0.3786,0.9474,0.0716
"IC09",-2.6581,0.1005,-0.0982,-1.2601,-0.0612,1.0343,1.7522,3.0548,2.0467,2.3646,2.4331,1.6606,0.6587,-1.4489,-1.639,-2.1027,-1.1048,-1.0607,-1.906,-1.0046,-0.9153,-0.7479,-0.5414,-0.639,-0.3087,-0.1112,-1.5365,-0.9412,-0.2763,-0.2903,-0.5442,-0.0106,-0.6873,-0.9672,-0.1607,0.4064,-0.9127,-0.486,0.906,2.3238,3.009,2.4976,2.2355,1.7805,1.3319,1.8879,1.4274,0.2878,0.4389,-1.7058,-0.6378,-0.8701,-0.9004,-0.7522,0.4172,-0.8306,-0.8468,-1.0295,-1.7492,0.1327,0.5473,-0.0136,0.0126,-0.5093,-1.1438,0.04,-0.8448,-0.4808,-0.3067,0.1165,-0.4813,0.4251,0.8795,-0.4783,0.045,-0.2515,0.3253,0.2088,0.0282,-0.2838,0.0072,-0.459,0.2082,-0.0994,0.0228,0.0621,0.0276,-1.0169,0.5645,0.4277,-0.1745,1.5112,0.715,-0.3069,0.4242,1.2629,0.0983,-0.9033,-0.1508,0.6885,0.7317,-0.3078,-0.4865,0.0317,-0.569,-0.4358,0.4352,-0.3535,0.5014,-0.4746,0.2374,0.3714,0.8154,-0.2269,-0.9912,0.0746,-0.7687,0.0213,0.7419,-0.2396,0.0163,1.1784,0.75,0.3912,0.5054,-0.2519,0.0714,0.1578,0.0273,-0.5189,-0.438,-0.9617,-0.9703,0.7764,0.2394,-1.2932,0.0977,-0.4363,-1.0738,-1.2155,-0.8041,-0.3994,-0.682,-0.0202,0.5782,0.0864,-0.2787,-0.4285,-0.1612,-1.094,-0.8419,-0.188,0.799,0.9733,1.2145,2.0071,1.694,1.5701,2.2004,2.2134,1.579,0.5149,-0.9134,-1.9149,-1.7521,-0.1,0.1587,1.4629,1.5728,-0.7782,-1.1999,-1.0871,-1.2332,-0.3538,-1.1861,-1.1551,-1.1482,-1.0174,0.963,-0.0154,0.3234,0.4726,-0.9792,0.6211,0.347,-0.5568,-0.8371,-0.0899,0.8316,0.5501,-0.5743,-0.5005,-0.2816,0.4642,0.8903,-0.3686,0.4126,1.0306,-0.3756,-0.9211,0.7314,-0.4012,0.7173,0.3094
"IC15",-1.895,-2.5509,-2.6195,-1.2572,-1.9168,-0.7509,-1.13,-0.8963,-1.0937,0.7176,1.5517,0.4698,2.0025,0.6814,0.7448,-0.5104,1.8401,1.2693,2.427,1.3472,2.619,0.9077,1.056,1.2249,1.0885,0.7693,0.2007,1.3104,-0.95,-0.3977,-0.9113,-1.2538,-1.6178,-0.6432,0.3017,-0.2698,-0.6411,-1.0931,1.0807,1.0795,0.2987,-1.382,-2.0376,0.3263,-0.3532,-1.0529,0.7921,0.3056,2.175,1.0952,0.825,-0.5505,1.6713,0.5372,0.1511,-0.6347,-1.1626,-0.0263,-2.2909,0.0925,-0.8073,-0.2194,-1.1132,0.8823,-0.3217,-0.2358,-0.8456,-1.162,-0.4293,0.6505,0.5499,-0.2222,1.269,0.1586,0.6428,1.1357,0.1829,1.2765,-0.903,-1.3665,-0.4379,-0.4853,-0.1776,-0.6434,-0.0692,-0.6138,-0.4286,-0.7265,-1.2643,0.6644,-0.6092,-0.0546,0.0476,0.4814,0.2028,0.5825,0.8217,-0.1203,0.1116,-0.3795,1.5348,0.2615,0.5692,-0.4308,0.4427,-0.8557,0.4294,0.5222,0.6688,0.468,0.6901,1.086,0.5352,0.6896,-0.197,-0.6157,-0.8024,-0.7718,1.9773,0.0331,0.41,1.7882,0.7206,0.1803,0.5386,0.6704,0.2931,-1.202,-1.3395,-1.2366,-0.7096,0.2032,0.5427,-0.2021,0.2521,0.0956,-1.2231,-0.6444,-2.0092,-1.7816,-2.1626,-0.9869,0.0553,-1.031,-0.9302,0.9037,0.1911,0.6015,-0.0875,0.7315,-0.6906,-2.1644,0.0517,0.3862,-0.3729,-0.7688,-0.0009,0.717,-0.119,0.2294,0.2882,0.9474,2.5996,0.0285,-1.4669,1.0421,2.0559,0.66,-0.096,0.063,0.6001,0.8974,0.1702,1.4879,1.7934,0.9464,0.4218,0.1275,-0.4885,-0.305,1.0736,0.6616,0.3073,-0.2768,0.4275,0.3362,-0.1697,-0.3133,-0.2184,1.0109,-0.8174,-0.9158,-0.1044,0.8663,0.0218,0.3383,-0.9516,-0.9687,-0.7984,-0.9621,-1.9829,-1.1847,-0.047,-0.3335
"IC16",1.3282,0.3348,-0.6275,-1.5621,-0.4299,-0.7336,-0.4512,-1.2478,-0.8798,1.9933,1.735,1.7388,1.0999,0.9858,-1.6709,-0.4713,-0.1728,1.4555,1.3714,0.6655,0.0138,0.5444,0.9594,-0.6666,-1.5117,-2.7742,-0.8069,-1.3938,-0.5138,-1.926,-2.0435,0.2242,0.1571,1.591,-0.5757,-0.6961,-0.1065,-1.1716,-0.3103,0.3195,-0.2803,-0.0284,1.4426,0.5629,2.0202,2.8657,1.8679,3.5298,0.1989,-0.5665,1.1103,1.2758,-0.3761,0.2425,-0.8715,-0.6029,-0.6553,-1.143,-0.9616,-1.224,0.6012,-0.8069,-0.1233,-0.6842,0.6216,-1.8731,-1.8407,-1.1311,-1.1671,-0.9601,1.4485,1.2781,-0.5302,0.9338,0.1616,-1.217,-0.3314,0.3552,1.9768,0.7237,-1.4817,0.1874,0.4277,0.207,0.0986,1.2629,0.236,1.0047,-0.1778,0.9144,0.2559,-0.7191,-0.5294,-1.0222,-0.5234,-0.0791,-0.2216,-0.5552,0.8446,0.3847,-1.2526,0.0576,0.9535,0.3242,-1.1419,-0.2224,-0.4738,-0.276,-0.8275,0.6811,0.0933,0.589,0.2569,0.426,1.2575,-0.0632,-0.0866,0.8621,0.2697,0.3964,0.7825,0.3071,0.3621,-0.1866,-0.4727,-0.8126,0.0733,0.9898,-0.1205,0.7804,0.7924,-0.2751,-1.1372,-1.4157,-2.2513,-1.4456,-1.2382,-0.2006,0.3278,0.4137,-0.0904,-0.0148,-0.2312,-0.0124,1.4028,0.6637,0.9969,1.2409,-0.4695,-0.8672,0.2869,-0.7113,-1.6818,-1.1321,0.7534,0.1696,0.4343,-0.0189,0.3907,2.6443,0.9658,0.5858,-1.3791,-0.0091,-0.7799,-1.4259,0.8704,0.9662,0.0881,-0.181,0.0118,0.7523,-0.0758,-0.7142,-1.0553,-0.9392,0.8965,0.2165,1.0777,0.654,-1.5692,0.3119,0.6733,-0.3455,-0.0716,-0.2648,1.3821,0.3671,0.4172,-0.5315,0.6415,-1.0835,0.1928,-0.8017,-1.7969,-1.5754,-0.3131,-0.788,0.851,1.6124,0.5534,-0.3404,-0.0193,0.9917
"IC17",1.1132,-0.9285,-0.0174,1.3276,-0.6021,0.2336,-1.6185,-2.6277,-1.6074,0.9301,-0.0313,-0.077,0.8067,0.9182,1.2212,-0.3081,2.0268,0.4816,1.4336,-0.1982,1.5563,-0.4253,-1.1638,0.6023,0.6434,-0.5768,1.0067,1.5726,-1.0212,-0.2952,-0.1735,-1.9291,-1.5415,-0.541,-1.0094,-1.2494,-1.3441,-1.6697,-0.2422,-0.012,0.3329,0.0371,-1.7739,0.7703,0.8346,-0.1582,0.7006,0.009,1.237,2.458,3.1385,1.1422,0.9737,-0.1428,0.1994,0.2653,-0.4022,-0.2057,-2.3496,-0.2936,0.2397,0.0291,-0.4875,1.681,0.873,0.4446,-0.6812,-2.4947,-1.469,-1.1409,-0.6058,-0.1915,0.7814,-0.3644,0.3893,0.8517,-1.5973,0.6576,1.7291,-1.6139,0.8922,0.8958,0.578,0.6613,1.0852,0.276,-0.5547,-0.5634,-1.2569,-0.0417,-0.4732,-0.8991,0.4671,0.7336,-0.6284,-0.3849,0.6188,-0.0689,-0.5742,-1.0352,-0.5775,-0.612,-0.162,-0.7215,0.4959,0.8935,-0.6286,0.3426,0.3683,0.4837,-1.1318,0.1839,1.1478,1.4078,0.3308,-0.1204,0.3619,0.2308,1.5168,-0.113,-0.2978,1.0805,0.566,0.2588,2.1616,1.1653,-0.3642,0.0294,-0.8895,-0.4486,-2.426,-0.4733,1.1782,-1.6125,-0.308,0.4045,-2.491,-0.9908,-0.0534,-0.7854,-1.111,-0.0221,0.4837,-0.8212,0.0192,0.8757,-0.5664,-0.3074,-0.1824,0.8426,0.6401,-0.688,1.0095,2.5816,-0.1064,-1.4966,-0.7993,0.8878,0.6201,0.0435,-0.4742,0.3013,1.7349,1.6885,-0.9107,-0.4091,0.6495,-0.8439,-0.2572,1.0949,-0.0341,-0.5295,-1.5973,0.3115,0.7249,-0.5945,0.6488,0.1352,-1.6611,-0.1326,1.5669,0.7088,-0.225,-1.4708,0.4921,0.6637,0.0587,-0.5325,0.3283,1.3449,-1.0076,-0.6136,0.251,-1.3816,0.0458,0.4016,-1.5275,-0.9248,0.306,0.6606,-0.3629,0.8177,0.7353,0.3215
"IC18",1.3844,-0.3878,-0.3339,3.1884,2.401,-2.6177,-0.0583,-0.929,-0.1033,0.1321,-0.6727,-0.9192,-0.965,-0.311,-0.8025,-0.552,-0.989,1.8983,0.9232,0.9556,1.1273,0.662,-0.8771,-0.9497,-0.0146,-0.7705,-0.3282,-0.0919,0.2315,-1.7452,-0.1021,-1.1634,0.2079,0.0089,-1.9695,-0.5806,1.7029,0.9047,-1.2382,-0.786,0.3157,0.33,-0.7518,1.1009,1.9172,0.4571,0.2064,0.3707,-0.2146,1.5358,-0.1016,0.8035,1.3003,0.3094,-0.6711,0.5556,-0.357,0.692,-0.2032,-0.8617,-1.037,0.3314,0.9934,0.5279,0.4101,0.3693,1.2334,-1.3746,-0.884,-0.3157,-0.232,-0.7088,-0.2392,-0.5942,-1.3332,0.1613,-0.4244,-0.8541,-0.2369,-0.4779,0.8156,-0.226,-0.5477,0.3645,-0.3833,0.6172,0.6828,-0.2365,-2.1401,0.1565,-0.0683,-0.2125,1.1751,0.4672,1.4218,-0.0469,1.7824,0.4934,0.7987,0.1407,0.6556,-0.1352,-0.9554,-1.1484,0.3931,-0.4866,-1.1072,-0.3119,0.2972,-0.6229,-1.266,-0.4286,1.7714,0.3402,0.2253,-0.8886,0.4936,0.0038,-1.3763,0.9997,0.0171,0.2738,1.1421,-0.2263,-0.4084,0.1887,0.9681,1.273,1.8345,0.6033,-2.4467,-1.8477,-0.8729,-0.0291,0.3907,0.3948,0.205,0.3251,0.1097,-0.8495,0.6995,0.9463,-1.5365,-0.8666,-0.5553,-0.7405,-0.9938,-0.6077,0.1002,0.721,0.4287,0.3641,2.9508,4.7313,-0.2038,-0.7679,0.0099,-0.2523,0.0267,-3.147,-1.7437,0.5644,-0.374,-0.2225,0.2402,-1.8607,-1.3548,-0.5613,-0.0966,1.6666,-0.0411,0.3144,0.5334,0.6326,0.9831,-0.073,1.0209,-0.4701,-0.5,-0.4202,0.4754,-0.675,-0.559,-0.9831,0.4853,1.0862,0.4455,-0.4179,-0.0792,0.5434,-0.7787,-0.0947,1.1954,-0.5399,-0.446,-0.3582,0.6258,-0.8516,0.7285,0.041,0.7051,1.467,-0.9243,-0.7063
"IC19",1.9137,0.9019,1.3786,1.0608,0.0618,0.1019,-0.0287,-1.9685,-1.0566,-2.1647,0.2717,-0.3885,-0.5408,-0.6606,-0.1114,0.4635,0.6421,-0.3592,-0.1216,-0.9036,-0.6308,0.1878,-0.7648,0.1754,-0.7079,0.605,-0.2483,-0.552,-0.0974,-0.1724,-0.5239,-0.0634,1.7045,1.2821,0.5189,0.1884,-0.79,-0.9254,-0.1646,-0.2144,-0.6347,0.8071,0.3941,0.431,1.0016,-0.6267,-0.414,-1.3383,-0.1521,0.4414,2.5391,2.298,1.9068,1.642,0.3789,1.0264,0.0613,-0.3021,-1.39,-0.4274,0.0443,0.2153,-0.5068,-0.1056,-0.9101,-0.1859,-1.2809,-0.4342,-0.5408,-0.5605,0.2135,-0.5234,-0.3801,-0.4945,-1.2239,-0.7284,-0.4619,0.7137,-2.1686,-2.2816,0.8946,1.6438,2.1338,1.1789,2.1497,0.9242,-0.0524,1.2881,-0.2058,-6.6698,-2.9408,3.1154,1.7959,0.8335,-0.1987,-0.1536,0.4023,-0.1577,-0.1352,-0.639,0.5135,-0.6564,0.2498,-0.2757,0.2428,0.3102,0.1123,0.4423,-0.245,-0.1381,-0.6824,0.1025,-0.0005,0.2333,0.4263,0.4347,0.699,-0.2823,-0.6882,-0.259,-0.7049,0.3608,1.4964,1.5678,0.9043,0.3411,1.3115,0.3391,0.0971,0.3237,-0.296,-0.6864,-0.5532,-1.0928,-1.0065,-0.0828,0.022,0.1405,0.5535,-1.5261,-1.6805,-0.0212,-0.0779,0.9837,0.2578,0.278,-0.2418,0.7267,0.428,-0.3952,-0.7798,-0.8861,0.9211,0.9848,-0.8075,-0.7238,-1.1049,-0.4301,-0.7579,-1.1723,0.5206,0.9722,0.2924,0.2643,-0.4198,-0.521,-1.1525,-0.9349,0.3514,1.404,0.8374,0.4882,-0.5472,0.2724,1.5146,0.7719,0.553,0.4098,0.1528,-0.6403,0.4511,-0.0396,-0.2224,0.293,0.3179,0.332,0.1369,-0.8163,-0.8858,-0.4923,-0.6918,0.6124,0.3796,0.38,0.2392,0.3111,-0.137,0.112,0.6956,-0.2795,-0.1262,-0.0073,-0.0126,-1.2364
"IC20",0.3709,0.264,-0.6388,-0.9372,-1.6272,-1.8915,-0.8272,-1.0661,-0.1163,0.4459,-1.0796,-0.8678,1.1223,1.0262,-0.9113,0.8198,-0.4256,-0.2731,0.6815,1.4635,0.0844,-0.6059,0.9557,-0.1725,-0.0672,0.4795,0.4519,-0.6033,1.7965,1.1606,0.0525,2.1769,1.541,0.6034,0.8576,0.5396,-0.2495,-1.0225,-0.4068,0.1224,-0.5766,-1.133,0.6725,-0.5453,-0.0795,0.8914,-0.9617,0.2208,0.0514,-0.4348,1.6887,1.2011,-0.6602,0.7439,0.3785,-0.9676,1.1508,0.0763,-0.6655,0.5579,-0.0462,-1.8384,0.5385,-0.0649,0.1093,-0.417,-0.697,0.4916,-0.0685,-1.1081,0.854,0.1181,-1.6278,-1.3363,-1.4393,-2.358,-0.1346,-1.2713,-1.0476,0.6021,-1.0335,0.2813,-0.2423,-0.7056,1.2677,0.5736,-0.8494,0.034,-0.3557,-0.4643,0.108,0.2366,-0.053,0.9389,1.8851,0.5919,0.554,-0.2688,1.5627,1.6429,0.4228,0.1189,1.5753,1.7188,0.8627,-0.2941,0.9956,0.7968,-0.1526,-0.5532,0.373,0.3323,0.3041,-0.9364,0.5786,-0.5143,-1.1278,0.4994,-0.3512,-1.6252,0.5959,0.1572,-1.0268,0.6368,0.1702,-0.921,1.662,1.2258,-0.7867,-0.7334,-0.1396,-1.1745,-2.1319,0.3905,-0.9672,-1.1058,-0.3691,-1.3771,-1.6074,0.1917,-0.9736,-0.319,0.2254,0.9728,0.3967,-0.4683,-0.2459,1.126,0.3548,0.1618,-0.4614,2.7338,2.9265,1.9901,-1.3936,-0.4893,-0.9118,-2.0831,-0.0713,-2.5846,-1.3418,-0.8951,-1.4244,0.1514,0.2367,0.1977,1.3427,0.8109,0.2083,0.3389,-1.2191,0.9384,1.8917,1.5962,1.1983,-0.3429,0.7522,1.9767,2.4268,1.2583,0.0111,-0.4532,1.1852,0.6335,-0.0806,-0.9766,0.1251,0.6824,-0.1056,-0.3502,0.0618,-0.5287,-0.5865,-0.5705,-0.2844,-1.5843,0.5859,-0.4808,-1.4833,0.549,0.1084,-0.8724,-2.1251,0.0401
"IC23",0.7871,-2.0968,0.3039,-1.0258,-0.8817,-1.9299,0.5311,0.5434,1.9028,-0.1745,2.3223,1.689,1.2362,0.2611,0.0222,0.9037,0.0025,0.1355,-0.6848,-0.8823,0.3202,2.1175,-0.1645,0.2775,-0.2601,-0.2301,-1.3102,-2.1078,-0.8192,-2.0001,0.7982,-1.1855,0.3523,-0.9495,-0.796,-0.1411,-1.0019,-0.0334,0.2615,0.4656,-0.124,1.0315,-1.4183,-0.8017,1.5464,-0.268,0.7984,-0.1445,0.3026,0.893,0.4597,1.1477,-0.5133,0.3615,-0.0178,2.5471,-0.3185,0.9937,0.1928,-1.3214,-0.7317,0.1435,2.6593,1.087,0.3614,-0.7665,-0.3613,-1.9366,-1.6534,-1.1272,0.5324,-1.2259,0.2451,0.4019,-1.4511,1.5372,0.3232,-0.3792,1.0557,-0.9992,-0.3418,-1.2334,-0.5194,-0.4473,-0.3823,0.4722,0.8116,1.9732,-0.134,1.6419,0.4498,-0.8314,0.1773,-0.6152,-1.4527,-1.097,1.2327,-0.123,1.2,-0.8217,0.2467,0.262,0.3524,-0.618,0.1873,0.8551,-0.853,-0.0916,-0.6655,0.2727,-0.7484,0.3163,0.8375,0.4459,-0.1541,-1.0553,1.7879,0.2005,-0.2621,1.4667,-0.4978,-0.138,-0.0623,-0.1763,-0.8286,-0.424,1.6529,-1.4861,0.2331,1.7255,-1.5319,0.1585,0.8944,0.3627,-0.6605,-0.085,-2.4841,-2.0466,1.5736,-0.5299,-0.1688,-1.1124,-0.2844,-0.0501,-0.8109,0.7417,0.3515,0.412,-0.9268,-1.1817,1.9962,0.6397,1.1277,1.2428,0.4341,0.7926,0.2141,0.483,0.6602,-0.7187,-0.1119,0.9762,0.3755,2.1289,0.9079,-1.0539,-1.1417,-1.2194,0.4773,-1.0077,-0.4655,0.6149,-1.2089,-0.9268,-0.6066,0.3961,1.4431,-0.6886,-1.8064,-0.5799,-0.9544,0.3031,-0.2643,-0.6924,0.2283,0.753,0.8643,-0.6075,0.6499,1.812,1.5494,-0.2665,-1.0322,-0.9359,-0.646,-0.5204,0.7304,-1.7694,1.1385,-0.3812,-0.178,-0.3319,0.8628,1.3325
"IC24",0.021,-1.149,-1.9517,-0.6957,-0.7848,1.1163,-0.7544,1.6922,0.7858,-0.0243,0.1916,0.6444,-0.2911,-1.0674,1.6615,0.3701,-1.2058,1.369,1.556,0.1593,0.2808,-0.0669,0.777,-0.4931,1.202,-0.1676,-0.9969,1.1867,-1.6925,-0.3224,0.5147,-0.0456,-1.8853,1.4399,0.5054,-1.3811,-0.6288,-0.4195,0.4425,0.1994,-0.222,0.338,-0.6834,0.5581,0.3407,-0.3964,0.983,-0.8755,-1.9838,0.2846,-0.6261,-2.0425,1.672,-0.0815,-0.2524,1.178,0.2534,-1.8004,1.4141,-0.8518,-1.4318,2.3729,0.7355,-1.0329,0.7338,-0.8053,1.9376,1.0822,-0.9929,1.8543,0.7605,-1.1959,0.9679,0.3336,-0.1099,1.397,-0.229,-1.3466,-0.5425,0.0164,1.0001,-0.4303,-1.9693,-0.1861,-0.3945,-2.0383,1.4059,0.5651,-0.1486,1.1298,0.4939,-0.9572,-0.7636,0.8231,-0.8848,-0.6165,0.4392,1.262,0.2761,-1.0257,-0.0535,0.9197,0.6854,-0.2814,0.7572,0.4657,-0.564,-1.3476,0.4787,-0.0349,-0.4265,-0.9527,-0.7917,0.7101,-0.9427,-1.1516,1.6103,0.4569,-0.7808,-0.1236,0.0115,-1.1583,1.1877,0.5136,-1.64,0.8389,-0.1009,-1.943,1.1273,0.5763,-0.146,-0.4371,1.6702,0.6132,0.1871,0.9325,-0.317,0.6075,0.2541,-0.2737,-0.5275,1.396,1.4139,-0.0937,-1.1013,-0.0514,0.9457,0.416,-0.6376,0.5622,1.0052,-1.0812,-1.4767,-1.6172,1.4697,0.6618,-0.5002,0.4346,-1.0771,0.1901,-1.5455,-1.2136,1.4364,0.8286,-1.0109,-2.3991,0.0971,0.5208,-0.6361,-0.4886,0.7321,0.7302,0.2122,-0.8191,0.3166,1.7368,0.7347,-1.0086,-1.6079,-1.5468,1.3474,0.439,0.259,-0.4189,-0.5682,1.7093,1.4346,0.12,-0.519,0.7404,1.3946,-0.4606,1.0519,1.1672,-0.8202,1.5697,-0.293,-2.0651,0.1156,-0.1372,-1.1909,-0.6355,0.1414,-0.7022
"IC26",2.2654,0.2618,0.0236,-0.1155,-0.7284,0.1676,0.998,-3.2155,-1.1217,-1.7138,-1.2187,-1.6937,-0.3652,0.2941,1.0278,1.208,0.5966,1.2728,1.4117,0.4315,0.6574,1.0038,0.1377,1.5137,1.5412,1.1641,1.0852,0.3692,-1.1038,-1.8912,-0.594,-0.9225,1.407,-0.2663,-0.531,-0.6215,-1.1416,-0.6381,-0.0234,0.1385,-1.062,0.6158,-1.0047,-1.954,-0.0469,-1.8779,-0.9474,-0.0857,-0.6286,0.1477,1.3389,-0.1084,-0.3104,0.4055,-0.4892,1.2845,0.0232,1.5815,-0.3052,0.4287,0.045,-1.0684,1.001,2.1184,1.2027,0.4266,-0.0227,-0.3957,-0.3066,-0.8144,1.2855,-0.1993,-0.6743,0.5526,-0.3711,0.8514,0.3379,0.011,0.9706,0.5273,0.0584,0.0472,0.5759,0.0514,0.7327,0.9343,-1.9783,-0.0976,-3.0055,-0.8118,-0.2254,0.1617,0.4502,1.3345,0.1665,-1.1321,1.1154,-0.9187,0.5294,-0.8147,-0.1452,-0.6013,0.0509,-1.4123,-0.7276,-0.297,-0.9703,-0.4434,-1.3806,-0.0754,-0.6513,1.4407,0.7682,1.0213,0.4468,-1.4657,-0.7804,-0.6992,0.1344,1.2162,-0.3659,1.121,0.7279,1.3068,0.2997,-0.1499,2.108,1.3439,0.3013,0.6867,-1.725,-0.7805,0.0477,1.522,0.3642,1.6334,-0.0728,-1.3159,0.4045,-0.3583,0.1573,-0.6162,-1.0101,0.355,-0.2609,-0.3519,-1.0695,-0.237,0.6141,-0.1845,1.9872,1.6079,-0.0846,-1.5168,-0.0291,-0.0771,-0.7028,-0.1173,-0.8211,-3.2044,-1.1188,-0.3687,-1.002,2.2565,0.9024,-1.0635,0.154,-0.7438,0.3533,-0.1814,-1.7854,0.6651,0.1292,0.4734,0.1813,-0.951,3.2036,0.3145,0.6787,0.8489,0.2906,1.5715,0.5582,0.2123,0.0204,-1.1827,0.6682,-1.4114,-0.9609,0.3174,-0.3941,0.2594,0.0729,-0.2371,0.0157,-1.0574,0.4186,-0.6896,0.6798,-0.1202,0.5098,0.1957,0.2862,-0.663
"IC27",-1.8175,-1.373,-1.3829,-2.2509,-0.6012,0.4882,-0.2395,0.3279,-0.1727,1.1702,0.3432,-0.0034,1.0206,0.3206,-0.0719,-0.6501,1.3371,0.6283,1.6218,0.5054,1.5426,0.9073,0.6577,0.6315,-0.9484,-0.5383,0.5213,0.5444,-0.2447,-0.0743,-0.3822,-0.4797,-0.6568,-0.8648,-0.4304,0.4388,-0.3886,-1.0843,0.3294,0.7943,1.489,-0.9511,-1.0091,0.7961,0.2287,0.3979,0.1667,-0.5044,0.5392,1.6506,1.838,2.7444,3.05,1.0844,-0.0381,-1.3531,-1.9566,-1.0498,-2.542,-1.5775,-1.3636,-1.0601,-1.4119,-1.1328,-0.7919,0.4336,-0.501,-0.6189,-0.2979,0.1924,-0.4739,0.0925,0.54,-1.0351,0.8032,0.6047,-0.5329,0.7381,0.5512,1.6916,0.3374,-0.0156,-0.6891,-0.7588,-0.663,0.1436,0.3389,0.0191,0.0053,0.9425,-0.1396,0.2732,0.1937,0.8843,-0.2126,0.3306,0.0629,0.2785,0.6163,0.522,0.9479,-0.5307,-0.6322,-0.4041,-0.0854,-0.0677,0.3185,-0.1333,0.2348,0.0316,-0.4509,-0.7331,-0.1416,1.0292,0.2683,0.2265,-0.5108,-0.9331,0.9353,0.8503,0.5648,1.1094,0.8268,0.3138,1.0645,0.6069,-0.4359,-0.0868,0.1791,-0.1589,-1.3554,-1.6235,-0.9772,-1.0924,0.0003,1.5153,-0.1769,-0.181,-0.2145,-0.251,-1.988,-2.4234,-1.0926,-1.2372,-0.4841,1.0625,-0.8864,0.4582,1.6774,1.3623,-0.0441,-1.6983,-1.7642,-1.4139,-0.7829,-0.7521,-0.4885,0.891,0.1481,-0.1006,1.2219,1.6243,2.0048,-0.0939,-0.3128,3.609,4.0642,1.3836,1.3367,0.5339,1.5747,0.9314,-1.6226,-0.9441,-0.5707,-0.6776,-0.5942,-0.8144,-0.6004,-0.7314,0.0167,-0.0719,-0.6686,0.1297,0.0649,-0.3389,-0.164,-0.8029,0.5422,0.6273,-0.2588,0.7002,-0.0998,0.2393,1.018,0.2425,-0.7954,-0.45,-0.8381,-1.0855,-0.139,-0.5305,0.0759,-0.4004
"IC29",0.573,0.3632,0.2904,-0.3879,-0.7177,-0.5081,0.0226,-1.1351,-1.3094,-2.0157,-1.248,0.197,0.3073,0.6726,-0.8449,0.5069,-0.11,0.7331,-0.6262,0.4907,-1.0278,0.7738,1.6686,0.9266,0.5392,0.6269,0.6191,-0.2389,2.2802,0.7012,1.0482,0.1973,-0.4895,-1.3686,0.1916,0.3153,-0.3606,-0.9901,0.355,0.289,0.4579,-0.5874,-0.0742,-1.7903,-1.5977,-0.6148,-1.067,1.2166,0.4883,1.1002,0.4304,1.9029,-0.5889,0.584,-0.2413,0.253,1.1627,0.9786,1.0814,0.7251,0.6225,0.0227,0.6714,-0.0873,0.6503,-0.6491,-0.3161,-1.801,-0.1087,-0.7689,0.3399,0.0051,-1.5558,-0.8435,-1.7644,-0.9213,-0.324,-1.8658,-0.2245,1.227,0.1716,0.4046,-0.0776,0.4944,-0.2711,-0.5106,-1.858,-1.1772,-2.0844,-1.6282,-0.5292,-0.566,0.3031,0.3976,2.3249,-0.5056,0.3082,1.0909,1.7205,2.3232,0.482,0.0598,-0.0317,0.8974,0.5025,0.5313,1.1906,1.4127,0.9659,1.3717,2.1825,1.6173,0.8797,-1.3672,-0.7006,-1.6003,-1.2848,-0.6855,-0.0299,0.2307,-0.9709,-0.5998,-0.0595,0.5037,0.8748,0.1212,1.5253,1.5504,-0.3339,-0.3466,-1.5111,-1.0359,-2.2804,-0.6321,-0.9167,-2.6093,-1.4409,-2.4884,-0.9002,0.307,1.1675,1.1548,-0.2587,0.4701,0.1449,-0.7665,0.2737,0.4973,0.7666,0.6685,0.953,1.4115,1.7797,0.8635,-1.7933,-1.8206,-1.5882,-1.2545,0.8212,0.7849,-0.5083,-0.2524,-0.5044,-0.2749,1.1302,0.3525,0.5727,0.3882,0.0815,0.0717,-0.5308,0.3694,0.6322,0.568,1.5475,0.5546,0.5153,0.8902,0.7644,1.6737,0.4319,0.5402,-0.5845,-0.9831,-0.4474,-1.9275,-0.8951,0.2717,-0.4601,-0.0285,0.3078,0.028,0.3906,0.549,1.5684,0.0265,0.8399,-1.1026,-0.8167,-0.6733,0.1676,-0.0817,-1.7063,-0.8825
"IC31",0.2225,-1.0602,-1.5934,-1.8191,-2.1233,-1.3617,1.7468,-0.4683,-0.2959,0.5407,1.2773,1.8617,1.2086,0.8837,0.3535,1.3219,-0.1784,0.258,1.2622,1.8999,0.6988,0.1704,0.8434,-0.3784,-0.9463,-0.4283,-0.1646,-0.8357,0.3909,-1.1705,-1.0214,-0.3182,-0.3288,-0.8081,-0.945,-0.5771,-1.3671,-2.0867,-1.0677,0.1702,-0.8718,1.1296,2.1696,0.4262,2.9237,3.0303,1.3276,1.3117,-0.9863,-1.0063,0.965,0.4009,-0.6469,1.0862,-1.012,-1.467,0.0089,0.4618,-0.4244,-0.4622,0.1469,-2.2983,0.6331,0.6969,1.1503,-0.5619,-0.9777,0.0723,0.1458,-1.6956,-0.5537,-0.7556,-1.8741,-0.1937,-1.082,-1.7229,0.361,-0.4465,0.9612,-0.1614,-0.226,1.5876,1.0529,-0.4556,0.2042,1.2068,0.1968,2.3033,0.263,-0.0835,1.0416,0.819,0.495,1.2218,0.582,-0.1767,0.4986,-0.9172,0.3411,-0.0216,-0.0283,-0.9879,-0.3707,-0.1294,-0.8786,-0.4561,-0.4856,-0.5328,-0.8997,0.4855,0.8811,-0.0183,-0.0563,0.4516,0.4156,-0.2115,-1.3207,-0.6648,-0.8849,0.2621,1.3359,0.8501,0.2229,0.8214,0.04,-1.4529,0.902,0.9451,-1.1748,0.5955,0.5865,-0.3601,-1.2426,0.0017,-1.0064,0.148,-0.4541,-1.1816,-0.7494,0.0162,-0.7143,-0.1506,-0.1316,0.1837,0.3814,-0.142,-0.7102,1.162,1.1946,0.5986,0.5604,0.7906,-0.835,-1.0848,-1.4885,-0.6776,0.5038,1.386,2.5991,1.4528,0.2913,0.265,-2.2662,0.2781,-0.2075,-1.0212,1.2976,1.202,0.5044,-0.0007,-1.2559,1.5405,0.9676,0.192,0.1849,-2.4714,-0.0761,0.3157,-0.6372,-0.1302,-1.0038,-0.0966,0.6854,-0.2121,-0.6483,-1.4656,0.9631,0.6383,-0.1456,-0.1192,2.0541,0.4928,0.0571,0.1233,0.5396,-1.6431,-0.7578,-0.8088,-0.6675,0.9676,0.4983,-0.7586,-0.8195,0.9538
"IC33",-0.3853,-0.7905,-0.7554,-0.2518,-0.781,0.2118,-0.2194,-0.4649,-1.3891,0.0614,0.7094,0.8884,0.7051,0.1579,0.4993,-1.6271,0.7585,-0.1037,0.4926,-0.7851,1.504,0.1771,-0.62,0.6014,0.0407,-0.3836,0.1712,1.1043,0.7076,2.6332,1.0891,-0.5902,-0.6506,-1.1607,-0.7483,-1.0632,-0.048,0.1833,0.4486,0.3699,0.1762,-0.3736,-1.3487,0.4861,-0.0105,-0.9763,0.1488,-0.937,0.0551,2.1781,3.4195,2.4115,2.1524,0.5134,0.6454,-0.5544,-2.2933,-0.9737,-1.5222,-0.9687,-0.9122,-0.9296,-2.2224,0.4076,-0.2102,0.4386,-0.4256,-1.2536,-1.0309,-0.2422,-0.4252,-0.653,1.0946,-0.6286,0.5251,0.4538,-1.412,1.1379,-0.1468,-2.5979,0.9469,0.6948,0.2821,0.2829,0.898,-0.7955,0.3263,1.2447,1.2537,1.8745,1.5869,0.6263,0.4359,0.4414,-0.6939,1.3816,0.3349,-0.6948,-1.0659,-1.0259,0.4476,-0.8932,0.3988,-0.9076,-0.0168,-0.2774,-0.8087,-1.0501,-0.1818,-0.1735,-1.3797,-0.6777,0.0053,1.2302,-1.073,0.5079,1.1848,0.3765,1.5759,0.4127,0.3616,0.7801,1.2624,1.1692,1.3296,0.4476,-1.0202,-0.6866,-0.134,-1.0946,-2.4171,-0.9314,-0.4054,-1.9441,0.2607,1.5429,-0.7498,0.8653,-0.499,-2.2503,-1.1657,0.7257,1.7293,-0.2481,-0.2328,1.066,0.806,2.1461,0.6348,0.2163,-0.7194,-1.2672,-1.1532,-1.7352,-0.634,-0.6633,0.0811,1.2526,-0.7619,-1.2879,1.6002,1.2932,1.9148,-0.6932,-1.5402,0.4826,1.0237,-0.3307,0.1005,-0.5737,0.7716,0.9344,-0.3421,0.783,0.1376,-0.5122,0.0484,0.0186,-0.4248,-0.4951,1.1639,0.4687,-0.3388,-0.374,0.2674,0.9429,0.9211,0.357,1.2048,1.1306,-0.8433,-0.4649,-0.2575,0.1522,0.0366,-0.0126,-1.9355,-0.1908,-0.2913,-0.7021,-0.824,-0.4173,0.6069,-0.3999
"IC36",-0.879,0.7177,0.2936,-0.5227,1.1623,-0.0498,-0.4898,-0.5116,-0.6686,-0.6896,1.0763,0.9956,1.7089,0.3056,-0.4811,0.7991,1.9599,0.6218,0.0714,0.4659,0.6252,1.3044,1.2773,0.0957,-0.8144,0.7392,0.6681,-0.7679,-0.1469,-1.1075,-2.0618,-2.2931,-2.5055,-2.5475,-0.9052,-1.124,-1.2479,-0.7978,-0.3481,-0.4115,-0.6764,-0.8976,0.1458,0.2382,-0.0841,1.1613,1.0563,0.7843,1.3563,-0.6444,1.3303,0.0826,-1.7343,-1.5472,-0.1899,-0.4768,0.7982,0.9319,-0.5713,1.6782,0.2812,1.1208,1.6324,0.9592,0.7683,1.5442,0.0892,0.025,0.3449,0.568,-0.1476,0.3661,1.1512,-0.335,0.5846,0.5819,0.511,-0.4495,-1.5411,0.2461,0.8218,0.1444,0.2789,-0.5501,-0.2336,-0.6331,0.1735,-2.0623,-0.8439,-0.4324,-1.1476,0.3621,0.9056,-0.0585,0.1972,-1.2396,-1.7096,-0.0561,0.4597,-0.3444,-0.9251,-1.0592,-1.532,-0.852,-0.009,-0.4657,1.3741,0.6789,1.1297,-0.5807,1.634,1.841,1.4422,-1.5258,-1.8458,0.0926,-0.3954,0.1674,0.2267,-0.9584,0.2175,1.0712,0.9014,0.7771,-0.0745,-0.0076,0.2053,0.3834,0.522,-0.6437,0.453,0.2066,-0.3869,1.013,1.1282,-1.2098,-0.8577,-0.5222,-1.0138,1.3465,1.0186,0.2328,-0.598,-0.8635,-0.5255,-0.7984,-0.1297,0.3664,-1.066,-0.0462,-0.4138,1.5151,1.0412,0.9035,-0.1988,0.6817,1.1344,-0.5374,0.2488,1.1244,-0.0343,-0.3338,0.8235,-0.5338,-0.5509,-0.0555,-0.9402,0.6768,1.0821,0.2505,-0.2359,-1.9214,-0.4735,0.8465,0.3421,1.6889,-1.655,-1.2999,0.0809,-0.6514,-0.4243,-2.5068,-1.802,-1.2937,-1.2738,-0.7801,-3.1103,-0.9269,0.4721,0.7709,1.6018,2.2179,1.9328,1.2949,0.8472,0.2299,1.0545,1.6846,-0.3445,-0.0666,0.5932,-0.1421,-0.635,-0.1271
"IC37",0.073,0.6903,1.1498,0.4527,-0.437,0.1953,0.0602,-1.737,-0.2445,-0.4464,0.8181,0.7049,1.4239,1.2094,0.2241,-0.5902,-0.5019,-0.8794,-0.8007,-0.1225,1.1432,0.5156,-0.9422,-0.1332,-0.4821,-0.3617,-0.311,-0.0476,0.2589,-0.0966,0.0215,-1.2617,0.1138,-1.3071,-1.2865,-0.3548,-0.4418,0.5153,-0.6115,-0.5405,-1.0506,-0.4509,-0.482,-0.6385,0.2461,0.2206,0.1078,0.2791,0.7547,0.177,2.2424,3.1705,2.8053,1.961,0.7327,0.4729,0.04,0.6933,-0.1275,0.5071,0.0033,0.1361,0.3741,0.4742,-0.53,-0.6509,-1.271,-2.5024,-1.8886,-1.7055,-1.135,-0.3707,0.2268,-0.1039,-0.2808,-0.5388,-0.6515,-0.1454,0.4649,-1.1766,-0.7861,-1.4369,-0.6783,0.1094,1.3761,1.5032,0.7354,0.4561,0.0796,0.5756,1.0722,0.8979,0.4177,-0.21,0.602,0.3417,0.4749,0.4097,0.9265,-0.0188,-0.126,-0.943,-0.8133,-0.4053,-0.1997,-0.1251,0.0582,0.3163,0.6623,0.2461,-0.345,-0.2922,0.6551,-0.2044,0.0027,0.318,-0.4303,-0.776,-0.2337,0.243,-0.9081,0.4283,-0.341,-0.1226,0.6278,0.2883,1.1415,0.4967,-0.3736,-0.0832,0.0402,0.9269,-0.4143,-0.6099,-0.9135,-1.284,-0.3789,-1.1812,-0.6862,-0.8628,-0.3114,-0.4881,-1.8459,-0.0192,0.5332,0.0298,-0.1666,0.1675,0.0745,0.0444,0.877,3.1121,4.9265,5.4206,0.2699,0.025,0.0338,-0.4715,-0.1547,-4.5349,-1.0659,-0.3862,-0.3871,-0.7409,-0.9746,0.0683,-0.379,-0.4157,0.6912,0.1788,0.0526,-0.1903,-0.1891,0.1839,-0.6215,-0.8415,-0.5529,-0.5985,0.7759,0.3372,-0.1802,-0.6543,-0.874,-0.0533,0.4062,1.0396,1.0633,0.5159,0.4366,0.4958,-0.3629,-0.0773,-0.7257,-0.9818,-0.0212,-0.6227,-0.2127,-0.2677,-0.1871,-0.5985,0.7022,0.6193,0.9743,0.8319
"IC38",0.0792,1.2583,0.7605,0.6832,-0.355,-1.1327,-1.7845,-0.8471,-1.4875,-0.9955,-0.5412,1.059,0.7433,0.9337,0.2142,0.3175,-0.0106,-0.9076,-2.1285,-1.0319,-0.6106,-0.6465,-0.1162,-0.1418,0.4001,0.0989,0.528,0.0238,1.2988,1.191,0.7127,1.6022,1.2647,0.8547,1.133,1.52,1.0812,0.4111,-0.5251,-0.687,-0.2446,-1.4586,-0.5149,-1.1063,-1.6851,-0.6228,-1.0315,0.0122,0.5697,-0.0838,0.6857,1.6324,0.642,0.8527,0.544,-0.8203,0.1891,-0.4935,0.0451,-0.0939,0.2526,0.0071,0.1897,-0.1244,0.2419,0.706,1.1189,0.6015,0.7441,0.9277,0.3119,0.3594,-0.6563,-1.3367,-0.8621,-1.3552,0.0852,-0.5082,0.9027,-0.509,-1.2257,-1.4987,-1.4583,-0.4752,-1.0163,-1.3162,-1.3237,-1.3218,-0.2433,-0.2891,-0.1174,-0.1265,0.3646,-0.4726,0.6383,0.1319,-0.0976,0.8723,0.9348,2.5104,1.7408,1.5763,0.5371,0.7737,-0.0939,-0.3022,0.2307,0.2836,-0.0427,-0.5517,0.3378,0.3388,0.2968,-1.0905,-0.7568,-0.201,0.0488,1.0631,1.1984,0.4266,0.2502,0.4998,0.9298,0.4465,0.5845,-0.1358,0.2742,1.5554,0.3753,-0.4403,-0.5073,-0.5088,-0.5501,0.4615,0.4343,-1.6491,-1.1169,-1.5937,-1.5175,-1.2722,-1.376,-1.1259,-2.0279,-1.0123,0.747,0.1429,0.6199,0.0657,-0.0218,-0.4319,-0.1713,1.8,3.6093,4.4174,-0.2376,-2.072,-1.6704,-1.645,0.1787,-1.6694,-1.4038,-0.7104,-0.5996,0.0923,0.7064,0.8928,0.1941,-0.334,-0.3695,0.0164,-0.5149,-0.6478,0.7724,1.1515,0.7668,0.3528,-0.6953,0.7472,2.0827,2.1806,1.5235,1.4236,0.8838,0.847,1.1377,-0.0567,-0.6733,-0.0111,-0.6797,-1.6204,-1.326,-0.5645,0.5283,0.081,0.7376,-0.0498,0.3236,0.0194,-1.1013,-1.3351,-0.4236,-0.1828,-0.9006,-0.5187
"IC41",-0.5884,-0.3847,-1.3657,-1.728,1.091,-0.1422,0.569,0.947,-0.48,0.5334,1.6764,3.2566,1.7345,1.3105,-0.0538,0.1066,-0.8307,-0.077,0.3524,-0.4857,-1.9305,-0.7788,0.5264,-2.1981,-1.0377,-1.7132,-1.2943,-0.864,0.132,-0.7038,-0.502,0.4987,-0.6647,1.3198,0.0281,-0.6889,-0.3763,0.6298,0.5152,-0.2369,-0.8428,-0.3686,0.9999,-0.288,1.2029,2.7955,0.2638,1.7616,1.8639,1.6033,-0.0114,0.4409,-0.8289,-0.95,-0.4722,-0.8274,-0.8498,-2.0551,0.8721,-1.0799,0.1493,0.4866,0.7216,-0.9297,1.4757,0.2153,0.4743,-0.0011,-1.3052,-0.4751,0.2171,0.7955,-0.6935,-0.0284,-0.0514,-0.266,0.6399,0.07,1.119,1.6427,-1.0745,-0.7996,-0.9242,0.1904,0.0606,0.6909,-0.6261,-0.3543,0.0501,-1.2464,-0.2992,-0.815,-0.9691,-0.0812,0.0955,-0.0288,-1.2918,1.1175,1.2829,0.5336,-1.1411,0.9986,0.8996,1.0552,-0.82,-0.2032,-0.596,-0.769,-1.4352,-0.4994,0.0478,-0.3221,-1.7484,-0.0359,0.5438,-0.0781,2.1342,2.4873,-0.154,1.4899,2.3158,0.5622,-0.3195,-0.5496,-1.0555,0.6015,0.6871,0.7827,0.3052,0.8317,0.8447,-0.7651,-0.1548,-0.6685,-2.0814,-0.8771,-0.4348,-1.0598,0.1548,0.6163,0.3796,-1.8882,-1.238,-0.1555,0.9075,-0.4372,0.6697,0.7256,0.1269,-0.8936,1.5335,1.2344,-0.9211,-2.5386,1.1646,0.7115,-0.5445,0.6036,0.3671,0.0539,-2.2101,-1.052,-0.1152,0.596,1.1803,-0.8193,0.2549,0.7883,-0.2413,-0.8667,0.1923,-0.0092,0.889,-0.502,-2.0677,-0.0684,1.3259,1.0229,0.6261,0.3007,-0.5745,0.1473,1.6386,0.7599,0.1404,1.346,0.7094,0.7178,-0.6656,-2.4104,0.3341,-0.0709,-0.4129,0.2476,-1.3047,-0.4515,0.1065,-1.301,0.1399,0.8465,0.431,-0.8189,0.1374,0.5332
"IC42",-1.0269,0.4154,0.7786,0.0882,-0.6091,-0.9325,0.9803,-1.2336,-1.182,-1.5175,1.5385,0.8664,0.7167,-0.9569,0.439,-0.4343,0.898,-1.3802,-0.3165,-0.6987,0.938,1.2364,-0.4321,0.4616,-1.2767,0.9307,-1.057,-0.3424,-0.6884,-0.1526,0.4355,0.0123,1.6752,0.0316,0.8757,-1.0298,-2.1519,0.7598,2.2926,0.9663,0.1674,-1.2105,-1.2743,0.0476,-0.6745,-0.525,1.8808,-0.1473,1.7258,1.3484,2.6338,0.6035,0.6389,-0.9521,1.1751,0.3921,-0.614,1.3562,0.1569,1.7198,-0.9614,-0.7222,-1.3279,0.2878,-0.8914,-0.16,-1.6787,-0.9111,-1.3741,0.3014,-0.686,-1.3309,0.3976,-1.6068,0.1179,-0.4929,-0.7136,0.5312,-0.7314,0.534,0.5655,-0.363,1.2173,-1.044,-0.3777,-0.1372,-0.3788,-0.7524,1.2528,1.9274,0.0015,1.0025,-0.2834,0.727,-0.3101,1.2692,-0.0725,-0.4886,-0.1949,-1.528,0.3793,-1.1869,-0.9637,-1.5052,-0.1112,-1.0417,0.2203,-0.0377,1.155,0.0344,0.5922,2.1021,1.3242,0.1726,-0.8165,0.8588,0.365,0.2775,0.8976,0.5005,0.1308,1.9404,0.9038,0.4716,-1.3222,-0.433,0.3775,-0.3164,1.1612,0.0852,0.1804,-0.9056,-0.6965,0.5273,0.1725,-0.8974,-1.156,0.0921,-0.6553,-0.3668,0.457,-0.8379,-0.0422,-1.2542,-1.9085,0.1443,-0.6854,0.2084,-0.4796,1.4293,0.8742,0.3911,1.5302,0.4357,0.0476,-0.7189,-1.4583,-0.8034,-1.9015,-2.1627,-0.1602,-1.223,0.9401,-0.6747,-1.2844,1.757,0.305,0.4275,1.8427,-1.1528,-0.2118,-0.8165,-0.279,1.3281,1.0541,1.9681,1.3712,-0.0574,0.9518,-0.5829,1.3674,0.4209,0.2816,0.683,-1.0862,-0.2152,-0.3158,0.3189,2.2439,2.0932,0.5905,1.4535,-0.0467,0.2794,-0.6627,-0.2264,-0.751,0.0537,-1.0695,-1.7464,-0.5631,-1.6079,-0.1997,-1.5547
"IC43",-1.1349,-0.5508,1.0987,0.691,-1.4236,-0.8953,-0.262,-1.8571,0.7037,-0.0118,2.2251,0.7644,1.8937,1.3976,0.8813,-1.4245,0.7484,0.5397,-0.7203,-0.4843,1.9091,1.0327,-1.1475,1.2782,-0.0521,-0.3973,-0.3741,0.2444,-0.2087,0.2419,0.0016,-2.4943,0.3853,-1.6429,-2.0279,-1.6431,-1.0903,-0.3691,-0.9584,-1.2467,-0.85,0.3459,-0.3318,1.0492,0.0874,-0.2884,2.811,0.1188,1.0284,0.3653,1.5178,0.334,1.9425,0.3137,-0.36,-0.0581,-0.8785,1.906,-0.94,0.1507,-0.485,0.5853,-0.1996,0.922,-1.3003,0.3107,-0.5773,-1.6102,-0.3061,-0.1197,-0.6865,-0.6718,1.6972,-0.1268,0.6436,0.9938,-0.4186,1.6305,0.1457,-0.7553,0.8123,-1.8765,0.7971,-0.2233,-1.4013,-0.1784,0.8257,0.0848,-1.083,1.6832,-0.6499,0.4214,0.578,-0.1958,-0.5835,-0.3669,1.1968,-0.0876,0.6355,-0.4149,1.3606,-0.7561,-0.84,-1.3864,0.356,-0.8467,-0.699,-0.6579,0.0597,-1.4891,-2.1491,-0.0372,0.3366,-0.0552,-0.3516,1.7219,1.0701,-0.1392,2.133,1.0689,-0.9327,2.5385,1.6122,0.1268,0.1124,-0.4328,-0.4816,-0.3035,0.9551,-0.7501,-0.6708,0.8931,-0.4307,-0.2503,-0.6592,-1.3836,-1.199,-0.0876,-0.0381,-1.3142,0.8804,-0.1312,-1.5019,-0.5471,-0.025,1.9442,0.6743,0.5801,0.3157,0.5756,0.4422,-1.5757,0.0116,0.6442,-0.1674,0.2559,0.8499,0.613,-0.4046,-0.5159,1.7668,0.6821,1.1388,-0.9977,-1.1115,-0.4144,-0.6539,-0.9074,1.9574,0.8266,0.3776,-1.0189,-1.348,1.0276,-0.1663,-0.4403,-0.813,-2.3663,0.3652,-0.3214,0.8584,-0.3159,-1.6939,-0.1851,0.2941,0.7757,-0.1674,-0.7136,1.515,1.487,-1.3274,1.0822,0.2509,-0.5152,-0.1328,0.1197,0.2823,0.4783,0.7311,-1.3561,0.5939,-0.1634,0.8327,-0.7638
"IC44",-1.8326,-0.7447,-0.071,0.2802,-0.2268,-0.6319,-0.0921,3.3988,1.2012,1.0516,0.4173,0.5417,1.0148,0.3421,-0.2759,0.483,0.1622,-0.8405,1.0019,0.3203,0.324,-1.3935,0.0431,-0.0874,-1.0638,-0.9549,0.6175,-0.3736,-0.9609,-0.5818,-2.1725,0.0989,-0.4919,-0.0836,-1.3285,-1.6031,-0.8893,-0.6068,-0.9083,-1.9486,0.594,1.4502,2.0876,1.4367,1.2024,2.994,0.2055,0.4765,-0.6164,-1.3645,1.4091,-0.2077,-0.6557,-0.0102,0.3053,-0.9462,1.0481,0.6635,-0.6922,-0.054,0.0207,-1.0358,0.9187,1.1904,0.6217,-0.5099,-1.651,0.8249,-1.1836,-1.4607,-0.8239,-0.1031,-0.8011,0.4115,1.0386,-0.8701,0.5338,1.0749,1.3402,2.0025,-1.5705,0.4659,1.0108,-0.4749,1.3936,0.9864,0.3724,0.1129,0.76,-0.1221,-0.4478,1.1304,0.2851,0.582,-1.3768,-0.2438,-0.8725,-2.2337,-0.1692,0.4303,-0.3949,-1.2493,-0.6299,0.2083,-1.0629,-1.5301,-0.3947,-1.1488,-1.73,-1.4488,-0.2628,-0.3535,-0.5361,0.4028,1.2141,2.0158,-0.2534,1.1761,1.3881,-0.3737,1.3845,1.2441,0.0757,0.8805,-0.0003,0.0295,0.5563,0.7693,-1.1412,-0.1583,2.0932,0.5555,-1.0321,-0.7033,-0.1642,0.2297,0.5143,1.3007,-0.8635,1.2004,-0.9691,-2.1517,-0.026,0.3225,1.1971,0.8109,-1.5461,0.5024,-0.3236,0.119,-0.7775,-0.5682,-0.2452,-0.6071,-0.7786,-0.7458,0.054,0.5216,0.6243,2.0649,0.0107,-0.0822,-1.5318,-0.2511,-0.1558,-1.0051,0.15,1.6971,1.1482,0.0602,-0.471,0.3552,0.9962,0.3627,0.1152,-0.1709,0.2756,-1.2048,-1.2764,-1.5579,-2.2307,-1.7443,-0.3149,-0.3099,0.1878,0.8167,1.7319,1.2858,0.5106,-0.0129,1.8965,0.4146,-0.3124,0.1546,-0.8964,-0.8866,-0.1595,1.0132,-0.9402,-0.2652,0.3567,0.5709,0.4121,-0.0454
"IC45",-0.3444,0.1388,0.7795,0.0347,0.1531,0.3271,0.882,0.4689,0.0454,-1.6134,-0.4451,1.1261,1.2042,2.4732,0.6045,0.9416,0.4972,0.0967,-1.6192,-1.1417,0.2591,-0.9106,0.158,-0.2658,-1.2293,-1.3486,-0.3682,-1.555,-0.2411,-1.062,-2.2362,-1.2201,0.1095,-0.9916,-2.6857,-0.7137,1.1546,0.0597,-0.7124,1.8162,1.4681,0.0203,1.5648,1.3057,-0.3364,0.6501,1.1801,0.8276,-0.3281,1.2446,0.738,1.2814,1.1225,1.8244,1.0878,-0.8376,-0.2038,-0.3495,-0.9471,-0.8627,0.7542,0.8507,0.345,0.0695,-0.3,-1.3655,-0.3334,-1.1715,0.454,-0.3921,-2.2047,-0.3151,-0.3752,0.3881,-0.0689,-0.9666,0.2696,-0.3383,-0.2349,0.3041,0.6165,-0.6782,0.4101,0.3977,-1.3729,0.1907,1.3458,0.6522,0.0558,-1.2745,-1.671,-0.6122,2.7385,0.0235,0.1865,1.2955,0.1996,-0.5172,-0.0656,0.8509,0.5277,-0.3413,-1.1192,-0.6687,-0.3154,-0.8668,-0.6427,1.2261,-0.7725,-1.4577,-0.5446,0.5315,1.1389,-0.4059,0.3821,2.4298,0.6492,0.263,0.0454,-0.7862,-1.1407,0.5186,1.4199,-0.1755,0.9775,-0.9304,-0.9214,1.9078,0.3854,-0.4795,-0.0745,2.1486,-0.4328,-0.1072,0.6401,-0.7439,-1.3361,-0.3295,-0.9987,-1,-0.3499,1.1551,-1.2115,-1.9921,0.5604,0.2784,-0.3987,-1.2697,0.3131,0.1767,-1.4418,0.0701,0.5845,2.8933,-0.0828,-0.1654,1.5524,0.0569,1.2174,-1.1065,-0.3516,0.5006,-1.0519,0.5987,0.4659,0.9513,-1.2034,-0.0128,2.4747,1.3654,-0.9372,-0.6443,-1.0006,0.5139,0.2364,-1.1466,0.3843,-1.4817,-1.7183,1.1502,-0.4972,-0.4084,-0.7575,-1.1373,1.0528,-1.2697,-0.8974,0.2856,0.9009,0.2671,0.0419,0.2518,0.559,-0.1913,1.7096,-0.3319,-0.35,1.1621,-1.0492,-0.8675,-0.6266,1.7985,-0.078,0.6825
"IC46",0.1036,0.9206,0.6605,1.5462,-0.1605,-0.2731,0.4365,-0.071,-0.4594,-0.319,1.3374,1.0691,1.4582,0.8656,0.4394,0.2538,0.8771,0.639,0.884,0.2246,0.7712,-1.1145,-1.5264,-0.881,-0.991,-0.4527,-1.4628,-2.3469,-2.6218,-1.6507,-1.4433,-1.6247,-0.4224,-1.5026,-0.7426,-0.2227,-0.039,-0.1269,-0.2268,0.2336,-0.4314,-0.2171,0.4397,0.5699,0.7339,0.4701,1.2008,0.8835,1.4944,0.3392,1.0589,0.7122,0.7884,1.1271,1.2079,0.041,-0.2347,-0.2136,0.0162,1.0318,-0.8454,-0.8785,-1.1193,-0.2288,-0.6654,0.0272,-1.1047,-0.6832,-0.9325,-1.4469,-0.368,1.3315,1.9316,1.5542,1.2421,-0.1817,-0.2157,0.3833,0.9143,0.1242,0.1804,-0.7343,0.2482,0.0775,0.9186,1.4634,1.7215,1.3481,0.7791,1.0932,0.8197,0.6537,0.3614,-0.0423,-0.4156,0.3416,-1.5066,-2.1397,-1.788,-1.1967,-0.3313,-1.4944,-1.2111,-1.7597,-1.3939,-2.3207,-1.2077,-1.3558,-1.0349,-1.6685,-1.4881,-1.0076,-0.323,-0.1093,0.2717,1.4514,0.9124,0.8468,1.3284,1.4865,1.5794,1.3488,-0.0897,0.1459,0.0631,0.1164,0.3842,0.2184,1.192,0.9285,1.2297,0.7632,-0.3628,-0.1448,0.0243,0.8876,1.0024,1.1168,0.3735,0.6727,0.9763,-0.2811,-0.6228,-0.738,-0.5172,-0.0086,-1.2306,-0.0626,-0.2721,-0.3981,-0.7018,0.4595,1.817,2.2147,0.8959,1.1811,0.4702,-0.2346,-0.3567,-0.6206,0.2809,-0.3986,-0.4776,-1.6782,-1.1106,-0.1765,-1.4338,-1.6747,-1.6286,-1.7965,-0.5702,-0.612,-0.5688,-0.2837,-0.8505,-0.5149,-0.7539,-1.2941,0.2277,-0.8814,-0.8176,-0.8992,0.1885,1.5757,1.861,1.9311,1.2261,1.3948,1.8162,0.5599,-0.2114,0.195,-0.4433,0.4106,-0.9388,-1.1514,-0.8224,0.1765,0.2292,-0.0813,0.8682,0.841,0.7422,0.4563
"IC47",0.2233,-0.6638,-0.5102,-1.7439,-2.2734,-1.6225,-0.4057,2.1877,1.167,2.2648,2.3565,2.2083,0.4974,0.8386,-2.1171,-1.3623,-0.297,0.3691,1.5459,1.0372,-0.4105,-1.2456,0.068,0.0267,-0.7374,-1.0992,0.84,0.3011,-0.1206,0.7661,-1.2278,-0.4047,0.7194,1.8252,-0.4957,-0.1184,-0.0689,-1.2482,-0.8439,-1.1553,0.2043,-1.8124,-0.602,0.2151,1.1355,2.7623,0.6395,-0.7449,-1.0828,-1.8024,-2.0875,0.2066,0.0109,-1.1881,1.6188,0.137,0.6557,0.6798,0.6357,-0.3502,1.3587,-0.6702,-0.594,0.5179,-0.2818,0.4634,0.1107,0.5527,0.7714,-0.5275,-0.0716,1.6614,-0.4964,-0.3637,0.8247,-0.7612,-0.6668,1.3281,-0.5154,-0.8972,-0.6742,0.0423,1.7779,0.7638,0.7478,2.0424,0.9718,-0.6406,0.1169,-0.9029,-1.8515,-0.6047,-0.0829,-0.2297,-0.2667,1.058,-0.6584,-0.7377,-0.0411,0.5266,-1.272,-0.9071,-0.117,0.6772,-0.5391,-0.8748,-0.6463,0.3787,-1.2294,-1.4585,-0.5956,1.2285,-1.1332,-0.5067,1.2254,2.0542,0.6987,0.5625,-0.3361,-1.0628,0.4176,1.6887,0.7707,-0.9692,0.2691,-0.6874,0.6209,2.4978,0.1389,-0.5381,0.9617,0.4179,-1.3578,-0.9001,-1.6739,-0.7538,0.3807,0.3977,-0.0806,0.9409,2.2869,0.5504,-1.2501,-0.8002,1.5708,0.0615,-0.4772,-0.5499,0.3054,-0.2926,-0.6988,-1.0012,1.2681,-0.4148,-0.4985,-0.1809,-0.225,-1.4707,-0.6483,2.4585,0.9197,0.7685,-0.3557,-1.0714,-0.0939,-1.102,-0.4844,0.8579,0.8209,-0.4705,-1.234,-0.5938,1.0334,1.661,0.4904,-0.7397,0.2743,-0.491,-0.8159,0.9807,-0.4912,-1.2752,0.2255,0.0242,-0.4661,-0.3065,0.3235,0.4384,0.5154,-0.258,0.8218,0.7926,0.2836,-0.7981,-0.4035,-0.7539,0.2391,1.0957,0.1186,0.6795,0.7144,-0.0168,-1.1525,-0.7881
"IC48",-0.5581,0.0502,-0.8732,-0.7254,-0.2642,0.9262,-1.0264,0.4173,-0.2526,-0.2218,0.9768,1.3997,2.6074,0.7361,0.6613,-0.0218,1.3333,0.7625,0.1884,0.3048,0.6699,-0.5375,-1.387,-0.7754,-0.3889,0.3599,-0.3383,0.0215,-1.8333,-1.1355,-1.2924,-1.7648,-1.4484,-1.4523,-1.7155,-1.0289,-0.4964,0.2449,1.1805,0.6183,0.44,0.1838,-0.2369,0.8219,-0.484,-0.7254,0.2996,-0.058,2.886,1.5318,-0.0575,1.0436,0.1019,-1.4368,0.6095,-0.2359,0.0604,0.3623,2.2386,2.4659,0.5861,0.8053,-0.0015,0.9702,0.3114,1.6637,0.611,0.3442,-0.8707,-1.119,-2.108,-1.1865,-0.1846,-0.9597,0.0597,-0.1985,-1.8903,-0.7599,0.1426,0.0959,-1.1376,-1.6892,-0.6238,0.0406,-0.7143,-0.7733,0.4824,-0.5263,1.1367,1.1471,1.6987,2.7411,1.119,-0.1383,-0.4373,0.6024,-0.2647,-0.4133,-1.7263,-1.3296,-1.1813,-0.8584,-1.9164,-1.046,1.0563,0.1527,0.7149,-0.2678,0.8839,-0.1801,-0.4198,0.6762,0.0057,1.2438,-0.0882,1.1739,0.9172,0.305,1.0501,-0.883,-1.4733,0.4949,1.742,0.7022,1.0007,1.2048,-0.4885,-0.2123,0.1264,-0.8771,0.0311,0.1096,0.7981,0.6429,-0.4145,-1.3914,-0.7369,-0.3532,-0.1536,-0.3162,-0.6542,-0.7157,-0.3896,-1.1021,-0.6052,0.89,0.0132,-0.6363,1.3306,1.7763,1.0906,0.1074,0.4791,-0.4928,-0.5644,-1.0423,-1.2586,0.226,-0.4399,-0.1023,0.218,-0.3032,-0.0343,-0.7613,-0.7291,0.2683,-0.2954,-0.1256,0.7542,-0.4421,-0.3418,-0.2032,-0.0726,1.7688,2.6496,0.6209,-0.0563,0.3292,0.8652,-0.4679,-0.7945,-0.3722,-1.3373,0.4446,-0.7282,-2.0447,-1.3532,-1.4804,1.3221,2.0115,1.2588,2.5425,0.4254,-1.1587,-0.9143,-0.035,-0.0853,1.1693,-0.22,-1.3211,0.8873,0.5529,0.1026,-1.4344
"IC49",-1.0634,-1.4863,-1.0783,0.074,0.1667,0.0536,-0.6341,0.7415,0.2395,1.4612,2.3667,3.1173,1.3303,0.3099,0.0557,0.0544,-0.3827,0.3069,0.0488,0.3181,-0.9752,0.0773,0.1364,-2.162,-0.7366,-1.3445,-1.3873,-0.5483,-0.2722,-0.6704,-0.3596,-1.3449,-2.3091,-1.3156,-1.9246,-1.134,-0.7505,-0.9281,0.9472,1.8005,1.1685,1.2369,1.1703,0.899,2.2441,2.4158,2.1681,2.0467,2.5174,1.0679,0.166,1.5252,0.2089,0.1442,0.6966,-0.0198,-0.6637,-2.3155,-0.3744,-1.1867,-1.4622,-1.6479,-0.7718,-0.6706,-0.5208,0.0128,-0.4006,-1.6947,-2.0112,-1.6441,-0.5355,-0.3406,0.0687,-0.2248,-0.2783,0.1037,-0.5505,0.4308,1.4637,0.0593,1.4956,0.8424,0.1012,0.4676,-0.0321,0.0625,0.3663,1.1296,1.0105,0.6346,0.8504,1.1533,0.383,0.2308,0.5556,-0.2223,-0.4008,0.6363,-0.3612,0.025,-0.9223,-0.1011,-1.1113,-0.7086,-1.0957,-1.0702,-1.6794,-1.1681,-0.4065,0.3892,-0.3474,-0.4766,-0.7829,0.7612,0.3261,-0.375,1.6368,0.4859,0.4744,2.097,1.8555,1.083,0.6497,-0.3742,0.4819,0.4915,-0.5711,-0.1799,0.2323,0.2542,-0.849,-0.2896,0.9134,-0.1768,-1.0282,-0.5929,-0.2678,-1.0892,-0.105,-0.6678,-0.8899,-1.4833,-0.7315,-0.2131,0.3474,0.25,0.5793,-0.3563,-0.4396,-1.267,0.4503,-0.6097,-0.6331,-0.7876,1.1901,1.3561,0.78,1.7608,0.8469,1.2081,0.2825,0.8065,0.8344,-0.6967,-1.1534,-0.2328,1.3442,0.8725,0.3457,0.6677,0.2025,0.1409,-0.1807,-1.1292,-1.5929,-1.6502,-0.5172,-0.863,-0.5476,-0.8935,-0.2892,0.51,-0.2875,0.2268,-0.1761,-0.2593,1.7187,1.0817,1.0011,0.4729,0.6052,0.233,0.4457,0.3558,-0.3808,-1.1878,-1.5613,-1.4997,0.2599,0.0276,0.4464,-0.6143,0.5757,0.9751
"IC50",-0.9402,0.3726,-0.7435,-0.47,-1.0372,-1.4036,0.4574,-1.0115,-1.9643,-1.3955,-0.1732,-0.308,0.5195,0.2214,0.8326,-0.3176,0.9058,0.0913,0.0903,-0.4251,-0.1227,-0.8234,-0.7619,0.1376,-0.1224,1.1469,0.1625,0.1148,0.4953,1.1631,0.5544,1.1171,1.2821,1.214,2.4078,0.4437,0.0098,0.4925,2.0264,1.1589,0.1897,-0.5615,-0.3452,-0.1541,-1.0159,-0.8416,0.3543,-0.0925,0.4936,0.7875,2.1093,0.6237,0.6268,-0.7896,-0.3881,0.122,0.5522,0.8286,0.5536,0.8689,0.3027,-0.0572,-1.6515,-0.7771,-0.5891,-0.8144,-0.9081,-0.8355,-0.1775,0.4552,-0.6654,-2.0475,-1.707,-2.5498,-1.5827,-1.1083,-0.9214,-0.6332,-0.8631,0.272,-0.0288,-0.3555,-0.5537,-0.5284,0.6211,-0.5021,-1.0589,-1.1986,-0.0938,-0.0797,-0.3425,0.7415,1.4317,1.5005,0.3549,0.1206,0.21,1.183,1.4679,1.3259,1.6093,2.1822,1.4701,0.5677,0.3965,0.2876,1.0826,0.6702,1.5709,0.6098,1.0993,1.0877,0.5635,-0.2448,-1.4187,-0.4967,0.0888,0.2483,-0.499,-2.211,-1.3111,-0.116,1.0864,1.3474,-0.2066,-0.0396,-0.0149,-0.0908,0.336,-1.4215,-0.604,-0.7572,-0.3046,0.1409,-0.5217,-1.0848,-2.2197,-1.6033,-1.435,-0.3733,0.4154,1.2016,0.4425,-0.6325,-1.2709,-1.6261,-0.4316,1.0362,-0.1321,0.5503,0.4633,1.5889,0.2615,-1.1024,-0.8347,-1.8652,-1.3648,-0.4291,-1.1226,-0.4834,-0.4653,-0.8384,0.6507,1.2708,1.368,1.2152,0.3651,0.5327,0.2661,-0.1088,0.4329,-0.2066,1.4785,2.4529,1.4037,1.3466,0.4341,0.586,1.6236,2.1054,2.2545,0.3649,0.3997,0.228,-1.2053,-0.5293,-0.6287,1.2441,1.6237,0.5972,0.1005,-0.7775,-0.0373,0.5114,-0.9558,-0.4411,-1.0935,-1.2433,-1.7686,-1.201,-1.2773,-0.991,-0.5059,-1.3925
"IC51",-1.9965,-0.4123,-0.832,-0.7688,0.0593,0.582,0.3468,2.2758,-0.8596,1.1948,-0.0638,-0.321,0.466,-0.7245,-0.4894,-1.1928,1.8381,0.2053,3.0592,0.7926,2.4864,-0.5521,0.4457,-0.2655,-2.2477,-0.4743,-1.4391,0.1987,-0.6577,0.7551,-1.2397,-0.2461,-1.2351,-1.8293,0.595,-1.1699,-1.102,0.9563,1.5176,0.8633,2.0821,-0.6216,-1.019,1.2561,-0.0556,-0.2206,-0.31,-0.0853,1.371,1.6429,1.5388,0.0871,1.3422,-0.4075,1.1441,-0.8683,-0.0522,-0.3805,-2.1395,-0.9735,-1.2634,-0.5466,-2.04,-1.1791,0.4416,0.6927,-0.5683,0.1489,-0.7772,0.4284,-1.4827,-0.8617,0.6056,-0.2716,1.4485,-1.0231,-1.6521,0.4736,-0.6877,0.9623,0.6536,1.9113,-0.3537,-0.3713,1.9484,1.296,2.2855,1.0652,1.6128,-0.3471,-0.5697,-0.7754,-0.2081,2.1217,-0.1307,1.5925,-0.6543,0.1708,-0.4197,-0.7699,-1.1644,-1.4008,0.2195,-0.4831,-0.4263,-0.5328,0.0965,-0.7912,0.1605,-0.2336,-0.337,-1.841,-1.6528,0.3708,0.0544,0.903,-0.0505,0.1122,0.8391,0.2712,2.0238,0.3021,-0.6963,0.1543,-0.5328,0.149,-1.2106,-1.2761,-0.1355,-0.1151,0.0073,-0.1917,1.5782,-0.2551,-0.9034,1.3781,-0.1384,1.0567,-0.493,0.4075,-0.3998,-0.1109,1.0389,-1.2346,-0.1062,0.1947,-0.0157,1.4118,0.0305,0.8827,-1.7552,-0.9076,0.2576,-0.0233,0.7013,-0.7132,-0.2662,1.3266,0.062,-0.0324,0.1117,0.1042,1.2315,-0.6676,-0.1308,1.474,0.6394,0.2615,-0.8032,-0.7226,1.3129,-0.2675,-0.486,-0.1146,-0.7851,-0.2827,-0.9428,0.8915,-1.613,-1.4806,0.4269,-0.8537,0.3174,-0.2906,-0.5174,0.6602,-0.0548,1.464,1.5707,0.2958,0.8005,-0.4783,-0.2792,1.0807,-0.5658,0.0312,-2.1126,-0.38,-0.7317,1.7573,-0.2713,-0.5106,0.1986,0.3931
"IC54",0.8822,-0.0219,-0.793,0.0693,-0.5326,-1.005,-0.2769,-0.3547,-1.2791,0.0147,-0.9328,0.9849,0.8305,1.7172,1.4269,0.8072,-0.5854,-0.2283,-1.0466,-0.2131,-1.4491,-0.71,0.5225,-1.5897,-1.1113,-1.7992,0.4042,0.1638,-0.7404,-0.9114,-0.4033,0.4616,-1.4527,0.1094,0.2132,0.9465,1.8929,1.3612,1.4615,3.0038,1.7969,0.6495,1.0903,0.1877,0.3193,1.1331,0.4181,1.3806,0.4651,0.4392,-0.7454,-1.0724,-1.183,-0.2361,-0.0997,0.7384,0.3608,-1.4355,-0.6454,-1.6084,0.4611,0.1354,0.5064,0.198,1.4189,0.5968,0.6225,0.2745,0.2575,-0.2261,-0.1288,0.1202,-0.4028,-0.1541,-0.802,-0.9607,-0.5964,-1.393,-2.5782,-1.4559,-0.7408,0.0262,-0.7674,-0.4082,-1.2411,-1.1195,-1.3847,-1.0016,-2.1357,-1.8383,0.3766,0.129,-0.0123,-0.018,-0.0508,0.4642,1.8738,1.8139,0.0386,0.7212,0.4202,1.9772,2.1455,1.3917,0.5303,0.9665,0.5988,1.4604,1.9399,2.6842,2.3838,1.6534,0.9578,0.4139,-0.3025,-1.6713,-0.8727,-0.7545,-1.3274,-0.907,0.7049,-0.7052,-0.3969,-0.0456,-0.1958,-0.8226,-0.2657,0.1301,-0.7697,-0.2143,-1.0872,-0.9305,0.1965,1.075,0.5175,0.2219,-0.6459,-0.6107,-0.7078,-1.0968,-1.4341,-1.5977,-0.4557,-0.4777,-0.2006,-1.3289,-0.7357,-0.7632,-0.3805,0.1398,1.1892,1.4629,0.9014,-0.5842,-0.8739,-0.9588,-1.2257,-0.6923,0.1328,1.3647,-0.0298,0.7734,-0.0519,1.3896,1.0179,0.2491,0.8332,0.4343,-0.0704,0.0651,-0.5474,1.2088,1.2974,0.6858,0.2144,-1.7342,0.0265,1.1933,0.5784,1.3701,0.8454,1.8671,1.3967,0.445,0.2352,-1.5165,-0.7181,-0.1388,-0.4594,-0.3908,0.9916,0.1142,-0.1366,-1.0926,-0.1641,0.2167,0.1455,-1.1305,-0.7818,0.427,-1.3774,-0.4278,-0.8132,-0.3704
"IC56",0.7686,0.4659,-1.8615,-0.5576,-0.2391,0.3528,0.3818,0.0214,0.0858,1.6972,0.099,1.3112,0.5414,0.6037,-0.6894,0.8499,-0.4995,-0.73,-0.3351,0.2153,0.8354,-0.3778,1.1355,-0.3935,-0.6703,-1.3422,-0.4142,-0.3343,1.2925,-0.1117,-1.1483,0.0373,-1.4786,-0.4731,-1.0013,-0.6985,0.0602,-1.111,-2.7844,0.2688,0.3344,0.8519,2.5993,0.8216,1.2056,1.7529,-0.4013,1.0289,-1.2845,-0.7584,-0.3056,0.5001,-0.0087,1.6349,0.1691,-1.5966,0.4517,-0.2084,0.3236,-0.1212,0.6418,-2.0669,0.0142,1.1991,2.2907,-0.564,-0.0149,0.0174,-0.8699,-2.2871,-0.8434,0.8694,-0.8563,0.859,-0.4593,-1.3515,2.3007,0.0611,1.5413,-1.185,-2.4292,0.0442,-0.7222,-0.5357,-0.4263,0.6112,0.8094,1.2922,0.4645,0.3622,1.409,-0.7877,0.3347,1.1221,0.7404,0.2511,-0.3626,-0.7489,0.8625,0.9061,-0.0977,-0.2762,0.1061,-0.1527,-0.8677,-0.0659,-0.1624,-0.5739,-1.7539,-0.6036,0.8983,-0.7463,0.4152,0.0634,1.4414,0.7923,-1.7872,0.0862,0.6482,0.6163,0.6271,-1.2179,-0.1583,0.5958,0.6107,-1.4144,-0.2608,0.2919,-1.9168,0.2882,0.7786,-0.156,-1.534,-1.0656,-0.1076,0.4642,0.2588,-0.2818,-0.5657,0.3266,-2.0321,0.7933,0.5242,0.3077,0.6297,1.2108,1.109,0.3181,-0.4151,0.2625,-0.4949,1.3585,-1.3109,0.6917,-0.0952,0.4506,1.4501,0.7458,2.8543,1.016,0.056,-0.585,-2.7284,0.2355,-0.41,-0.0491,1.0175,1.1571,0.1688,0.4307,-1.4561,-0.1514,-0.0934,-1.9147,0.1597,-2.2534,-0.9048,1.8083,-0.9958,-0.2305,-1.391,-0.5682,0.4741,-1.0395,0.4791,-1.5692,0.4658,0.8305,-1.3411,-0.6742,1.2085,-0.1149,1.4417,-0.1488,0.3567,-1.2118,0.4035,1.0177,-0.4432,1.6157,-0.113,0.4513,-0.8621,1.2987
"IC58",-0.7898,-0.7221,-2.6864,-3.2084,0.4517,1.7508,-1.2579,0.6806,-0.2669,0.2836,-0.5856,1.8024,1.1769,0.1861,0.9859,0.6689,-1.6278,-0.5814,0.2328,1.256,0.5693,0.0558,1.8054,0.1387,1.3679,0.9447,0.1927,0.7625,0.1713,-0.7925,-0.1532,1.5699,-1.3337,0.6866,0.5978,0.2416,0.1204,0.0576,-0.6117,0.4205,0.7531,0.0066,-0.6892,-1.2943,-0.9847,0.5513,-1.4616,-0.5429,-1.5194,-0.7447,-1.0129,-0.9459,-0.2135,0.7878,0.3205,-0.823,-0.0115,-1.6077,1.9219,0.8925,0.1032,0.7063,1.0926,-0.6092,1.1441,-0.5839,0.3492,0.737,-0.3173,0.2953,-0.4163,0.9731,-0.0633,0.068,-0.1915,-1.3831,0.4045,-1.2859,1.0972,0.5659,-0.3601,0.423,-1.3526,-0.7169,-0.7221,-1.0508,0.3129,-0.6656,1.1291,-0.4892,0.7507,-0.959,-1.0523,-0.9952,-0.8606,0.4618,-0.5372,2.2616,0.7461,1.0803,-0.0137,2.4403,1.3398,1.9279,0.8577,2.2609,1.1611,0.2463,-0.4954,-0.7619,0.3144,-1.9876,-1.0193,-0.3379,-0.4987,0.0887,-0.2112,0.5977,-1.1281,-1.6621,0.0027,-2.1756,-0.04,0.1047,-0.1854,1.5805,-0.1642,-0.4746,-1.0454,-0.1697,0.3092,-0.1023,1.5572,-0.1302,-0.4976,-0.9611,-1.6542,-0.6526,-0.1514,0.0156,-2.2885,-0.3525,0.6778,-0.4882,1.022,0.7325,2.8523,1.3575,-0.0037,1.0221,0.5534,1.0017,-1.0363,-1.0694,0.2665,-0.8707,0.3326,-0.1787,-0.3787,0.4802,-1.0941,-1.1422,-1.0469,0.4727,0.6999,0.8827,0.3796,1.8734,-0.2593,-0.746,0.413,0.2454,1.2932,-0.1297,0.4766,1.2371,-0.7535,0.8984,-0.3571,0.5135,0.0919,0.5929,1.4836,-0.8221,-0.6347,-0.4866,-1.2663,0.0464,-1.2169,-1.5404,2.2634,-0.0593,-0.4311,-0.9338,-0.4634,0.4179,-1.1517,0.0328,-0.1532,1.738,-0.7253,-0.6921,-0.6897,0.7931
"IC60",1.3875,-0.8575,-0.4977,-0.8742,0.195,-1.1853,1.8129,-0.9036,-1.8114,-1.4809,0.8008,2.1013,1.6521,1.4241,1.5085,1.0516,-0.1952,0.8819,1.8468,0.5169,-0.9447,1.0101,-0.0134,-0.5666,-1.1147,-1.7445,-2.2262,-1.5761,-1.1374,-3.0597,0.4305,-1.0249,-0.5926,-0.0002,-1.398,1.1552,1.1015,0.6624,0.5756,-1.1352,-0.8807,0.7671,-0.1855,-1.6691,1.5776,1.5431,0.4641,1.9937,-0.0825,0.7309,0.6561,1.0621,0.0863,0.1344,-0.7686,1.3267,0.4166,0.7009,1.3443,-0.7123,-0.5293,-0.3038,0.5965,-0.0583,0.4476,-0.9475,0.5682,-1.0574,-0.7809,-0.7976,-0.2959,0.145,-1.0326,0.7495,-0.8193,0.6946,0.3596,-0.0327,0.4054,-1.7868,-2.169,-0.9335,-1.8935,-0.2353,-1.115,0.2321,0.4223,2.5587,0.5473,-0.0022,0.6366,0.4748,-0.0381,0.567,1.1895,0.1895,0.4044,0.6678,0.1482,-0.0933,-0.0264,0.7022,-0.3875,0.4284,-0.4758,0.5674,-1.0468,-1.1195,-1.4583,0.2377,-0.0293,0.1934,-0.3353,0.0798,0.9616,-0.7448,0.6667,1.1195,-0.6179,2.1622,1.0208,0.3386,0.5339,-0.9754,-0.6922,0.0019,-0.8835,-0.4688,-0.9798,0.6617,0.2295,-0.567,-0.1139,-0.3885,-0.4228,0.2617,0.3124,-1.3571,-0.4967,-0.3099,-0.0698,-0.39,-0.1925,0.1095,1.4747,0.2747,0.2137,-0.8412,0.2874,-0.5588,1.101,0.7944,0.9142,-0.4862,-0.9657,-1.3994,-1.782,-0.0013,1.7804,3.3719,0.1521,0.5167,0.0359,0.3045,0.1216,-1.1219,0.0936,0.6216,-0.7961,-0.5882,-0.1827,-0.1959,-0.2544,-1.9208,-1.2614,-0.4141,1.6114,1.6032,-0.4484,0.2421,0.1026,1.7527,1.5234,-0.2767,-0.5621,-0.7606,0.6412,0.4994,-0.7099,-0.5751,-0.1198,-1.3494,-0.1503,0.1478,-0.8046,-1.6018,-1.3361,-1.3588,0.4758,0.9774,0.5039,0.9469,0.8389,1.496
"IC62",-0.9059,0.2032,-0.1396,-0.4151,0.2655,-0.2843,-1.2028,-0.1105,-1.4051,-1.0107,-0.3805,-0.1171,0.9325,0.8388,1.2248,0.5795,1.1396,0.5242,-0.2917,0.4802,-0.518,-1.1084,-0.3504,0.244,-0.0625,0.4518,0.1904,-0.0215,-0.2652,0.4864,-0.2475,1.0781,1.9563,1.3826,2.0655,0.6314,-0.4409,-0.204,0.3365,-0.9881,-0.6348,-1.8842,-1.7049,-0.3595,-1.4848,-1.0817,-1.3558,-0.7567,1.7281,1.5305,0.811,0.7528,0.5626,-0.3872,0.3936,0.0272,0.3017,0.4802,0.4813,1.1379,0.9246,0.9585,0.9008,0.443,-0.4755,-0.5486,-1.7002,-1.0644,-1.1437,-0.4844,-1.5327,-1.1568,-0.1807,-1.1229,-0.1111,-1.1819,-1.2281,-0.908,-1.829,0.8239,1.1098,0.2495,0.3825,0.7407,0.9591,1.0492,1.2582,0.2579,1.4386,0.4182,0.3157,1.2648,1.889,1.0202,-0.1682,-0.4073,-1.0003,-0.6534,-0.9094,0.0474,-0.3123,-0.5347,-1.122,-0.1172,0.0965,-0.9133,-0.1192,-0.2819,1.2082,-0.235,0.2226,0.3692,0.1315,0.1416,-0.582,0.4301,-0.6233,-0.2613,1.7524,-0.0789,-0.7811,-0.2432,0.6718,0.8221,0.0961,0.7722,0.7244,1.2134,0.8566,-0.6657,-0.8275,-0.7309,0.177,0.2781,-0.2067,-1.3404,-2.2119,-1.2451,-1.1823,-0.349,-0.0291,-0.3798,-0.5479,0.0597,1.1002,0.7081,0.2274,0.8423,0.4153,1.1722,0.4895,1.3821,1.521,0.5911,-0.2229,-2.2316,-2.2826,-1.6066,-1.324,-0.7184,-1.2434,-0.6543,0.7511,0.3602,0.9377,1.5306,-0.0583,-0.5204,-0.3056,-0.2896,0.1572,-1.3403,-1.0261,0.9373,1.6282,2.7224,1.2792,0.8963,1.6171,1.7992,2.4235,0.8743,0.3016,1.3349,0.788,0.6566,-1.6516,-2.0602,-1.8218,-2.4942,-2.2445,-1.4379,-0.3009,0.4612,-0.5933,-0.2696,-0.8168,0.7123,-0.6907,-0.7042,0.945,0.9789,0.8354,-0.3135
"IC63",-1.3335,0.1914,1.1445,1.4112,1.2519,1.7103,0.7524,0.4898,-0.2405,-0.2349,-0.038,0.4272,0.4914,0.0788,0.0709,-0.1089,0.722,0.637,-0.1495,0.6977,-0.3483,0.0521,-0.6335,-1.1957,-0.6236,-0.2502,-0.2737,0.6493,-0.2002,-0.2439,-0.3365,-1.6456,-1.5139,-1.8827,-2.656,-1.8432,-1.9157,-0.8824,0.3347,-0.3663,0.3709,-0.2698,0.18,0.8406,1.0061,2.4833,1.3886,0.7735,2.3223,0.3535,-0.6673,0.8159,0.2631,-0.9135,0.3173,0.0551,-0.79,-1.2194,-0.6757,0.1139,-0.3769,0.1513,0.2329,0.16,-1.1095,-0.2395,-0.416,-0.6701,-1.0537,-0.4634,-1.5504,-0.091,1.1612,-0.2906,0.8657,0.3085,-1.0076,-0.242,0.4785,1.7625,1.4088,0.5156,1.3314,2.1578,1.4168,2.1442,2.022,0.2424,0.938,0.1023,-0.3306,0.6199,0.5757,0.4907,0.5681,0.2588,-0.1295,0.0334,-0.7461,-0.624,-1.0872,-1.8244,-2.8966,-1.6966,-0.8674,-1.5925,-1.7588,-1.5064,-0.5127,-1.289,-0.9649,-0.5016,-0.894,0.0873,0.0767,0.4784,0.5335,-0.414,1.0745,1.3837,0.0329,0.3671,-0.062,-0.4694,0.1259,0.471,0.0132,0.9557,0.5422,0.0241,0.8367,0.8444,0.7618,0.374,-0.6255,-1.302,0.0844,-0.1394,0.1182,0.343,0.8855,0.2895,-0.2509,-0.0385,0.4153,0.462,0.4476,-0.7511,-0.2561,-0.4663,-0.4745,-0.2519,0.3118,0.7737,1.298,1.6135,1.2266,1.3001,0.7539,1.4456,1.4512,1.1575,0.9312,-1.7735,-2.0192,-0.064,0.2626,0.0917,0.2527,-0.3448,0.133,-0.7577,-1.0362,-0.2945,-0.6614,-0.4402,-1.8439,-2.9017,-1.6728,-1.2636,-0.9244,-1.4018,-2.3147,-0.3139,0.0068,-0.2499,-0.484,-1.0037,0.3067,1.1847,-0.3747,-0.1627,-0.17,-0.2799,0.046,0.4301,0.3963,1.052,0.9969,-0.0501,1.5407,1.344,2.1974,1.6141
"IC64",-1.3931,0.0584,0.3339,-0.727,0.1663,1.2493,-1.2804,3.1816,1.1461,-0.3178,-0.6746,0.4734,0.308,-0.141,0.6434,0.0877,-0.1251,0.0927,-0.341,-1.6883,-0.4237,-0.7141,1.1879,-0.2055,0.7881,-0.5552,-1.4173,0.2702,-1.3964,0.8937,-0.2128,0.8693,-0.0768,2.0459,0.58,-1.1936,0.3478,0.7504,-0.908,-0.6127,1.2771,-0.8933,-2.188,-0.6754,-2.4264,-0.5061,0.3982,-0.5206,0.5324,-0.1701,-0.8088,-0.4015,1.3758,-0.3173,1.4326,0.2558,1.2845,-0.7652,1.0119,-0.7282,0.2623,2.4402,-0.1044,-0.6718,0.719,-0.3364,0.3092,-0.0271,-0.5292,2.3749,-0.901,-0.327,0.9075,0.3969,1.5986,0.5286,-0.2052,-0.602,-0.9283,-1.4402,-0.6461,-0.3231,-0.4945,0.0125,-1.4444,-1.9463,2.0715,-0.5461,2.5094,0.5704,0.0567,-1.3586,0.5677,-0.1412,-1.9076,0.6273,-0.4296,0.853,-1.5522,-0.1418,0.4609,2.3679,0.2063,-0.2925,0.6945,0.5019,-0.1044,-0.0597,0.6224,-1.6033,-0.283,0.0363,-0.7264,-0.1264,-1.2807,0.0887,0.8736,0.5977,-0.1276,-2.1029,-0.2396,-0.899,0.6085,0.2412,-0.27,1.3367,-1.2288,-0.8361,1.1678,-1.1626,0.7797,1.2556,1.6854,0.0782,0.0921,-0.3577,-1.3575,-0.4528,-1.4021,0.8002,0.5615,1.6757,1.6275,-0.9989,0.1886,0.5845,2.2144,1.137,0.246,0.8724,-0.6906,0.1575,-0.5483,-0.7137,0.9119,-0.5323,-0.9395,-1.1027,-1.3899,-0.9819,-1.2565,0.4077,1.2125,-0.4081,0.3439,-0.0137,-2.2045,0.289,0.3375,0.6153,0.849,-1.5447,-0.5482,-0.1464,0.3887,2.6449,-0.7835,-0.5765,-1.5815,-0.2812,0.8977,-0.474,0.701,0.0643,-0.3493,0.4563,-1.3788,0.0154,0.3233,-0.6976,1.4034,-0.1502,0.5164,0.7138,0.0036,1.8501,-0.5926,0.0611,-1.209,0.3074,-0.5484,0.283,-0.1948,0.353
"IC65",0.5372,-0.0609,-1.1644,-2.1612,-1.0346,-0.9514,0.3667,0.9894,0.801,0.0102,0.9499,1.5159,1.5906,-1.4246,-0.7621,0.534,-0.4324,-0.0972,1.6692,0.1644,-0.2459,1.1834,0.4436,-0.5393,-0.0609,0.9347,-0.8205,-0.6662,-0.6459,-0.7075,-0.0196,-0.2374,-0.2949,-0.0988,0.2438,-1.4559,-1.0672,1.188,1.617,1.0783,-0.875,0.3868,-0.3844,-0.0191,2.0175,-0.1048,-0.3051,-0.6196,-1.2005,-1.5005,-0.4402,-1.1244,-0.19,0.656,0.6391,1.874,1.3566,-0.1097,0.4991,-0.1071,-0.0935,-0.1436,0.9624,-0.5293,-0.2018,-0.6906,-0.7755,0.2893,-1.0545,-0.7428,1.4175,-0.6986,0.4486,0.2939,-1.5002,0.38,-0.3588,-1.3363,-0.2231,1.2182,0.6433,0.5621,0.0209,-0.2512,0.9642,-0.0408,0.8914,2.347,0.706,0.2711,0.0907,0.6076,-1.6129,0.2829,-1.137,-1.3838,0.6242,0.5329,0.9501,-1.084,-0.8502,-0.4213,0.4963,-0.8685,-0.7332,0.1357,0.6577,-1.1324,-1.7176,-0.6009,0.2837,0.0407,-0.8785,-0.5115,0.0251,0.3066,2.4395,1.2476,-0.8624,-0.1263,0.4865,-0.6045,0.2007,0.3385,-1.3778,-0.4518,1.3779,-1.1045,1.0153,1.8013,-0.2182,-0.3506,0.9811,0.2221,-2.2248,0.7538,-0.7814,-1.3544,2.0013,0.8932,1.8721,0.138,0.6118,1.2937,-0.81,-0.9401,-0.1276,1.8253,-0.5955,-2.2508,0.9383,-0.5476,0.6783,-0.7017,0.2444,1.5888,-1.1739,-0.8998,-1.7782,-1.652,-0.4281,-0.5211,0.5475,0.9826,0.7416,-0.8417,0.7703,-0.6241,-1.2413,-2.0704,-0.2525,0.9681,1.3492,0.5753,0.6106,0.4305,1.0569,0.7164,-0.1923,-1.5557,-0.8275,-0.9329,-0.3898,0.1203,-1.2662,-0.8074,1.0876,1.6916,1.7766,2.2695,2.3275,0.5236,-0.4289,0.8278,-0.7248,-0.5112,0.7782,-1.919,0.3727,0.1326,-0.0975,-1.3719,-0.2239,-1.639
"IC66",-0.3403,-0.5282,0.5231,0.8417,0.2659,-0.3214,1.9788,0.664,-0.1632,-1.3448,0.4127,0.5954,0.3702,-0.0388,-0.8043,0.2643,1.1934,1.5911,0.2256,0.6988,-0.6246,1.0123,-0.2329,-0.6622,-1.3684,0.0139,-1.0697,-2.7088,-0.7693,-2.3301,-1.0679,-0.9362,-1.1875,-2.1381,0.1524,0.4374,-0.0848,-0.135,2.7038,1.0368,0.8686,-0.0991,-0.4498,-1.0454,-0.5979,-0.3187,0.1766,0.6744,0.0866,1.1531,1.7717,1.3403,-0.0595,0.4622,-0.3998,1.4094,1.1388,1.4343,1.0265,0.6497,1.3978,0.665,-0.4432,-1.6821,-0.2416,-0.7865,0.5359,-1.0669,-0.0669,-0.8031,-0.1429,-0.6288,-0.1824,-0.3789,-2.4905,-1.1283,-1.2354,-1.8142,-1.9401,0.9698,1.6263,1.9817,1.0385,1.1205,0.4309,1.1082,1.0816,1.0458,-1.1028,0.1983,-0.5033,-0.3549,1.0937,0.3773,1.0351,-1.5106,0.0083,0.0165,0.4425,-0.004,-0.9755,-0.6043,-1.2181,-0.7789,-1.2826,-0.4569,-0.8218,-0.9582,-0.5982,-0.6693,0.5215,0.5088,0.3006,-0.5387,0.5589,-0.006,0.3738,0.2167,0.4271,1.0557,0.1284,0.0702,0.2319,-0.4185,-0.5599,-0.2938,0.3637,1.0621,1.124,0.8764,0.1637,0.7404,-0.0458,0.6539,0.4599,-1.1732,-0.507,-0.3623,0.5578,0.7818,3.1396,2.5443,0.6327,0.206,-0.9064,-1.8231,0.1938,0.4238,-0.9981,-1.3356,-0.1782,-0.9679,-1.7916,-2.2188,0.5656,0.1362,-0.6072,-1.3424,-0.7754,0.8363,-0.5227,-0.028,-0.2997,0.1132,-0.7879,-0.7573,1.363,0.6123,0.0881,-0.9011,-1.1321,0.0292,0.4619,1.3905,2.2486,1.276,0.6183,-0.1711,-0.5824,0.7919,0.0347,-0.1329,-1.3345,-1.2599,-0.9865,-1.2633,-0.793,1.3532,1.0834,1.9564,1.6502,-0.4486,0.21,-0.0945,-0.0378,-1.0907,-0.5093,-1.4935,-0.2208,0.1199,0.9357,0.5475,-0.4013,0.7098
"IC67",2.9016,1.8462,1.2291,-0.5979,-0.7471,-0.498,1.1742,0.835,-0.6383,-0.8909,-0.4026,0.3202,0.0406,0.6613,-0.3422,0.3704,-0.3249,-0.3067,0.9247,1.7706,-0.6645,-1.401,-0.5121,-0.7846,-0.9475,-0.5458,0.0215,-1.6815,-0.4187,-0.6535,-1.319,-0.6501,-1.6964,-1.702,-0.7743,-0.0235,-0.5222,-0.0192,0.0979,0.4741,-0.2283,-0.7197,-0.0319,-1.3512,-0.0948,1.3256,0.0256,0.7698,0.5518,-0.2179,0.4409,1.0338,0.8317,1.6953,1.6339,0.8561,1.0307,0.598,-0.0091,0.0358,0.9245,-1.3145,1.2961,1.9392,2.1075,1.7001,1.1735,0.86,-0.6414,-2.4075,-0.2523,0.6917,-0.1268,-0.2482,-1.4786,-2.3094,0.0908,-1.5911,-3.1055,-2.1228,-1.0799,1.2295,0.8312,-0.2875,0.6475,0.9089,-0.2265,0.7611,-0.0133,-0.6895,0.5015,0.8601,-0.2526,0.6837,0.3054,-0.5502,-0.2428,-1.2913,0.0845,-0.0348,-0.0539,-0.9821,-0.5301,-0.2516,0.0439,-0.3645,-0.6254,0.8423,-0.0799,-0.71,1.14,0.889,-0.0894,0.0358,0.6658,0.3352,-0.5895,-0.1257,-1.2525,-1.0674,0.6372,0.1464,0.0541,1.2729,1.1281,-0.9927,0.9472,1.0125,-1.0369,0.7618,0.2808,0.084,0.3991,1.6475,-0.6208,-0.5446,0.1944,-1.0537,-0.1571,0.9802,0.6952,1.0557,-0.6728,-0.1386,-0.3976,-1.5945,0.3805,0.9863,0.4761,-0.9186,-0.2659,1.0574,1.4811,1.4035,1.0914,-0.1009,-0.3842,-1.0538,0.8191,-0.3999,-2.0199,-0.9492,-1.5627,-0.1221,-0.023,-0.6228,-0.1095,-0.747,-1.2193,-2.0099,-2.4011,0.8207,1.0796,1.5241,0.6368,-0.9853,1.2519,1.392,0.4512,-0.0914,-1.0633,-1.4732,0.2553,0.0285,-1.4546,-1.4814,0.1924,0.2919,0.0924,0.9474,1.7232,0.4459,-0.2587,-1.0651,0.6983,-0.5201,0.3407,-0.1794,0.1691,2.2362,1.8312,-0.041,-1.0194,0.0108
"IC68",-0.0699,-1.0958,-1.4518,1.0119,-0.4187,-0.4238,0.8596,3.6539,1.4712,0.0694,0.1313,0.1486,1.7467,1.0228,-0.0584,-1.3042,-1.5702,-0.4119,-0.1502,0.9274,0.5507,-1.3942,0.3857,0.7785,-0.0992,-1.0334,-0.2303,-0.9464,-2.3901,0.2762,-0.7253,-0.8989,-0.5543,0.1641,-1.4936,-1.112,0.8519,-0.9538,-0.8419,0.1523,0.6503,-0.454,-0.8689,-0.1548,-0.0537,0.9286,1.6398,-0.7334,-0.1975,0.7434,0.0576,-0.0273,2.489,0.0014,1.385,1.4725,0.4609,0.545,1.219,-0.3098,-0.2242,0.6983,0.1757,0.6934,-1.203,-0.2836,-0.2053,-0.171,-1.2639,-1.4898,-0.5731,0.3772,2.1672,0.5149,0.6492,0.4585,-0.9813,-0.5703,-1.4282,-0.6722,0.1879,-1.0646,-0.7971,-1.01,-1.8628,-1.0684,2.2971,1.8712,1.0791,1.6412,0.4969,1.7471,0.2644,-0.3605,-0.6928,0.2607,0.2814,-1.0586,-0.2912,-0.2535,0.9171,-0.6369,-0.5181,-0.454,0.262,-1.3509,-0.871,-1.0319,-0.9888,-1.3476,-0.1317,0.0135,0.1284,-0.2191,0.3114,2.433,1.0258,-0.0287,-0.2989,-1.7049,0.1728,1.1644,0.9343,-0.5974,-0.9798,-0.8229,-0.6481,-0.6317,-0.176,0.2373,2.1915,1.8278,1.4573,0.7695,-0.4177,-1.3864,-0.4705,1.2858,-0.0815,-0.7348,0.5031,1.3018,0.4593,0.4384,0.2002,1.2538,0.7754,0.2567,-0.6941,0.5432,0.0645,-2.2236,-0.7249,-0.6059,0.5174,-0.1363,-0.5555,-1.0347,-2.1093,0.3288,0.309,0.3719,1.2536,0.0233,0.775,-1.3504,0.6558,1.0089,0.1927,-0.9509,-1.1723,-0.9203,-0.3323,-1.1498,0.167,-0.4473,-0.5412,-0.5929,0.4065,-0.8124,0.5727,-0.9295,0.068,1.1014,-0.594,-1.206,-0.0121,0.3126,1.2732,2.283,1.1217,1.4386,1.1251,-0.0628,-0.4096,-0.3639,-1.6704,-0.7182,0.2641,-0.1273,1.1943,1.1792,0.2577,-1.8558
"IC69",-1.0752,0.6563,0.9853,-0.1272,-0.6377,-1.5608,1.5797,1.7365,0.8891,0.0409,2.3069,0.8945,1.1552,0.387,-0.0139,-1.1012,1.4577,0.5741,0.0709,-1.2686,-0.0842,-1.1361,-2.3802,-0.6569,-2.3442,-0.1444,-1.2974,-1.8973,0.7074,-0.8815,-1.9244,-1.8946,-0.1337,-0.594,2.2717,0.9946,0.2453,0.373,0.52,-0.9005,-0.7896,-0.7443,0.4121,0.7552,0.1905,-0.189,1.42,0.9344,0.5419,0.7322,2.2125,1.1101,1.695,1.548,-1.1524,-1.6347,-1.7589,0.5259,-0.6311,0.7244,0.0878,0.5863,-0.7848,-0.2568,0.1406,0.4485,-0.4189,-0.8352,-0.4719,-1.1476,-0.949,-0.0069,2.0925,1.1803,-0.1557,-0.5628,0.6214,1.0382,-0.8186,-0.2124,-0.0057,-0.5617,-0.2252,-0.1507,0.5903,0.4347,0.9533,1.4421,0.4432,-0.1745,-1.5984,0.1387,1.4021,0.311,-0.1106,-1.3498,-1.8817,-1.2772,-0.3304,-1.0401,-0.737,-2.1485,-0.9061,-0.3979,0.0964,-0.5541,1.0881,0.3838,1.547,-0.5178,-0.8629,-0.8087,0.5817,-0.6498,0.1402,0.9731,0.1146,1.1677,1.4288,1.1561,0.8,0.8954,1.0651,1.6272,0.7028,-0.3263,-0.3243,-0.373,1.36,0.455,-0.1433,-0.0003,-1.6355,-0.2758,0.6547,0.0771,0.414,0.4693,-0.6017,-1.0644,-1.5014,-1.6835,-1.916,-0.4597,0.4424,1.0739,0.1849,1.2681,-0.6766,-0.0732,-1.0313,0.0587,-0.7266,-0.7312,-0.3665,-0.2299,-0.4215,-0.3716,0.4645,1.5044,1.4974,0.1222,1.11,-0.2891,-0.6032,1.3157,0.379,-0.3412,0.689,0.5684,0.6381,-1.5316,-1.7576,-0.3426,0.2458,0.3707,-1.0535,0.2873,1.3799,0.9719,0.6399,-1.0205,-1.1799,0.4201,1.035,0.9504,-1.5682,-0.6383,-1.1529,-1.1609,-1.8035,-1.3309,-0.1983,1.5913,0.3494,-0.7241,-0.1575,0.3983,0.154,0.8813,1.3404,0.1793,0.5494,0.8327
"IC71",1.1841,-0.2393,0.0081,-0.5648,-0.7303,0.8568,2.4005,1.2255,-0.3917,-0.8925,-0.7734,0.3012,-0.5078,-0.7381,0.4589,0.2712,-1.4915,-0.3338,0.6643,0.1626,-1.123,0.5614,1.1723,-0.6677,-0.3003,-0.9443,-0.3739,0.4499,-0.0651,-0.4636,0.6834,0.2062,-0.8988,0.2126,-1.0897,-0.7297,-0.0018,0.0608,0.4858,1.0142,0.4235,-0.6116,-1.0202,-1.4322,0.5524,0.5041,-0.0304,0.5325,-0.6117,0.4571,0.0928,0.1822,0.0596,0.0481,0.1501,2.3018,0.8112,-0.2497,1.7045,-1.4254,0.6427,0.5187,0.4473,-0.5505,-0.0067,-2.3516,-0.6133,-0.2946,-0.6323,-0.9652,0.3667,0.6908,1.3231,2.5586,1.3302,1.1772,-0.4799,-1.1778,-0.5431,-1.3538,-0.9932,-0.463,-0.8136,-0.4694,-1.138,0.2626,0.8266,2.1857,1.1173,0.0468,0.6006,-0.0932,-1.2629,-0.5251,-0.2439,-1.1768,-0.3376,0.7288,0.2999,0.0941,0.2515,0.5636,0.2997,0.0614,-0.5092,-0.3199,-1.3394,-0.2493,-1.1656,0.0747,-0.308,-0.5472,-1.6744,-1.2273,0.2127,0.3083,2.0906,0.9245,-0.8853,1.2111,1.3575,0.605,1.5021,0.1797,-0.546,-0.9649,-0.8687,-0.3404,-0.4083,1.6707,0.7528,-0.119,0.5893,-0.3415,-2.1973,-1.5856,-0.3012,-0.1477,0.8928,0.1318,1.6052,2.366,1.9054,2.1238,1.3044,0.1834,0.4828,-1.3839,-0.3014,-1.7295,-0.3187,-2.1806,-1.7294,-1.5482,1.2652,0.9849,-0.0085,0.0496,-0.5307,1.0369,-1.5042,-0.3424,0.539,1.66,1.1362,-2.6958,-0.0567,-0.2131,-1.5284,-0.8662,-0.79,0.3431,0.4592,-1.2724,0.097,-1.1011,0.5052,-0.3569,-1.4005,0.6211,-0.0142,0.9833,0.8792,-0.3593,-0.5751,-0.1348,2.0275,1.7732,0.8097,2.3866,2.3233,-0.322,-0.1005,-0.3567,-0.2881,-0.8605,-0.6498,-1.9125,-0.2072,0.1065,-0.271,-0.0611,0.1569,-0.0067
"IC72",0.1567,0.0623,-0.6787,-1.9688,-1.4491,-1.2326,0.9706,-0.1692,-1.4695,-1.7261,0.8591,-0.3769,0.0667,-0.0082,-0.1088,0.0529,0.8993,0.0931,0.886,1.1171,1.5485,0.2393,-0.1793,1.5006,-0.6443,0.7374,0.8117,-0.2431,-0.4387,0.1425,-0.3144,-0.118,1.7333,0.6581,0.7476,0.0308,-0.2669,-0.3249,0.8226,0.174,-0.871,-0.566,-0.4586,-1.0078,0.5839,0.3373,0.6732,-0.1234,-0.146,0.076,1.7404,-0.0066,-1.2353,-0.6407,-0.5809,0.3789,0.6554,1.9159,0.4994,0.7757,0.5807,-1.0599,-0.5528,0.4936,-0.7391,-0.2791,-0.1693,1.4789,1.0355,-0.3869,-0.7408,-1.933,-1.9096,-0.6773,-0.2746,-1.6592,-1.4778,-0.6236,-0.3408,0.6058,-0.2241,-0.1118,0.074,-1.3412,-0.1058,0.6019,0.1756,1.0848,-0.6256,-0.2694,0.2136,1.861,0.506,-0.2639,-0.8263,-0.2547,-0.0968,-1.0287,0.578,0.7865,2.6772,1.1278,1.1646,0.4039,0.4839,-0.2224,-0.2076,-1.2664,-1.3563,0.4431,1.2737,1.8194,0.8279,0.3592,0.2547,0.2192,-0.8894,0.0152,-0.5077,-1.0834,-0.3956,1.0316,0.0575,0.5854,-0.7395,-1.5454,0.144,-0.0243,-1.1357,-0.6826,0.8403,0.3706,0.3487,1.3858,0.2841,-0.9652,-1.3508,-1.278,-0.1579,1.3981,1.1442,0.6173,-0.0473,-1.1983,-0.5713,0.7091,-0.5785,0.7614,0.591,-0.1193,-0.7015,-1.1082,-0.2223,-0.822,-0.8529,-0.6998,-0.5109,-1.4926,-1.9434,-0.9081,1.011,0.5797,-1.157,0.7174,-0.3425,-1.5562,1.4539,1.1805,0.6494,-1.2942,-0.9403,0.6836,2.1947,2.7145,2.7182,0.1107,0.0796,1.0721,1.7059,1.1567,-0.2926,-0.0513,0.1834,-0.0577,-1.2368,-1.7327,0.152,1.4921,2.2025,1.7996,2.172,1.5034,-0.0542,-0.6803,-0.9076,-0.7749,-0.766,-2.2036,-2.0169,-1.7526,-0.332,-0.6937,-0.6869,-0.4529
"IC73",-0.3738,-0.5985,0.0961,0.8122,0.4855,1.8503,0.7033,-0.8997,-0.3778,-0.824,0.0769,-1.1803,1.0961,0.6512,1.2533,-0.5572,1.0817,1.1247,0.8157,1.2882,1.0036,0.4069,-2.0456,-1.1749,-1.3076,0.1238,-0.0876,0.497,-0.8957,-0.7051,-1.0746,-2.548,-0.3668,-1.6017,-1.4266,-1.5774,-1.4152,0.6347,2.5546,1.2482,0.4229,-0.0521,-0.9153,0.2209,-0.1873,-0.208,0.8181,-0.07,2.6638,1.1525,0.0046,0.0259,0.317,-0.7314,0.2026,0.071,-1.6808,0.5227,-0.2309,1.3764,0.3532,0.3395,-0.2017,1.0899,-1.3802,0.6742,-0.3979,-0.6826,-1.6799,-0.7439,-0.9799,-0.411,1.3876,-0.0667,1.0692,-0.1786,-2.104,-0.2498,-0.3463,2.702,1.4187,-0.4406,0.7447,0.1836,0.8357,1.7321,1.0894,1.2508,1.2217,0.5349,-0.3144,0.5726,-0.4245,0.1161,0.0814,-0.0915,-0.2671,-1.063,-0.9626,-0.9675,-0.4633,-2.4429,-2.5584,-1.776,0.1125,-1.0158,-0.7142,-0.6305,0.4599,-0.6404,-1.5767,-0.2754,0.257,1.7643,0.5503,0.9576,0.52,0.0224,2.5854,1.373,-1.0344,-0.3079,-1.1188,-0.0613,-0.0964,-0.5816,-1.1258,-0.2293,0.3511,0.7704,1.0247,1.3975,0.8381,0.4895,0.2711,0.4114,0.023,0.4728,0.5734,0.6164,1.9246,0.715,0.4415,-0.932,-1.1633,0.0268,-1.0564,-0.9111,-0.8254,-0.295,-0.6747,-0.8304,-0.3126,-0.2642,1.1956,0.4939,0.4385,1.1065,-0.9881,-0.6846,0.5441,-0.0577,0.5282,-0.4061,-0.2137,0.9677,-0.0467,-1.1063,0.122,-0.2775,0.6732,-0.0835,-1.1583,0.5464,0.1552,0.7123,0.3753,-2.0847,-0.7915,-0.7924,-0.2957,-1.0218,-2.3283,-0.2182,0.2408,0.2614,0.1203,-1.0609,1.634,2.5436,0.2505,0.9403,-0.398,0.1811,0.4331,0.7041,-1.0802,0.1158,-0.3024,-1.3929,0.6277,0.5583,1.6471,-0.2948
"IC74",1.2213,0.3156,-0.8315,0.3041,0.765,0.4776,2.8188,1.0923,-1.2127,-0.3803,-1.2007,-0.9506,-0.2414,0.6076,0.1931,1.3446,0.9842,0.3972,1.65,-0.4854,-0.6572,-0.6018,0.572,0.24,-2.3651,-0.3982,0.3582,-2.0505,-1.0545,-0.9911,-2.5801,0.4511,0.3227,-0.5776,-0.3127,-1.1974,-0.415,-0.2606,0.5208,-0.722,-0.3799,0.2183,0.5968,-0.4611,0.8944,0.7195,-1.0648,0.9354,-0.7867,-1.0025,1.2662,1.7976,2.3189,0.52,-2.1046,-1.2439,1.2556,1.2333,1.008,0.2529,0.6247,-0.4639,-0.0962,-0.4595,1.5806,0.2211,-1.3736,0.7466,-1.1041,-1.5795,0.8857,0.4359,-0.7308,0.5906,-0.733,-2.1414,-0.3572,0.6497,0.4369,1.7193,-0.1825,1.9968,-0.0119,-1.1641,0.3561,1.0141,1.4444,0.7765,1.0748,0.6156,0.6567,0.072,-1.1098,0.1034,-0.7218,-0.9334,-0.9081,-0.6338,-0.1422,0.263,-0.7996,-1.4483,0.2952,1.1968,-0.1306,-0.4485,-0.7189,-2.3626,-2.2386,-1.2625,-0.611,-0.2595,-0.8793,-0.3712,0.9443,1.4702,-0.5902,1.5345,1.7897,0.3532,1.3047,-0.2845,-0.8643,0.0824,-1.5401,-0.9948,0.1561,0.3922,-0.3159,-0.0567,2.308,1.6584,0.1728,-0.7913,-0.7529,-0.4278,1.0057,1.2991,-0.1864,1.6889,1.6411,0.1952,0.74,0.4708,0.4119,0.0641,-1.4915,0.4331,-1.4498,-0.7747,0.1996,0.3973,-0.0119,0.0004,1.2019,-0.4384,-0.342,0.8128,-0.2472,-0.9375,-0.353,0.1659,-1.0524,0.2743,1.4471,-1.545,-0.4641,0.6248,-1.0212,-1.5035,0.1552,-0.6787,0.4095,-0.1436,-0.5492,-0.1627,-0.2049,0.339,-0.6891,-0.9294,-0.3886,-0.801,0.8345,-0.0651,-1.1642,-0.2314,-0.2056,-0.4436,-0.1888,0.5888,2.6479,0.7867,0.3129,0.8326,-2.1347,-1.0814,-0.2556,0.4185,-0.5871,0.8123,0.6509,0.8278,1.098,0.8847
"IC75",0.7278,-0.5585,-0.8796,-0.6432,0.7094,0.1108,3.7249,3.7612,0.0708,-1.7593,-1.3879,-0.4713,0.3138,0.4793,-0.0923,-0.1928,-0.7055,-0.8586,0.6519,-0.6158,-1.8373,-0.9385,-0.2748,-0.3611,-1.6234,-1.3059,0.0109,-0.393,0.5895,-1.3905,-0.989,-0.1898,0.863,-0.3307,0.2256,1.3773,1.3594,-0.1698,1.4659,2.0632,1.4914,1.2795,0.6095,-2.43,-1.2068,-1.7029,-2.2309,1.1168,0.4057,0.6374,1.7432,0.1482,-0.8105,1.1841,0.0107,0.9628,1.1102,0.4952,-0.0892,1.0834,0.4756,-1.2043,-0.5696,0.0238,0.2121,-0.4242,-1.1163,-0.0883,0.0665,-1.6198,0.729,0.666,-0.0663,1.4722,-1.6443,-1.8018,-1.0211,0.2337,-0.0628,-1.3103,-1.0865,1.1713,1.0164,0.2274,0.597,0.3008,-1.3814,1.3246,-0.2323,0.2741,0.0489,0.0991,0.1698,-0.2441,0.7107,-0.0188,-0.2575,-0.8188,0.0967,0.0332,-0.0276,-0.3113,0.6058,0.5995,-0.3212,-0.3079,-0.2586,-0.1758,-0.8324,0.7729,0.3525,0.3684,-0.188,-0.2638,1.1488,-0.3191,-1.4161,-0.1631,0.0562,1.2308,0.6003,0.2882,-1.1595,-0.2869,0.34,-0.0043,0.7847,0.8484,-1.3327,0.2654,2.0587,0.2749,-1.1527,-0.5774,-1.0616,-0.5306,1.3122,0.1199,-0.0482,0.514,0.2267,0.3058,1.1634,1.0516,0.8822,-0.4301,-1.3922,0.5914,0.3966,-2.2414,-0.9886,-1.9085,-1.3044,-1.2432,0.7904,1.0872,-0.2263,-0.5037,0.2691,1.0471,-0.9881,-0.4695,-0.3168,1.9141,1.3417,-0.6916,0.434,0.2456,-0.8976,-1.0531,-0.5576,1.3817,0.7915,0.5003,-0.4017,-2.1509,0.898,0.7632,0.2489,0.9803,-0.9139,0.1902,0.1737,-0.1371,-0.3864,-0.6862,0.5439,0.8906,-0.1649,1.6896,1.9123,-0.5164,-1.9551,-1.0009,-0.6925,-0.4917,0.3715,-1.0797,-0.7834,-0.4168,0.7603,0.2352,0.2998,1.4856
"IC76",-0.7549,-0.7741,-1.9272,-0.7747,-1.4995,-0.982,1.2385,1.6966,0.0067,-0.8027,-0.2947,0.7327,1.823,1.8912,0.037,0.8108,-0.0341,0.2401,0.8409,1.9409,0.665,-0.554,0.1988,-0.7959,-2.4249,-1.0796,-1.5117,-2.4032,0.4878,-0.041,-0.8987,-0.448,-0.5884,-1.2407,0.3674,0.3514,0.3905,-0.2,0.8311,1.2379,1.9031,0.2378,0.9149,-0.4079,-0.0849,1.102,0.4085,1.5006,1.0758,1.217,1.5052,1.6744,0.5278,1.0561,0.4143,-0.8451,1.098,0.5526,-0.1354,0.3687,0.0996,-0.7779,0.0839,-0.9277,-1.0446,-0.7028,-1.7258,-1.8166,-1.8828,-4.0591,-1.8386,-0.0845,-0.8984,-0.4211,-1.2061,-1.4013,0.2963,-0.2615,-0.1829,1.2228,0.2845,1.1161,-0.0555,-0.4985,0.5573,1.0986,1.662,1.66,0.8365,0.4559,0.7047,1.2554,1.1439,0.3923,0.4806,-0.9517,-0.9462,-0.4399,0.0729,0.0107,-1.6527,-1.9998,-0.7296,0.4501,0.0686,-0.2477,1.2041,1.0444,0.0362,-0.188,1.1841,0.149,0.4971,-0.0074,1.5052,1.2286,0.0288,0.7384,0.0984,-0.1767,0.6625,-0.1496,-1.3688,-0.129,0.3368,-0.7128,0.5576,0.3687,-0.2257,0.0078,0.564,0.1689,-1.4521,-0.7946,-1.3412,-1.6131,-0.3417,-0.8914,-0.7894,-0.2642,-0.1334,-0.2808,-0.7199,0.9734,0.9637,0.3048,-0.03,1.1375,0.2244,-0.1709,-0.5294,-0.1078,0.0925,-0.3359,-1.0979,0.0078,-0.1604,-1.1577,-0.2613,0.9284,-0.2536,0.0444,-0.0944,-0.0203,1.0947,0.5748,1.0282,1.3755,0.5772,0.0903,-0.6683,-0.3111,0.6162,0.5341,1.028,-0.2763,-1.1753,0.3312,0.1504,0.4865,-0.5791,-1.4648,-0.3981,-0.334,0.3487,-0.3093,-0.8317,0.7865,0.9293,1.3211,2.3786,2.3074,1.5508,0.7887,1.0624,-0.7366,-0.2918,-1.6523,-1.7241,-0.734,-0.5315,-0.6489,-1.9712,-1.0211
"IC77",0.2057,-0.3903,0.2276,-1.0467,0.5643,0.1915,3.5499,1.3873,-0.9804,-1.2164,-0.6673,0.3981,-1.578,-0.985,-0.4628,0.8317,-0.1087,0.1315,0.2678,-1.0518,-1.5677,1.6702,0.9811,-0.5309,0.2134,-1.184,-1.0796,-0.0488,0.7774,-1.3066,0.2372,0.13,-0.717,1.2002,0.0012,0.1892,-0.1709,-0.1547,0.665,-0.7985,-0.1679,-0.1876,-0.316,-1.0682,0.1455,0.3229,0.2372,2.8028,0.2439,1.7659,0.0987,0.9834,0.0462,0.3524,-0.5061,0.7969,0.3858,0.3651,0.4963,-1.8152,-0.4162,0.4597,0.6101,-0.5505,1.6942,-1.0807,-0.0305,-1.5412,-1.3749,-0.5413,-0.3883,-1.0402,-1.7455,0.6718,-0.269,1.4257,1.0495,0.1998,1.9204,0.2742,-0.5398,0.8441,-0.5506,0.4793,-0.4903,-0.4496,-1.6469,0.3186,0.1154,0.74,0.6411,-0.9361,-0.9146,-0.0854,0.0182,-2.0747,-1.1629,0.6733,0.4537,-0.5716,-1.7374,0.1919,0.1533,-0.2547,-0.8326,0.7303,-0.5951,0.0971,-0.409,0.9931,0.8731,1.4233,0.5677,0.9035,1.0882,-0.1165,2.3861,1.9572,-1.0472,0.6619,-0.1588,-0.2543,0.2858,-0.7255,-0.8208,0.4484,0.1233,-0.3198,-0.177,0.4011,0.4706,1.3248,1.7673,0.1929,-1.204,-1.3471,-0.7993,-1.2053,-0.5134,-0.2818,0.5546,-1.2357,-0.8268,0.5536,0.1694,-1.3676,0.1995,0.7671,0.2067,-1.9367,0.8393,-0.0844,0.4014,0.2518,-0.0642,-2.2462,-3.4947,-0.7395,0.5243,2.2216,-1.5497,-1.9141,-0.0032,1.7543,0.9623,1.0252,1.8512,0.8881,-0.1555,0.4477,0.489,0.8663,1.3977,0.3302,-0.4091,0.8149,2.2124,0.8426,-0.2915,-0.8638,-1.6473,-0.5028,-0.2213,-1.3209,-1.7519,-0.9914,0.1417,0.1009,-0.4813,0.3668,1.4064,0.5284,0.7979,0.8346,0.1215,0.2646,0.272,-1.5181,-0.0495,-0.2221,-0.199,-0.5915,0.3617,-0.2746
