"IC05","-0.2216","-0.0920","0.0973","-0.3942","-0.8233","-0.4123","-0.2287","-0.1413","0.1145","-0.4643","-0.2182","0.5265","0.3217","0.6231","0.1223","0.6633","-0.2598","1.0892","2.2814","1.5713","1.6993","0.5469","-0.3034","-0.9204","0.0147","-0.1512","0.1372","0.0560","0.6340","0.2239","-1.0546","-2.2349","-2.3587","-0.6844","-0.5458","-1.0447","-0.9706","-0.2973","-0.1774","0.1794","-0.1437","0.2931","0.0990","-0.3034","0.4682","0.2998","0.4918","0.2103","-0.4069","-0.8037","0.0410","0.1970","0.3019","1.0774","1.1437","0.9555","-0.7420","-0.8506","0.0202","1.2371","1.3564","1.0958","-0.9131","-0.7046","-0.8279","-0.8782","-1.0153","-0.7165","-0.2262","0.5055","1.1141","1.9754","1.4236","1.0626","0.3375","-0.2677","-1.0801","-0.6830","-1.2277","-1.0709","-0.4399","0.3049","0.8774","0.0829","-0.2356","-0.7256","-0.6618","-1.3304","-1.4834","-1.7075","-1.2611","0.5996","0.7629","0.7673","0.5931","0.8930","2.3220","2.3245","1.1807","0.7889","-0.3894","0.0793","0.8961","0.3454","-0.6190","-0.2569","-0.1440","0.0247","-0.1619","-0.5491","-0.5321","-0.2396","1.5519","1.4370","0.6905","0.0824","1.4363","-0.0379","-0.3890","-2.7090","-2.8659","-1.3518","-0.3335","0.0903","-0.5702","-0.3809","-0.2708","-0.7708","-0.7886","-1.4144","-1.7500","-1.8720","-1.7445","-1.7864","-1.0981","0.6029","0.7447","1.0065","2.6211","1.9267","0.7656","1.1181","1.1486","1.9800","2.4076","2.2624","0.9624","1.6497","1.0961","0.8464","-0.1934","-0.4236","-0.3594","-1.3295","-0.4585","-0.3191","-1.3523","-0.6569","0.4774","0.0218","-0.5925","-0.5815","0.8590","-0.2916","-0.8861","-0.6801","-0.1174","0.5483","-0.2648","-0.1630","-0.2022","-0.1766","0.1116","-0.8626","-0.4941","-0.4898","-1.1598","-1.0097","0.0281","0.4629","0.3845","0.6959","-0.5377","-0.7137","-1.3082","-1.5892","-0.4203","0.9004","0.8153","1.3061","1.4460","1.7747","2.1708","0.7104","-0.8948","-1.2656","-0.6564","-0.2448","-0.5598","-0.6275","-0.6054","0.0042","0.4379","1.1848"
"IC08",-0.9214,-0.726,-0.2822,0.1825,-0.2023,-0.415,0.0403,-0.5993,0.5142,0.3687,0.4013,0.4415,0.2487,-0.2568,-1.0261,-0.5207,0.1011,0.6354,0.8573,-0.355,-0.7024,0.0172,-0.398,-0.1835,0.1406,0.7474,-0.3566,0.2057,2.2642,2.0133,0.8404,-0.3512,-0.6873,-0.3951,-0.3614,-0.6531,-0.2985,0.1237,-1.9884,0.1654,0.4794,0.1763,-0.5088,-1.2946,-1.5178,-0.6698,-1.9732,-0.2315,1.0199,1.7082,1.9095,1.7618,1.7759,1.0877,0.115,1.265,2.3657,0.7239,0.9479,0.0782,-0.4956,-0.9313,-0.4408,-0.7069,-1.7524,-1.5299,0.2285,0.6415,0.4051,-0.7494,-1.1915,-0.7986,0.0445,0.0556,-0.6903,-0.4721,1.1759,1.222,0.0341,-1.4973,-1.2881,-0.5185,-0.7502,-0.4042,0.5537,0.2022,-0.4271,-1.8411,-1.806,-0.6443,0.41,0.9428,0.3205,-0.505,-0.1492,0.1645,1.6615,1.7684,1.2536,0.7069,-0.5865,-0.4888,0.7494,0.5606,-0.3847,-0.314,-0.5158,0.2661,-0.6329,-0.032,0.7069,0.988,0.0099,-0.6827,-1.0017,0.6556,2.3889,1.876,-0.0654,-1.0799,-0.1866,0.6444,0.7226,-0.4483,-0.2884,-0.292,0.1705,0.0201,0.4924,0.6993,1.3934,0.9391,0.2647,-0.7108,-2.3989,-1.7654,-0.8385,-0.019,-0.6866,-0.9733,0.1769,2.0758,1.8953,-0.1072,-1.3422,-1.3463,-1.4546,-0.2681,0.0469,-0.4686,-1.0496,-1.9106,-1.0931,0.2663,-0.1466,0.2823,0.0183,0.4372,-0.3804,-1.2325,-0.6097,-0.6583,0.3882,1.7473,2.6643,1.8524,0.1314,0.2508,0.6142,0.5702,0.7966,0.8136,-0.6753,-1.3013,0.2369,1.9337,0.9932,0.1036,-2.0296,-1.4723,-0.6615,0.0033,1.4452,0.9968,0.4073,-0.6054,1.1811,0.9886,0.9473,0.8064,-0.1871,-1.2999,-1.0438,-0.8218,-0.6204,-0.4927,1.0563,1.7971,1.736,0.1433,-1.4422,-1.5205,-1.308,-1.4588
"IC09",-0.5625,-0.3735,-0.5919,-0.7058,-0.6254,-0.3034,-0.431,-0.6671,-0.5689,-0.4708,0.3511,0.1827,-0.346,-0.289,0.3913,0.1103,-0.0532,-0.4487,0.0881,1.1407,0.3747,0.197,-0.034,1.2357,0.2643,0.4039,-0.3689,0.2808,0.0015,1.1906,2.8318,3.3905,2.2649,0.4421,-1.2454,-0.9812,-0.7464,-1.065,-0.3523,-0.2953,-0.3369,0.1686,0.0056,-0.3835,-0.5335,-0.4993,-0.1302,-0.3764,-0.7016,-0.4464,-0.9223,1.0463,1.3423,0.7913,0.755,-0.7064,-0.555,-0.1465,-0.7454,-0.2044,0.8011,-0.4248,-0.9727,-1.4553,-0.8755,-0.134,0.1719,-0.0165,0.258,-0.4144,-0.5004,-0.4898,-0.2333,-0.2309,-0.1786,-0.4885,0.3247,0.8381,0.4841,-0.2882,-0.3482,-0.4614,0.373,0.6306,0.5565,-0.3423,-0.7865,0.1264,0.4681,0.2063,0.6043,-0.4409,-0.3598,-0.0931,-0.0532,0.4436,1.366,2.5578,2.687,2.6337,0.3129,-1.1352,-1.4018,-0.294,-0.6959,-1.4934,-0.9745,-0.481,-0.2662,0.3282,0.0262,-0.1782,-0.7704,-0.4993,0.1195,0.0541,-0.455,0.5257,1.6773,2.2339,2.0431,2.2153,1.5577,0.1133,-0.7779,-2.0201,-1.6115,-1.3087,-1.1061,-1.7705,-0.891,-0.7084,-0.9117,-2.3265,-2.2815,-1.2518,0.1106,0.474,0.0593,0.5305,1.3067,1.2451,0.7715,-1.3863,-1.2304,0.1726,0.4932,-0.5044,-0.3999,-0.4585,-0.1034,0.365,1.8874,3.0323,3.0662,2.7096,1.208,-0.4435,-1.743,-0.6157,-0.4341,-0.8827,-0.1965,-0.5281,-0.9516,0.5831,0.4355,0.2776,0.1643,0.156,-0.1978,0.2695,-0.6435,-0.0087,0.0801,0.2964,0.3527,-0.5,-0.7904,-0.014,0.3527,0.2272,0.2313,-0.4521,-0.8347,0.0378,0.8163,-0.1207,0.3488,0.349,-0.1913,0.3001,-0.2864,0.4328,0.062,0.6411,1.7077,1.3492,0.5294,-0.6708,-2.2657,-2.4808,-1.0138,0.3394
"IC15",-1.6958,-1.7074,-0.7735,-0.4097,-2.8557,-0.3008,2.5025,2.5854,0.7537,1.7385,-0.0127,-0.3585,0.8864,2.8112,1.3112,-0.1859,-1.1874,-1.2872,-0.3659,0.5333,-0.5103,0.4826,0.2385,-0.2964,-0.1832,-0.0422,-0.2168,-1.3608,0.0382,1.8897,-0.241,-0.4875,-1.206,-0.6704,0.9864,1.8401,1.0008,-0.0097,-1.4966,-1.0733,0.4942,-1.8017,-0.1743,0.6067,0.1004,-0.619,-0.3937,-0.1669,0.6244,-1.0348,-0.6111,0.559,-0.7979,-0.1536,-0.0652,2.0938,1.1703,-0.3873,0.1289,0.8839,-0.9327,0.6432,0.9993,0.8429,-0.4021,-0.2643,-1.4046,-1.24,-0.5853,-0.0925,-0.984,0.1724,-0.3548,0.7925,0.158,0.1027,-1.0699,-1.1801,-0.1724,0.1532,1.478,1.1414,0.5731,-0.6701,0.6531,0.258,0.5933,-0.3742,0.8925,0.655,0.5088,0.2794,1.0142,0.2137,-1.1807,-1.4112,-0.8935,0.09,-0.3228,-0.1062,0.4989,-0.7384,-0.5717,0.0744,1.14,-1.0704,1.5466,1.2162,1.6455,-0.3008,1.1899,0.3618,0.5189,-1.0146,-0.1384,0.1714,-1.4044,-0.8188,-0.0389,0.053,-0.2794,-0.5467,-0.2721,0.4566,-0.942,-1.0927,-1.2709,-0.0357,-1.4794,-0.3823,1.1136,0.5028,0.6848,-1.9084,-2.803,-1.9351,1.2698,1.4808,0.0349,-0.2481,0.3409,-0.8702,-0.5371,1.45,1.6713,1.9731,0.9726,0.5915,0.6837,-0.1015,-0.0027,1.1656,-0.5471,0.0168,0.0419,0.9021,1.0063,1.3195,1.0008,1.7078,-0.046,0.3584,-2.1104,-0.3706,0.1934,0.0814,-0.1485,-0.7635,-0.9575,-0.1471,0.1407,-0.5984,-0.5331,-1.901,-1.2692,-0.9534,-0.5642,1.1453,-0.3995,-0.8941,-0.8371,-0.1372,-1.2531,0.7881,0.81,1.2089,-0.6129,0.7471,-0.1163,1.2189,0.4619,-0.4144,-0.7959,-1.3136,1.1791,1.9019,0.2352,1.2184,0.1753,0.793,-0.6067,0.3629,-0.2336,-2.1891
"IC16",-1.586,-1.3519,-1.3697,-0.1129,0.464,0.0658,0.7745,0.587,0.0464,-0.3045,0.9607,1.2042,0.7549,0.5327,-0.2977,-1.1258,-0.329,-0.3699,0.4842,1.5038,1.2607,-0.2037,-0.8706,-0.7358,-0.6994,-0.8569,-0.2074,0.1424,0.0709,-0.1378,1.4594,1.6775,0.5267,-0.1444,0.407,0.4832,-0.1055,-0.6477,-0.3708,-0.1678,0.2611,-0.538,-1.7336,-1.3115,-0.3432,-0.2411,-0.0361,0.5605,0.7054,-0.1477,-0.4993,0.0656,0.5921,0.8996,1.0442,0.5549,1.0402,0.1536,-0.4146,0.6498,0.4273,-0.579,0.3884,-0.1057,-0.9027,-0.3703,-0.5209,-0.8304,-0.7322,0.529,0.6312,-0.6687,-0.329,-0.2231,-0.2084,0.3505,-0.0698,-0.9329,-1.0722,-1.0421,-0.3188,1.8632,2.0736,2.1241,0.9618,-0.0291,-0.6227,-0.667,0.0188,-0.3549,-1.0254,-0.7535,-0.8703,-0.538,-0.6711,-2.0237,-0.6325,0.4864,1.7458,1.8966,-0.3593,-1.0816,-1.2989,0.5043,0.6454,0.0321,-0.7799,0.7235,1.3909,1.1853,0.0263,0.394,-0.5016,0.0485,0.1717,1.4241,1.484,1.1624,0.0613,-0.645,0.0118,1.1478,1.3468,0.0934,-0.8439,-0.8897,-0.4468,-0.8276,1.0189,1.3367,0.2722,0.6017,-1.2406,-3.6515,-4.2189,-3.1565,-1.3181,0.2515,0.2063,2.0622,1.8427,0.3992,-0.3287,-0.6737,-0.0264,1.119,0.2071,-0.3006,-0.8874,-1.002,-0.4046,0.6522,1.1617,0.8705,0.7443,0.7577,0.5973,-0.2291,-0.5552,-0.453,0.8915,1.2994,0.7425,0.5924,1.2881,0.9618,0.5154,-0.2452,-0.2769,-0.7324,-1.5681,-2.2481,-1.8791,-0.7713,-0.5528,-0.2052,1.0375,0.8333,-0.0703,-1.3171,-0.3032,2.1674,1.8558,1.0222,1.3127,-0.2308,-0.8493,-1.4658,0.3209,0.6788,-0.0812,-0.6469,-0.4048,0.2003,-0.385,1.0479,1.8818,0.6815,-0.0352,-0.4982,-0.3393,-0.8371,-1.2878,-1.0093
"IC17",-1.2309,-1.1369,0.1455,1.3237,-0.3384,1.4202,1.3084,-1.1351,-0.3649,1.091,0.88,0.6157,0.2333,0.6658,-0.3045,0.5239,-0.3814,-0.4145,-0.2981,-0.8604,-0.2228,0.2363,-0.2972,-1.703,-0.7922,-1.3559,-1.5966,-2.3437,-0.6293,1.3798,0.9244,0.2219,-0.3216,0.6645,0.8251,1.7467,2.6363,1.4861,-1.1105,0.2169,0.0432,-1.1915,-0.4617,0.3854,-0.1101,-0.831,-1.2687,-0.2016,0.5783,-0.4113,0.36,1.1646,0.4607,1.0398,-1.1645,0.437,1.6031,-0.1193,0.4279,1.0866,-0.6188,0.8527,-0.2072,0.0856,-0.3645,-1.4665,-0.8477,-0.279,0.214,-0.7489,-0.925,0.8349,0.5806,1.1666,0.3548,0.0238,-1.4473,-1.4626,-0.2264,-0.4813,-0.1904,0.2599,0.001,0.6358,1.4176,0.3933,0.2618,-1.8333,-1.7981,-0.5095,0.2949,0.371,-0.4983,-0.7282,-1.1059,-0.5617,0.6555,1.1779,0.4546,0.353,0.8872,-0.4577,-0.6932,0.1652,0.8578,0.5386,1.317,1.3849,0.074,0.1229,1.7814,0.3497,0.1424,-1.691,-0.9954,-0.3096,0.2193,0.6829,0.7134,-0.4236,-0.596,-0.0758,0.5056,1.3214,0.5398,0.0236,0.1757,1.4732,-0.3727,-1.2345,-0.8442,-1.4286,0.0337,-1.5189,-3.3822,-2.5538,-0.8163,0.7104,1.8585,0.9132,0.7385,-0.0445,-1.162,-0.0639,0.5439,0.7215,-0.3361,1.6931,0.8311,-1.0396,-0.9583,-1.4751,-1.58,0.4378,-0.0552,1.5736,1.5906,0.7729,0.5685,0.7061,0.9515,1.344,0.949,1.6582,1.3964,-0.2108,-1.1317,0.3702,0.0991,-0.4156,0.0797,-0.4315,-0.8463,-2.6936,-2.1771,-1.8001,-0.6585,0.2006,-0.9303,-0.332,0.3996,0.7846,-0.3598,0.7412,0.4124,-0.8085,-0.2391,1.5619,0.056,-0.2269,-0.0912,-0.2415,0.1675,0.3516,1.5067,0.6447,0.2384,0.9772,0.1619,0.9182,0.548,0.5975,-0.9684,-3.0378
"IC18",-1.0825,-1.34,-0.9419,1.104,0.8447,-0.3661,1.1316,1.2228,0.167,0.8699,-0.3209,-0.7989,-0.5484,-0.0038,-0.7827,-0.1486,-0.4323,-0.101,0.0206,-0.4838,0.9921,1.6107,0.4298,-1.061,-1.2696,-1.2619,0.0169,0.2562,1.3326,4.2015,-0.2583,-0.7311,-1.125,-0.6335,0.8224,-0.3385,0.226,-0.1674,-1.036,-0.7388,0.3435,0.2673,0.2207,0.2146,0.4364,1.2101,0.2551,-0.7607,-0.6948,-0.5512,0.0148,-0.5004,-0.5899,1.2748,1.0887,0.2379,-1.2679,-1.758,-0.5837,0.1275,-1.3086,-0.2724,0.0317,0.139,-0.392,0.4333,0.1563,0.914,0.56,1.6511,0.2775,1.0242,-0.3718,-0.578,-0.2295,1.0442,0.5298,0.2714,1.0349,1.6918,0.0027,-0.4838,-0.2349,0.2141,0.2754,-0.572,-0.3295,-2.3607,-2.2535,-1.0126,-0.413,-0.406,0.5829,0.7549,-0.1486,-0.0552,-1.2297,0.2936,0.2351,1.853,0.7076,-0.8189,-2.1972,-1.8377,-0.5581,-0.3691,0.7378,1.6751,0.803,0.0773,-0.1511,0.9739,1.4229,0.446,-0.4217,-0.4084,3.2543,1.5925,1.2475,-2.5085,-2.2031,-0.8865,0.6238,1.1133,0.6596,0.6863,-0.0185,0.5398,-0.3268,-2.1762,-1.922,-0.1038,1.5797,1.2158,-0.1697,-1.4546,-1.2209,-0.6357,1.457,-0.1567,-0.4614,-0.0386,0.5725,-0.084,0.447,1.757,-1.4712,-0.9105,-0.9724,-1.0351,0.2778,0.555,0.7003,-0.6878,-1.2179,-0.4192,1.4775,1.6239,0.3412,-1.3108,-0.2844,0.9212,0.8325,1.3322,0.4651,-0.5222,-1.0706,-0.9632,-1.027,-0.5556,-0.047,-0.1049,1.0012,-0.2411,-0.5209,-0.8242,0.3774,0.2404,0.9232,1.0283,0.2188,0.9495,1.6235,1.7773,0.3617,-1.0732,-1.4161,-1.4929,-0.8121,0.4929,0.3687,0.5254,0.326,1.0837,-0.8553,-0.4852,-0.6399,0.1241,-0.1544,-0.9167,-0.9919,-0.3778,0.2039,1.2073
"IC19",1.4029,0.6266,0.4308,1.0147,1.0702,0.198,1.2314,1.9848,1.5413,1.4278,2.1021,0.4442,-3.2016,-3.1993,-1.7557,-1.6669,-1.6802,-1.6758,-1.2262,-1.2785,-1.4817,-1.1958,-0.8769,-1.6505,-1.145,-1.3065,-1.011,-0.1539,0.4586,0.227,0.5246,1.6586,1.1852,0.2537,0.2989,0.7667,0.8676,0.3649,0.9492,0.5963,0.5941,0.5275,1.1631,1.2678,0.2921,-0.7935,0.026,0.6244,-0.0738,-0.3568,0.3458,0.5352,0.7361,-0.0157,0.1717,-0.1734,0.9719,0.949,0.1331,0.8229,0.6261,0.0618,0.2944,0.2409,0.5225,-0.0281,-0.6449,-0.8247,-0.2958,-0.3919,-0.0194,0.2312,-0.391,-0.2842,-0.2783,0.1863,-0.8199,-0.392,0.1025,-0.3087,-0.5969,-0.0825,-0.3491,-1.1027,-1.2736,-0.568,0.5808,0.91,-0.9097,-1.1831,-0.8216,-1.3616,-1.2826,-0.3379,-0.1469,-0.5924,-0.4651,-0.1697,0.8517,0.4295,-0.3236,-1.1833,-0.9136,-0.4391,-1.4043,-0.2116,0.8969,0.9195,0.8611,0.1776,0.2581,1.7802,1.8567,2.0681,0.3283,1.0112,3.2952,1.3384,1.0711,0.9105,0.2692,1.1607,2.1164,1.6166,1.5826,0.5947,0.235,-0.0076,1.7264,-1.8648,-2.7346,-1.7238,-1.5986,-1.3294,-1.9497,-1.0431,-1.5567,-2.1205,-1.3085,-0.5138,-0.9263,-1.3326,-0.1753,0.1076,0.7495,0.9225,-0.1249,-0.8901,0.0391,-0.0382,-0.3218,-0.5319,-0.1104,0.1689,-0.5018,-0.2632,0.1289,0.319,0.9693,0.6507,0.4624,0.5336,1.1791,0.878,1.0239,0.4199,-0.4044,-0.0956,-0.4121,-1.3338,-0.5524,0.7846,0.165,-0.6689,-0.4914,-0.4842,-0.2426,0.529,1.0584,0.3668,0.453,0.4926,-0.2542,-0.6556,-0.0336,0.6909,0.5144,-0.1038,0.0285,-0.4975,0.7908,0.8428,0.1875,-0.8535,-1.1329,0.0759,1.2514,0.2814,-0.0919,-0.9025,-0.5172,-0.1838,0.5064,-0.2754
"IC20",-0.6198,-1.3842,-1.4326,-0.5925,0.0549,0.4767,1.7316,0.822,-0.2543,0.1731,0.9206,1.0729,1.3201,0.7458,0.409,0.6847,1.3189,1.3927,1.1551,0.2296,0.0175,-0.61,-1.0118,-1.3098,-1.1249,-0.5064,-0.2833,-0.3678,0.3313,0.9576,-0.8421,-2.1922,-2.4855,-1.3989,0.6182,0.7366,0.7661,0.0709,-1.8097,-1.4514,0.1116,-0.1816,-0.5352,-0.865,-0.1304,0.8718,0.287,-0.3502,-0.4374,-0.3606,1.7086,1.5213,1.23,0.9865,-0.7719,-1.1772,-0.5832,0.5114,0.486,0.6065,-0.0299,-0.9043,-0.5905,-0.437,-0.7831,0.0642,-0.9239,-0.8991,0.6424,2.1152,1.9158,1.8852,1.6148,1.1807,1.2788,1.65,0.7818,0.3926,-0.2873,-0.789,-1.0179,-0.4888,-0.4883,-0.7118,-1.2488,-0.5061,-0.5432,-1.151,-0.9247,-0.6987,-0.4892,0.3048,0.6424,-0.1322,-0.1549,0.5752,-0.1673,-0.3838,0.612,-0.4652,-0.843,-0.0531,-0.5931,0.3232,0.9055,-1.2428,-1.4479,-0.8065,0.9499,0.6433,0.5596,0.7954,-0.0779,-0.5658,-0.1595,1.0799,2.558,1.1016,-0.2755,-2.2699,-2.3882,-0.7509,1.2732,1.5144,0.0314,-0.5902,-0.5323,0.3584,1.8861,0.6679,-1.0474,-1.5371,-1.3925,-1.7034,-1.727,-0.8884,0.8973,2.0794,1.9311,1.9142,0.7687,-0.3355,0.2526,-0.0517,-0.2922,0.9055,1.5978,0.1702,0.0765,-0.3236,0.6687,1.3513,0.7935,-1.4577,-2.2066,-1.7446,-0.4523,0.1502,-0.1947,-0.0773,-0.498,0.3104,-0.122,0.9039,1.7704,1.5989,-0.0029,-0.3834,0.4339,-0.1517,-0.3278,-0.1991,-0.8289,-0.7967,-1.5297,-1.3295,-0.3088,0.4194,-0.1348,-1.0513,-0.3972,-0.2466,-0.2462,-0.0065,-0.7433,-0.8944,-0.5846,0.7959,1.8972,1.0431,0.4661,-0.2184,-0.7103,0.0403,0.1857,0.225,0.397,0.7826,1.2663,-0.4734,-1.2473,-0.9688,0.3923,1.6011
"IC23",0.2577,-0.4052,-0.8799,-0.0015,-0.3313,-2.2179,1.0634,1.7169,-0.5296,-0.9378,0.2119,-0.2919,-0.2632,0.8712,0.4067,-0.1716,-1.1295,0.6017,1.1178,1.1047,0.7558,-0.6266,0.4336,-0.5763,0.2599,-0.8855,0.29,-1.1946,0.4336,0.6895,1.0181,0.9004,-0.4426,-0.7075,-1.1432,-0.1623,1.4153,1.301,0.458,-0.7898,0.5233,0.1733,-0.9422,0.0326,-0.1038,-1.4611,-0.4324,-0.2708,-0.1379,-0.6828,-0.3232,-0.0545,1.0166,1.2139,-0.3357,-0.5719,-0.97,1.0346,0.652,1.2964,0.8,0.267,-0.6797,1.238,0.1975,-1.0823,-1.2133,-0.3259,0.5752,0.6004,-0.0669,-0.7135,-0.3813,1.2739,0.1652,-0.019,-0.3745,0.3227,-1.0999,-1.821,-2.1815,-0.2877,0.3406,0.879,0.914,0.6643,-0.3639,-0.406,-1.1749,-0.9006,0.5456,1.5543,-0.8855,-0.8428,-0.1107,0.8238,-0.0766,0.0059,0.0545,1.6979,1.1625,-0.3062,-0.4097,0.0017,0.7497,-0.0494,-0.8382,-0.3073,0.3702,0.6749,1.5158,0.2401,0.4622,-0.9073,-1.1354,-0.2454,2.0236,1.6978,0.1675,-1.2158,-1.1841,0.5366,1.084,2.1406,-0.5151,-1.3364,-0.7678,0.7735,1.5558,-0.978,-1.7878,-0.9861,0.8037,0.8075,-0.4352,-2.0521,-3.4757,-3.0143,-0.5361,0.7664,0.7011,1.4331,-0.1354,-0.309,0.2315,1.1901,1.233,1.4286,-0.3924,-1.4118,-1.226,-0.5498,1.1506,0.5291,-0.5382,0.0796,0.1686,0.6928,-0.3374,-0.0745,-0.0528,0.8403,-0.3249,-0.7004,1.5157,2.1913,2.3239,1.0375,-1.6794,-0.2504,0.9432,1.3965,0.2082,-1.5032,-0.5124,-1.2305,-1.3699,-0.899,0.5097,-0.5921,-2.3837,-0.5676,0.7598,1.3128,0.5466,1.1867,0.7069,-0.7428,-0.9371,0.1831,0.5476,0.2688,1.1703,0.5975,-1.7225,-1.4417,0.519,1.6081,1.1186,0.0288,-1.0915,-1.3603,-0.6441,0.3827
"IC24",0.5454,-0.2704,-0.484,-0.4517,-0.0142,0.8987,1.4567,0.1365,0.6864,-0.9879,-1.7699,-0.6654,-0.1169,-0.2605,0.8391,0.0044,-0.104,0.775,0.726,1.0947,1.4171,0.9766,0.2424,-0.1847,-0.2807,-0.7719,-0.7263,0.9021,-0.4692,-2.5149,-0.7041,-0.4775,0.4399,-0.2261,-2.104,-1.3227,0.1381,0.4967,-0.2301,0.0045,-0.6346,0.9241,-0.148,0.3526,1.565,0.7131,-0.203,-1.3349,-1.5969,-0.3253,-1.5549,-0.8175,0.2157,-0.1296,0.9947,0.0872,-0.0719,0.532,1.3306,0.8426,2.1055,0.91,1.1932,1.0442,1.4594,0.423,0.8267,0.3628,0.705,-0.1498,0.4282,0.1792,-0.5799,-0.395,0.5438,0.039,0.4169,0.4775,-0.1166,-0.8674,-1.7547,-2.1867,-0.7122,-0.0001,0.4813,0.2425,-1.3107,-1.0831,-0.5207,-0.3011,-0.4034,-0.1155,-0.807,-0.7751,-0.0484,-1.4657,0.7613,0.4109,-0.3244,-0.9134,0.4919,0.8349,-0.897,-2.4223,-0.7229,1.2369,-0.3597,-1.4203,0.154,1.4339,0.5034,0.0298,0.4133,1.3848,-0.2775,-0.118,-0.9191,1.8847,0.8448,0.9265,0.9246,0.6604,1.1638,1.3467,1.7448,0.4766,0.3492,0.8792,1.0737,0.5208,2.4895,1.7167,1.3336,1.5764,-0.8247,-2.3558,-3.2867,-3.0936,-4.1238,-1.9867,0.1864,0.7693,-0.5006,-0.6452,-0.6664,-1.4843,0.5724,1.3817,-0.5973,-1.4993,-1.2553,0.2104,-0.2535,0.4682,0.4897,-0.0404,-0.3047,0.2499,-0.4729,-0.2624,0.3626,0.562,1.4554,-0.9685,-0.2918,0.8612,0.9767,0.7385,0.1071,-0.156,0.7375,0.7857,-0.289,0.0402,0.9941,1.6413,0.0586,0.2194,-0.4229,-0.9388,-0.7749,-1.3294,-0.6532,0.239,0.2605,-0.5035,0.3202,0.2595,-0.0532,-0.5087,0.6531,1.1149,1.0906,-1.336,-0.003,-0.551,-0.2565,-0.1795,0.3721,0.0848,-0.0313,-0.2629,0.1812,-0.1025
"IC26",0.7068,-0.2854,-0.6754,0.7144,0.2298,-1.3686,-0.0758,-0.561,-0.4799,-0.3318,-1.1237,-1.3783,0.0348,-0.0253,-0.3953,-1.1676,-0.7211,0.4894,0.955,-0.0935,0.1924,1.9991,0.8398,-0.0642,0.3056,0.6501,0.2214,0.2698,-0.1608,0.7341,1.1035,0.4616,-0.4911,0.5706,1.7054,0.231,-0.2625,2.2642,1.0782,0.3974,0.0554,-0.841,-0.4112,-0.3536,-0.7983,0.5149,-0.0923,-0.4142,-0.43,-1.1334,-0.7829,-1.9063,-1.1814,0.7142,0.9576,-0.0869,-0.3387,-0.8518,-0.7236,0.2597,-0.1538,-0.4095,1.8734,0.9317,-0.0626,-0.3157,-0.949,-0.9919,-0.9486,0.1452,0.1367,0.2317,0.8498,-0.1104,-1.1976,-0.0454,-0.4075,-0.3213,1.5778,0.7907,0.473,0.4767,-0.7908,-0.4753,0.8498,0.9256,1.0307,-1.1347,-1.384,-0.7583,-1.2298,0.189,1.4511,-0.1728,-0.7184,-0.8929,0.4366,-1.2221,1.2056,2.4865,1.1578,-1.5162,-0.9784,-0.3923,0.5296,0.6546,0.4684,1.8014,1.9913,-0.2769,-0.8646,0.2501,0.3762,0.1154,-0.595,-0.8972,-0.1163,-1.245,-0.8236,-1.0265,-0.635,-0.536,0.6153,1.3307,1.6113,1.9039,1.821,1.1799,2.036,-1.2258,-1.014,-0.0311,-0.2852,0.366,-0.9262,-1.2716,-0.7706,-1.3399,-2.253,-1.1755,-1.8795,-1.5107,0.8855,0.5877,0.4887,0.9618,-0.606,-0.1866,-0.8555,-1.8292,-0.1483,-0.2489,0.3436,0.3633,0.5922,0.0492,0.8829,0.6406,0.7877,0.1672,1.5303,1.2087,0.1867,-0.022,-0.2706,-0.3118,-0.4133,-0.0433,-1.1086,-1.7041,-0.6868,0.1298,2.019,2.9432,2.1046,0.6901,0.1756,2.5885,1.4995,0.1848,-0.6781,-1.5355,-2.0627,-0.4032,0.4197,-0.696,-1.2076,-0.3457,0.8165,0.5808,1.2016,-0.1112,-0.2239,-1.0797,-0.5197,-0.2059,-1.9844,-2.4845,-0.5935,-0.0948,1.2596,1.0348,0.5665,0.1293
"IC27",-1.1664,-1.1064,-0.3815,-0.0825,-1.8253,-1.5507,-0.5053,-1.0753,-1.6353,0.7558,0.8888,-0.1121,0.3932,0.8981,0.5985,0.4076,-0.7349,0.6484,1.611,1.866,1.4836,1.8803,0.2628,0.0167,0.5182,-0.7921,-1.0008,0.0601,1.5619,1.2106,0.1602,0.3214,-0.4739,-0.3025,0.4719,1.1523,0.5197,0.0217,0.5364,2.4712,2.1747,-0.1217,-0.8963,-1.0238,-1.3505,-0.7028,-0.7145,-0.2145,-0.4702,-0.344,-0.4568,0.0582,0.008,-0.2194,-0.8714,-1.0536,-0.4893,-0.1506,-1.1262,-1.1873,-2.1419,-0.1977,0.0737,-0.0605,-0.7311,-0.6294,-0.7759,0.348,0.199,0.0081,-0.5709,-0.7046,-1.7326,-0.8868,-1.134,-0.0816,0.4284,-0.3054,-0.309,-1.1133,0.0814,1.7433,2.1646,0.2844,0.9871,1.5673,3.2112,2.0307,1.275,1.0125,1.7024,1.4655,1.5184,0.8529,0.0935,-0.4619,0.3049,0.3091,0.4635,0.2297,0.1365,-0.6167,-0.4547,-0.6809,-0.6281,-2.3043,-1.0851,-0.0377,0.4059,-0.9074,-0.1971,-0.2089,0.4519,-0.6827,-0.2235,0.4257,0.5059,0.2731,0.0337,-1.3902,-0.7057,-0.3901,-0.9792,-0.705,-1.6356,-2.01,-1.3106,1.6335,0.59,-0.6448,-0.2784,-0.4715,0.5267,-1.4624,-2.9939,-2.2578,-0.3089,0.7667,1.3575,1.8514,2.2958,1.6761,-0.1228,0.5105,0.9545,0.9787,0.8822,0.9424,0.3206,-1.3907,-1.4692,0.7347,0.1792,0.3715,0.1384,0.0373,0.5103,0.9955,0.445,0.2432,0.1024,-0.2931,-1.35,0.2809,1.6362,1.1651,0.3184,0.4009,-0.0203,0.5309,1.615,1.0911,-0.9112,-1.2815,-0.3667,-1.0244,-0.7164,0.7575,-0.0436,-0.5191,-0.9603,0.1365,-0.624,0.0917,-0.6697,-0.5238,-1.2597,-0.0046,-1.0074,-0.0787,0.4453,1.1642,0.9795,-0.4792,0.1462,-0.6007,-0.9921,0.4654,0.253,0.4646,0.2182,0.9514,-0.1824,-1.2629
"IC29",-0.7093,-0.3549,0.9394,0.9766,2.2559,0.4915,0.3159,0.117,-0.0797,-1.1089,-0.0687,-0.5255,-0.4681,-0.3598,-0.0655,-0.3237,0.2986,0.1498,1.0261,1.768,0.9006,0.3603,-0.382,-1.0852,-0.9909,-0.3571,0.0148,-0.0884,0.1239,-0.3441,-0.3858,-0.5066,-1.012,-0.0495,-0.2803,0.6258,0.5098,-0.3122,-0.091,-0.1628,-1.3127,-1.1418,-1.5687,0.0058,0.3271,0.0958,-0.5505,-1.5959,-1.3481,-0.7017,-0.1258,0.4945,0.9464,1.7141,0.7045,-0.6684,-0.2873,0.9683,1.7065,1.0657,1.53,0.4508,-0.7625,-0.5984,1.0597,-0.0544,0.2852,-0.0993,0.1624,0.1279,0.2981,0.089,1.0066,1.1697,1.433,0.0498,-0.3785,-0.4919,-0.6837,-1.2978,-0.9923,-0.4832,0.1587,0.8813,-0.1688,-1.439,-1.7531,-1.0187,-2.2748,-1.8071,-0.3431,1.2648,0.2721,0.3146,0.7546,0.7639,0.5038,1.1017,0.7937,0.551,0.7761,0.9742,0.2581,1.2538,-0.155,0.3052,0.6683,0.214,-0.9824,-0.6072,0.0126,0.2875,-0.0754,0.3959,0.6271,0.8158,0.5601,-0.1141,-0.6364,-1.0143,-1.9463,-1.9686,-0.9922,-0.8894,0.3118,0.6611,1.1211,-0.2912,-0.4659,0.132,-1.5708,-2.204,-1.96,-1.6674,-2.3256,-1.4838,-0.8724,0.6055,1.9076,1.7401,1.6276,1.9732,1.9699,1.4292,1.5496,1.8651,1.6014,1.2576,0.6821,0.7108,0.0672,-0.5377,0.1177,0.5746,-0.3953,-0.7234,-0.8838,-0.8177,-0.6512,0.4757,0.8299,1.0621,1.1428,-1.2809,-1.7889,-0.2487,0.4474,1.0401,0.2144,-0.4961,-0.3675,1.3159,0.7143,-1.0135,-1.6376,-1.2253,-1.0375,-1.6258,-0.0207,-1.2523,-1.5831,-0.6635,-0.5229,-1.3633,-1.5235,-1.5308,0.029,0.4622,1.1717,0.9216,1.5652,1.3574,1.3704,1.0918,-0.7202,-0.9932,0.009,0.4772,0.4434,-0.8025,-1.0125,0.2599,1.8165,1.804
"IC31",-1.3668,-1.8731,-1.7608,-0.5329,-1.0392,-1.1305,0.8112,0.5634,0.0146,0.5074,0.9695,1.2371,1.5193,1.5245,1.1898,0.4747,0.9333,0.0825,0.6914,0.8388,0.447,-0.1522,-1.7135,-1.976,-1.4974,0.4724,0.4783,-0.8519,-1.3708,0.1257,1.5498,1.8523,0.8289,-0.5851,-0.486,-0.0489,0.4295,0.8196,-0.5427,-0.1758,1.1172,-0.8074,-0.8894,-0.5711,-0.7171,-0.0272,-0.8748,-0.5785,0.7523,-0.6779,-0.4704,-0.4025,-0.0702,1.5304,0.8525,0.5164,1.8731,1.0196,-0.6145,-0.3811,-0.3528,-0.6016,0.7827,0.5051,-0.0958,-0.3301,-0.5188,-0.477,-0.1659,0.2823,0.0432,-0.5349,-0.7729,-0.5536,0.111,0.3746,-0.2867,0.2444,0.7656,0.0591,-0.4964,0.826,0.7676,0.0156,-0.586,-0.6225,0.126,-0.5236,-0.3,0.8024,-0.0287,-1.1032,-0.6916,-0.3177,-0.0699,-0.4439,-0.3647,0.1226,2.2722,2.4353,-0.3989,-2.8433,-2.492,-0.514,0.6309,-0.9334,-0.2141,1.4506,1.812,0.2826,-0.4506,0.0165,-0.1742,-0.6305,-0.7212,0.8997,2.5089,1.0783,0.4077,0.3027,0.4693,1.4362,1.9894,0.6813,-1.3606,-1.4384,0.3718,0.1727,0.678,0.6919,1.1134,1.4947,0.3303,-1.194,-3.6577,-4.5729,-2.7632,-0.8608,-0.3881,0.7332,0.7559,-0.2543,0.2682,0.0176,-0.1129,0.6188,0.4262,-1.063,-0.0729,-0.1493,0.1729,0.2058,0.1224,-0.5733,-0.1929,0.844,1.7534,0.5944,-0.5341,0.0401,0.3478,0.2197,-0.312,0.6145,1.0936,0.9096,-0.2458,-0.786,-0.4608,-0.3489,0.2636,0.1532,-0.4813,-0.5286,-0.0336,0.1911,0.0959,0.6272,-0.5305,-0.8914,-0.0197,0.9418,0.9114,1.6134,1.9235,0.681,-0.8118,-1.1683,0.1062,0.4469,-0.0629,-0.8639,-0.8145,0.484,-0.0951,0.2998,1.1026,0.7715,0.5461,-0.8948,-1.3732,-1.1793,-0.5261,-0.8616
"IC33",-1.6206,-1.1791,-0.0659,-0.1809,-1.8471,-1.6426,-0.2219,-0.1308,0.4359,0.3376,-0.4096,0.6649,-0.1459,0.7153,0.8038,1.4138,-0.0365,0.4985,0.4467,0.5724,1.0023,0.8637,0.1745,1.056,2.0699,0.6403,-0.6309,-0.968,0.1783,0.751,-0.5854,-0.2482,-0.0808,0.3258,0.4569,1.1474,1.1653,-0.3161,-1.5268,-0.2584,-0.0816,-0.3399,-0.0858,0.1326,1.1386,0.7438,-0.3695,-0.4179,-1.6603,-0.3718,0.5317,-0.6164,-1.2358,-1.3656,-0.2603,0.4508,-0.1851,-0.7411,0.2744,0.255,-1.6099,0.7059,0.2461,0.5434,-0.6882,-1.9362,-1.1541,-0.1363,0.2793,0.6636,0.4643,-0.0599,-0.9167,-0.4134,-0.0349,-0.2386,-0.4995,-0.7509,-0.2058,0.2205,1.8262,1.6057,0.7438,-0.1488,0.8684,0.469,-0.1861,-0.9353,-0.1694,-0.0846,0.664,0.5507,0.1646,0.5942,0.7353,0.2297,1.1867,1.4449,0.0066,0.324,0.7338,0.6827,1.7451,1.6662,-0.9163,-1.2434,0.1158,-0.5554,-0.8052,-0.7226,0.3429,-0.4954,-0.2649,0.0972,0.9587,0.5061,-0.3551,-0.6452,-1.0908,-1.8671,-0.5433,0.2957,0.5048,0.2679,-0.7974,-1.4512,-1.6284,-1.4685,-2.4819,-2.6539,-0.8868,-0.1599,1.6592,-0.0072,-0.9994,-0.6736,0.2445,0.6539,1.1051,0.1209,0.3162,0.2284,-0.0549,0.9418,1.7241,1.9061,1.1275,3.2438,2.7461,-0.5002,-0.5867,0.1645,-0.7822,0.3957,0.2351,0.5466,0.4447,0.3131,0.0313,-0.7419,-1.1493,-1.5845,-1.7162,-1.5017,-0.7384,-0.0548,0.9601,1.1873,0.071,1.3321,2.1002,1.9037,-0.0667,-1.3383,-1.6122,-1.9188,-1.136,-0.4828,-0.3396,0.3101,0.6062,2.5343,2.1412,2.3256,0.5058,-1.6402,-2.1863,-0.2521,-0.4451,-0.4494,-0.6682,-0.7622,-0.6611,-1.4198,-0.0106,0.5815,0.0524,0.4495,0.0602,0.5543,0.1372,0.5675,-0.4316,-0.2901
"IC36",-1.3491,0.9278,1.4928,1.6995,1.9153,1.1526,-0.3506,-0.5208,-0.8954,-0.6254,0.0435,0.6824,0.1494,-0.6972,-1.8879,-1.3902,-1.2876,-0.4451,0.3346,1.1517,-0.1809,-1.0309,-0.8065,-0.3707,-1.157,-0.4592,0.2028,0.3533,-0.1296,-0.4336,-0.4675,0.396,0.6946,0.5529,0.6334,2.1536,2.065,0.7266,1.3029,0.9754,-0.6833,-0.8507,-1.2682,-0.4507,0.1321,-0.7557,-1.0866,-0.9355,0.0072,-0.6487,-0.9329,1.1226,0.9887,0.701,-0.2055,-0.3962,-0.1266,0.7196,0.4696,1.2428,1.7225,1.3132,-0.3435,-1.0067,-0.6118,-0.0873,0.3736,-0.3628,-0.5696,-1.3757,-1.7088,-1.4224,-0.7759,-0.5632,-0.2413,-0.4339,-0.095,-0.125,0.0046,-0.4471,-0.4225,-0.5534,0.98,2.2934,1.997,0.1271,-1.2608,-0.6295,-0.0866,0.2133,1.2036,0.4368,0.3127,-0.2361,0.2078,0.66,-0.9856,-1.5813,-2.5044,-0.7446,2.1555,2.1627,1.0449,0.8151,0.7972,1.3075,1.5368,1.673,0.021,-0.165,-0.1168,-0.4609,-0.0562,0.0664,0.314,-0.4828,-0.46,-0.6625,-0.3903,-0.9315,-1.1498,-1.6647,-1.5417,-0.4848,0.843,1.9633,1.3012,0.9747,-0.2198,-0.1994,-1.4751,-2.4433,-2.6074,-2.9297,-1.8204,-1.0244,-0.3177,0.1118,1.4237,0.6272,1.3121,1.0462,0.3823,-0.019,0.2009,0.8367,0.4142,0.5427,0.6011,0.8182,1.4639,1.5026,0.7071,0.2291,0.0529,0.8129,0.2374,-0.4777,-0.6896,1.0567,0.7664,0.8325,0.7304,-0.0571,-0.6949,0.1462,0.0102,-0.1685,-0.7957,-0.8954,-0.5322,0.6589,0.1945,-0.3613,-0.5352,-0.5794,0.4382,-0.421,-0.35,-1.1006,-2.1937,-1.2059,-0.1422,-1.1904,-1.5113,-1.2597,0.1233,0.9518,0.7017,0.4058,0.1891,0.8747,0.9793,2.1949,0.2189,-1.0801,-0.8678,-0.1348,-0.4069,0.2029,0.0734,0.6222,1.0437,0.7247
"IC37",-2.7205,-2.3872,-3.0651,-2.1169,-1.2094,-0.5806,1.4017,0.592,0.0095,0.4256,1.3401,1.8291,1.6005,1.8009,1.6933,0.7859,-0.1558,-0.0314,-0.6816,0.9478,0.8501,1.5355,0.2786,0.3316,-1.6029,-0.2914,-0.2387,0.1058,-0.7353,-0.9479,-0.0014,1.1791,0.593,1.0012,0.5468,2.1996,1.8431,1.1119,0.0107,-0.0957,-0.9048,-0.2828,-1.5336,-2.0587,-1.6287,-0.7486,-0.4937,0.9105,0.2812,0.9178,-0.1193,0.8837,0.1999,-0.5703,-0.2633,-0.7141,0.4453,0.908,0.1394,-0.5367,-0.5315,0.221,-0.9317,-1.5645,-1.0018,-1.0618,0.334,0.1574,0.4663,-1.1421,-1.6431,-1.1601,-0.1936,-0.1816,0.8992,0.5237,1.04,0.1712,0.2349,-0.9894,-0.4514,-0.7429,0.8636,1.4717,2.1681,1.2087,0.9227,0.861,-0.2377,0.2196,1.5832,0.7118,0.6961,-0.972,-0.5522,-1.4686,-1.9552,-1.5647,-0.4553,0.0978,1.1346,0.0071,0.9664,0.699,0.7282,0.6116,0.1841,-0.2152,0.07,0.8103,0.5628,-0.26,-0.3346,-0.4764,-1.1355,-0.5663,-0.5592,-0.5617,0.1767,0.6716,0.8317,0.1876,-0.3248,-0.3049,0.039,-0.7763,0.2098,0.649,1.1968,-1.0529,-0.5659,0.1313,0.7691,1.5322,0.4447,-1.1291,-1.3814,-1.3832,-0.8818,0.0342,0.9048,0.2364,-0.3441,-2.281,-2.0876,-0.3121,0.0425,-0.2123,-0.6722,-0.3304,-0.163,1.0087,0.6908,0.8403,0.4604,0.934,0.0646,-0.4813,-0.5306,0.697,0.9423,0.2061,0.2587,0.3195,0.5544,2.6954,2.125,0.7965,0.3079,-0.4289,-0.8263,0.6072,-0.4307,-0.9481,-1.9406,-0.8985,-0.3459,-0.12,-0.4893,-0.4893,-0.7397,0.1044,1.5011,1.0724,1.985,1.8482,1.094,-0.0857,-0.5658,-0.3777,-0.4152,-0.2317,0.3204,-0.2526,-0.022,-0.0824,0.2586,-0.0732,0.5299,0.5452,-1.3214,-1.6315,-1.3521,-1.2406
"IC38",-0.2388,-0.1153,-0.669,-0.9961,-0.0748,0.1999,0.789,0.2886,-0.1845,0.0889,0.5234,0.3347,0.5635,1.0309,1.2686,0.4084,-0.0242,-0.3024,-0.077,0.1928,-0.5012,-0.3347,0.3745,0.8634,-0.3091,-0.0831,0.8724,0.8024,0.4066,-0.4734,-0.9586,-1.0467,-1.4207,-0.9476,-0.7772,-0.0881,-0.5611,-1.5103,-0.9353,-0.624,-0.1685,0.8529,0.0941,0.2966,0.1812,-0.0055,0.5107,0.5778,0.243,0.5088,0.2583,1.2346,0.6481,-0.013,-0.9304,-0.8482,0.2219,1.7351,1.7531,1.003,0.1041,-1.5889,-1.7762,-0.8884,-0.1808,-1.2242,-1.6785,-1.2662,0.2334,1.3794,1.8081,1.6885,1.8795,1.2691,0.1979,-1.0929,-0.8634,-0.4301,0.0273,0.1708,0.595,-0.2128,-0.798,-1.0162,-1.0381,-0.7015,-0.0763,0.406,-1.0017,-1.9454,-1.2253,0.0378,0.8179,0.4428,0.522,1.167,0.4583,1.0021,0.6755,-0.075,0.1617,0.6473,0.4102,0.8198,0.4419,-0.3075,-0.7239,-0.6853,-0.9165,-0.2038,0.5721,1.2282,1.8097,1.6614,2.014,2.2858,1.4243,-0.1603,-1.2509,-2.5863,-2.1941,-0.6652,0.1294,-0.5265,-0.7126,-1.0249,-1.3,-1.2773,-0.5198,-0.2465,-1.1039,-1.6882,-1.8749,-1.9549,-1.2887,-1.1809,-0.8904,0.5448,2.0334,1.1188,0.9186,1.7707,1.6197,1.1634,1.7882,1.9874,1.4282,0.0953,-0.5381,-0.2356,0.0764,0.4218,0.1694,-0.45,-1.2928,-1.2674,-0.2208,0.412,0.8119,1.1696,1.0257,1.0973,0.5262,-0.0414,0.2918,1.5191,1.1291,0.9253,0.9456,-0.4298,-1.5305,-1.6491,-1.6408,-0.9858,-0.6502,-0.8019,-1.0423,-1.6323,0.2456,0.5044,-0.599,-0.8757,-0.474,-1.1882,-1.5564,-0.9181,0.5741,0.7649,1.093,1.1878,1.7705,0.7026,-0.3048,-0.9854,-1.2546,-0.2359,0.1009,0.4704,0.6621,-0.4692,-0.7109,-0.0833,1.2492,1.7157
"IC41",-1.196,-0.2374,0.0078,0.5826,1.2969,1.8877,0.5966,0.0062,1.1145,0.218,0.216,1.2509,0.9639,-0.0118,-1.406,-0.5095,-0.5735,-0.7738,-1.2133,-1.6429,-0.5769,-0.9603,-0.264,-0.4489,-0.4203,-0.6858,0.0554,-0.1781,0.9965,0.7257,-0.332,-0.6165,0.5077,0.7752,0.6277,-0.0059,0.6543,0.1597,-0.3816,-0.1717,-0.7344,-1.0662,-0.6823,-1.0519,-1.0152,-0.9294,-0.2034,0.6298,0.3316,-0.1027,0.8247,0.5058,0.9262,1.0898,-0.2645,1.0709,0.6841,1.1062,1.5911,0.5814,0.1419,0.7859,0.4294,0.4866,-1.6396,-0.8926,0.0854,0.7242,-0.3001,-0.1549,-0.5713,-0.7326,-0.9137,-0.6822,-0.8472,0.3551,0.258,0.5882,0.4886,0.8076,-0.0152,0.2266,0.5131,1.5996,1.7952,0.4759,-0.7925,-1.8076,-0.48,-1.1599,-0.9972,-0.02,-0.7678,-1.1671,-1.966,-2.3904,-1.3067,-0.7454,-1.4943,-0.465,-0.3513,0.9828,1.222,1.6825,1.0911,0.6949,0.8498,1.0099,0.6876,0.4917,0.7191,0.3649,-0.4484,-0.6263,0.8244,1.0341,1.1666,0.1693,-0.8595,-1.0786,0.4127,1.1055,0.6233,0.6406,0.1195,0.9525,0.4584,0.0174,0.2781,2.1059,1.3667,0.4492,-0.7733,-2.1843,-2.4479,-1.7984,-1.1166,-0.4729,-0.599,0.0513,-0.0184,-0.5568,-1.5305,-1.5882,-1.3186,-0.5421,-1.1626,0.0203,-0.5395,0.3659,1.8925,1.1241,0.9265,0.608,0.2359,0.2964,0.2806,0.5235,-0.0569,0.0249,0.6568,0.9765,2.1566,2.5002,2.1967,0.5805,0.659,0.1918,-0.9768,-0.766,-1.6031,-2.9355,-1.9678,-1.5678,-0.1775,0.5491,1.8534,-0.1218,-1.263,-1.2355,-1.5138,0.0376,0.8432,0.332,-0.7094,-1.1708,0.5653,1.4696,0.238,-0.8944,-2.2528,-0.9453,0.9338,1.8636,0.7675,0.7766,0.8477,1.2766,0.5224,0.169,-0.6218,-0.8123,-0.31,0.3021
"IC42",0.2127,1.5618,-0.2258,-1.398,-0.443,1.3669,-1.0973,0.3541,-0.3555,-1.3767,-0.4582,1.8055,-0.0669,-0.586,0.962,2.4,-1.2206,-0.5914,0.5096,1.7129,2.7228,-0.3108,-1.1572,-0.6237,-0.1338,-2.3248,-1.7282,0.4077,0.5798,-1.1876,-1.541,0.0031,0.8463,-0.7282,-1.5491,-0.4073,1.4308,-0.7622,0.1575,0.7836,-0.6444,0.9085,0.4213,-0.0554,1.7572,-0.97,-0.2941,1.0449,-1.7887,0.3754,0.1783,0.3002,2.4537,0.6449,0.9777,1.1245,-1.4245,0.1117,-1.0757,-1.1821,-0.0882,1.0033,-1.3768,-1.0428,-0.5017,1.1739,1.4115,1.4455,0.5809,-0.3536,-1.6653,-0.7272,-0.3498,0.2954,-0.2468,0.7264,1.4817,1.5354,-0.5672,-1.5846,-1.5047,-1.6118,-0.6373,-0.2464,0.7755,0.5675,-0.9898,-1.1708,0.981,1.2098,2.5572,1.1462,0.2066,-0.5194,-0.8135,-0.09,-0.9441,-0.8643,-0.8008,-0.73,-0.1776,0.8569,1.6567,0.0665,-1.487,-0.4557,-0.4152,-1.7216,0.0596,0.9637,1.3798,-0.4826,-0.1374,-0.1704,0.3482,0.5337,1.0064,-0.2437,0.6034,0.5513,0.7788,0.2757,-1.3955,-0.2118,0.7411,0.7308,-0.1636,1.0661,0.5344,-0.0074,0.54,0.1583,-0.2271,-0.6378,0.1928,-0.1504,-0.9625,-2.65,-2.1302,-0.4602,1.2024,0.9384,-0.5163,-0.6878,-0.3924,0.5679,1.3459,1.0455,-1.0554,-1.5649,-0.6457,0.6645,1.3098,0.7929,0.9301,0.4278,-0.3056,-0.3607,-0.3441,0.3795,0.522,-1.1551,-1.1186,-0.6324,-0.7809,0.8802,2.1715,1.0124,-0.7371,-0.6171,0.1145,0.4431,0.4971,0.9777,0.2898,-0.6708,0.2198,-1.1255,-0.4472,0.7534,-1.7968,-0.4215,1.1026,-0.1294,-1.3348,0.2908,-0.1265,0.253,-0.4041,-0.702,-0.0067,1.9967,1.098,0.83,-0.6817,-1.2071,-0.857,-0.2153,-0.4866,0.2948,-0.1006,0.1201,0.0835,1.237
"IC43",-1.8276,-1.088,-0.9443,-1.689,-0.3093,-0.3294,0.3892,0.7845,0.2569,-0.4096,1.9948,1.8264,1.013,0.1164,0.6935,0.5652,0.0894,-0.395,-0.339,1.3125,0.6049,-0.1579,-0.5632,0.034,-0.8476,-0.8082,-0.8505,-0.9796,-1.3002,-0.5113,0.521,1.3931,0.6,0.4749,-0.1719,2.4163,1.751,-0.0867,-0.0782,-0.8009,-2.1288,-0.1359,-1.1922,-0.4496,0.093,-0.3393,-0.4,0.3153,-0.4148,0.5235,-0.6708,0.8548,0.711,0.1365,1.3663,0.2568,0.619,1.8527,0.3948,-0.5387,0.2783,0.4033,-0.3126,-1.4179,-0.8305,-0.4975,0.8281,0.6364,0.5819,-1.0378,-1.1355,-1.3225,-0.1186,-0.2129,0.0622,-0.0632,1.2286,0.4809,-0.0765,-1.1016,-1.3755,-0.6699,1.5822,1.9487,1.6256,0.238,-1.0456,-0.1624,-0.6528,-0.1533,1.1535,-0.0634,-0.6983,-1.0543,-0.8873,-1.8958,-2.252,-1.9229,0.0885,0.6284,1.0467,-0.3832,-0.2519,0.3388,0.2491,0.8414,0.193,0.2852,0.4277,1.4485,0.9899,0.0788,-0.4954,-0.4322,-0.5056,0.4069,1.1254,0.8053,0.8089,1.0993,1.0431,1.2764,1.4637,0.7067,1.3354,-0.0821,-0.0812,-0.27,0.8113,0.0273,0.098,0.3802,0.3644,-0.2755,-1.6591,-2.143,-2.8839,-2.822,-1.4286,-0.364,0.4514,0.037,-0.2717,-1.6524,-1.6022,0.1329,0.6379,-0.2611,-1.4487,-1.0625,-0.4999,0.5579,0.4369,0.52,0.4491,0.9576,0.5246,-0.7779,-0.7346,0.2579,1.5654,1.5814,2.1202,1.1204,1.5248,2.7233,0.8132,-0.5436,-0.6129,-0.1973,-0.2037,-0.2758,-1.5728,-0.7768,-0.6985,-0.0849,0.053,-0.9052,-0.0462,-0.8085,-1.709,0.1944,2.069,0.8038,1.0628,1.2203,1.189,-0.0525,-0.5578,-1.0949,-0.7734,-0.003,0.5794,0.5441,0.3146,-0.0265,1.0719,1.1215,0.4046,-0.4455,-1.5014,-1.5052,-0.7774,-1.1372
"IC44",0.6983,-0.6175,-1.1373,-0.0814,0.2067,-0.2366,0.4751,-0.1715,0.0258,1.0006,0.5397,-0.1213,-0.2332,-1.451,-1.1436,-0.5649,0.6531,-0.2913,-0.2015,-0.4757,-0.8175,-0.4068,0.0133,-0.0468,0.736,1.2786,0.1983,-0.6806,-0.6503,0.6514,1.4521,0.893,0.1388,-0.1751,0.7372,-0.6444,-1.087,-0.7854,0.0644,0.3133,0.4209,-0.5391,1.2827,0.4219,0.2932,0.6597,0.2068,0.3431,1.0813,-0.3608,-0.0085,-0.9708,-0.3947,0.3018,-0.3961,1.2288,1.6173,0.6143,-1.0184,-0.3485,-0.7974,-0.1428,1.1535,0.6446,-0.106,0.8137,0.4729,0.5527,-0.0913,0.1858,-0.773,-1.3485,-0.8236,-0.2131,-0.3791,-0.0299,-1.0571,-0.2139,0.6068,0.0432,-0.6976,0.1614,-0.5143,-0.8351,-1.3349,-0.8408,0.8341,0.7536,0.2441,0.1339,-1.3484,-1.5878,-0.424,0.5652,-0.4662,-1.5604,-1.2325,-0.3481,1.6688,2.5355,-0.1731,-1.5278,-1.2025,0.1905,0.757,-0.2708,0.8187,1.7473,1.6358,0.3477,-0.3479,0.2751,0.1082,-0.7589,0.207,0.748,0.7477,-0.0559,0.7756,2.2179,2.2373,2.3444,1.4975,-0.0215,-1.3535,-0.6048,-0.3599,-1.0931,-0.5972,1.6215,2.0249,1.8436,0.3547,-1.0413,-1.5339,-1.3238,-1.8036,-1.847,-1.0013,-0.1058,-0.5083,-0.2342,0.4252,-0.9744,-1.9031,-1.4596,-1.8617,-2.4706,-1.0003,-0.5287,-0.5829,-1.1176,-0.8588,-0.0432,1.324,1.8646,1.4646,0.0216,-0.3618,0.7312,1.199,0.9153,1.3991,2.2909,2.2766,0.4217,-1.3858,-1.1181,-0.3173,0.4858,0.7205,-0.4852,-1.0231,-0.9831,0.6359,0.5653,1.139,0.6774,-1.3211,-1.7548,-0.3425,0.8956,1.2743,2.2043,1.9583,1.6445,0.5589,-0.2962,-0.1896,-0.5314,-1.0783,-0.8892,-1.1623,-0.088,-0.681,0.2397,1.0334,1.0929,0.634,-0.7457,-0.5972,-0.86,-1.3209,-1.1886
"IC45",0.0055,-0.016,0.7629,0.3644,-1.0934,-0.7298,-1.4282,-0.4854,0.8156,-0.6526,-2.0148,-1.5662,0.3526,1.4372,0.2607,1.5741,0.7595,-0.3414,-0.5331,-0.9891,0.3144,2.2996,1.5168,0.2021,0.6577,0.4468,-0.5088,-1.5956,-1.0939,-0.4953,0.6952,0.3169,-0.4685,0.7683,0.5208,-0.7915,-0.199,1.7635,0.4922,0.1667,-0.7102,-0.1648,0.7143,0.3638,0.2453,1.2249,-0.3551,-0.0518,0.096,-0.3677,-0.2065,-1.5223,-0.6054,-0.1477,-1.0724,0.958,-1.2025,-1.196,0.7716,0.2151,-0.9404,2.5551,2.0329,1.7974,0.0868,-0.0278,0.2725,0.713,0.2968,-0.3345,-1.0509,-1.1801,-1.2179,-1.3105,-1.5858,-0.7976,-1.2122,0.2917,0.4139,1.2782,-0.5172,-2.2114,-1.6459,0.2754,1.4954,1.4762,2.8008,-0.0291,-1.2297,-1.8224,-0.6379,0.607,0.432,0.4312,0.6451,0.755,0.3459,-0.4845,-0.5892,0.8653,-0.01,-0.52,0.9406,0.8264,0.3616,-1.1951,-0.03,0.7467,-0.6357,-0.2379,0.9839,-0.5771,-0.0165,-0.5107,0.1539,-0.7233,-0.9946,0.4183,1.5928,1.3556,1.4471,0.283,-0.0922,0.8824,-0.1567,-0.0658,0.237,0.436,-0.4755,-0.7577,0.9543,1.3041,1.3679,2.1269,-0.6664,-2.1533,-2.1622,-2.4008,-2.1258,-1.2069,-1.4647,-0.5859,-0.5871,-0.3728,-0.0037,0.6044,-1.1622,0.2047,0.1961,0.1838,-0.8515,-0.8382,0.6717,0.7076,0.7912,0.1593,-0.022,0.5095,0.7952,-0.526,-0.2787,1.2553,1.7616,1.4756,-0.3531,-0.5585,0.3604,0.8624,0.9121,0.8417,0.3768,0.022,1.0538,-0.053,-0.0237,-0.454,-0.4028,-1.9945,-1.0193,0.426,-0.3529,-1.3112,0.3438,1.4497,1.4797,0.9658,-0.1473,-0.8377,-1.3237,-0.5621,-0.6771,-0.7467,0.1405,1.0471,1.3406,0.3134,0.0222,-0.3951,-0.4048,1.6555,1.3067,-0.5097,-1.9873,-1.6536
"IC46",-1.037,-0.6318,-0.2284,0.2699,0.8772,0.5008,0.1671,0.0579,-0.0016,1.3459,1.6645,1.6792,0.948,-0.2892,-0.3425,-0.2134,-1.0232,-0.2541,-0.0364,0.2045,-0.5513,-1.0401,-1.7602,-1.8798,-2.0156,-0.8167,-0.1345,-0.2944,-0.2942,0.366,0.7495,1.0665,0.8191,1.0778,0.7321,1.6391,0.53,0.6062,0.65,0.7746,0.4801,0.8443,1.1506,0.6795,-0.6461,-1.7983,-1.9392,-0.7206,-0.5106,-1.1797,-1.3403,0.3177,0.9815,0.5391,-0.1701,-0.3982,0.551,0.7408,-0.6041,-0.6047,-0.157,0.2673,0.2569,-0.3416,-0.7347,-0.8105,0.1476,0.6294,0.5034,-0.8174,-1.2873,-1.2045,-1.1868,-0.4206,-0.4008,-1.0323,-0.6141,0.674,0.8134,-0.4619,-0.0351,0.2507,1.3617,1.5292,1.4753,0.8234,-0.1466,-0.4286,0.4128,1.2146,1.6874,0.6532,0.7848,-0.1311,0.353,0.4166,-0.5804,-1.076,-0.4008,-0.1639,0.1058,-0.0464,-0.0728,-0.266,-0.2144,-0.4329,-0.3415,0.1646,0.8573,1.5025,0.9631,-0.2018,-0.8379,-2.1442,-1.166,0.5174,1.6686,1.1373,0.4982,-0.7983,-0.699,-0.0074,0.5905,0.5449,-0.0692,-0.5427,-0.4891,-0.0333,0.3068,-0.0595,-0.1833,0.2684,0.1083,-0.4022,-2.1477,-2.6172,-2.6341,-2.4959,-1.0714,-0.4441,-0.3749,-0.8909,-1.0477,-0.9634,0.175,1.2784,1.2957,-0.0295,0.2735,1.6152,2.1274,1.3574,0.4008,1.2462,1.7471,2.016,1.337,0.1604,0.4577,0.947,0.2944,-0.0257,0.9147,1.9301,1.2494,1.8664,1.0584,-0.0843,-0.2633,-0.1148,-0.2898,-0.391,-1.4549,-1.7087,-1.1654,0.1887,0.6265,-0.1998,-0.9763,-1.9595,-2.0247,-1.1138,-0.3377,-0.5359,-0.8038,-1.1393,-1.9412,-2.2161,-1.6355,-1.1895,-0.9668,0.4203,0.911,0.7923,0.5359,0.1156,0.4628,1.3138,1.213,1.4904,1.2908,1.1791,0.6004,0.0631
"IC47",-1.5284,-1.9977,-1.3635,-0.1037,0.0218,1.4761,1.9429,0.3418,0.122,0.3484,0.3705,-0.2717,0.4355,0.8726,-0.3079,-0.9036,0.2681,0.4633,1.5874,1.4558,0.2088,-0.0923,-0.4666,-1.6573,-0.6614,-0.2371,0.0109,-0.0493,1.0719,0.6256,1.9739,1.0441,-0.9536,-1.2964,-0.3196,-0.4522,-1.6927,-1.0519,-0.4474,-0.0902,-0.2488,-1.26,-0.3985,0.9776,-0.2569,0.2064,0.4471,-0.5025,0.1838,-1.1514,0.3721,1.6969,1.0583,1.2018,-0.7734,0.5495,1.7451,-0.2432,-0.0322,0.8643,-1.4625,-1.2697,0.4793,0.2969,-0.8055,-0.3319,-0.4277,-0.1006,-0.2895,0.2384,0.0924,-0.1712,0.1323,0.7404,0.414,0.8435,-0.784,-1.033,-0.6068,-0.1375,0.9875,1.929,0.8916,-0.7077,-0.5638,-1.091,-0.3344,-1.5201,-1.3217,-0.2391,-1.2287,-0.4694,0.297,1.0739,0.4999,-1.1124,1.5043,2.5427,2.2976,1.6173,-0.5437,-1.8082,-1.8201,0.148,0.75,-0.7234,-0.7829,0.7993,0.9358,-0.3906,-0.5148,0.4101,0.7046,-0.8898,-0.5019,1.5574,0.9403,0.4404,0.1521,-0.9089,-0.5526,0.6275,0.7376,0.3086,-1.4614,-1.0099,-0.3046,0.2186,0.7987,0.0711,1.2431,1.8918,0.296,-1.4418,-3.1697,-3.023,-2.1488,-0.4427,0.2882,2.2307,0.8062,-0.2314,-0.3309,-0.0488,0.7683,1.3605,-0.5465,-0.6518,-1.3423,-0.9884,-0.0693,0.4902,0.5553,0.1564,0.4352,-0.1814,-0.0907,0.1136,0.4727,0.5496,0.5515,1.0359,0.7875,1.2543,2.6577,2.2782,0.2676,-0.4732,-1.0568,-0.52,-0.2624,-1.3764,-0.8887,-1.2124,-0.7473,-0.3048,0.7963,0.8964,-0.0961,-1.8819,-1.3279,0.9379,0.5441,0.2244,0.6052,-0.1136,-0.7629,-0.6288,0.032,0.6001,0.9244,-0.8089,-1.1535,-1.5777,-0.8352,0.2536,1.1235,1.2646,0.5306,0.0843,-0.0823,0.2324,0.2812,-0.3937
"IC48",-0.5205,-1.7099,-1.4557,-2.1929,-1.8198,-0.1051,0.7814,0.4036,0.8195,1.9978,1.1971,1.3395,2.2475,0.9779,-0.0685,-0.3376,-0.8582,-0.4425,-0.0813,0.8918,1.5163,1.5239,0.0347,-0.9059,-2.1401,-1.8761,-1.4246,-0.6275,-0.9502,1.1678,1.3567,1.1381,1.0035,1.2447,0.7375,0.476,0.3477,-0.4937,-1.4456,-0.9527,-0.8933,-1.1115,-0.6666,-0.9726,-0.243,0.2738,-0.7479,-0.1467,-0.2801,-0.2976,0.1449,0.1643,1.3256,1.0478,0.8637,0.885,1.2435,1.5843,1.4181,-0.1274,-0.4115,-1.0254,-0.7785,-1.2232,-1.8209,-0.6166,0.2435,-0.2232,-0.2979,0.0974,0.2293,0.6475,0.6982,0.7843,1.6946,1.0374,0.8149,-0.0199,-0.0544,-1.2867,-0.5919,-0.0821,0.4249,0.6348,0.6142,0.1487,-0.7112,-1.2091,-1.0993,-0.8024,0.3772,0.0839,-0.3803,-1.7352,-1.8484,-0.6178,0.4112,1.4544,2.6724,1.2264,-0.3771,-0.3003,-0.6113,-0.2477,-0.9884,-0.9091,-0.8058,-1.4724,-1.2746,-0.2067,0.6225,-0.4,-1.2417,-0.9783,-0.2198,0.2712,2.2104,1.5264,1.487,0.578,-0.0336,0.2747,1.4154,0.6583,0.2276,-0.2963,0.4712,2.1578,2.1854,0.612,0.2451,0.2665,1.0096,0.2277,-0.2603,-1.0808,-1.2179,-0.9721,0.4136,0.967,1.1358,0.0425,-0.7664,-2.24,-2.4472,-1.4929,-0.9148,-1.1333,-1.2623,1.6091,0.0617,-0.1868,0.0483,-0.1934,-0.2911,-0.3441,0.6838,-0.2006,-1.0577,-1.1064,-0.1594,-0.8365,-0.3636,1.0088,0.5644,0.2639,-0.0867,0.3977,0.1623,0.7414,0.9403,0.3985,-0.3566,0.6101,-0.6401,-0.7256,-0.466,0.8713,1.1333,1.1453,0.8256,0.5368,0.663,1.2582,0.8496,0.0085,-0.4477,-0.513,-0.2018,-0.4446,-0.4609,0.5425,0.7919,1.3156,-0.1933,-1.155,0.0231,0.8737,0.8095,0.458,-0.5298,-1.7371,-1.9977,-1.4737
"IC49",-2.6474,-1.6974,-0.7309,-1.5441,-1.6446,0.0351,0.8664,1.1601,1.6007,1.3407,0.6625,1.71,1.5283,0.5228,-0.2446,0.6664,-0.4948,-1.0042,-0.2591,0.5135,1.205,0.3579,-1.5098,-1.5929,0.037,-0.658,-1.2127,-0.5531,0.3656,0.4691,0.5929,0.7672,0.9238,0.4479,-0.1568,-0.4535,0.7554,-0.5267,-1.0322,0.6557,0.5864,0.1698,0.4237,-0.3406,0.2648,-0.5633,-1.2596,0.9143,0.4158,0.2526,-0.2978,-1.3008,0.1575,-0.2141,0.3047,2.8043,2.0355,0.8389,0.369,-1.4934,-1.4104,0.9122,0.6949,-0.0652,-1.1179,-0.4084,0.1771,0.3125,-0.0112,0.1735,-0.656,-0.2458,-0.7286,0.0383,0.3561,-0.0061,-0.2875,0.0011,-0.1171,-0.887,-0.3342,0.3409,0.0118,-0.2247,0.3075,0.15,0.0339,-1.7791,-1.0233,0.0176,0.6004,0.3431,0.078,0.2137,-0.5765,-1.2946,-0.9773,0.3876,1.3579,0.6189,-0.7469,-0.9232,-0.7189,-0.0117,-0.6091,-0.2723,0.7654,0.2415,0.2574,0.7209,1.1992,-0.1415,-0.5348,-0.5461,0.4192,1.0449,0.468,0.6114,0.8713,1.0738,1.0919,1.3561,1.1393,0.3802,-0.7425,0.1611,0.1429,-0.1385,-0.5381,1.3451,2.6188,2.8754,1.8719,-1.0233,-2.0674,-2.2151,-2.5206,-2.0772,-1.1733,-1.1377,-0.3831,-0.0866,-0.8434,-0.7865,-0.4254,-0.3079,-0.9069,-0.3428,-1.4813,-0.9876,-1.718,-0.8056,-0.0478,0.4152,0.7318,1.2017,1.0146,0.486,0.0116,-0.3193,1.0054,0.8012,1.111,1.4624,1.0831,-0.11,0.2405,0.3558,-0.6145,0.0483,0.1301,-1.1234,-1.893,-1.7244,-0.3098,-0.0781,0.9206,1.1239,-0.056,0.7494,0.2477,1.2735,2.1967,2.5407,1.3933,0.3611,-0.2583,-0.0832,0.0655,0.6488,0.1729,0.4722,0.1817,-1.4817,-2.007,-0.6092,0.8242,1.3811,0.0001,-0.5501,-0.8231,-1.2831,-1.6174,-1.3702
"IC50",0.0557,0.2102,-0.5535,-0.8656,-0.8792,0.1524,0.6955,0.7865,0.0961,-0.524,0.0318,0.5254,0.3247,0.5119,0.3625,-0.1632,0.2241,0.8571,0.9238,1.3233,1.4752,1.1175,1.0643,0.319,-0.7302,-0.3652,-0.3555,-0.0737,-0.2089,0.1558,-0.1514,-0.7933,-1.6177,-1.5627,-1.3659,-0.8164,-0.9652,-0.9354,-1.1285,-0.8837,0.2773,0.6828,-0.3623,0.148,-0.0191,0.1583,0.576,-0.3289,-0.355,-0.5111,-0.7223,0.7102,0.4358,0.7079,0.2651,-0.9533,-0.5184,-0.2068,0.0184,0.8536,0.54,-0.772,-0.7705,0.2354,0.9084,0.4635,-0.3304,-0.5639,0.2764,0.6788,1.5735,1.7649,1.8506,1.4183,0.7239,-0.1554,-1.0588,-1.4045,-1.2683,-0.176,0.4201,0.6112,-0.1293,-0.6956,-1.0964,-0.5887,-0.6817,0.0189,-0.847,-0.9692,-0.3689,-0.1288,0.5245,1.3789,2.2173,2.4348,1.7379,0.8843,0.3649,0.6873,0.6278,0.5649,0.0256,-0.4813,-0.816,-1.2159,-1.4827,-1.1659,-1.8202,-1.5268,-1.3337,0.0128,1.0473,1.5143,0.2405,0.0441,1.0066,0.0185,-0.9647,-1.2852,-1.8126,-1.3034,-0.6282,-0.6565,-0.311,-1.1454,-1.1348,-0.6117,0.817,-0.1428,-1.5712,-1.5493,-1.2436,-0.2521,-0.2726,0.199,1.2955,2.3422,2.7676,2.0761,1.4864,1.1487,1.1506,1.6663,2.2014,2.246,2.1772,0.803,0.2147,0.1832,-0.057,-0.3443,-0.2971,-0.7205,-1.3466,-1.3578,-1.1503,0.1833,0.5524,0.0951,-0.873,-0.6109,-0.8695,-2.1513,-1.8875,-0.6012,0.124,0.4872,0.8643,0.1507,-0.1373,0.6997,0.8304,0.8008,-0.5802,-0.6765,-0.7641,-0.7762,-0.0423,-0.4899,-0.6856,-0.7531,-0.7298,-1.0775,-0.8694,-1.0171,-0.2343,-0.488,-0.062,0.9083,1.8961,2.195,1.1565,1.0901,-0.1468,-0.946,-1.0437,-1.0733,-0.5288,-0.4778,-0.4228,0.1299,1.5856,2.5528
"IC51",-1.7951,-1.7584,-1.1996,-1.2261,-2.0167,1.9224,1.388,0.9189,0.7191,1.7635,1.2914,0.7899,-0.0183,1.2272,0.2482,-0.2119,-0.56,0.1204,0.3156,0.9295,0.8202,0.6479,-0.1423,-1.6891,-0.9292,-0.8906,-0.9373,-1.6574,-0.2277,0.5217,0.5846,1.1805,0.0337,-0.9811,-1.5807,-0.4529,0.4537,-0.0216,-0.5184,0.5269,0.8834,-0.7799,-0.0403,0.1653,0.5579,-0.2423,-0.1904,-0.1552,0.4009,-0.2325,-0.6064,-0.3607,-0.4374,0.4545,-0.2436,1.2881,1.7147,0.9869,0.676,0.2842,-1.2728,0.1153,0.6216,1.3057,0.3088,-0.2309,-0.9644,-0.9895,-0.3263,0.2244,0.373,0.7459,-0.3407,1.932,2.0143,1.1285,0.1773,0.6961,-0.0283,-1.1059,-0.8814,0.0044,-0.2862,-1.802,-1.4851,0.0451,0.2379,-1.2188,-0.7061,-0.5023,-0.7766,-1.02,-1.1055,-0.2811,0.7791,0.7119,-1.0037,0.1862,0.4299,-0.0364,0.0796,-1.2077,-1.2842,-0.6898,0.934,-0.3385,-0.0285,0.2795,0.6803,-0.5479,0.0653,-0.2888,0.9601,-0.3741,-0.7488,-0.1238,1.5924,2.0601,1.9105,0.7636,-0.4958,-0.4356,0.2395,1.2822,-0.3387,-0.6938,-0.1429,1.409,0.1787,1.1516,1.733,1.1394,2.4929,1.772,0.9076,-0.7394,-1.6653,-1.7665,-0.8468,-1.4636,-0.6863,-0.5474,-1.0643,-0.6486,-0.5624,-0.2954,-0.2675,0.2988,0.1748,0.7911,-1.0144,-1.7735,-1.9026,-1.0513,-1.1248,-0.1969,0.2543,0.1674,0.1844,-0.0568,-1.2,0.1005,-0.147,0.3983,0.7646,-0.1198,0.4995,1.1225,0.4825,1.3654,1.9963,0.8902,-0.7868,-2.2791,-1.4958,-1.7732,-0.9391,-0.1897,0.3441,1.1075,1.0841,2.0977,1.5325,2.3986,1.9753,1.6947,-0.4739,0.2978,-0.7594,-0.0286,0.0812,-0.1371,-0.9434,-0.7038,-0.5374,-0.149,0.6556,0.846,-0.6943,0.129,-0.087,-0.1113,-1.5617,-2.221
"IC54",-0.0506,-0.5122,-0.0139,-0.0244,-1.2678,-0.4845,0.0935,-0.1211,0.1992,-0.2843,-0.9577,-0.728,0.1448,1.5122,1.5068,0.0396,-0.1476,-0.2143,-0.1634,-0.1477,-0.1114,0.9999,1.7208,2.16,1.8348,1.2919,0.0106,-0.6129,-0.0446,-0.3904,-1.173,-1.6797,-1.4467,0.1702,0.8419,-0.0028,-1.5419,-0.5227,-0.9195,-0.5158,-0.1128,-1.0792,-0.6304,0.458,1.081,1.8789,1.1171,-0.0474,0.176,-0.2951,0.5983,0.5257,0.6383,1.4957,0.0077,-1.2313,-0.9298,-0.3078,0.7444,-0.0735,-0.8126,-1.2732,-0.3402,0.1178,-0.3814,-1.7023,-2.1536,-1.5937,0.0429,0.9825,1.0582,1.2139,0.8877,0.1738,-1.2624,-1.5043,-0.6723,0.9963,1.9642,1.6902,1.2959,0.7741,0.6038,-0.5907,-0.9028,-0.4929,0.1592,-1.0116,-1.1656,-1.1961,-0.8755,0.1556,0.9799,0.3812,-0.1617,-0.5086,0.1071,0.1183,0.1919,0.5254,0.6742,0.0453,-0.3169,0.5727,1.6375,0.6496,0.9478,0.1531,-0.6025,-1.0771,1.0972,2.2875,2.245,1.633,1.3518,1.668,1.0076,-0.1005,-1.1507,-1.8365,-2.0871,-1.8095,-0.4969,-0.7317,-1.5631,-2.7395,-1.9647,-1.0707,-0.383,-1.1957,-1.1286,-0.8503,-0.133,-0.0628,-1.6641,-1.6349,-0.6282,0.6814,0.7841,0.8748,0.2586,0.6734,2.0068,2.5659,1.8912,0.7541,-0.0321,0.4103,1.0425,0.7866,-0.0451,-0.6059,-0.8214,-0.1566,-0.2557,-0.7303,0.1655,1.3858,1.2142,0.5176,-0.3597,0.3861,0.3281,0.0155,-0.5241,0.2179,0.6882,1.4344,1.1835,0.0647,-0.4454,-0.7485,-0.7916,-0.6123,0.2577,1.4643,0.3323,-0.3786,-0.8134,-1.3141,-0.755,-0.7036,-1.7931,-0.881,-0.6406,-1.1134,-1.0518,0.685,1.0473,1.5237,0.9148,-0.3598,-0.1262,-0.7436,-0.5041,-0.4126,-0.3953,-0.4428,-0.1417,0.1859,0.1864,0.7075,1.0832,0.9581
"IC56",-0.8795,-2.278,-1.3934,0.0902,0.251,0.0373,1.4456,0.3072,0.6138,1.6822,0.8464,0.4196,1.3141,-0.3714,-0.7417,-1.3956,0.3229,-0.9637,-0.671,-0.182,-0.2763,0.4651,0.5606,0.6333,0.5059,0.0095,-0.0353,-0.9817,-1.8207,-0.4121,1.4161,1.5366,-0.1172,0.0689,1.2536,1.491,0.1839,-0.6661,-0.4484,-0.6763,-0.3359,-0.8815,0.103,-0.1668,-0.4966,0.1658,0.2846,-0.5053,0.5709,-0.7758,-0.2464,-0.7376,-1.1983,-0.1929,0.2401,0.7086,2.2489,1.9548,-0.5658,-0.4862,-0.258,0.0256,0.5032,0.2681,0.2605,0.2263,-0.5159,0.6655,0.43,-0.1911,-0.9226,-0.5884,-0.8263,-1.2703,-0.9024,0.0398,-0.755,0.2175,1.2512,1.2431,1.1109,1.5671,0.7439,0.2019,-0.212,-0.073,0.68,0.2731,-0.1964,-0.1865,-1.6112,-1.9163,-1.2412,-0.4008,-0.5178,-1.2947,-0.8319,0.3096,2.3608,2.1424,-0.0766,-2.0935,-2.2476,-0.7256,0.7872,-0.4788,0.3028,0.7042,1.3651,-0.1893,-0.3302,0.2537,-0.3225,-0.5072,0.4673,0.6736,1.4307,0.3621,0.0794,0.8302,0.701,1.4479,0.9562,0.2357,-0.929,-1.2832,-0.5548,-0.161,0.3582,2.1197,1.9276,1.2825,0.2095,-1.7361,-2.7485,-2.4369,-0.9924,0.0261,0.3289,1.0918,0.081,0.2852,0.5588,-0.6077,-0.2845,0.0428,-0.516,-2.6458,-1.5712,0.0642,1.1134,-0.2871,-1.3198,-0.6978,-0.0255,0.3812,1.1584,-0.3128,0.205,1.4357,0.7634,0.4175,0.5619,1.7451,2.6215,1.4166,-1.582,-1.5511,-0.8685,-0.5289,0.1111,-0.2006,-1.5532,-1.3086,0.2753,0.4748,0.4882,1.0296,-0.2467,-1.8759,-1.0122,0.3316,-0.1985,1.6488,1.4457,1.4657,0.1708,-0.0212,0.6045,0.6727,0.0525,-1.4348,-0.9364,0.8363,0.1451,0.6467,0.3986,0.6349,1.0466,-0.5174,-0.7875,-0.783,-0.9718,-1.4544
"IC58",-0.5383,-0.4051,-0.7562,-1.0429,-0.7472,0.6348,1.4685,2.7372,0.7506,-0.6578,-0.1248,1.2415,1.0645,0.621,0.3979,-0.6356,-1.6376,-1.5489,-0.9964,0.9057,1.88,1.4896,0.2337,-0.3775,-0.8264,-0.8335,-1.0044,-0.2398,-1.1563,-0.919,0.6664,1.5901,1.051,0.4135,-0.5936,0.3011,0.7183,-0.0688,-1.7821,-2.2041,-0.5002,-0.3345,-0.521,-1.3135,-0.7914,-0.7977,-0.7928,0.0851,0.3896,1.1449,0.971,0.7609,1.2304,1.2783,0.3877,-0.1851,0.6676,2.2979,1.2062,-0.4875,-0.9136,-0.9906,-0.7631,-0.4593,-0.7389,-0.678,-0.8614,-0.9646,0.2044,0.9467,0.4866,0.3707,0.5896,-0.2414,-0.6418,0.2815,0.5789,0.0369,-0.2705,-0.8998,-1.1172,-0.2699,1.0251,0.5807,1.0456,1.8171,0.2883,-0.6408,-0.3252,-0.542,0.463,0.7878,0.3932,-0.152,-0.4306,-0.8543,-0.7869,-1.4915,-0.1474,1.0924,2.3873,0.9942,0.1545,0.2583,-0.0911,-1.0793,-0.5962,-1.885,0.1995,0.1168,0.4164,1.0839,0.5243,-0.2509,-1.1841,-1.4392,-0.4566,1.501,1.0157,-0.8863,-1.4509,-0.2092,0.6716,0.9678,-0.3137,-1.0185,-1.0229,-0.0564,0.3826,0.0219,-0.5176,0.3034,1.1438,0.3366,-1.0651,-2.7599,-1.6754,-0.7582,0.0186,1.0228,1.2752,0.9139,1.4104,0.3404,-0.3074,0.5946,2.112,1.3214,0.9706,-0.0056,-1.459,0.0688,0.4581,0.5262,0.1652,0.212,0.3458,0.4096,-0.6469,-0.5706,-1.0668,-0.4432,-0.9679,-0.2151,0.1778,1.8665,2.6619,1.6613,-0.11,0.0202,0.3193,0.004,-1.1269,-1.4657,-1.3681,-2.3552,-1.6825,0.2662,0.2691,-0.5829,-1.575,-0.4811,0.144,1.2764,0.748,0.1956,-2.1204,-1.0278,-0.8344,0.1444,0.3838,0.8971,0.821,-0.0542,-1.1655,-0.2987,1.3835,2.2622,1.7037,0.0173,-1.0606,-0.5367,0.0518,0.7521
"IC60",-0.7357,-1.4379,-0.0343,-0.0766,-0.5974,-0.9424,0.3076,-0.8113,0.5186,1.4261,1.3812,0.9634,1.6311,0.9212,0.1536,-0.2076,-0.1655,-0.7308,-1.2363,-0.6834,0.5304,1.1982,0.4462,-0.0054,0.1748,-0.5228,-1.0108,-1.1685,0.0735,0.9876,0.9451,-0.4904,-1.3733,0.6592,1.2258,0.2247,-0.9315,-0.7442,-0.5154,1.4853,1.4931,0.6506,-0.3928,-1.5897,-1.5254,-0.5459,0.0392,0.564,-0.1417,-1.1352,0.3361,0.3506,1.13,1.2415,-0.1073,0.1016,-0.1925,-0.4828,1.2236,0.8335,0.7244,0.2588,-0.1556,-1.5658,-2.308,-2.0859,-0.2408,1.1566,0.3759,-0.4798,-0.4873,-0.2856,-0.2609,-0.3181,-0.6585,-1.269,-0.8981,0.5451,0.649,-0.085,0.0017,0.9028,1.6868,2.2206,2.1699,0.9038,0.2847,0.0146,0.1886,0.5945,-0.6777,0.3849,-0.6597,-1.0456,-1.2111,-2.1317,-0.8319,-0.0157,1.335,0.9635,-0.5466,-0.8868,-0.2549,0.9635,0.289,-0.0548,0.6202,0.2019,-1.3778,-0.5874,0.7443,2.0248,-0.1195,-1.2849,0.1977,1.6222,2.0059,1.2728,0.1202,-0.9032,-0.9757,-0.0129,0.8879,-0.9125,-1.4143,-0.5151,0.5902,0.3201,-0.3903,-0.1515,-0.3639,0.1109,0.2422,-2.307,-3.9463,-2.3148,-0.7664,0.5036,-0.1772,0.231,-0.1396,0.5983,0.6067,0.6217,0.8447,0.5349,-0.2274,0.5696,-0.7473,0.3811,0.7481,-0.2595,0.3688,2.0065,1.4747,1.0831,1.5397,0.6631,0.081,-0.6615,0.2318,0.218,0.1288,-0.2669,1.4452,1.4332,1.1031,1.0849,-0.1953,-0.8082,-1.5606,-1.9664,-1.5022,-1.5834,-0.7079,0.5964,1.3662,0.2245,-0.9815,-0.4848,-1.2178,-1.718,-1.3279,-0.15,-0.806,-1.9848,0.0806,1.2202,1.5315,0.9915,0.0883,0.4548,1.6184,-0.0038,-0.6205,0.1946,1.0796,1.013,0.7174,-0.3163,-0.5786,-0.6338,-0.2496,-0.3007
"IC62",0.7061,0.5186,0.6894,0.5507,0.9146,1.469,1.2111,0.5158,-0.5928,-0.2343,0.1317,0.6801,0.631,0.842,0.4955,-0.234,-0.8333,-0.4554,-0.0224,-0.0756,-0.3754,-0.6415,-0.6382,-1.1126,-1.9599,-1.5583,-0.4751,-0.0996,-0.0474,0.0707,-1.4306,-1.8251,-1.3757,-0.2638,0.4222,1.3448,1.6051,0.9406,0.8105,1.0437,0.6356,-0.0177,-0.4922,-1.0003,-1.0672,-1.158,-1.2341,-1.071,-0.9304,-0.7057,-0.5824,0.4299,1.1902,1.5283,0.9962,-0.4058,-1.2312,-0.7336,-0.1887,0.3664,0.8249,0.7782,0.8947,0.7406,1.372,0.958,0.2148,0.1285,0.2157,0.389,0.2587,0.2333,0.0109,0.3001,0.4509,-0.495,-1.0108,-0.9892,-0.8965,-1.6836,-1.6821,-0.3643,0.8219,1.2433,1.1245,0.7037,0.6432,0.6631,-0.5841,-0.8769,0.5356,1.3937,1.3834,0.2449,-0.0408,0.3515,0.0515,-0.3345,-0.3877,-0.0771,0.2865,0.7664,0.6034,0.1646,-0.6104,-0.3332,-0.0982,-0.0501,-0.2482,-0.5797,-0.2504,-0.5326,-0.7839,-1.1854,-1.9706,-1.7054,-0.3186,-0.8811,-0.7676,-0.91,-1.2106,-0.9234,0.1342,0.9673,1.8668,1.5698,1.185,1.7355,1.5099,0.6597,-0.8047,-2.0418,-2.0078,-1.6758,-0.5954,-0.1199,0.0274,0.2226,1.055,0.5588,0.1686,-0.029,-0.0132,0.0909,0.4222,0.9199,1.6191,1.1782,0.2598,1.1648,1.3724,1.6599,2.2079,1.8159,0.8203,-0.2113,-0.5293,0.0189,-0.1617,-0.3942,-0.3052,-0.1601,-1.1086,-2.178,-2.1507,-0.7739,0.7487,0.9882,0.2699,-0.3722,-0.2916,0.7626,1.3028,0.8179,-0.5335,-1.6231,-1.4153,-0.5298,-0.0101,-0.8254,-1.825,-1.9145,-1.4342,-1.582,-1.7567,-1.7746,-1.7101,-0.906,-0.3629,0.1395,0.5919,1.3677,1.3901,1.3767,0.7722,0.6093,-0.1952,-0.4079,-0.447,0.2141,0.6814,1.574,2.4042,2.3151
"IC63",-2.6676,-1.4224,-0.6113,-0.6937,-1.4732,-0.5508,0.364,0.6548,0.2447,0.9411,1.1832,1.4952,1.3998,0.458,-0.486,1.1486,0.4453,0.2547,0.5112,1.8242,1.674,0.1414,-1.3206,-0.6377,-0.4531,-0.4534,-1.3397,-2.1295,-1.962,0.0197,1.0799,1.2637,0.732,0.0098,-0.2009,0.3099,0.4763,-0.252,0.3113,0.9463,0.45,-0.2217,0.1674,0.6622,0.6584,-0.5204,-1.1485,0.1576,-0.0485,-0.744,-1.2254,-0.3297,0.4361,0.0492,-0.0269,0.7967,1.0543,1.0103,0.0154,-1.7314,-0.8276,0.9087,0.6419,0.351,-0.2989,0.1432,0.2098,-0.5179,-1.0137,-1.0946,-0.848,-0.6076,0.0716,0.8838,0.7041,-0.0471,0.0885,-0.6214,-0.3883,-1.5968,-1.5698,-0.388,1.3875,1.5179,1.1878,0.4303,0.4714,-0.3539,-0.2341,0.1916,1.1835,0.4524,0.4185,0.3085,0.6957,0.5231,-0.7836,-1.044,-0.1529,-0.5147,-1.2546,-1.1676,-0.8587,0.045,0.8398,0.7615,0.148,-1.0758,-0.8678,0.493,1.3653,0.3128,-0.2577,-1.0832,-0.753,0.2289,1.5709,2.0327,1.8894,0.8908,0.5557,0.3814,0.7533,0.3473,-0.5229,-0.8533,-0.6866,-0.1407,0.449,-0.1561,0.2645,0.9706,1.2725,-0.3909,-2.2826,-3.2377,-2.8151,-1.9375,-0.1319,1.4658,2.0212,-0.4326,-2.6655,-2.1853,-1.0714,0.3958,1.0681,1.3411,-0.3922,0.3399,0.2108,0.4048,0.1735,0.2115,0.0054,0.6005,1.2602,1.2112,-0.0056,-0.0975,0.4608,-0.469,-0.7018,1.3102,1.8374,1.8769,1.369,-0.4544,-1.3499,0.0606,0.5522,-0.0874,-1.317,-1.8467,-1.8245,-0.8321,0.189,0.5587,-0.3561,-0.634,-0.8486,0.7274,1.843,2.1668,2.0876,0.8875,0.009,-0.2512,-0.5114,0.0197,-0.5439,0.0773,0.0564,-0.3898,-0.2489,-0.631,-0.703,-0.3309,-0.2253,0.4725,0.0797,-0.7274,-0.728,-0.1517
"IC64",0.3985,0.0957,-0.6088,-0.9513,-0.7364,0.1963,-0.8274,0.4493,0.5878,-1.0845,-0.0739,1.2295,0.3772,0.2473,1.1366,1.3178,0.2114,-0.8407,0.0444,0.4502,1.4365,0.9319,0.3847,-0.3389,-0.3413,-1.1167,-1.2237,-1.1036,-0.4411,0.4277,0.9331,0.0419,-0.2114,-1.1785,-1.8798,-1.4907,0.81,0.8859,-0.2596,-1.3557,-0.7492,1.295,-0.0126,0.0387,0.8634,-0.0442,-1.8254,-1.7189,-0.2458,1.6002,-0.1234,-0.0155,2.2154,1.9145,0.7931,0.3866,-0.1486,1.2563,1.3907,0.1179,0.8205,1.2012,0.0169,0.2228,0.1108,-0.9574,-0.0407,-0.1321,-0.6729,-0.3502,-0.4679,-0.7818,-0.8345,0.0349,0.3483,-1.4038,-0.4228,1.4422,-0.006,-0.2178,-2.5227,-2.3078,-0.0029,0.5824,-0.0272,0.191,0.605,-0.1213,-0.8858,-0.7863,0.541,1.845,0.0765,-0.3025,-0.5597,0.5345,0.1741,-0.0997,-0.1092,0.0979,0.7865,0.6577,-0.617,-0.5375,0.3926,0.7726,-1.2666,-0.7855,-0.513,0.0481,0.193,0.2818,1.2057,1.203,-0.1852,-0.9379,-0.0798,1.6172,2.0337,1.0104,-0.6205,-0.7075,-0.8461,0.3749,1.3922,1.5116,-0.3804,-1.4705,0.53,1.1837,0.0137,0.1434,0.6631,1.5126,-0.4339,-3.3352,-3.6568,-1.6301,-0.6328,-0.5487,0.1974,1.1898,-0.284,0.1882,0.3003,0.2351,-0.344,0.4384,-0.0709,0.7921,-0.4322,-1.1536,0.3107,0.7185,0.3015,-0.7334,-0.7307,-0.0321,-0.1209,-1.4447,-0.7208,-0.2101,-0.1183,-0.212,0.3692,1.9743,3.6416,1.4352,0.3115,0.0554,1.0842,1.1905,1.9216,-0.9609,-1.0871,-1.4855,-1.0067,-0.9034,-0.496,-0.1489,-1.8842,-1.8838,1.8218,1.322,-0.24,-0.0505,0.9067,-0.0743,-1.1449,0.083,1.1594,0.851,0.4339,-0.7504,0.2746,-0.8264,-1.8822,0.138,0.899,0.5254,-0.1061,-0.4216,-0.0147,0.2126
"IC65",-0.6882,0.6479,0.6645,-1.4507,-0.6587,0.8776,1.49,-0.7829,-1.0619,-0.2012,1.2264,1.3392,0.3684,-0.138,0.4319,0.2608,-0.2699,-1.3409,0.2287,1.1037,0.4846,-1.2285,-1.7959,-0.5001,0.9942,0.2654,0.1939,0.9497,2.0302,1.2111,-1.1374,-3.1694,-1.729,-0.5391,-0.5504,-1.0488,-0.4617,-0.6314,-0.32,0.5499,2.013,1.355,1.0921,1.9826,1.4323,-1.515,-2.5565,0.1112,1.4123,-0.7285,-1.2317,-1.176,-0.0981,0.4714,-0.4022,-1.274,-0.3603,0.6522,0.4402,0.7201,1.4368,0.0054,-0.0719,0.5765,1.2778,0.1786,-0.2129,1.626,2.237,0.3332,-0.514,-0.7335,-0.4124,0.1952,-0.1998,0.1629,0.8375,0.7022,-0.9127,-1.2102,-2.6808,-1.1379,0.7408,-0.2275,-1.1906,-0.0175,0.3,0.073,-0.2394,0.1283,0.0862,-0.7945,-2.1871,-0.3639,0.9129,1.4253,0.3994,0.3854,-0.0294,-0.1811,-1.7237,-0.1263,-0.344,0.2491,-0.2236,0.0838,0.5809,-0.8209,0.3646,1.1992,1.3717,0.4511,-0.8223,-0.1768,0.7628,1.7877,0.9743,0.1855,-0.8265,-0.4984,-0.7514,1.2144,1.6947,0.2731,0.571,0.0209,0.5537,0.6285,0.7522,-0.4916,-1.0038,0.2257,-0.6119,-3.0396,-1.7095,-0.8378,-0.1798,0.5286,-0.444,-0.1946,0.3857,1.0983,-0.162,0.1423,-0.4991,-1.7861,-0.0527,0.4388,0.3567,-1.6036,-0.3101,0.9587,0.4403,0.3306,0.0132,0.6784,0.3442,0.1426,-1.0803,-0.1555,0.7952,0.2504,0.4078,0.2173,1.5203,1.1115,0.7739,-0.3088,-1.1254,-0.5797,0.5524,0.1979,-0.8834,-1.7248,-0.413,0.983,0.383,-1.0563,-0.2706,0.5932,1.3359,1.1957,0.5273,-0.3408,-2.0159,-0.3367,1.2706,-0.4924,-0.9374,0.1959,0.8049,1.1775,1.0308,-1.1584,-2.683,-1.4717,-0.4837,1.4456,0.7273,-1.0259,-0.4542,0.2871,1.2797,0.7119
"IC66",-0.6825,-0.4641,0.0477,0.3095,0.7423,-0.6173,0.4981,0.4759,-0.0628,-0.7498,0.6599,0.1481,-0.4858,-0.2052,0.3965,0.0916,0.0535,0.0249,-0.141,0.8635,1.6895,1.2384,0.1713,-1.1133,-0.9296,-0.3142,-0.5767,-1.0067,-0.2581,0.6941,1.9404,1.3495,0.0909,-0.5568,-1.4388,-0.9487,-0.8845,-0.6557,-1.1265,-0.3528,0.7455,0.7992,0.4882,2.4127,1.475,0.0441,-0.9547,-1.9391,-1.7419,-1.6103,-1.5231,-0.203,-0.3029,0.375,-0.2394,-0.9464,0.5936,0.8461,0.4901,1.2078,1.4841,0.2456,-0.2787,-0.0923,-0.3326,-1.3551,-0.7554,-0.4145,0.5945,0.5134,0.9754,0.8491,0.8924,0.624,1.0916,1.1227,1.2917,1.7525,0.4907,-0.5073,-0.4953,-0.5374,-0.7053,0.0256,0.3785,-0.1171,-1.1929,-1.6391,-2.4929,-0.2534,0.4021,0.1565,-0.862,-0.4508,1.0142,1.0638,0.899,-0.1268,-0.1027,0.0764,-0.4479,-1.0434,-1.4381,-1.2144,-0.6374,-0.4977,-1.6182,-1.503,-0.9112,0.5285,0.1392,0.3038,0.7644,0.8211,0.2303,0.6383,2.5183,3.3922,2.351,1.6246,-0.1186,-0.2247,0.5014,0.3686,0.1855,-0.0405,0.5747,-0.0553,-0.4966,-0.2224,-0.7631,-0.234,0.5148,0.2164,-1.1963,-1.7912,-2.3412,-1.8118,-1.1167,-0.6686,-0.7249,0.1269,-0.2597,-0.2801,0.4237,0.5968,1.1105,1.3048,0.7094,-0.6054,-0.321,-0.6472,-0.6119,-0.4684,-0.9808,0.0402,0.116,-0.1322,0.3802,0.6029,-0.1172,0.199,1.0257,0.7163,2.1914,2.4285,1.0551,0.3806,0.2221,0.5956,1.1034,1.3055,-0.3032,-1.3973,-0.9966,-1.0737,-1.6399,-2.0898,-0.5854,-0.3103,0.1586,1.2402,1.5648,0.3152,-0.0296,-0.993,-1.6273,-2.4361,-1.4962,-0.4124,0.465,0.6432,0.4589,0.1366,-1.2292,-1.4041,-0.2733,0.7555,1.9138,1.52,0.7445,0.224,0.4496,-0.2225
"IC67",-1.4458,-1.6667,-1.7525,-0.071,-0.4447,0.2262,1.1219,0.4573,-0.1702,0.0179,-0.2715,0.3218,0.5803,0.4023,-0.526,-0.2803,1.4692,1.783,1.3886,1.6199,1.3264,0.8079,-0.8927,-1.7129,-1.2199,-0.0847,-0.9748,-0.6414,-0.0188,1.4719,0.9334,0.0146,-0.6688,-0.8535,0.1346,-0.1806,-0.3156,0.2736,-1.0313,-0.1156,0.8514,0.0008,-0.0524,0.0623,-0.2509,0.0299,-0.7405,-0.5062,-0.3195,-0.6385,-0.5769,-0.8096,-0.8039,0.7999,0.7921,0.4612,1.1723,0.8551,1.1554,0.8483,0.2677,-0.8581,-0.2796,-0.0286,0.2261,-0.241,-1.0015,-1.4061,0.2571,1.1512,1.3481,1.7617,2.3836,1.7828,0.2759,-0.0202,-1.0173,-0.9023,0.3651,-0.5681,-0.3618,-0.0419,-0.2789,-1.7352,-1.6459,-1.1994,-0.6284,-1.5372,-0.9909,0.3602,-0.4016,-1.091,-0.3803,-0.5411,0.6523,2.2656,2.9437,1.7453,0.8689,-0.4031,-0.3933,-0.0024,-0.6831,-1.9231,-1.1589,-0.6057,-0.8141,-0.5489,0.2044,-0.618,-1.1975,0.1513,0.7759,-0.1494,-1.4698,-0.5929,1.8733,2.0057,1.1629,0.1555,-0.5714,-0.1233,1.1444,1.3627,1.0073,0.7201,1.1937,0.9641,0.3381,-1.0331,0.197,0.7961,0.4636,0.273,-1.1896,-1.5077,-0.3425,0.4378,1.1618,1.6138,0.9092,-0.2334,-0.3052,-0.7682,-0.5808,0.1248,-0.0623,-1.2837,-1.4688,-1.2629,-0.1932,-0.157,-0.6915,-1.0436,-1.239,-0.4403,-0.7314,-0.3084,-0.347,-0.2333,0.0086,0.0704,-1.3707,0.1178,0.3649,0.5581,-0.3244,-0.8458,0.8193,0.8,1.1383,1.039,-0.1292,-1.0695,-1.4826,-0.6688,-0.0825,2.0999,1.8888,2.4109,2.5293,1.5096,0.0492,-0.3263,-0.3629,-0.9057,-0.8588,0.3495,1.936,1.9232,1.3924,0.9008,0.0281,-0.9401,-1.1835,-1.3545,-1.4696,-0.677,0.8093,-0.439,-1.0263,-0.7836,-0.8254,-0.8168
"IC68",0.2105,-0.2401,0.2629,0.7414,0.6967,0.8556,2.0266,0.176,-1.445,-0.9739,0.2177,0.2315,-0.2622,-0.2041,0.674,-0.8587,-0.8922,-0.8942,-0.1169,0.5903,-0.2092,-0.6485,-0.967,-1.0065,-1.1977,-0.914,0.2309,0.785,1.9464,1.9035,0.2781,-0.7091,-0.1598,-0.5098,-1.5038,-0.6521,0.0842,0.2016,-0.5631,-0.811,0.5033,1.4337,1.3429,0.7326,-0.7153,-2.0513,-1.2639,-1.3128,0.0287,1.483,1.6696,2.0105,1.3088,1.2083,1.0103,-1.1322,-0.1074,1.0302,0.4611,0.0707,1.0826,-0.3459,-0.9549,-0.4759,-0.0637,-1.2371,0.2512,1.4097,0.2509,-1.6297,-1.6553,-0.9803,-1.0366,0.0383,0.1307,0.008,1.441,0.9826,0.1538,-0.7031,-1.9013,-1.4733,0.3219,0.2742,0.1846,0.1682,-0.9489,-0.1674,-0.1122,0.0394,0.8529,1.3575,-0.2905,-0.5101,-0.3826,-0.3127,0.6284,1.5024,1.2059,0.115,-0.3387,-0.1505,0.0707,-0.4842,-0.8978,-1.037,-0.9555,-0.4344,0.9211,0.1947,-0.7627,-0.3798,-0.4018,0.6999,-0.1265,1.2877,2.5781,1.8829,0.0003,0.4245,-0.2487,-0.4829,-0.4737,-0.0525,1.0624,-0.7292,-1.0919,0.8871,1.3619,0.9284,1.0943,-0.3332,0.0347,-0.5938,-1.2891,-1.7506,-1.5183,-1.0455,-1.5056,-1.3963,-0.0771,1.5129,1.1618,0.8545,-1.024,-2.5592,0.9227,0.9374,0.648,0.1567,0.8084,-0.1394,-1.04,-0.2218,-0.4661,0.0881,0.5489,0.3138,-0.9659,-0.8583,-0.4571,-0.6398,-0.5704,0.3863,2.9029,2.8753,1.0985,0.3227,-0.2599,-0.4004,0.5267,1.106,-0.3799,-0.7062,0.2733,1.7982,0.2199,0.4062,-1.6147,-3.1056,-1.533,-0.3898,-0.4886,-0.0874,0.0462,0.0495,1.099,0.3317,0.2358,-0.0553,0.2139,-0.7131,-1.011,-1.6769,0.0201,-0.7629,-0.421,1.9229,2.3163,0.276,-0.4191,-0.255,0.8064,-0.1388
"IC69",-1.4399,0.1914,-0.6856,-2.6579,-1.4969,0.2617,-0.1543,0.9803,0.0954,-0.9767,1.2994,2.9292,1.6424,-0.2717,0.152,0.439,-0.5508,-0.7254,-1.1165,-1.3052,-0.7163,-1.1872,-0.2764,0.4334,-0.5393,-1.0546,0.4228,0.7736,0.4413,0.3996,0.7279,2.1359,1.9621,0.9462,0.3084,0.5336,-0.2055,-1.018,0.0254,0.0397,0.3088,0.8549,-0.023,-0.0997,-0.4649,-1.0044,0.283,2.5829,1.3842,1.0069,0.296,0.6156,0.7521,-0.6396,-0.2351,0.126,0.2112,1.7454,-0.1496,-0.7175,-0.4044,-1.2412,-2.2171,-1.7103,-1.3829,-0.2662,-0.4003,-0.7568,-0.2404,-0.9816,-0.8942,-0.661,-0.091,-0.5316,-0.1786,-0.1758,-0.6316,0.3882,-0.3025,-0.3724,0.2332,-0.5205,-1.0944,0.1242,1.6037,1.1782,-0.0389,1.0756,0.9886,1.1722,1.7907,-0.9203,-1.6272,-1.4436,-0.4857,0.9979,-0.5077,-0.2505,0.0457,0.083,0.8024,0.9846,2.2068,1.148,-0.1183,-0.6048,-0.0969,0.6816,0.0268,0.3219,0.539,-0.551,-1.208,-0.9526,-0.691,0.9798,3.5726,0.5564,-0.0766,-0.0552,0.5909,1.1154,0.7128,-0.0923,-1.026,-1.4132,-1.0744,-0.4045,1.1627,0.7625,0.5669,0.7289,0.1364,-0.5114,-0.7933,-1.4606,-1.6449,-1.7449,-0.6592,-0.9421,-0.8824,-0.989,-0.5174,-1.1131,-0.9477,-0.2843,-0.0952,-1.8868,-1.0894,0.3961,1.2251,1.7894,1.8473,-0.1284,-0.33,0.4131,-0.0138,-0.555,0.1524,1.0941,0.5273,0.3245,0.6629,0.3343,0.7113,2.0059,1.0907,-0.2319,-0.3574,-0.5939,-1.167,-0.8591,-0.9115,0.7123,0.5703,1.2532,1.0667,-0.3611,1.2455,2.1595,-0.7051,-0.1255,1.1742,-0.2407,-0.6163,0.6584,1.389,0.4558,0.573,-0.6523,-0.783,-0.9802,-1.7821,0.3009,-0.3978,-0.7422,0.8711,0.9767,0.4007,0.0047,-0.8992,-1.9602,-1.2579,-0.3534
"IC71",0.6769,0.5193,0.245,0.8191,1.4005,0.0601,0.9036,-0.7339,-0.2869,-1.4809,-0.7177,-0.1039,0.4254,-0.0147,1.0493,1.0173,0.0374,-1.4472,-2.1418,-1.0638,0.4113,-0.5412,-0.2398,0.4314,0.9965,-0.0941,-0.1359,0.5311,0.1259,-0.89,-1.3688,-0.8583,0.7877,0.9212,-0.8764,-1.2718,0.8734,0.9471,-0.298,0.8537,0.8989,1.5478,0.7006,0.7934,0.8336,0.1933,-0.0151,0.31,0.2701,0.2342,-1.7004,-1.7015,-0.0331,-0.4284,-0.9389,-1.2466,-0.4424,-0.5371,0.3827,-1.0259,1.0385,0.1881,0.3328,0.3994,0.6811,-0.0924,0.1003,0.6968,0.2544,-0.7344,-0.5253,-1.1151,-0.8573,0.0412,0.1343,-0.794,-0.2811,-0.1419,0.2656,0.4984,-0.6308,-1.6027,-0.5108,1.6578,1.4582,0.6998,-1.0645,-1.0668,-0.3859,1.2361,0.947,1.8612,0.3533,0.1171,0.3413,-0.6482,-0.727,0.0662,0.5678,0.1591,-1.2503,0.5154,0.4938,0.18,0.2334,1.7356,0.2993,-0.3962,-0.3395,1.1608,0.7769,0.805,0.7351,1.3434,-0.952,0.4081,1.1067,0.7014,-1.7019,-0.8307,-0.4936,-0.855,-0.729,-1.2659,0.3296,-0.7657,-1.7791,-1.6952,0.0169,0.051,0.6563,0.7041,0.1246,0.0851,-1.2372,-1.5951,-1.9901,-0.5682,-0.5876,-1.0292,-0.4092,0.2084,-0.5818,-0.1442,0.0043,-1.1993,0.3305,2.0407,-0.1951,-1.1881,0.7303,0.5348,0.5844,1.2385,1.1924,0.9358,0.8417,1.9256,1.5403,0.5469,1.6226,1.3097,1.7693,0.1526,1.3278,1.299,1.6674,1.9929,0.8011,-1.6426,-1.8066,-1.0035,-0.5756,-0.4843,-0.2656,0.5878,-0.5383,-0.8047,-2.0343,-1.5475,-1.6686,-2.184,-1.0386,0.2197,0.0231,-1.706,-0.1763,-2.026,-1.9967,-2.2653,-1.1773,-0.1486,0.7117,-0.089,0.1294,0.3787,0.4306,0.8286,2.4478,1.2824,0.3508,0.384,2.0302,1.6131
"IC72",-1.7522,-1.4747,-0.3168,-0.448,-0.7978,-0.4194,1.4851,0.421,0.3323,0.7011,-0.0703,-0.564,1.0075,0.4845,-0.9704,-0.8032,0.4279,2.0761,2.736,1.931,0.4534,0.0916,-0.868,-1.5493,-1.3669,-0.3269,-0.0758,-0.385,0.8407,1.6996,1.6448,0.3027,-1.3502,-0.9016,-0.0157,0.2616,-0.3686,0.5398,-0.3706,-1.5079,-0.9101,-0.4431,0.0767,-0.1728,-0.9122,-0.7811,-0.6327,-1.1189,-0.9343,-1.1397,0.726,1.2768,0.5349,1.2705,1.0589,-0.3112,0.2977,0.4305,0.3465,1.1229,0.2263,-0.7642,-0.8666,-0.6521,-0.5942,-0.8817,-0.8558,-0.1961,1.2888,1.7746,1.1027,0.9909,0.38,0.099,-0.1484,0.6259,1.3735,0.7558,0.7182,-0.2892,0.086,0.9804,0.682,-0.7104,-0.7497,-0.7133,-1.1667,-1.2096,-0.8257,-0.3317,-0.5585,-1.0701,-1.0961,-0.6765,0.5676,1.2595,2.6301,1.3438,0.3564,-0.273,-0.1479,-0.3476,-0.3499,-0.7961,-1.3376,-1.4976,-0.4095,0.7486,-0.2951,-1.7932,-1.4661,0.1156,0.2317,-1.0472,-1.9489,-1.4611,1.1012,2.0095,1.3733,-0.9672,-1.7734,-0.7187,1.2584,1.6645,1.1388,1.2522,1.4886,1.3101,1.0736,0.5663,0.1599,-0.5255,-0.2439,-0.3027,-0.0184,1.025,2.2475,2.0273,1.5513,1.1467,-0.3962,-0.8504,0.239,-0.1507,-0.8249,-0.6944,-0.5071,-0.4473,-0.6995,-1.0409,-0.2728,-0.64,-1.4733,-1.1919,-1.2867,-0.5036,-0.4178,-1.0978,-1.1482,-1.1283,-0.462,-0.1591,-0.1166,0.7094,0.8399,0.7458,-0.7418,-0.9645,-0.5824,1.2277,1.8193,1.4332,0.3124,-0.6397,-1.6511,-1.0819,-0.067,1.6779,1.5239,0.4522,0.6613,1.6886,0.9089,0.5844,-0.2531,-0.8193,-0.6048,0.3426,0.8358,0.9434,1.374,1.2012,0.4289,-0.5636,-1.0358,-1.1641,-0.5101,0.3934,0.4148,-0.1381,-0.573,-1.0199,-1.2703,-0.7413
"IC73",0.1028,0,0.2879,-0.0044,-0.1815,-0.0995,0.1835,-0.2244,-0.3482,-0.1167,-0.1965,0.1533,-0.0566,-0.3034,-0.0756,0.8324,0.2013,-0.436,-1.2964,-0.7185,0.8131,0.769,0.0866,0.5088,0.627,-0.6187,-1.2188,-0.5341,-0.6385,0.2054,0.2409,0.7635,0.6694,0.7278,0.5623,-0.3834,0.1224,0.8066,0.1416,0.4837,0.4233,1.4898,1.2163,1.239,1.1951,0.3647,-0.8085,-0.9264,-1.6096,-0.447,-0.0785,-1.4326,0.0583,0.2955,-0.6596,-1.747,-1.3587,-0.6195,0.5083,-0.2813,0.5374,0.8695,0.2187,-0.457,-1.2341,-0.8744,0.5906,0.5936,-0.6231,-0.9066,-1.8825,-1.2868,-0.7409,-1.3544,-0.3837,0.9348,2.0589,1.0812,0.9577,0.1162,0.2785,-0.411,-0.3877,0.7997,1.4114,0.6405,0.233,-1.0399,-1.295,0.031,1.7567,1.8024,1.6208,1.3225,1.1302,1.375,0.8868,-0.6011,-1.0931,-0.387,-0.5147,-0.6112,0.1069,0.0733,-1.1411,-0.1071,-1.1579,-1.9179,-1.7213,-0.0467,0.2576,0.0697,-0.4755,0.1185,-0.1124,-0.0483,3.058,1.8628,1.9902,2.0841,0.5395,-0.5067,-0.5145,-1.0685,-0.7745,-1.231,-0.6877,-0.3496,1.0687,-0.6665,-0.958,0.1768,0.0159,-0.6595,-1.618,-1.9165,-1.995,-2.4841,-1.8438,-1.2923,-0.6016,-0.1128,0.4246,-0.0188,-0.0664,0.5601,1.3761,2.1648,1.1583,2.6845,0.8724,-0.2593,0.4542,0.7326,0.6102,-0.0321,1.1686,1.3961,0.5651,-1.0497,0.2271,0.0732,0.3392,0.529,0.5,1.605,2.0403,1.2756,0.2352,-0.4686,-1.0913,-0.9243,-0.4148,0.1031,-0.9756,-0.7784,-0.6418,-0.1096,-0.4808,-0.5031,-1.1336,-1.0579,0.3673,0.1954,0.1316,-0.5374,-0.0228,-1.2649,-1.2735,-1.7141,-1.6862,-0.6418,-0.5859,0.6039,0.326,-0.2909,-0.6297,0.4516,2.4624,2.8357,1.8969,0.0664,-0.5685,-0.4459
"IC74",0.0932,-1.5612,0.2484,0.8049,0.5019,-1.2668,0.266,0.0855,1.5724,1.3275,0.5417,-0.6835,2.1422,1.4664,-0.2115,-1.1989,0.3439,-0.5473,-0.5669,-0.9443,-0.7661,0.8241,0.3067,-0.8059,-1.9781,-0.222,-0.4513,-1.1898,0.4296,0.7449,0.5873,0.7545,-0.3503,-0.327,-0.3575,-1.141,-2.1269,0.7206,1.0816,0.9469,0.6358,-0.5061,0.3795,-0.2592,-1.4295,-0.0951,-0.2722,-0.315,0.8752,-0.8632,0.8175,0.5353,-0.8037,0.2865,0.201,-0.755,0.4165,-0.5393,0.4877,0.3552,-0.2722,-0.4515,2.2848,0.7645,0.0888,0.0316,0.5035,0.4357,-0.1673,0.0874,0.4293,-0.4779,-0.0349,-0.0071,-0.4149,0.3498,0.7685,-0.5984,0.4584,0.817,-0.4964,0.0789,-0.1837,-0.4309,-0.3834,0.3781,0.3518,0.8052,0.1459,0.5052,-1.5373,-0.991,0.2668,0.1182,0.7938,-0.4204,-0.3732,-0.5221,0.9342,1.0215,-0.2527,-1.7223,-1.9461,-0.7859,-0.3547,-1.3796,-0.3229,0.8324,-0.0549,-0.6499,-0.9138,0.8639,-0.4676,-0.9698,-1.9633,-0.7366,1.136,0.9021,0.9525,-0.0522,0.164,-0.0838,1.9182,0.589,-0.1974,-0.5317,1.0651,0.874,2.5,4.2562,1.3782,0.6812,2.328,2.2432,-0.4628,-1.2082,-0.6158,-0.9575,-2.876,-1.7454,-2.3454,-2.6236,-0.7395,-0.8009,-0.121,0.7291,-1.1755,-0.9442,0.4527,-0.2972,0.2178,-0.1316,-0.0517,0.9237,0.0664,1.0192,2.4243,0.8023,-0.0208,-0.2013,-2.0068,-1.9121,1.3157,1.0662,0.8373,0.5035,-1.2001,0.062,0.3291,0.2575,0.3595,0.5056,0.3152,-0.3488,-0.8396,0.2257,-0.138,0.2477,0.1421,-1.8584,-0.6749,0.5296,-0.335,0.3284,0.7215,-1.5383,-1.3649,0.0605,0.538,-0.3261,-0.6533,-1.2099,-0.0504,0.5419,0.5397,0.9616,1.8389,1.1006,1.2607,0.7835,-0.2847,-0.5029,-0.7664,-0.8793
"IC75",1.0467,-0.6636,0.7784,0.6147,-0.129,-0.1328,0.313,-0.4623,-0.0034,0.0775,0.5815,0.1524,1.443,-0.1285,-0.8166,-1.1926,0.5477,0.1593,0.0048,-0.4206,-0.9374,-1.0705,0.6112,0.7813,0.672,1.4699,0.8283,-0.0434,0.5086,0.4525,0.0122,-1.4402,-2.6549,-0.7601,-0.2107,-0.8335,-1.9653,-0.6033,0.0189,0.5246,-0.473,-1.1868,0.6763,1.4132,0.4974,0.8893,-0.0968,-0.6004,-0.1928,-1.3966,1.3251,1.579,0.7238,-0.7242,-1.4433,0.1283,1.002,-1.2431,0.2087,0.6302,-0.3593,-1.3467,0.3711,0.777,0.9212,-0.7174,-1.3117,-0.4188,0.6383,0.6973,1.9286,2.0417,1.9098,-0.4107,-1.2414,-0.0881,-0.4628,0.0842,0.2986,0.0414,1.7368,1.8387,-0.5368,-0.6479,-0.6534,-0.2722,-0.5241,-0.4911,-2.0291,-1.6785,-1.6931,-0.1326,0.8228,0.5698,0.6803,0.4832,0.7746,0.2623,0.8355,0.4059,0.1081,-1.7913,-2.3993,-0.4101,0.3262,0.5321,0.2347,-0.3857,-0.8611,-0.4807,0.2599,1.9921,0.8054,0.1994,0.7564,1.7177,2.3914,-0.1942,-0.7724,-1.1666,-1.9416,-0.7092,1.0389,-0.8909,-1.9662,-1.4539,-0.1655,-0.5539,1.0244,1.3141,0.2011,0.0379,-0.9601,-1.4169,-2.1122,-0.2096,0.9692,1.8244,1.7007,1.2403,-0.9861,-0.6299,0.9523,1.0924,1.5625,0.4753,-0.8817,-0.586,0.44,1.2545,0.7414,-0.7145,0.1602,-0.5578,-0.8775,-0.3775,0.5695,-0.0435,0.6346,-0.0312,-0.7145,-1.2098,1.9131,1.9011,1.1623,-0.2121,-1.15,0.3326,-0.04,0.1092,0.1823,-1.0387,-1.5693,-1.8342,0.0023,0.5516,-1.3474,-1.3012,-0.4678,-0.4107,2.0006,1.1072,-0.7421,-1.1351,-1.3592,-0.3892,0.2365,-0.556,-0.6446,-0.6349,0.2031,-0.7029,-0.0475,0.3379,-0.0545,0.7503,1.8344,1.5868,1.3512,-0.133,0.1015,0.23,0.7069,-0.8865
"IC76",0.0306,-1.794,-2.5096,-1.3477,-1.0861,-0.5482,0.37,1.324,1.4474,1.587,2.1464,1.2454,0.8332,1.1384,0.5083,-0.3307,0.4927,0.7305,0.6046,0.2746,0.3552,0.9216,-0.0445,-1.8825,-3.1253,-1.5561,-0.6929,-0.5749,-0.0446,0.8235,1.0795,1.7649,1.0067,-0.0481,-1.1582,-1.8974,-1.8161,-1.1053,-0.6074,-0.1318,0.9616,0.273,-1.1567,-0.3611,-0.8363,-0.0457,-0.009,-0.5335,0.6259,1.0191,0.7854,1.4542,0.5779,1.581,1.388,0.5199,1.2652,0.5512,-0.4371,-0.656,-1.0366,-1.0288,-0.0758,0.0919,0.5687,0.3919,0.5105,0.0098,-0.775,-1.7814,-1.1608,-0.908,-0.0992,0.3022,0.6042,1.0025,1.1756,0.9363,-0.2062,-0.7681,-1.3545,-0.893,-0.4206,-0.6861,-0.4735,-0.3058,0.3363,0.7617,0.8076,1.3315,1.6647,1.1586,-0.3488,-0.8717,-1.0681,-0.8086,-0.6115,0.0415,0.7751,1.546,1.909,0.8182,-0.1194,-0.5979,-0.8592,-2.3754,-2.0653,-0.6962,0.2412,-0.1231,-0.5336,-0.2751,-0.6161,-1.055,-1.2483,-0.1595,0.9493,1.6266,2.2654,1.6211,0.8142,0.0591,0.3733,0.685,0.2103,-1.0132,-0.0681,0.3957,0.0193,0.8753,0.6878,0.0588,0.1859,0.2773,-1.0325,-1.8161,-2.2623,-1.6475,-0.8249,0.357,0.7022,0.4277,0.0388,-0.0202,-0.2729,0.1842,0.634,0.0663,0.5914,0.7193,1.3272,1.3954,1.2569,0.9016,-0.3102,0.2248,0.4282,-0.2308,-1.7463,-1.7371,-2.0197,-0.936,-0.6466,-0.5966,-0.6088,-0.785,-0.5004,0.058,0.8389,0.7346,1.4547,2.2358,1.9017,0.2843,-0.4637,0.1929,-0.0878,-0.113,-0.1915,-1.7224,-1.8834,-0.7571,0.1012,0.2279,1.2524,0.8139,-0.0034,0.0848,-0.3397,-0.2504,0.4228,0.3763,0.3798,1.0367,0.77,-0.2444,-0.2415,0.0011,-0.3135,-0.7079,-0.6828,0.4215,0.1198,-0.9206
"IC77",-0.0133,-0.3086,1.0437,0.1108,0.0622,-1.7512,-0.8843,-0.1382,1.2663,0.8575,0.3578,-0.4246,0.3036,-0.0926,-0.2818,-0.4135,0.3326,1.5442,0.8734,-0.0739,-0.9568,-0.7831,-0.1846,-0.6903,-0.5613,0.0555,0.9746,1.2211,2.1152,0.4604,-0.4916,-1.7252,-1.8026,-0.8531,-0.6016,-0.9979,-0.9194,-0.7048,-0.2459,0.1148,-0.1026,-0.5725,-0.6338,-1.9971,-2.3513,-0.6916,0.7745,0.8692,1.6835,1.0384,2.0414,1.5217,1.2517,1.1929,1.3187,1.5268,0.3207,-0.7941,0.8715,2.2025,1.6688,-0.5186,-0.793,-0.9015,0.1752,0.4423,0.315,-0.2683,-0.6501,-0.1093,-0.0096,-0.707,0.8032,0.0878,-0.6322,0.4158,0.4244,0.0645,-1.1812,-2.0846,-1.4416,-0.3876,-0.5296,-0.5791,-0.2183,0.2145,-0.6318,-0.0567,0.1068,-0.3646,-1.642,0.952,0.9539,-0.2484,-0.6624,-0.5167,0.1835,0.1693,-0.0013,-0.0832,-0.3239,0.036,-0.4761,0.8448,-0.521,-0.292,1.0326,1.0061,-0.438,-0.0584,0.6992,0.8081,-0.2211,0.1211,1.7331,1.7804,-0.6158,-1.4935,-1.2883,-1.02,-0.4027,0.3116,0.4342,-0.027,-0.1595,0.6698,1.7021,0.1801,-1.4148,-0.0759,-0.522,-0.0078,1.1143,0.9397,0.1567,0.7331,0.53,-0.3061,0.0564,0.6982,0.0565,0.7752,1.3589,0.5099,0.2048,0.1234,-0.7202,0.3253,0.9927,0.8122,-0.9655,-1.9671,-1.1991,0.584,0.581,-0.9258,-1.9029,-2.1563,-1.0937,-0.0661,-0.4455,-2.011,-0.3193,-0.7066,-0.4634,-0.775,-1.1053,0.2642,0.7761,1.6503,0.9627,0.606,0.1307,-1.2025,-0.5913,0.3041,0.1111,-1.325,-1.1004,-1.3087,0.192,0.7672,0.8878,1.5368,1.6524,1.647,2.4387,2.7609,2.2094,2.0127,1.6161,-0.3983,-0.6315,-0.4638,-1.5082,-0.6588,0.5791,0.0058,-1.208,-2.245,-1.1817,0.0885,-0.5238,-1.299
