"IC05","1.0322","0.0077","0.8044","3.1814","1.2612","1.6224","0.5685","-0.1706","-1.7947","-0.5150","-1.0906","-0.5623","0.1315","-0.0971","-0.4849","-0.7769","0.3820","-1.5214","-1.3498","-0.5042","0.2643","0.0915","-0.7952","-1.4209","-0.7895","-0.5355","-0.5419","-0.0212","0.5049","0.9884","-0.0876","0.3017","0.1507","-0.1812","0.3341","-0.1123","0.9248","0.7695","0.4081","0.5098","-0.9921","-0.7183","-0.5828","-0.3801","0.5629","-0.2724","-0.5721","-0.0884","-0.8270","0.6181","0.8873","0.4499","0.0052","0.8975","-0.4119","-0.1323","-0.4317","0.0869","0.2577","0.3793","-0.1595","-0.3105","0.7862","0.1158","0.1558","-0.9790","-1.0609","-0.6549","-0.1960","-0.0813","-0.2545","-0.5321","-0.0889","0.1417","0.0288","0.0761","0.2561","-0.3555","1.5180","1.5142","1.2625","1.2389","1.7554","2.8923","1.4322","1.3531","1.1783","0.9124","0.0953","0.6666","1.7561","-2.2977","-4.5198","-1.8665","1.5223","-2.7251","0.8626","0.3347","-1.2627","-0.3756","-1.8083","-2.2290","-1.7589","-1.8632","-1.3354","-0.5245","-1.1079","-1.4835","-1.3360","-1.0845","-0.7951","-0.2991","0.3126","1.5033","1.1921","-1.0961","0.4837","2.1210","1.8298","0.8602","0.5161","-0.1794","1.7046","1.6454","0.4784","1.5791","1.2019","0.5525","0.6464","-0.1793","-0.4903","-0.2774","-0.6976","-0.3734","0.4337","-0.3116","0.2099","-0.2225","-0.5204","0.5544","0.3017","0.5910","0.4989","0.2947","0.4612","-0.1028","0.4116","0.6348","1.2785","1.0449","0.1535","-0.3938","-0.6324","0.0057","-0.5860","-1.2818","-0.6142","-0.6447","0.2064","-0.3603","0.1588","-0.8676","-0.5850","-1.0135","-0.7078","-0.5246","-1.1203","-0.6137","-0.7384","-0.0636","-0.5789","-0.4072","-1.3225","-1.2127","-0.5505","-0.4164","0.9039","0.5768","0.0486","0.4816","0.0664","0.9832","0.4276","0.9030","0.2425","0.4430","0.1856","0.4424","0.7197","0.6496","-0.8431","-0.2950","-0.4713","-0.8660","0.4613","2.3751","0.9780","0.4477","-0.1928","-0.2675","-1.0049","2.0054","-0.2797","-1.4321"
"IC08",-0.7436,0.313,0.1749,-0.1707,0.5669,1.083,1.2828,1.4953,0.5063,0.0384,-0.2167,-0.6986,-0.9076,-0.8017,-0.9109,-1.5484,-1.0742,-0.0174,1.6497,2.0774,1.7725,1.1137,-0.2083,-1.9828,-3.1913,-3.3185,-2.715,-1.7839,-1.6835,-0.7035,0.6144,1.1965,1.0576,1.1621,1.6394,0.5408,0.3456,0.7548,0.4653,0.3033,0.1945,0.0013,0.7114,1.6591,2.5141,2.771,2.3698,0.8912,-0.1094,-0.7105,-0.5177,0.0618,0.2427,0.0022,-0.6407,-1.001,-0.89,-0.8744,-0.746,-0.916,-1.0305,-0.9493,-0.7199,-0.7375,-0.7603,-0.8548,-0.5722,-0.4834,-0.1905,-0.1455,-0.1346,0.0271,0.493,0.8662,0.8525,0.621,-0.1879,-0.0992,0.1254,0.039,0.0522,-0.0125,0.487,0.6667,-0.2457,-0.7282,-0.5294,-0.4132,-0.3948,-0.1705,0.1461,-0.8161,-1.2775,1.4549,1.8299,0.5705,1.8023,1.2509,0.4501,0.1803,-0.4788,0.2255,-0.2564,-0.6846,0.0473,0.1216,-0.1955,-0.2746,-0.2024,0.2011,0.0841,0.0907,0.5124,0.2944,-0.0467,-0.2339,0.9201,1.2425,0.8777,0.3245,-0.4724,-1.0005,-1.0769,-1.6499,-2.4197,-2.0086,-1.3544,-1.2267,-1.425,-0.7006,-0.0629,0.4114,1.2394,1.2569,1.3982,1.7085,1.4075,0.6578,0.5011,0.178,0.2345,0.1684,0.0882,-0.356,-0.4943,-0.335,-0.4242,-0.296,0.6979,0.2485,-0.3516,-0.3957,0.2085,1.1581,1.0653,0.6509,0.1956,-0.1092,-0.1279,-0.0555,0.5281,-0.1503,-0.214,-0.3311,0.0205,-0.1372,-0.3047,-0.6469,-0.6225,-0.6113,-1.259,-0.9224,-0.3233,-0.091,0.01,0.2455,0.1046,-0.0986,-0.0306,-0.5756,-0.6645,-0.5735,-0.1421,0.4636,0.4181,0.7347,0.9863,0.7926,0.6242,0.7696,-0.202,-0.453,-0.7661,-1.2438,-0.327,1.6599,2.3161,2.329,1.6961,0.5014,-1.7258,-2.4994,-1.0853,-0.852
"IC09",0.1292,1.5779,2.3717,2.24,1.4668,-0.3126,-0.8605,-0.5824,0.1546,-0.5779,-1.0042,-1.193,-1.6391,-0.6217,-0.9032,-0.454,-0.1772,-0.2975,0.0685,1.5851,1.7093,1.6886,0.075,-2.2776,-3.1422,-1.8997,-1.1881,-1.255,-1.1633,-0.5738,0.0852,0.1298,0.4932,0.174,1.0983,1.2621,0.951,1.0839,0.6707,0.4246,0.6897,0.4243,0.3778,1.0179,-0.1159,-0.5327,0.2245,-0.2895,0.6336,0.5897,0.0559,-0.2958,0.1354,-0.8058,-0.2018,0.4163,-0.0422,-1.0285,-0.8647,-0.4166,0.2721,0.2044,-0.6214,-0.6247,-0.473,0.0885,0.2991,-0.3163,-0.4949,-0.1249,1.0104,0.6915,0.0824,0.1596,-0.3765,0.0469,0.0444,0.5191,0.7375,0.9324,1.2684,0.556,0.5881,1.2115,0.6138,-0.2427,-0.7364,-0.9466,-0.8569,-0.0109,-0.8971,0.2551,-1.1064,-1.387,0.1361,0.6925,-0.8191,-1.0159,-2.0831,-0.3132,1.8845,2.6156,1.8766,-0.7978,-2.0711,-1.9161,-0.8549,-0.5521,-0.7629,0.445,0.4095,-0.3408,0.201,0.3741,0.9395,1.2735,1.4669,1.8739,0.9487,-0.0761,-1.1546,-2.5386,-0.7293,1.8655,1.7879,-1.2713,-1.5551,-0.91,-0.9486,-0.2154,-0.1254,-0.3853,-0.2477,0.0029,-0.3768,0.1146,0.4965,0.7873,0.9291,0.8882,1.8038,1.5584,0.3867,-0.234,-0.9152,-0.6066,-0.29,-0.3512,-0.024,0.502,1.0981,0.5329,0.3219,-0.3807,-0.842,-0.1112,0.4061,0.3581,0.6463,0.8545,0.7807,0.8059,0.8551,0.2407,0.2221,-0.9861,-1.2025,-1.5498,-1.8191,-1.8839,-1.6284,-1.2415,-1.421,-1.6041,-1.384,-0.6778,-0.4075,-0.3109,-0.3862,0.4523,0.9604,1.3011,1.6742,1.5321,0.7234,-0.1991,0.1396,0.1643,-0.3008,-0.1099,0.1056,0.4353,0.2958,1.2818,0.6743,0.9055,1.7644,0.5498,0.1441,-0.1465,0.4258,-0.799,-1.2247,-1.4674
"IC15",-0.7355,-0.561,0.1063,-0.6398,-0.3876,0.1829,0.6575,0.7428,0.939,0.256,0.2898,0.4702,-0.3409,-0.6596,-0.3509,-0.3188,-0.4041,-0.2705,-0.6156,1.1567,1.3648,1.1794,0.8052,0.0739,-1.3013,-1.6445,-1.2639,-1.2126,-1.0844,-0.6407,-0.7753,-0.0167,0.2332,-0.4824,-0.4505,0.212,0.1128,1.03,1.1929,1.0746,1.3283,1.094,0.3582,-0.6495,-0.4676,0.4374,0.5948,1.5426,2.096,1.5815,1.6678,0.955,0.717,0.469,0.4061,-0.1118,-0.7623,-1.0187,-0.875,-0.6919,-0.9842,-1.61,-1.2621,-1.1645,-1.8808,-0.9356,-0.6955,-0.2413,-0.445,-0.6348,-0.2569,-0.1196,0.2352,-0.1944,-0.9088,-0.6358,-0.1159,-0.0307,0.0398,-0.0443,0.2834,0.4017,0.1796,0.2922,1.4289,1.0777,0.508,-0.0298,-1.2964,-1.3918,-1.6908,-3.1349,0.7107,0.9255,0.8397,2.5377,1.9234,2.2071,2.5705,2.6917,1.3258,-0.8749,-2.0103,-1.7045,-0.6453,-0.6474,-0.6821,-0.2323,-0.4799,-0.7701,-0.1549,0.843,1.6157,1.627,0.7336,0.9493,2.2766,1.921,1.1024,0.7953,0.3659,0.412,-0.1679,-1.0513,-2.0482,-2.5646,-2.1795,-1.9991,-1.1011,-1.1697,-1.2803,-1.8446,-1.1987,-0.5772,-0.5948,-0.2704,-0.2434,-0.0716,0.5847,0.2937,0.338,0.1752,0.1343,0.0519,0.1703,-0.1304,0.0432,0.5472,0.4491,0.0278,0.2386,0.117,-0.3587,-0.2172,-0.0289,0.1933,0.0971,0.6707,0.8658,1.0287,1.308,1.5949,1.2688,1.168,1.5434,1.0345,0.7664,0.465,0.5458,-0.1009,-0.2732,-0.306,-0.7469,-0.9846,-1.4474,-1.4656,-1.0788,-1.2253,-0.826,-0.3996,0.1867,0.5783,0.8419,0.4779,-0.0661,-0.5246,-0.892,-0.9319,-0.7176,-0.3674,0.1641,-0.1867,-0.4882,0.0576,0.506,0.6098,1.0119,0.6366,0.3317,0.2093,0.4729,-1.0177,-0.1456,-0.0256
"IC16",-1.1775,-0.6367,-0.688,-0.1896,1.4276,1.6484,2.0483,1.7048,0.6911,-0.2278,-0.3363,-0.4384,-0.8717,-0.6778,-0.4696,-0.2611,0.5181,0.1684,0.2072,0.991,1.4243,0.7031,-1.4774,-3.1754,-3.347,-2.9832,-2.4964,-1.1383,-0.7557,0.0819,0.2318,0.1653,0.435,0.7334,0.8599,1.1369,1.2734,1.2729,0.8581,1.6473,0.7054,0.2282,0.8726,0.4237,0.4661,0.1719,0.104,1.2977,1.2997,1.5148,0.9688,0.1627,-0.3838,-0.2165,0.0303,-0.5487,-0.3308,-0.4637,0.0119,0.0404,-0.3958,-0.3558,-0.5484,-0.7657,-0.939,-0.476,-0.6469,-1.1846,-0.9183,-1.0234,-1.1902,-0.8476,-0.0973,-0.0747,-0.2084,-0.0656,-0.3093,-0.1377,0.1587,0.478,-0.0807,-0.0109,0.6506,0.5103,1.2409,0.3078,0.3322,-0.331,-0.9527,-0.2213,-0.4746,0.7163,-1.3988,2.348,2.9055,0.174,0.6805,-0.0914,0.2878,-0.18,-0.9744,-0.5904,-0.6417,-0.1952,0.8104,0.8822,1.095,0.7239,0.2936,0.6276,0.213,0.8915,0.8024,0.4394,0.4438,-0.7752,-0.1959,0.3295,0.6596,0.0666,-1.8023,-1.9868,-2.8582,-2.2972,-2.6198,-2.1437,-1.4578,-0.3098,0.104,0.6001,0.2091,0.7855,0.7436,0.2893,0.6064,0.705,0.4276,0.4997,0.2955,0.8001,0.8119,0.3535,0.5889,0.4009,0.1937,0.1631,0.357,0.6094,0.7417,0.6634,1.1974,1.0791,0.748,0.4246,-0.0803,-0.2903,-0.3772,-0.3872,-0.9245,-0.6248,-0.6328,0.2526,-0.0773,-0.1812,-0.1647,-0.328,-0.3409,-0.2701,-0.0755,-0.4209,-0.7098,-1.1489,-0.74,-0.6676,-1.321,-0.8622,-1.0143,-0.518,-0.0909,-0.3765,-0.2577,-0.5632,0.5721,1.1423,1.5619,1.2725,1.0572,0.6324,0.9363,0.4302,-0.3294,0.0902,0.3853,-0.182,0.7267,1.6391,1.9866,2.0381,0.7175,-1.5434,-1.7417,-1.1688,-1.2086,-1.7491
"IC17",0.8297,1.3243,0.4913,-0.0347,-1.3801,-1.3048,0.081,0.8997,1.6635,0.6071,1.1298,0.8414,0.3613,-0.0948,-0.8866,-0.5764,-0.8063,-0.9939,-0.9116,0.7652,-0.0245,-0.5512,-0.407,0.0682,-1.5569,-2.5707,-1.56,-1.2359,-1.2557,-0.7443,-0.5164,0.4752,0.4089,-0.4838,0.4527,0.9332,0.2713,0.4841,0.3923,0.2703,1.0244,1.8899,1.5947,0.446,0.6654,1.2534,-0.1337,0.7304,0.7724,0.9673,0.6571,0.4486,1.1464,1.8739,0.6656,0.4674,0.0203,-0.7878,-1.0611,-0.4128,-1.1729,-2.6413,-1.7662,-0.7139,-0.5857,-0.2266,-0.8756,-0.0073,0.0012,-0.1901,-0.9765,-0.1341,0.5574,0.0973,0.3336,0.4149,0.363,-0.3531,0.0655,-0.3058,-0.9841,0.0244,-0.5804,-0.7829,-0.1215,-0.7979,-1.0278,-0.2957,0.169,0.2001,0.2562,0.9427,0.2509,-0.1027,1.6062,2.9983,0.7226,0.3234,-1.4008,-1.1409,0.4771,-1.1557,-1.1039,-0.0348,0.6643,0.3102,0.7278,1.3514,1.0407,0.1975,0.0106,0.0428,0.6054,1.3071,1.3983,1.1305,3.1416,1.401,-0.0647,0.5894,-0.092,-0.0716,-1.3919,-2.7696,-3.4773,-3.0315,-2.2325,-2.5911,-0.7813,-0.4736,-1.0656,-0.7113,0.2664,-0.1075,0.0903,0.3202,0.3675,0.5349,0.5554,0.2407,0.9905,0.4877,0.9709,1.5858,1.0994,0.3844,0.1448,0.5083,0.277,0.3607,0.6063,0.0019,-1.1368,-0.6432,0.1074,-0.0658,-0.0064,0.5867,0.1584,-0.266,-0.4312,0.4274,0.4455,-0.0531,-0.1448,0.4942,-0.1597,0.0892,0.0075,0.2667,0.5248,0.4189,0.7244,0.0621,-0.0464,-0.9141,-0.8717,-0.6827,-0.8957,-1.0251,-0.8032,-0.5184,-1.0476,-0.9292,-1.1171,-0.7222,-0.4394,0.6173,0.8618,0.9721,1.1706,0.4135,-0.225,-0.1018,2.1577,1.4694,0.4652,-0.0728,-0.7407,0.5701,2.1768,0.2601,-1.3909,-2.255
"IC18",1.8133,1.0326,0.2299,1.181,-0.4804,-1.0827,-0.6663,0.0052,-0.687,0.5276,-0.5401,-1.3325,-1.3133,-1.3001,-0.9874,-0.5476,-0.0169,-0.6535,1.3739,0.7102,-0.1951,0.1935,0.6622,0.048,-0.1105,-0.3384,-0.9753,-1.0779,0.0957,0.4125,0.0546,-0.0439,-0.0588,0.0552,0.7486,-0.2997,-0.4047,-0.2171,-0.2831,0.112,0.1362,-0.2295,0.218,0.7778,0.1929,0.8792,0.8166,0.8923,0.4686,1.0562,1.0806,0.8882,0.0105,0.8309,0.5622,0.5173,0.2493,0.9458,0.4838,0.0468,0.7432,-0.0403,0.7087,0.4695,0.2727,0.1826,-0.5476,-0.3625,-0.9764,-0.8195,-0.9588,-1.0884,-0.9584,-1.131,-0.7938,-0.7928,-0.3783,-1.0177,-0.5858,-0.4968,-1.213,-0.8753,-0.9935,-0.0985,-0.5885,-0.7323,-0.593,-1.0416,-1.6178,-2.1822,-0.763,3.4799,1.6733,3.1718,3.4306,-2.2771,-0.5977,2.664,1.3778,0.6807,1.0729,-0.723,-0.7536,-0.3909,-0.1047,0.892,-0.0464,-0.5503,0.5675,0.4834,0.2947,0.1838,-0.0679,-0.2137,-1.0926,-0.3363,1.4984,1.0799,2.0132,2.0049,0.2008,-3.2351,0.0015,-1.0694,-1.3025,0.3486,0.0467,-0.5433,-0.4726,-0.0911,-0.6995,-0.4683,0.4389,0.2889,0.3532,0.1721,-0.0699,-0.0074,-0.063,0.3301,-0.1922,-0.3216,0.2079,0.151,0.8099,0.4923,0.4477,0.0824,-0.0806,0.708,-0.0641,-0.1777,-0.8392,-0.7296,-0.152,-0.9657,-0.4626,-0.6748,0.0279,-0.5211,-0.5597,-0.8561,-0.3415,-0.6368,-1.1856,-0.162,-0.7436,0.1613,-0.0432,0.3449,0.182,0.1958,0.2013,0.4184,0.3861,0.1629,0.9747,0.8462,0.0884,0.6846,0.2651,0.4901,0.0226,0.6274,-0.2567,-0.3875,0.1574,0.8253,0.5984,0.4452,0.5223,0.5881,0.3986,0.0592,0.7549,1.7917,2.1392,2.3656,1.0706,0.5595,-2.4283,-2.9638,-3.1765,-3.1023
"IC19",-0.3897,1.0198,1.3616,1.5781,1.4856,0.7793,0.669,0.3941,0.5235,0.0847,0.0505,0.2984,-0.0116,0.093,0.1831,0.1989,0.6611,-0.8787,-1.4274,-2.0843,-1.0637,-0.2925,-1.1629,-1.869,-1.9404,-0.9982,-1.4258,-0.9133,-0.7442,-0.7707,-0.9914,-0.9196,-0.6864,-1.2286,-0.5894,0.229,0.4895,1.1581,1.6057,0.9686,0.446,0.8216,0.8227,0.342,-0.0952,-0.8971,-0.3919,0.1697,1.3939,2.5084,1.8131,0.665,0.5014,0.3795,0.4256,0.8401,1.7155,1.0061,0.4694,0.7856,-0.0104,0.1507,0.8093,0.3576,0.4315,-0.2462,0.0986,-0.2228,-0.2437,-0.3337,-0.2982,-0.333,-1.0381,-0.9877,-0.9184,-0.4484,-0.4261,-0.7271,0.0104,-0.8465,-1.2943,-2.1617,-1.787,-0.4999,-1.2276,-1.4417,-1.6404,-1.272,-1.5097,-1.624,0.3006,1.1901,1.4962,1.9454,2.9462,2.7407,1.7647,2.0889,0.1538,-1.4487,-0.9395,-0.7764,-1.2886,-1.7952,-1.3474,-0.144,-0.2935,0.0348,-0.1303,0.0619,1.4001,1.1406,1.724,1.2372,0.9532,1.899,3.2013,2.4888,1.3352,0.6662,1.7145,0.0893,-0.8902,-0.6142,-0.8168,-1.1727,-0.2838,-0.9732,-1.985,-1.7456,-1.4655,-1.5477,-1.8475,-1.1438,-0.7067,-0.2407,0.507,-0.3108,0.182,0.3401,0.1708,0.2493,-0.0947,-0.4182,-0.3949,-0.2929,-0.0553,-0.2595,0.1771,0.125,0.6887,1.0197,0.493,0.3583,0.0325,0.3576,0.3161,-0.1093,0.274,-0.2612,0.7824,-0.1231,0.3587,0.4663,0.203,0.6176,0.3247,0.2248,-0.0071,0.1523,-0.1376,-0.0417,-0.011,-0.165,-0.0581,-1.1186,-0.6573,-0.0328,-0.5005,-0.2951,-0.6449,-0.082,-0.4743,-0.2068,-0.0757,-0.121,-0.2118,-0.1154,-0.5134,-0.0553,-0.5562,-0.5451,-0.5949,-0.1039,0.7598,0.8056,0.596,0.0611,-0.5513,-0.7358,0.7897,1.6261,1.0268,0.386
"IC20",1.8188,0.5977,-0.9973,-0.3766,0.7043,0.9226,0.7329,0.5153,0.133,0.7098,0.4416,-0.1499,0.1508,0.4321,0.3031,0.7313,0.4972,0.3043,0.2665,-0.0804,-0.0726,-0.396,-1.476,-2.6352,-2.7259,-2.2468,-2.2805,-2.1176,-1.5225,-1.0593,-0.9313,-0.4193,-0.5877,-0.1343,0.613,1.0223,1.034,0.8574,0.253,0.7041,0.9382,0.8362,0.7624,0.0638,-0.3063,-0.284,-0.264,0.5045,0.701,0.8364,0.981,1.0667,0.9925,0.4675,0.2727,-0.3681,-0.0602,0.3519,0.7209,0.7696,0.8433,0.8576,0.5145,0.5276,-0.0173,0.5459,0.5786,-0.065,-0.2744,-0.482,-0.2945,-0.0525,-0.6993,-1.1657,-1.0223,-0.2277,-0.1593,0.0387,-0.0322,0.482,0.3364,0.4257,0.1644,-0.7705,0.2335,-0.0878,0.1885,0.1765,-0.2771,-0.3556,-0.8495,1.0614,-0.8833,-0.0633,0.4896,-1.0862,-0.9059,-2.313,-1.2167,-1.4887,-1.4681,-1.1223,-1.5917,-1.2309,-0.0995,0.1699,0.4531,0.4386,0.5088,0.9404,0.4946,0.9443,0.9965,0.7122,1.1562,1.3025,1.8277,2.0643,2.1302,1.9425,0.8032,-0.6403,-1.5579,-1.7109,-2.0407,-0.8427,-0.9151,-0.3816,0.0553,0.2305,0.4064,0.8123,0.8098,0.5706,0.3017,-0.1805,-0.0514,-0.0125,-0.1786,0.1263,0.8762,1.0046,0.9802,1.4099,1.2371,0.564,-0.101,-0.3862,-0.2272,-0.6669,-0.9846,-0.7075,-0.4119,-0.2779,-0.03,0.0691,0.2352,0.2776,-0.0637,-0.7537,-1.0977,-0.8081,-0.7367,-0.6476,-0.5878,-0.784,-0.3798,-0.8941,-1.1133,-1.4464,-1.8594,-1.5125,-1.3208,-0.7642,-0.2645,0.6453,0.686,0.6456,0.6872,0.0739,-0.3224,-0.0634,0.4381,0.8772,0.9003,1.0313,0.8657,1.2039,1.2195,1.1674,1.1187,0.877,0.6176,0.9796,1.403,0.8509,1.1029,1.1092,1.0158,1.0175,0.4331,-2.5419,-3.7678,-3.464
"IC23",-1.7514,-0.5103,2.6639,0.709,-1.1552,-0.3392,0.3484,0.9411,0.6843,1.3019,0.057,-0.0939,-0.4129,-0.6219,-1.1964,-1.5633,-1.1027,1.3962,2.1557,0.2249,0.6914,0.8026,1.0416,0.8622,0.1574,-1.1724,-2.2171,-2.7808,-1.9811,-1.9545,-1.4355,-0.5628,-0.9171,-0.6559,-0.0337,-0.0014,-0.2792,0.3651,0.6459,0.2903,0.3119,1.1036,1.5079,0.4487,0.5781,1.4401,0.4288,1.6414,1.4994,1.5833,0.5721,1.1565,0.7328,1.6131,1.2137,0.986,0.2733,0.2856,-0.2959,-0.5175,-0.9658,-0.9011,-0.855,-0.9746,-0.9397,-0.9291,-0.6136,-0.3912,-0.9906,-0.9885,-0.9919,-0.2267,-0.2071,-0.6674,0.0117,0.0405,-0.2924,-0.5137,-0.426,-0.8993,-0.9416,0.1221,-0.361,-0.6961,0.0941,-0.2443,-0.8464,-0.2719,0.0306,-0.4039,-0.7837,-0.8436,4.8453,2.8256,0.7785,-0.4704,2.2514,0.6698,1.0385,0.4538,0.2058,-0.9464,-1.1606,-1.1292,-0.5366,0.0058,-0.3779,-0.798,0.1224,-0.166,-0.0807,-0.4138,0.1857,-0.3575,-0.0507,1.9516,2.2413,1.1249,1.0931,0.6548,1.0323,1.0428,1.4626,0.8367,-0.6973,-1.4763,-2.1185,-1.8642,-1.3311,-1.1289,-1.6707,-1.3421,-0.4955,-0.4862,-0.0706,0.0965,0.0838,-0.1676,-0.2225,-0.2585,-0.0159,0.3028,0.0976,-0.2538,0.0073,0.2384,0.3667,0.1936,0.6406,0.7189,0.672,0.509,0.2655,0.2325,0.0585,-0.7188,0.1329,0.2946,0.7113,-0.1611,-0.5237,-0.2653,0.2482,-0.2317,-0.339,0.0075,-0.0952,0.3421,-0.4342,0.5218,0.7464,0.6127,0.3326,0.4128,-0.2489,-0.4234,-0.6519,-0.1011,-0.1875,-0.6161,-0.6753,-0.4055,-0.6605,0.0804,-0.284,0.2964,0.4674,0.7332,0.6901,-0.4345,0.0047,-0.0514,0.2717,-0.813,-0.7681,1.1922,1.5293,1.4952,0.8613,0.6158,-1.8976,1.4225,-1.2635,-2.2866
"IC24",-3.2864,-2.5243,0.6796,1.7882,-0.3611,0.5555,0.1842,1.2386,0.9974,1.1371,-1.3951,-1.7649,-0.6832,-0.2565,-0.2397,-0.3686,0.1325,1.0508,1.2573,0.5808,1.607,1.6199,1.9111,1.048,0.0153,-0.7366,-0.1299,0.0169,-0.203,0.3446,0.2428,0.379,-0.5055,-0.5689,-0.7876,-0.8221,-0.893,-1.1182,-1.0056,-0.6662,-0.1739,0.2963,-0.2068,-0.9695,-0.0867,0.407,0.5144,-0.3602,-0.5624,-0.6146,-0.3034,-0.4973,-0.4662,1.4393,0.6551,1.3649,0.7173,0.9877,0.4712,0.6803,-0.0317,-0.051,0.5912,-0.7076,-0.2486,-0.2975,0.0476,0.3724,-0.0318,0.2083,-0.6504,-0.8021,-1.067,-0.4943,-0.4994,-1.1051,-0.9122,-0.8689,0.3527,-0.1951,1.1371,0.7233,1.3338,2.2517,1.033,1.634,0.1246,-0.4784,-0.0432,0.2042,0.2568,0.6234,-0.7248,0.1437,3.2772,-1.4212,-1.443,-1.1225,-1.665,-0.7962,-0.5632,-1.4803,-1.6225,-1.3382,0.1476,1.1142,-0.0061,-0.3272,0.0337,-0.2053,0.6163,0.4198,0.6981,1.3352,1.0734,1.6231,0.5494,0.6328,0.7616,0.2366,-0.1368,0.7918,-1.6301,-0.6601,-1.037,-1.0526,-1.2741,-1.3565,0.0257,-0.0927,0.3855,0.032,0.1096,0.5674,0.1997,0.4636,0.5144,-1.546,-0.4945,-0.168,-1.1034,-0.8096,-0.269,-0.8401,-0.4254,0.1377,1.0925,1.4918,1.8331,1.1121,1.9045,1.4031,0.4636,0.5424,0.1197,-0.0147,0.6424,0.5063,0.5072,-0.1033,0.8803,-1.285,-0.9608,-1.147,-0.3121,-0.8639,-1.5182,-0.591,-0.2634,-0.0164,-0.6818,0.3543,-0.8561,-0.9565,-0.2421,-0.5299,0.1486,-0.4556,0.1459,0.4949,0.2797,0.6599,-1.3599,-0.4768,-0.7291,-0.3456,-0.2205,-0.0296,0.9057,1.4212,1.965,1.365,0.2065,0.9956,2.3637,1.2729,0.4034,0.7742,0.7426,0.6777,-2.2014,-0.0295,-3.3849,-2.5521
"IC26",0.2874,0.4999,0.2784,1.8968,-0.2503,1.0143,0.0747,0.2063,-0.823,0.9374,0.846,0.124,-0.1565,-0.6461,-0.3892,-0.0519,0.3012,-0.6745,0.462,-0.277,0.5722,0.7412,-0.2394,-0.7554,-1.1111,-1.5489,-0.814,-0.5795,-1.4454,-1.1499,-1.6424,-0.5966,-0.2625,-0.312,-0.1846,0.4358,0.9718,0.7357,1.3189,1.6309,1.0238,1.313,2.0326,1.021,0.1508,-1.1503,-2.125,-1.281,-1.1604,-0.3264,0.3235,0.0628,-0.0078,1.608,0.2648,-0.3935,-1.3177,-0.3685,0.0936,0.8417,-0.6477,-1.2231,-0.2846,-0.0559,0.1933,-0.5589,-0.2252,0.0312,-0.2225,0.5394,0.3123,0.4612,-0.3116,-0.5878,-0.162,0.2705,0.726,0.2949,1.1327,0.8964,0.012,0.1233,0.3088,0.7257,-0.1243,0.4287,0.1181,0.4205,0.4265,0.935,2.2826,-2.7534,-3.4242,-0.0904,0.8009,-0.1413,3.0243,0.9575,-0.0362,-1.4731,-1.28,-1.6451,-1.3256,-0.5441,0.0546,0.4334,-1.796,-1.2566,0.8311,0.5849,0.8657,0.9055,0.9271,0.4053,0.7347,0.9221,1.5555,2.048,1.0386,0.2317,0.1474,-0.1674,-1.1516,-1.2364,-2.0218,-0.6271,-2.158,-2.2523,-0.7842,-0.9228,-1.7156,-1.201,-0.9383,-0.9224,0.1968,-0.5301,-0.0626,0.0811,0.1814,1.0819,0.5922,1.393,1.3061,1.5222,2.4625,1.8457,1.2754,0.0629,0.3885,0.4244,0.0992,0.9285,-0.489,-0.2148,0.5109,-0.0906,0.6275,0.495,1.4082,-0.2672,0.6201,-0.5874,-0.4248,-0.585,0.1577,0.4029,-0.4224,0.1531,-0.3861,0.1015,-0.8797,-0.7256,-1.1587,-0.7966,-0.2696,-0.7276,-0.1931,-0.751,0.0935,-0.2517,-1.1378,-0.5996,-1.155,-0.4019,-0.6635,0.364,-0.1946,-0.4494,-0.7685,-0.7847,-1.2066,-0.5831,-1.0671,-1.4147,1.3605,2.1888,0.8221,1.3196,1.09,0.6755,1.6328,2.1335,0.0158,-0.6435
"IC27",-1.5892,-0.9587,-0.325,0.7308,1.2385,1.4481,1.9325,1.7033,2.0844,-0.0421,-1.3118,-0.5685,-0.3432,-0.276,-0.5767,-0.7654,-0.8469,-1.303,-0.3713,1.8078,1.0321,0.757,0.061,-0.2039,-2.1042,-3.1077,-1.4053,-0.5288,-0.414,0.4668,0.5695,0.688,0.4802,-0.0045,0.527,0.3581,-0.1262,-0.1965,-0.5589,-0.4054,0.0918,-0.0357,0.6514,0.5449,-0.0081,-0.1122,-0.3923,0.6571,1.2395,1.2122,0.1589,-0.4936,-0.2161,0.2414,0.3457,0.2358,0.0693,-0.0491,-0.4522,0.0094,-0.2085,-1.1315,-1.2228,-0.544,-0.474,-0.7885,-0.8456,-0.3908,-0.2862,0.1033,-0.0172,0.5561,0.7519,-0.292,-0.3576,-0.5879,0.933,1.4804,2.4679,1.9254,0.856,1.669,1.1053,0.3296,1.7351,1.3626,0.0664,-0.3964,0.0935,0.2697,0.3685,-3.46,1.0772,-1.5572,-1.756,0.8914,-1.5214,-1.803,-1.5683,-1.9728,0.0291,-0.8038,-1.0816,-1.5662,-0.6332,-0.8657,-0.4435,-0.1335,-0.3058,-0.8604,-0.8624,-0.0879,1.0243,1.215,0.7184,0.9065,3.9026,2.4561,1.1018,0.3186,-1.7705,0.3783,1.3001,0.3487,-0.541,-0.8744,-0.5148,-1.1226,-0.1562,-0.1505,-0.5564,0.4068,0.9682,0.1822,-0.0603,0.1637,0.3933,0.3735,0.699,0.3811,0.6828,0.6406,0.2343,-0.2867,-0.453,-0.8608,-0.9623,-0.0593,0.8362,1.0569,1.0213,0.7809,-0.1847,-0.0791,0.1228,-1.2877,-0.4891,-0.1117,0.0568,0.6078,-0.3459,-0.2967,-0.6915,-0.2914,-1.29,-0.7749,-0.6951,-0.0227,-0.2784,-0.7787,-0.5534,-0.2299,0.0291,-0.1571,-0.6816,-1.4841,-1.0516,-0.2776,0.0165,0.5464,0.9481,0.7863,0.702,1.2892,0.8767,0.3008,-0.4518,-0.4828,-0.3416,0.3537,-0.0278,0.1557,0.3289,0.2299,1.6701,2.1067,2.047,1.4741,0.1062,-0.9198,-2.1378,-1.6007,-0.4889,-0.8688
"IC29",1.3074,1.1314,0.3773,0.027,-1.0427,-0.7624,0.0641,0.0475,-0.0095,-0.8376,-0.0642,-0.04,0.6776,0.5055,-0.8652,-0.4127,-1.0269,0.9125,1.7343,1.5899,0.7848,0.1771,0.4603,-0.2902,-1.6928,-2.0624,-2.6085,-1.9863,-1.7354,-1.2088,-0.6846,-0.6974,-0.5962,-0.7283,0.5188,0.7339,0.3301,0.6241,0.2079,1.0081,1.5014,1.1266,0.0753,-0.4554,-0.1398,0.6886,1.0263,1.4259,1.3112,1.0046,0.3701,1.0587,1.4805,1.238,0.7567,-0.4627,-0.1305,-0.2813,0.1963,0.6708,0.6317,-0.1519,-0.5438,0.4596,-0.303,-0.3715,-0.5384,-1.2869,-0.994,-1.2835,-0.4851,0.0312,-0.6363,-0.3155,0.0686,1.2686,0.9807,-0.3893,-0.8038,-0.6856,-0.9901,-0.7739,-0.2643,-0.5012,-0.8935,-0.7444,-1.0626,-0.3359,-0.026,-0.8698,-1.2217,0.9182,1.613,1.3942,2.0296,0.8835,-0.6199,-0.728,-1.5337,-0.8528,-0.3061,-0.6066,-0.5801,-0.2952,0.3738,-0.5718,0.4267,0.8631,0.2311,0.6644,0.6225,0.4353,-0.055,-0.1599,0.4616,1.8047,2.6416,1.7686,2.3557,2.4319,0.7463,0.3404,0.1667,-0.5029,-1.2805,-2.5974,-2.032,-1.9699,-1.1306,-0.1852,-0.2137,-0.8757,-0.8791,-0.0227,0.214,0.924,0.6688,-0.0701,0.529,0.1447,0.8859,0.705,0.4724,1.1068,0.1492,0.0523,-0.326,-0.4475,-1.0673,-1.5351,-1.0503,-1.0789,-0.8342,-1.1929,-1.2754,-1.1057,-0.9705,-0.0692,0.3029,0.2806,0.3727,0.1287,1.1567,0.9541,1.4122,1.4009,0.6987,0.4408,-0.2155,0.3411,0.4162,0.3546,0.4284,-0.4444,0.3596,-0.0297,-0.3386,-0.7141,-1.3154,-0.582,-0.6092,-0.1601,-0.7089,-0.813,-0.5701,-0.6927,0.1968,0.7119,1.136,1.1501,0.6943,0.8574,0.9588,1.4996,1.2513,0.4373,0.8821,0.7315,1.3234,1.1947,-0.3913,-1.9234,-3.0757,-2.7891
"IC31",-0.7433,-0.3204,-0.0813,0.2,0.9639,1.0197,1.2179,1.5315,0.5736,-0.3127,-1.3457,-1.1066,-0.634,-0.5948,-0.7387,0.0401,0.6961,0.3327,0.4512,0.879,1.4385,1.5882,0.3575,-1.9308,-3.312,-2.9083,-2.409,-2.127,-1.4416,-0.5312,-0.22,-0.0921,0.0481,0.7493,0.8523,0.7106,1.0593,1.6928,1.5403,1.5895,1.5138,1.2259,1.0709,0.4029,0.1019,0.5323,-0.0573,0.8911,0.4188,0.8995,1.4954,0.9314,0.0615,-0.5163,-0.3002,-0.2111,-0.2081,-0.0619,-0.4615,-0.3525,-0.245,-0.5693,-0.8888,-1.083,-1.3422,-0.7107,-0.683,-0.8599,-0.5209,-0.5252,-0.8147,-0.5011,-0.4748,-0.4216,-0.3149,-0.2809,-0.8018,-0.7872,-0.1723,0.3586,-0.371,-0.5623,-0.2433,-0.1603,0.8624,0.5793,0.4269,0.1216,-0.6368,-0.8289,-0.2444,0.7589,0.6701,1.2599,2.6383,1.1902,1.7041,0.4724,0.5978,0.478,0.485,0.095,-0.6895,-0.6409,0.4354,0.2381,-0.1997,-0.3816,-0.0663,0.681,0.1938,0.298,0.939,0.6127,0.3611,0.6101,0.9759,1.2339,1.3345,1.0986,-0.0308,-1.227,-1.9101,-1.2893,-2.0828,-2.3676,-2.1885,-1.4813,-1.2528,-0.8413,-0.6853,-0.6186,-0.1134,-0.3165,-0.5191,-0.5693,-0.1332,0.2748,0.1082,0.1363,0.5291,0.3298,-0.3775,-0.3024,-0.2478,-0.4001,-0.0475,0.1909,0.8289,1.3317,1.4346,0.9711,0.8227,0.4646,0.2638,0.1614,0.6208,0.799,1.0518,1.1681,1.1117,1.2278,0.9304,0.9099,0.6755,0.2423,-0.085,-0.0637,-0.2848,-0.9161,-1.081,-0.5444,-0.6274,-0.5754,-1.5588,-1.7318,-1.6658,-0.9733,-0.6817,-0.6506,-0.2479,-0.0166,0.2566,0.2637,-0.0731,-0.0624,-0.3425,-0.1066,-0.3733,-0.4116,-0.1829,-0.289,-0.2955,-0.3522,1.0007,2.777,3.246,2.7336,0.957,-0.6038,-1.0297,-1.4126,-1.022,-1.3031
"IC33",-2.0598,-0.9355,0.102,-0.1216,0.4457,1.2757,2.1056,2.1539,1.5171,0.9931,0.1493,-0.3744,-0.6194,-0.2044,-0.2925,-0.6335,-0.3773,-1.6342,-2.4619,0.5017,1.1289,1.546,1.9156,1.4278,-0.6901,-2.3366,-1.8793,-1.3145,-1.1957,-0.6184,-0.7943,-0.8488,-1.1115,-1.1775,-0.3334,0.4005,0.1059,0.1597,-0.2212,-0.4898,0.3427,0.5989,0.44,-0.1048,0.3482,0.7644,0.8322,1.9916,2.5439,1.2805,0.7988,0.9028,0.9261,0.7421,0.1917,0.4513,1.0133,0.7896,0.0351,0.3161,-0.3559,-1.3995,-1.4269,-1.017,-0.7649,-1.0574,-1.3845,-0.937,-0.8255,-1.0758,-0.5779,-0.431,-0.4598,-0.4034,0.2845,0.5008,0.3993,-0.2054,0.1703,0.0843,-0.1054,0.5372,0.8748,0.6817,1.2264,1.0961,0.2232,0.1212,-0.2823,-0.5333,-1.7419,-3.8445,1.2004,0.4582,-1.2751,1.0309,0.4087,0.5979,0.5825,1.4496,1.4158,-0.0531,-0.926,-1.055,0.1029,0.1653,-0.1191,-0.1055,-0.4554,-0.6308,-1.1384,-0.6398,0.431,0.9287,0.7765,-0.0469,-0.0828,1.0202,0.9614,0.4067,0.6687,1.3132,3.2312,3.0624,0.3082,-1.4136,-1.8439,-2.4175,-1.0587,-0.6512,-1.5468,-1.7859,-0.771,-0.3781,0.1255,-0.0357,-0.64,-0.3064,0.0578,0.0935,0.7509,0.4429,0.129,-0.1887,-0.4246,-0.1903,-0.1485,0.6654,0.4147,-0.2077,0.2103,0.6115,-0.1512,-0.2997,0.0488,-0.7879,-0.3838,0.2532,0.6087,0.6453,0.0916,0.9168,1.6509,0.8801,0.4812,0.4688,0.3521,0.1175,0.1084,0.0458,-0.038,-0.026,-0.6891,-1.1151,-0.9171,-1.4293,-0.8243,-1.1291,-1.0218,-0.7185,-0.2097,0.7768,0.8949,0.7843,-0.0571,0.1652,-0.193,-0.0606,-0.1918,-0.386,-0.5248,-0.2002,-0.3003,0.1481,0.7275,0.6069,1.0404,1.7402,1.4066,0.7611,0.3876,-1.7018,-1.5461,-0.4698
"IC36",0.1873,-0.1425,-0.4162,-0.0841,0.5167,-0.7956,-0.7677,-0.8212,-0.2525,-0.8823,0.0589,0.1786,-0.6727,0.1678,0.3559,0.7632,-0.2054,-0.7151,1.8143,1.1228,-0.1112,0.7578,1.0873,0.0655,-2.2034,-2.3029,-0.4765,-0.529,-0.1396,-0.4207,0.617,0.7256,1.3854,1.6156,0.8557,0.6267,0.6932,0.631,1.3578,0.387,1.0013,-0.0699,-0.2685,1.4113,-0.4444,0.6456,0.7593,-0.7871,-0.2841,-0.4939,0.7721,0.1953,0.9975,-1.1545,-0.7896,-0.4656,-1.2086,-1.3938,-2.0737,-1.9566,-1.5315,-1.9119,-0.6008,0.219,-0.0042,-0.3533,0.0711,0.1625,0.5007,0.785,0.3309,0.2797,-0.1525,0.2172,0.8962,0.1817,-0.7088,-1.1581,-1.724,0.106,0.7599,0.1131,0.3696,1.0864,0.6144,0.6397,0.7574,0.4679,0.3818,0.7278,-0.1807,3.4631,-0.7788,-0.7141,2.2588,1.9289,-0.0629,0.0122,-1.2977,-2.5344,-0.8914,0.0726,0.7876,1.79,0.3026,-0.5173,-0.9847,-0.5531,0.009,1.7701,2.6298,-0.1608,-1.3525,-1.755,-1.2766,1.7132,0.567,-0.3194,0.0296,0.2657,-0.16,-2.6052,-2.2152,-2.0826,-1.9909,-2.4251,-0.5811,1.6214,0.5945,0.6572,0.6627,-0.2436,0.7341,0.1338,-0.3077,-0.1947,0.1161,0.7029,0.7824,0.9342,1.058,0.8237,0.5664,0.3778,0.0335,-0.0558,-0.4302,-0.9561,-1.1565,0.3101,0.8282,0.8075,-0.5569,-1.4369,-0.321,1.5272,0.7375,-0.1017,-0.9141,-0.3373,0.0309,0.8178,0.5062,0.4417,0.4762,0.1915,0.7677,0.0616,0.6542,0.219,0.3614,0.5897,0.4063,0.582,-0.3279,-0.255,-1.1073,-1.4209,-1.506,-1.2193,0.1614,-1.159,-0.9772,-1.1853,-0.0475,0.7745,-0.0377,0.2019,-0.186,0.4266,1.5898,0.8473,0.5825,0.8921,1.1869,0.0592,0.1605,0.2884,0.51,-0.215,1.4311,-2.3255,-1.2449,-1.1081
"IC37",1.3395,0.3465,-0.5246,1.0719,0.7789,0.5914,0.0605,0.154,0.3995,0.4613,0.3211,0.3457,-0.576,-0.4216,-0.0094,0.0612,-0.2383,-0.2672,2.2002,1.2861,0.117,0.0234,-0.6967,-1.5981,-1.8833,-1.8685,-2.529,-2.6917,-1.8717,-1.2969,-0.8184,-0.6958,-0.1754,-0.0253,-0.0867,0.4867,1.1376,1.1601,1.4939,0.3814,0.216,0.6662,0.4418,1.2519,0.4,-0.0138,0.2743,0.789,0.6713,1.1925,1.102,1.1641,1.506,-0.1602,-0.7074,-0.1777,0.3039,0.1839,-0.9208,-0.9498,-0.2851,-0.0709,-0.1446,-0.7573,-0.3456,-0.6049,-0.8987,-1.2121,-0.7461,-0.249,-0.2546,-0.0577,-0.0369,0.7983,1.1961,1.0389,0.7299,0.2129,-0.2988,-0.255,-0.5817,-1.2665,-0.6485,-0.0227,-0.3994,-0.3938,0.0193,1.0621,0.0376,0.3033,-0.1007,-1.865,-2.3268,-2.3581,2.5189,2.0023,1.9123,2.8828,1.603,0.3036,-0.3153,-1.0425,-0.5882,-0.5292,-0.4239,0.2097,0.5161,0.4942,0.1115,0.2615,0.8661,-0.3674,-0.9865,-0.943,-0.5887,0.771,0.7556,0.9969,0.1439,0.0769,1.5709,1.0269,0.0737,-1.1765,-1.3027,-1.2394,-2.0416,-1.5205,-1.5715,-1.7155,-1.4189,-1.0442,-0.617,-0.716,-0.0335,-0.1016,0.6777,1.4764,1.2296,1.1884,1.0384,1.4835,1.1651,1.7852,1.3208,0.5656,0.7187,-0.2979,-0.6008,0.0795,0.0667,0.5211,-0.1113,-0.5532,-0.7793,-0.5646,-0.6356,-0.7076,-0.3422,-0.214,0.4204,0.2089,0.2896,0.0951,0.3151,0.4103,0.7462,0.8819,0.4573,0.3602,-0.1097,-0.0333,0.0001,0.5228,0.4263,0.5722,0.2286,-1.0657,-1.7339,-1.596,-1.4264,-1.341,-1.3978,-1.4032,-1.3182,-0.8953,-0.7162,0.3072,-0.1267,0.1663,-0.0753,-0.2609,-0.5214,0.4259,1.8083,1.8581,0.8297,0.2863,-0.2471,0.1785,3.2875,0.5381,-0.0439,-1.0273
"IC38",0.7013,0.071,-0.1702,0.5378,-0.0343,0.067,0.2663,-0.3106,-0.2589,0.6217,0.6146,-0.1023,-0.4482,-0.0473,0.2506,-0.1683,-0.3486,0.3134,1.4608,0.7416,-0.3154,-0.7848,-1.7294,-2.6481,-1.5617,-1.085,-0.7877,-0.764,-0.1873,-0.5024,-0.9652,-0.6351,-0.3928,-0.1396,0.6866,0.9963,1.0731,0.847,0.8083,0.518,0.7206,0.6319,-0.4786,-0.6194,-0.9828,-0.1184,0.5591,0.8277,1.3713,1.4681,0.8834,0.5332,0.9285,0.586,0.624,1.1856,1.0798,1.2766,0.9222,0.0347,0.4238,0.7295,0.5981,-0.4166,-0.6362,-0.5264,-0.5626,-0.84,-1.3453,-1.2755,-0.966,-0.9942,-1.1012,-1.0544,-0.5701,-0.6163,0.4635,0.977,0.6877,0.7247,0.3386,-0.5012,-0.702,-0.3984,-0.849,-1.3305,-1.9913,-1.6953,-1.3171,-1.5747,-1.0451,3.5898,2.7014,0.7282,2.1337,0.6552,-0.5539,0.1074,-0.9996,-0.273,0.4717,-0.4338,-0.9693,-0.3328,0.0828,0.7937,0.329,-0.8784,-1.4269,-0.4014,0.5722,0.0405,-0.0734,0.2896,0.5897,1.7857,1.9293,1.4296,1.3499,1.5642,1.7194,-0.084,-0.0097,-1.1073,-1.3855,-1.02,-0.3424,-0.2693,-0.6826,-0.6729,-0.7434,-0.6159,-0.6251,-0.6354,-0.2046,-0.1331,0.0897,0.7061,0.6223,0.9034,1.1894,1.0502,0.4692,-0.1619,-0.1185,-0.3846,-0.0967,0.2934,-0.045,0.3704,0.1089,0.4187,0.4091,-0.5407,-0.8476,-0.8927,-0.5205,-0.3794,0.0294,0.2028,0.3648,-0.0238,-0.099,-0.6147,-0.4701,-0.3951,-0.7752,-1.5356,-1.8851,-1.2521,-1.5138,-1.1485,-1.2878,-1.293,-0.741,-0.4375,0.3127,0.8177,0.3772,1.1065,1.062,1.7393,1.8515,2.1272,1.5695,1.5268,1.1324,1.0677,0.7182,0.6198,1.3238,1.2808,0.946,1.3027,0.9149,0.4714,-0.2066,-0.9606,-1.1881,-0.5624,0.1972,-2.4169,-2.9735,-2.1696
"IC41",0.3415,-0.0128,-0.034,0.5789,0.8526,0.8001,1.0141,1.7301,1.3107,0.7698,-0.3544,-0.9405,-0.7426,-0.6168,-0.629,-0.5235,0.0432,-0.1797,0.1531,0.9311,1.1014,-0.2004,-1.6715,-2.8523,-3.2492,-2.7906,-2.3104,-1.7634,-1.2917,-0.4396,0.2675,0.9518,0.7369,0.5897,0.8755,0.8067,0.8827,0.9571,0.7386,0.9575,0.7084,0.5616,0.1021,-0.4675,0.1689,1.0651,1.6327,0.6293,0.0459,0.3854,0.5675,0.4353,0.1711,1.0727,1.1229,0.9288,0.1625,-0.2604,0.065,-0.1668,-0.2145,-1.0718,-0.7069,-0.6414,-0.3785,-0.1219,-0.3451,-0.8154,-0.845,-0.2819,-0.1207,-0.2758,0.0578,0.422,0.0024,-0.2543,-0.5352,-0.9363,-0.6006,-0.7415,-0.1437,0.3173,0.7242,1.066,-0.3044,-0.8302,-0.2743,-0.5687,-0.6595,-0.6067,0.3324,2.5813,-0.2118,2.2456,1.9093,-1.1877,-0.0783,0.0828,-1.2765,-0.3988,-0.7329,-0.6626,-0.8946,-0.4209,0.8221,1.1364,0.7516,-0.1139,-0.1897,0.2012,0.2144,0.4532,0.4694,1.0483,1.0483,0.3878,0.4336,1.1588,1.2158,0.9673,-0.6228,-1.7566,-3.0928,-2.5155,-2.5011,-1.9262,-1.214,-0.9766,-1.1037,-0.4153,0.1487,0.3419,0.6918,1.2054,1.3694,1.5643,1.2959,0.4192,0.6125,0.9684,0.5368,0.547,1.0139,0.3659,0.4101,0.463,0.63,1.0068,1.3241,0.6245,0.4398,0.0867,-0.1447,-0.1899,-0.697,-0.3029,-0.1377,-0.1051,-0.0151,-0.1288,-0.336,-0.962,-1.0956,-0.8995,-0.4246,-1.0655,-1.6583,-1.4699,-0.8277,-0.5154,-0.5267,-0.707,-1.0845,-0.9348,-0.5883,-0.0399,-0.087,0.1091,0.1597,0.2124,0.1957,-0.228,-0.3659,-0.0557,0.675,1.2393,1.7748,1.4272,1.4091,0.9909,0.4535,0.6148,0.9163,0.5363,0.3366,0.8799,0.9736,1.4681,1.1681,-0.0611,-2.5401,-0.8428,-2.122,-1.6484
"IC42",0.0286,-0.4322,0.1108,0.3273,-0.435,-0.3235,0.0985,0.2618,1.0578,0.5551,1.0557,1.2043,0.5249,0.6057,0.1634,0.3972,0.1374,-0.7451,0.1709,0.6214,0.4148,0.657,0.4834,-0.7372,-2.0223,-1.5632,-1.9004,-2.4649,-1.9936,-1.5053,-0.8535,-1.3593,-1.459,-1.2155,-0.3717,0.5083,0.8065,1.0696,1.4299,1.0036,1.1284,1.535,1.441,1.5366,0.3529,-0.1712,0.4439,0.0856,0.5947,0.2103,0.6401,0.6103,0.822,0.3281,0.3028,-0.1094,-0.2699,-0.5796,-0.4062,-0.1205,0.0783,-0.0257,-0.3241,-0.7702,-0.5765,-0.9722,-0.5046,-0.6067,-0.7671,-0.5862,-0.1308,0.1165,0.0227,0.2788,0.124,1.2414,1.2357,0.6003,0.1043,0.2388,0.9654,0.3778,-0.3153,0.0024,-0.8022,-0.264,0.0768,0.7095,1.0767,1.1993,0.8261,-3.1644,-2.6634,-2.2058,1.077,0.4611,-0.1201,0.7115,-0.8082,-0.1861,-0.537,-1.2207,-0.9737,-0.6568,-0.7784,0.1781,0.6799,0.6206,0.2077,0.0534,0.97,0.7663,0.8015,0.9899,0.942,2.1407,0.942,1.0387,1.6469,1.0752,1.3899,0.4671,-0.1339,-1.1466,-1.8271,-2.6148,-2.1421,-1.4437,-1.7598,-1.704,-1.227,-1.4284,-1.1077,-0.62,-0.1254,0.1297,-0.0454,0.5723,1.1062,1.0665,1.1614,1.4723,2.1565,2.0267,1.26,0.7032,0.3845,0.5493,0.4149,-0.1237,-0.375,-0.3064,-0.379,-0.1182,-0.3595,0.335,0.0775,-0.0551,0.213,0.6414,0.6541,-0.0778,0.0237,-0.3239,-0.0691,-1.0041,-0.8982,-1.2452,-1.7788,-1.2433,-1.0855,-1.0155,-0.5341,-0.3049,-0.2128,0.1108,0.5583,0.1364,-0.1539,0.0693,0.2005,-0.115,-0.4511,-0.8374,-0.6471,-0.2303,0.6684,0.9052,0.589,1.132,1.1836,1.0333,0.5616,1.0366,0.4336,0.3118,-0.0665,0.0124,0.9409,1.057,2.576,-1.1264,-2.6127,-2.5494
"IC43",0.045,-0.0221,0.087,0.7407,0.118,0.8599,0.5197,0.771,1.3427,1.3713,0.5302,-0.0921,-1.0536,-0.6923,-0.5294,-0.5362,-0.3215,0.1544,0.7847,0.4067,0.9925,1.1455,0.5641,-1.0967,-2.417,-2.866,-3.0645,-3.0874,-2.7821,-1.9778,-1.1451,-0.7773,-0.2922,0.2084,0.8029,1.3687,1.294,1.5076,1.77,1.2479,0.9619,1.0396,0.6703,0.8165,0.1732,0.1867,0.7032,0.6423,1.2134,1.1635,1.1013,0.7052,0.8769,0.0042,-0.2268,-0.0602,-0.0142,0.205,-0.2108,-0.0975,-0.5554,-0.5144,-0.3049,-0.327,-0.1333,-0.9146,-0.6388,-1.0555,-1.2834,-1.0539,-1.0022,-0.426,-0.7242,-0.1442,0.3779,0.326,0.2091,-0.0489,0.0163,-0.28,0.0731,-0.613,-0.482,0.2524,0.181,0.8225,0.4177,0.9259,0.5852,0.2122,0.3373,-0.1043,-0.557,-1.1297,1.424,1.5118,0.8374,0.8863,0.2282,-0.7629,-0.4752,-1.0947,-0.9379,-1.2875,-1.3717,-0.1646,0.3738,0.9141,0.669,0.4856,1.2169,0.1871,0.1177,-0.0179,0.4293,1.6654,0.87,1.0694,1.3462,0.8826,1.0645,-0.028,-0.8221,-1.6246,-2.3115,-2.4015,-2.1362,-2.0799,-1.8583,-1.2776,-0.7708,-0.6221,-0.4408,-0.089,0.3044,0.3268,0.871,0.8623,0.8777,1.057,1.0182,1.3727,1.0527,1.1225,0.7415,0.1813,0.2258,0.023,0.1077,0.3972,0.5009,0.751,0.1929,0.4456,0.1322,0.0604,0.0083,-0.5621,-0.2685,-0.4749,0.3929,-0.1429,0.3181,-0.1481,-0.0595,0.0573,-0.0985,-0.2888,-0.8105,-0.384,-0.8565,-0.5508,-0.6513,-0.4834,-0.3514,-0.517,-0.3835,-0.8713,-1.2225,-1.2906,-1.1066,-0.4787,-0.3898,0.5325,0.578,0.4899,-0.1825,0.32,0.041,0.6699,0.5054,0.5417,0.0237,0.5312,1.6618,1.4896,1.5868,1.5425,1.1604,0.8903,1.9862,-1.6906,-2.8292,-2.6396
"IC44",-0.1854,-1.244,-1.5972,-0.8427,0.5785,0.2751,0.5468,1.5193,0.2267,0.6558,0.0524,-1.2816,-1.2848,-1.3765,0.8123,1.4455,1.7213,0.923,-0.2219,1.0795,1.4529,1.2814,-0.7967,-2.5555,-2.2824,-1.6559,-1.0148,-0.4198,-0.3113,0.3158,-0.0328,1.1202,0.6235,0.7724,0.578,0.3003,0.7726,0.7197,1.3223,1.5408,1.4597,0.3554,0.3971,0.7998,0.5945,0.1247,-1.2745,-1.6625,0.2178,-0.1787,1.056,0.5254,-0.542,-1.574,-1.3257,-0.6002,-1.1731,-1.806,-0.9615,-0.4834,0.3635,0.0777,-0.6252,-0.1587,-0.5242,-0.2577,-0.239,0.3411,0.6869,-0.0702,0.2937,0.6345,0.5778,0.1448,-0.4408,-0.7013,-1.6642,-0.8375,-1.357,0.1177,-0.1736,0.2437,1.3586,-0.1676,1.3863,0.8459,1.4402,0.3788,-0.9608,0.5585,1.5578,3.1066,-0.7529,0.3088,0.532,-0.6753,0.3374,-1.1997,1.2577,-0.1374,-1.1537,0.6887,-0.4906,0.1838,1.147,0.4069,0.2089,0.517,0.0031,-0.3094,0.1115,0.5569,0.7941,0.4774,-0.0067,-1.2579,-1.802,-0.1498,0.6768,0.6589,-0.1358,-2.7119,-2.6335,-1.4692,-2.5638,-1.1587,-0.5352,-0.377,-0.9425,-0.3473,0.158,0.99,2.1198,1.4285,1.497,1.1337,1.0859,0.6888,0.1453,-0.4277,-0.5925,-1.9161,-1.177,0.1381,0.2657,0.0148,-0.1305,-0.2195,1.0354,1.3207,0.7159,0.984,1.4009,0.116,0.7211,0.3847,0.3479,0.111,-0.6265,-0.7129,-0.4506,-0.0298,-0.7253,-0.5658,-0.9573,-0.9524,0.9336,0.3882,1.5502,0.0289,-1.5532,-0.789,0.0943,1.4214,0.1591,-0.2893,0.1505,0.7544,1.3472,-0.3289,-0.7432,-0.7471,0.1831,0.5469,0.471,0.962,0.0214,-0.2843,-0.8327,-1.4068,-0.8699,-0.6859,-0.6685,-0.5938,-0.2283,-0.845,1.243,1.7637,1.241,-1.4502,-2.0947,0.149,1.0291,1.1792
"IC45",-1.2663,0.5554,1.1498,0.4395,-0.1746,-0.2575,0.5544,1.0498,0.6896,0.9895,0.306,0.4811,-0.061,-0.2568,-0.0372,-0.687,-1.2918,0.2694,0.896,-0.4609,-0.2068,0.7283,1.4683,0.8932,0.0241,-1.339,-2.2174,-2.5956,-2.1507,-2.3509,-2.2858,-1.9663,-1.7236,-1.7655,0.0467,0.3661,0.5618,1.6715,2.0799,1.6102,1.4902,1.5357,1.1278,1.1422,0.6663,0.4601,0.6121,0.9606,1.2747,1.9295,0.7262,0.4316,1.1868,0.5578,-0.238,0.1703,0.1165,-0.0294,-0.4126,-0.5026,-0.7559,-0.896,-1.2443,-1.3225,-1.1224,-0.713,-0.587,-1.1131,-0.8549,-0.1783,-0.019,0.6076,0.1909,-0.0211,-0.7605,-0.3023,0.0674,0.1479,-0.4201,-0.5523,-0.1722,0.2144,0.0209,-0.3,-0.0531,0.0434,0.0954,-0.0556,0.3824,0.4976,-1.8776,-2.1894,0.7473,0.9471,0.2411,0.8413,3.349,2.7503,1.7965,0.7907,-0.1615,-1.0231,-0.7847,-1.3114,-0.5637,-0.198,-1.1036,-0.6044,-0.0586,-0.1334,-0.1916,-0.6157,0.7174,0.0945,0.2351,0.5082,1.9288,2.2939,0.8149,0.2654,1.3088,1.8405,-0.1873,-0.2427,-0.7689,-1.2968,-2.4289,-3.0501,-3.0698,-1.1241,-0.209,-0.2318,-0.4084,-0.1822,0.1868,-0.0972,0.0546,-0.0172,0.6367,0.2444,-0.0789,0.7862,0.3641,0.7711,0.6017,0.1394,0.6673,-0.5386,-0.1187,1.048,0.2221,0.103,0.4559,0.3944,-0.3242,-0.2577,0.3574,0.5174,0.9773,-0.1665,-0.0595,0.106,0.1938,-0.807,-0.6243,0.0725,-0.1086,0.0676,-0.3871,0.6608,0.6195,-0.1186,0.0782,0.9068,0.2492,-0.7058,-0.9817,-0.1645,-0.7128,-0.6955,-0.8467,-1.9107,-0.3784,0.7703,-0.3245,-0.0351,0.7917,1.2968,-0.1066,-0.3875,-0.4295,-0.2632,-0.4872,-0.6602,-0.5769,1.3646,1.8203,0.1313,-0.3473,0.2305,0.5535,0.8501,0.5528,-1.3461
"IC46",0.5368,0.2184,-0.285,0.1829,0.2297,0.2295,0.5608,0.6502,0.7798,-0.0654,0.1115,0.3574,-0.2104,-0.3644,-0.8397,-0.4197,-0.2444,-0.3748,-0.1792,0.361,0.1385,0.1057,0.3394,-0.4942,-1.2801,-1.3842,-2.192,-2.0742,-1.47,-0.744,0.0449,0.1198,0.2998,0.4464,0.8826,1.0508,1.2071,1.2476,0.9908,1.0253,1.1676,2.0765,2.0343,1.4638,0.7718,0.2083,0.7289,0.4556,0.375,0.3865,-0.1717,-0.2297,0.2333,-0.06,-0.2102,-1.0711,-1.4407,-2.0802,-1.5387,-0.6008,-1.0586,-1.3066,-1.934,-1.3856,-0.9181,-0.8593,-0.6836,-1.4299,-0.751,-0.4775,0.2829,0.6802,0.4281,0.6489,0.0983,0.6703,0.456,0.4822,0.5302,0.1466,0.2194,-0.0584,0.714,0.9859,0.6336,-0.008,-0.4254,0.7399,0.9622,1.2315,0.5344,-0.53,-0.5216,-1.4536,0.8968,1.726,1.1159,0.5608,0.515,0.5538,0.3105,0.0281,-0.1047,-0.7674,-0.1997,0.2772,0.955,1.0246,0.363,0.9044,0.872,0.8595,0.9694,0.5634,0.5429,-0.3669,-1.2632,0.0011,0.2484,-0.6409,-1.1007,-2.0928,-2.7614,-2.4586,-2.1901,-2.5522,-2.638,-2.2703,-1.6715,-0.8643,-0.8057,-1.0838,-1.1144,-0.7566,0.1003,0.8486,1.454,1.5245,1.0985,0.9212,1.9342,2.1967,1.7189,1.5528,0.6275,0.96,1.0675,0.9721,0.8796,0.5414,1.036,1.1496,1.5643,1.3926,0.4606,0.5241,-0.1361,-0.0964,-0.0686,0.09,-0.111,-0.4485,0.199,-0.3197,-0.2215,-0.879,-1.2149,-1.7203,-1.8552,-1.0856,-0.4251,0.014,0.1721,-0.1245,-0.789,-0.7884,-0.2919,-0.3461,-1.0805,-1.1141,-0.7655,-0.073,0.587,0.6905,0.7169,0.3916,0.3522,0.7554,-0.1108,-0.703,-1.2707,-0.8479,-1.0667,-0.0884,0.2064,0.3986,1.158,1.131,1.3283,0.6837,1.9695,-0.2471,-0.8226,-0.4785
"IC47",0.1455,-0.2713,-0.6459,0.1865,1.5855,1.7665,1.3788,1.5537,0.6263,0.0509,-0.51,-0.8301,-1.2611,-1.461,-1.0011,-0.5289,0.2836,-0.5915,0.612,1.4952,1.4904,0.5298,-0.5242,-1.8828,-2.7597,-3.2061,-3.0616,-1.9342,-1.3949,-0.2396,0.4509,0.6573,0.9704,1.2515,1.4279,0.6873,0.6736,0.791,0.4603,1.4821,0.7075,0.0221,0.2869,-0.1341,0.6286,1.1784,1.2282,1.0534,0.4209,1.0345,0.9619,0.5176,-0.3029,0.344,0.3177,-0.2253,-0.5241,-0.3793,0.1041,-0.0173,-0.4214,-0.9294,0.0294,0.3463,-0.095,-0.5651,-0.7091,-1.0026,-1.0862,-1.0741,-1.5362,-1.5891,-0.6353,-0.3049,0.0252,-0.1468,-0.7893,-1.4799,-0.947,-0.5488,-0.4108,0.5145,0.9624,1.2432,0.9895,0.1897,0.8246,0.3114,-0.3959,-0.3036,0.2573,1.0431,-0.6574,1.9166,2.6875,-0.8717,1.3005,0.4259,0.4608,0.1998,-0.9196,-0.9858,-0.39,0.5088,0.9541,0.6454,1.1188,0.4844,0.0692,0.129,-0.3923,0.1818,0.1855,0.7683,0.6772,-1.0138,1.0654,1.295,0.7675,0.1302,-1.2364,-1.9548,-2.4958,-2.1431,-2.7457,-1.9111,-1.0063,-0.4291,-0.2762,0.3903,0.087,-0.0035,0.2431,-0.1058,0.0007,0.4648,0.5639,0.1903,-0.1336,0.9192,0.7135,0.4948,0.2269,-0.3667,-0.283,-0.4738,-0.0256,0.073,0.4376,0.832,1.1649,0.9519,0.6287,0.9677,0.5333,0.1795,0.4544,0.1468,-0.1002,0.1064,0.2372,0.9795,1.0536,0.6301,0.2463,-0.2718,-0.6377,-0.2815,-0.3373,-0.8827,-0.9231,-1.2618,-0.6566,-0.7586,-0.8227,-0.608,-0.6197,-0.673,-0.8849,-1.1025,-0.6114,-0.6527,0.1725,0.4772,0.9787,0.7914,0.3442,-0.2383,0.454,0.0761,-0.7636,-0.3469,0.3308,-0.8575,0.0636,2.6064,2.1626,2.4875,1.5984,-0.1767,-2.4743,-0.3728,-0.8257,-0.9114
"IC48",-0.6407,-0.5506,-0.9322,-1.1261,-0.9748,-0.5869,0.7125,0.4291,1.2504,1.2287,1.3368,-0.0301,-0.9057,-0.7895,-0.5403,0.1322,0.4041,1.1601,1.8829,1.8128,0.7066,0.7741,0.8687,0.4224,-0.5952,-1.5507,-2.1549,-1.8552,-1.4196,-0.2945,0.3227,-0.3246,1.0592,0.431,0.2997,0.8083,-0.7006,-0.3011,0.1081,-0.2745,0.6803,0.2984,1.1638,1.3168,1.4103,1.692,0.8056,-0.3509,-0.6959,-1.6335,-1.1663,-0.9232,-0.3121,-0.2562,-0.3651,-0.4833,-1.2835,-1.0696,-0.4982,-0.5132,-0.4112,-0.4927,-1.2471,-0.1626,0.085,0.0407,0.5721,1.0969,0.7234,1.5495,1.3932,0.4879,-0.1534,0.607,1.1011,0.1422,0.3821,-0.5531,-0.7574,-0.2951,-1.3889,-0.8873,-1.4343,-2.1191,-1.9842,-1.4102,-1.1316,-0.4336,0.4562,-0.1453,0.9172,1.5131,1.5282,0.4935,1.0964,2.4192,0.0625,1.0357,-0.1359,0.9563,1.823,0.2692,0.9322,1.2554,-0.0264,-0.0032,0.4693,1.2053,1.2088,1.01,1.0582,-0.5308,-0.5372,-0.3854,-0.4325,-0.0993,1.2481,-0.0221,-1.173,0.2066,-0.254,-0.653,-1.5574,-1.6264,-1.2691,-2.4232,-2.4336,-2.5861,-2.3209,-1.9904,-1.9491,-0.8721,0.0988,-0.1343,-0.1559,0.3021,0.2921,0.1343,0.5053,0.8894,1.62,1.468,1.6589,1.1643,0.8043,0.3903,0.3186,0.2458,-0.2748,0.3992,-0.017,-0.2881,0.6255,1.375,0.9272,0.2097,0.0638,0.4309,0.6746,0.3753,0.3534,0.8676,0.9172,0.9732,0.7666,0.0198,-0.4264,0.4304,0.7117,0.2567,-0.113,0.0776,0.7897,0.1389,0.1045,-0.446,-0.928,-1.0128,-1.3701,-1.5742,-1.0377,-0.8068,-1.1257,-1.3578,-1.7549,-2.2445,-1.0098,-0.0856,0.3524,0.4619,0.4061,-0.166,0.0775,0.244,0.296,-0.1772,0.1547,1.2334,1.5213,1.2257,1.4833,-0.3207,-0.3284,-0.158
"IC49",-1.5079,-0.6211,-0.5409,-1.0406,-0.1967,0.4728,1.4323,1.5498,1.1341,0.0984,-0.6093,-1.0683,-0.6015,0.3085,0.5498,0.6117,0.9379,0.5761,-0.0266,1.2474,1.1619,1.2536,0.473,-1.4559,-3.2036,-3.1183,-2.2015,-2.032,-1.6081,-0.304,-0.1812,-0.4722,0.1572,0.463,1.0033,0.5104,0.3471,1.3095,1.1959,1.3082,2.1102,1.0664,0.996,1.2547,0.6789,1.0731,0.7938,0.4595,1.0961,0.9677,1.3406,0.8439,0.0682,-0.4834,-0.519,-0.8485,-1.0633,-0.7441,-0.3464,-0.6754,-0.8772,-0.8992,-0.5617,0.1629,-0.5072,-1.0518,-1.4184,-0.845,-0.2663,-0.1563,-0.0533,-0.5015,-0.4547,0.0281,0,-1.1078,-1.1639,-0.8325,-0.2155,0.1195,-0.1344,-0.4542,-0.1939,-0.9477,-0.2936,0.1647,0.2557,0.152,-0.1463,-0.1675,-0.6379,-0.2191,0.052,0.9029,2.0424,1.8653,0.3568,1.1564,-0.4227,0.8812,0.5499,-0.1898,0.2818,0.2486,0.7508,0.6074,0.6727,1.2558,1.013,1.2511,1.2327,1.4542,1.7239,1.9139,1.2549,0.1032,-0.798,-0.4397,0.5311,1.7692,-0.1736,-0.8705,-1.5614,-1.8863,-3.1448,-3.8406,-2.7039,-2.5112,-1.7132,-0.873,-0.884,-0.9478,-0.2881,-0.1472,-0.3808,-0.0905,0.053,-0.083,0.4604,-0.1948,-0.3012,-0.661,0.1386,0.2483,0.0604,0.0417,-0.0364,0.7519,1.0559,1.3362,1.3641,0.6732,1.2991,1.2714,1.2069,0.5921,0.2731,0.4292,0.1669,0.0804,-0.2665,0.4619,0.5075,0.3516,-0.0295,0.6376,0.6734,0.5506,0.4855,-0.284,-0.3188,0.164,-0.4731,-0.9342,-0.8784,-0.623,-0.3686,-0.3978,-0.4027,-0.2803,-0.2266,-0.3711,-0.5903,-0.2402,0.0193,-0.4256,0.1851,-0.0033,-0.4022,-0.4039,0.2232,0.4137,0.2808,0.205,-0.2513,-0.8356,1.6182,1.9281,0.9107,-0.0199,-1.1302,-0.0339,-0.5656,-1.2479
"IC50",-0.4201,0.0828,-0.096,-0.663,-0.4901,-0.8455,0.0027,0.2404,0.5556,0.0117,0.4456,1.373,1.1685,1.1837,0.5894,-0.136,-0.6852,-0.3022,0.4096,-0.3221,-0.1879,-0.4896,-0.3178,0.2488,-0.1276,-0.202,-0.7377,-1.0582,-0.9827,-1.6036,-1.1828,-1.2526,-1.7194,-1.5921,-0.6632,0.3137,0.6881,1.166,0.9967,0.5497,0.4551,0.8644,-0.1892,-0.5633,-0.6899,-0.6455,0.8023,1.5898,1.7034,1.2693,1.2812,1.144,1.2017,-0.0649,0.1789,0.5301,1.3153,1.0515,0.4071,0.3299,0.0482,0.4233,0.4775,-0.1029,0.4827,0.2289,0.004,-0.5447,-0.4971,-0.932,-0.897,-0.5269,-0.8036,-0.9682,-1.3947,-0.4295,0.1435,0.6427,0.7169,1.0117,1.8517,0.7503,-0.2026,-0.2178,-0.8615,-1.4237,-1.6975,-1.5377,-1.3315,-1.0592,-0.0428,1.3357,0.6282,0.3895,-0.6592,-1.1741,-0.9126,-1.993,-2.4157,-1.7201,-0.3977,0.1533,0.0837,-0.3792,-0.2678,0.1902,1.0446,0.5007,-0.8937,-0.8553,-0.4403,0.1126,1.2604,1.8054,2.2268,2.5764,2.1675,1.7262,1.3669,1.201,1.5939,1.0707,0.9749,0.7875,0.9878,-0.4049,-0.0893,0.7325,-0.2335,0.3429,0.689,-0.5125,-1.3129,-0.9026,-1.4246,-1.1474,-1.4018,-1.036,-0.0836,0.2833,0.1991,0.3654,0.4227,0.6167,-0.3298,-0.5636,-0.5139,-0.4106,-0.8625,-1.1939,-0.5773,-0.8235,-1.3332,-1.0391,-1.5371,-0.433,-0.7199,-0.2852,-0.3782,0.5138,0.8279,0.8836,0.7791,0.3518,0.4978,0.1358,0.5914,-0.4353,-0.9193,-0.8012,-0.5562,-0.6897,-1.0807,-1.1161,-0.9147,0.005,0.4011,0.8357,0.6815,0.4756,0.9809,0.5712,0.7473,0.9059,1.5319,1.7678,1.6972,2.0217,1.6312,1.4632,0.4972,0.508,0.5578,0.8799,0.9434,1.2565,-0.196,-1.1875,-1.4146,-1.1584,-0.5024,-2.9929,-2.9664,-1.4168
"IC51",-0.616,0.6698,0.2183,-1.0545,-0.2401,-0.542,-0.1409,0.2647,1.3287,0.4771,-0.2722,-0.5129,-0.9085,-0.6024,-0.8172,-1.2624,-1.4633,0.5117,-0.0507,0.5989,0.8986,0.6645,0.8874,1.2905,0.0625,-0.8312,-1.5953,-1.3343,-0.7392,-0.1791,0.2252,0.4345,0.1022,-0.5352,-0.3436,1.0684,0.7621,0.3396,0.3766,0.0242,0.8193,1.4217,0.7031,0.2395,1.1917,1.7413,1.2743,1.1614,1.9637,0.5932,0.5913,0.7198,1.052,-0.428,-1.339,-1.0687,0.0889,-0.0496,-0.4412,0.0565,-0.8399,-1.426,-0.5678,-0.2381,-0.3588,-0.1413,-0.2706,-0.379,-0.3966,-0.8417,-1.3873,-1.0824,-1.2221,-0.9262,-1.0322,-0.2658,-0.7945,-0.7835,-1.3271,-1.0722,-0.8874,-0.7442,-0.3397,-0.1936,0.1873,0.24,0.2684,0.8875,0.445,0.6588,-1.6149,1.7555,3.9401,2.3692,-0.9239,0.6513,1.3644,1.1861,1.1961,0.3966,-0.1446,-0.3073,-0.8268,-1.4302,-0.7018,-0.3035,-0.3735,0.5812,-0.2149,-0.2678,-0.5813,0.0245,1.3788,0.9064,0.4528,1.4349,3.1372,1.4639,1.0894,1.8639,2.5084,0.8594,0.7792,0.0107,-1.2998,-2.5111,-1.8933,-1.2345,-0.9877,-0.5926,-0.3793,-1.2766,-1.0667,-1.1511,-1.4591,-1.4568,-1.1977,-0.9014,-0.8819,-1.0491,-0.9599,-1.1052,-0.4515,0.007,-0.4309,0.4095,0.3639,0.0466,0.0224,-0.4521,0.102,-0.3861,-0.7437,-0.2588,0.0802,0.9977,0.6867,1.2547,1.018,0.5575,-0.0127,0.5128,0.7677,0.016,1.0437,0.7691,1.0299,0.908,1.7349,1.3397,0.8227,0.5839,0.8198,0.7815,-0.0026,-0.8643,-0.562,0.5108,0.7828,-0.4158,-0.1591,-0.3031,0.1235,-0.3033,-0.1897,0.6443,0.0388,-0.3135,-0.6924,-1.3786,-2.1169,-1.944,-2.0445,-1.0473,1.7074,1.1037,0.8498,-0.6744,-0.3566,0.5073,1.766,-0.5255,-0.5683,-0.3933
"IC54",-0.1745,-0.4391,0.4092,0.3035,-0.1778,-0.4408,-1.0624,0.0283,-0.0987,-0.2865,-0.0367,0.1619,1.5856,1.8111,1.0588,0.2769,-0.2504,-0.1337,-0.1601,0.6206,0.8026,0.5217,-0.5661,-1.6256,-1.5625,-2.2985,-1.0044,-0.4708,-0.5793,-0.6756,-1.1023,-0.247,-0.16,-0.0706,0.0436,-0.1767,-0.0477,0.5108,1.1272,1.1113,-0.1942,-0.5405,-1.0834,-0.8062,-0.3989,0.1164,0.5673,0.696,1.0571,1.2294,1.4467,0.8638,0.7613,1.6419,1.4273,1.4973,1.307,1.2022,0.0291,-0.4774,0.0226,-0.1427,0.2199,0.2353,-0.463,0.4591,0.2364,-0.4696,-1.2797,-1.6287,-0.6464,-0.8554,-0.8392,-1.2887,-1.4484,-0.5437,-0.419,0.3307,0.0636,-0.1846,-0.0772,-0.0703,0.2923,0.1608,0.5338,-0.1365,-0.7787,0.291,1.107,1.9609,1.0567,-0.0775,0.8726,0.0887,0.574,-0.4721,0.4414,-1.6399,-2.8653,-1.2933,-1.644,-1.37,-1.0241,-0.7019,-0.4765,-0.2772,0.808,-0.2524,-0.4834,-0.9476,-0.9093,0.3564,0.6599,1.8517,1.5925,0.8504,1.259,0.4948,1.8042,1.9632,0.8324,0.0414,-1.1238,-0.8229,-1.2397,0.5149,1.0968,0.7125,1.143,1.8458,2.0004,0.8167,0.3577,-0.4081,-0.8739,-0.1218,-0.061,0.1096,-0.6353,-0.4991,0.0749,-0.3864,-0.0053,-0.294,-0.1674,-0.6889,-0.8862,-0.1124,-0.2913,0.3411,-0.1982,-1.2159,-1.488,-1.5479,-0.9956,-0.6827,-0.9584,-1.0033,-0.6078,1.2021,0.9554,0.9577,0.3901,-0.1121,0.5839,-0.1171,-0.026,-0.4433,-1.6038,-1.4192,-0.2947,0.925,-0.3393,-0.7492,-1.9604,-1.4539,-0.1822,0.0205,1.1472,0.7016,0.4779,0.4306,0.3396,1.456,1.8679,2.3564,2.9038,2.5172,1.6712,0.4983,0.0939,0.2759,0.6917,0.8623,0.636,0.7312,0.1346,-0.6057,-0.885,-1.6818,-2.4692,-0.6823,-1.5326,-2.5898
"IC56",0.2847,-0.4739,-1.5394,-0.7934,1.3982,1.7324,1.2846,0.0733,-0.5029,-0.0341,-0.1701,-1.2234,-0.9805,-0.4268,0.564,1.405,0.9707,1.5221,1.5392,-0.2069,-0.3582,-0.7963,-1.8025,-2.8074,-2.2567,-1.6977,-2.2223,-0.215,1.036,0.8441,0.0181,-0.1698,0.2901,0.8163,0.846,1.1746,0.5371,0.7264,0.1169,1.2169,1.3698,0.3022,0.2001,-1.041,0.186,0.3767,0.1272,1.0483,0.7152,0.9905,0.525,0.6279,0.3165,-0.4992,0.2636,-0.6363,-0.6386,-0.2629,0.2671,0.1717,-0.5086,0.2209,-0.9081,-0.2338,-0.5027,0.0549,-0.0468,-0.9403,0.0335,-0.1379,0.1549,0.4659,-0.7959,-1.161,-0.7991,-0.5591,-0.7402,-0.6846,-1.0943,-0.6477,-1.0543,-0.089,0.2979,-1.1938,-0.4355,-0.8734,-0.3519,0.0382,-0.2484,-0.9186,-1.1941,4.6894,2.8379,4.0556,2.1004,-0.8184,-0.1382,-0.8903,0.3853,0.536,-0.2538,-0.0593,0.0194,0.7758,2.2877,1.2648,0.3297,0.2795,-0.8404,0.1193,-0.2951,0.4534,1.2933,-0.3584,-0.1747,-1.2022,0.2952,-0.0989,-0.9861,-0.4862,-1.936,-3.2028,-2.4431,-1.2626,-1.1076,-1.0059,-0.8573,0.6526,1.1989,1.3842,0.4127,1.1902,1.0098,0.7604,0.5993,-0.227,0.132,0.1938,-0.1553,-0.2912,0.107,-0.5364,-1.8085,-1.0379,-0.1866,0.737,0.5497,-0.2041,0.7285,0.7109,0.8567,1.4386,1.5031,0.1664,-0.307,-0.2661,-0.1118,0.5953,0.4869,-0.6118,-0.9287,-0.4206,0.2068,0.071,-0.0281,0.1503,0.0516,-0.3013,0.1843,0.2565,-0.6626,-1.3594,-0.7576,-0.2362,-0.021,0.3137,-0.2563,0.4254,-0.0523,-0.3873,-0.3584,0.206,1.1386,0.4562,0.4551,0.5664,0.249,0.2809,-0.3395,-0.8219,-0.7408,0.2298,0.5508,0.0394,-0.4265,-0.0284,1.5444,1.2279,0.2786,-0.8081,-1.8531,-0.3525,0.1955,-0.1898
"IC58",1.3619,0.9655,-1.5858,-2.4516,0.0164,0.6939,0.6657,0.9581,1.0984,0.8076,0.4239,0.4149,0.6073,0.3731,0.2598,1.0042,0.4276,0.8863,0.1139,-1.7739,-0.8865,-0.3048,0.069,0.3454,-0.391,-1.1855,-1.1193,-0.2153,-0.9424,-1.8098,-1.8845,-1.096,-0.9519,-0.3552,-0.7194,-0.1922,-0.1218,-0.2919,-0.5933,0.061,0.24,-0.3011,0.3499,0.1414,0.4193,-1.3336,-1.1376,0.2193,1.3468,1.5265,1.7765,1.7438,0.9167,0.5378,1.0021,0.3391,0.3729,0.2374,0.1217,0.6317,0.3916,0.4313,0.1443,1.0801,0.765,0.9241,0.8032,0.6913,0.8814,0.4913,0.7304,0.1393,-1.1647,-1.552,-1.339,-0.9874,-0.8877,-0.4563,-0.9853,-0.3752,-0.5379,-0.1683,0.6836,-1.3677,-0.6021,0.0636,0.5664,1.0697,0.1135,0.1776,-0.783,1.096,0.7054,0.398,-1.727,-0.9884,-0.7644,-3.0301,-2.5854,-1.0392,-1.4444,-0.009,0.1521,-0.3642,1.1814,0.8705,0.6801,1.3995,0.75,0.659,0.0002,0.9437,1.7015,0.3946,0.0989,0.3061,0.6643,0.0233,-0.9177,0.3241,0.7225,-0.1998,-1.6712,-0.1528,0.635,-0.8101,-1.6589,-0.0201,0.8488,0.745,0.8692,1.4892,1.7442,1.6365,1.3815,-0.1571,-0.1811,-0.2143,-0.5406,-1.1908,-0.7516,-1.1478,-0.2467,0.8447,0.3697,1.0709,0.7975,-1.2395,-0.2568,-0.5015,-0.6404,-0.5175,0.1636,0.2268,0.6064,1.0921,0.8601,1.0616,-0.0952,-1.2503,-2.0256,-1.1483,-0.9326,-0.7348,-1.1932,-1.203,-0.142,0.3308,1.3579,0.2167,-1.0323,-0.9543,-1.1627,-0.3563,0.0684,-0.0131,-1.3252,-0.7496,0.5659,-0.1947,-1.1201,-0.7762,0.2996,-0.0244,1.3398,2.3286,2.0571,1.3188,-0.1281,0.0409,0.4324,0.9764,1.5883,1.7998,1.8211,0.1344,-0.444,-0.0003,0.7086,0.6449,0.5342,-1.5726,-2.7434,-2.5616
"IC60",0.2032,0.4291,-0.2276,-0.3765,0.2032,0.6055,1.1935,0.888,-0.0283,0.5933,0.8021,0.5727,-0.3075,-0.6616,-0.6186,-0.6047,0.3995,0.786,0.6812,0.5678,1.0408,0.4349,-0.8378,-1.763,-2.7819,-3.4192,-3.1962,-1.6349,-0.663,-0.2217,-0.7315,-0.1435,-0.0876,0.3933,0.4479,0.4244,0.753,0.9153,0.5661,1.8249,1.8554,1.0848,0.6407,-0.0862,0.4859,0.4508,1.1987,1.1022,0.0255,0.4299,0.5424,0.6817,0.4,0.9276,0.4288,-0.0524,-0.4793,-0.2895,-0.1342,-0.1098,-0.968,-1.4552,-1.3691,-0.7955,-0.5459,-0.9648,-1.0232,-0.9843,-0.2667,0.3946,-0.1084,-0.803,-0.5464,-0.493,0.1238,0.6556,0.953,0.2039,0.6692,1.1924,0.8506,0.8888,0.9783,0.5641,-0.1333,-0.8064,-0.6312,-0.735,-1.1562,-0.9083,1.0556,0.2814,-1.3029,1.4253,0.3565,-1.2574,-0.2803,-0.9715,-0.1859,0.1701,-0.6152,-0.7189,-1.0451,-0.6575,1.1416,1.5529,0.5993,0.092,0.5023,0.8193,1.2064,1.7266,1.5748,1.571,1.6732,0.6863,0.8052,1.4457,1.1372,0.8501,-0.1765,-1.2461,-3.2462,-2.6766,-3.1101,-2.8103,-1.9904,-0.9152,-0.5893,-0.422,-0.668,-0.5388,-0.5864,-0.144,0.4717,0.1131,-0.1291,-0.2247,-0.0851,0.7927,0.5776,0.4566,0.4226,0.6373,1.0968,1.1752,1.1244,0.5912,0.9332,0.5304,1.1317,1.3397,0.4925,0.0199,-0.2924,0.0102,0.6721,0.4871,0.4304,-0.1174,-0.2565,0.1823,0.283,0.1408,-0.3314,-0.6314,-0.706,-0.0782,-0.5148,-0.8136,-1.2709,-1.3118,-1.4711,-1.8549,-1.2075,-0.154,-0.2821,-0.5071,-0.2849,0.1325,0.4244,0.5726,0.1985,-0.3191,-0.0323,0.815,1.6762,1.4249,0.726,-0.5725,-1.4686,-0.5435,0.6082,-0.414,0.0875,0.7645,1.3013,1.9766,1.137,-0.0758,-1.1962,0.1418,-0.9728,-0.8018
"IC62",0.0398,1.1752,1.3494,0.2393,0.3601,-0.7092,0.5166,0.3598,0.1668,0.4134,1.2583,1.4896,1.425,0.5854,-0.0256,-0.2716,0.0785,-0.4745,-1.854,-0.9822,-0.6745,-0.6401,-1.1209,-0.854,-1.3088,-1.0748,-0.1812,-0.8839,-1.2824,-1.8238,-1.6899,-0.9024,-0.4789,-0.486,-0.8971,-0.4795,-0.3027,0.2187,1.0048,0.8662,1.8673,1.2675,0.7358,0.6251,-0.5691,-0.0598,-0.0492,-0.01,1.1763,1.004,1.9618,1.5593,1.7592,1.0326,0.7144,0.8237,0.1629,-0.3926,-0.9022,-0.5349,0.3003,0.4294,-0.0756,-0.6352,-0.9203,-0.9529,-0.3807,0.0545,-0.4249,-0.3213,-0.203,0.3261,0.2442,-0.1295,-0.2395,-0.3154,-0.1238,0.3055,0.6833,1.3841,0.2638,-0.6465,-1.5956,-1.8678,-1.3458,-0.8413,-1.0948,-1.1101,-0.5357,-0.0275,0.9103,2.7658,1.593,0.4425,-0.291,1.0869,0.1825,-0.0912,-1.7695,-2.151,-0.6017,-0.3899,-0.2966,-0.0298,-0.6887,-0.3069,-0.2825,0.719,1.0576,1.1928,1.549,0.7247,1.2659,1.6135,1.5028,2.4299,1.139,0.7278,-0.2665,0.0997,0.6371,-1.1913,-1.0745,-1.2835,-0.8292,-2.489,-2.78,-1.5167,-1.9079,-1.8045,-1.4266,-1.0693,-0.3925,-0.5079,-0.2607,0.0461,0.2362,1.0879,1.3642,1.2755,1.6616,1.856,2.321,2.134,1.5227,0.7785,0.28,0.276,-0.3256,-0.1266,-0.2623,-0.2974,-0.4768,0.2742,0.5763,0.7996,0.7683,0.2935,-0.2054,-0.4406,-0.2288,0.1874,-0.0528,-0.4925,-0.4632,-1.0207,-1.456,-2.4366,-2.2001,-2.0102,-0.796,-0.05,0.0758,0.2774,0.2333,0.1173,-0.2051,-0.459,-0.3374,-0.2763,0.5022,0.1882,0.361,0.5347,0.1848,0.5041,0.2377,0.2731,-0.057,-0.0956,0.6432,0.1157,0.4218,0.7703,0.2634,-0.0775,-0.2628,0.0873,0.6253,0.9356,1.9682,-0.6922,-1.2133,-0.5072
"IC63",-0.9129,-1.0687,-0.6128,-0.3375,0.3933,0.6043,1.4421,1.0542,0.3267,-1.1875,-1.8783,-1.179,-0.9476,-0.26,-0.5972,-0.9345,-0.0545,-0.3334,-0.0733,0.6195,0.3306,1.0557,1.3571,0.5929,-0.634,-1.2156,-1.3505,-1.3013,-0.43,0.1947,0.4927,0.4627,1.2512,1.1299,1.0079,0.5969,0.6938,0.9499,1.1449,0.9668,1.5593,1.2953,1.2373,1.5988,1.16,1.4152,1.4754,0.0983,0.3289,0.2091,0.9458,0.5327,0.2561,-0.1652,-0.4899,-1.2791,-1.5974,-1.1615,-1.4027,-1.8253,-2.0041,-1.9076,-0.9829,-0.0203,-0.2475,-0.889,-1.367,-1.5157,-1.3296,-1.2263,-0.9872,-0.9898,-0.5602,0.1722,0.3588,-0.3839,-0.8593,-1.1936,-0.6132,-0.0446,0.3543,0.7304,0.858,1.0725,1.3732,1.5466,1.1558,0.9802,0.2805,0.0645,0.8184,-0.1336,0.1084,-0.6014,0.1116,1.7672,0.9596,0.453,0.3431,0.2979,-0.8684,-1.6607,-0.9434,-0.1664,0.2315,0.8021,1.3343,1.8234,2.0063,1.5286,1.7474,1.3562,1.1006,1.2305,0.6248,0.331,0.7475,0.7711,0.4101,0.1325,-1.4638,-2.0166,-2.6547,-2.6922,-3.088,-2.1255,-0.7479,-0.7157,-0.7263,-0.1048,0.2766,-0.0864,0.0821,-0.2855,-0.7528,-0.3121,-0.1554,-0.1482,0.1832,0.1002,0.0172,-0.1821,-0.0852,-0.582,-1.01,-1.3358,-1.0936,-0.7213,-0.8488,-0.4682,-0.2913,-0.2696,0.352,1.3309,1.2474,0.806,0.644,0.5823,0.4913,0.3298,0.3575,1.0717,0.9543,1.2878,0.9966,1.1319,1.3734,1.5518,1.793,1.7447,1.6475,0.8811,-0.088,-0.3107,-0.739,-1.0942,-1.3768,-1.3024,-1.0923,-0.8976,-0.5829,-0.6504,-0.3487,-0.0088,0.3621,-0.0026,0.6972,0.7759,-0.0599,-0.5428,-0.1281,-0.2678,-0.4857,-0.3804,-0.3056,0.2033,0.1574,-0.2481,-0.6001,-1.3046,-0.0545,0.4907,0.0095,-0.1326
"IC64",0.0941,-0.2045,-0.5931,-0.9489,0.4118,0.2993,0.1315,0.8951,1.8763,1.3956,0.6923,0.8156,0.4818,0.2375,0.0182,-0.6444,0.0374,-0.52,-2.2481,-1.1662,0.9961,0.764,1.0107,1.0859,0.2376,-1.2175,-2.1576,-2.1311,-2.3582,-3.0293,-1.6833,-0.4683,0.0128,-0.048,0.2001,0.6193,-0.1094,0.067,-0.468,0.4147,0.7446,0.2389,0.2742,1.501,0.7255,0.4897,3.4988,2.0497,1.5211,0.9281,0.0842,0.2719,0.8287,0.4872,-0.1332,0.0155,0.3194,0.2129,-0.8581,-1.1421,-0.389,-0.78,-0.0649,-0.523,-0.8652,-1.2176,-0.9997,-0.3361,-0.3519,-0.1079,-0.5491,-1.2044,-0.6001,-0.0037,-0.6188,0.2298,0.874,-0.5569,-0.331,0.2147,1.2773,1.0159,0.5618,0.8311,-0.1417,0.6217,0.4353,-0.2664,0.332,0.3908,-0.2792,2.0183,1.0551,-1.0207,-1.5564,-1.7885,-2.2796,-0.3032,-0.2594,0.5964,-0.4453,-0.885,0.0088,-0.5701,-1.1651,-0.3721,-0.0172,1.038,0.8143,0.2243,0.8693,0.7896,1.6691,2.4668,1.4755,-0.0213,0.471,-0.6301,0.6713,1.9234,1.1935,-0.0496,0.7409,-0.1329,-0.1086,-1.6104,-1.1651,-1.1989,-2.4246,-2.057,-0.8948,-1.4066,-1.3125,0.0729,-0.5526,-0.585,0.3221,0.2766,0.1007,-0.1268,-1.2553,0.08,1.0252,0.4676,0.1688,-0.0858,0.5224,0.0843,1.416,1.779,1.0366,0.3815,-0.4767,0.4813,0.3137,1.3459,1.2478,0.7967,0.1943,-0.2099,-0.0296,0.9909,0.1798,-0.1846,-0.2986,-0.0364,-0.1393,-0.3469,-0.2925,-0.7974,-1.2304,-0.9968,-1.0554,-1.3013,-0.894,-0.7434,-0.5257,-0.1303,-0.6449,-0.6739,-0.3666,-0.3698,-0.6638,-0.9575,0.1189,0.7798,0.6176,0.4081,1.1633,1.821,0.9106,0.9883,0.8676,0.6092,-0.6369,-0.8175,-0.2648,0.3578,1.5767,2.294,0.797,-1.3469,-2.0021,-1.3601
"IC65",-0.8837,-0.6411,-0.6822,0.4625,-0.0662,0.2446,0.9155,0.9196,0.343,0.2004,-1.2085,-1.5625,-1.1502,-0.2278,-0.3201,-0.6765,-0.6133,-0.3672,-0.4408,0.7722,1.6841,1.1207,0.0043,-1.3034,-2.0471,-2.3315,-1.6908,-1.324,-0.4981,0.5652,1.7654,2.1303,1.8693,1.5957,1.9128,1.5756,0.7666,0.3315,0.0259,0.0485,0.7626,1.0772,1.3142,1.6928,1.3812,1.6513,1.5235,0.3606,-0.495,-0.8181,-0.8756,-0.395,-0.686,-0.6482,-0.7124,-0.6226,-0.786,-0.9071,-1.211,-1.0056,-1.3823,-1.0187,-0.3633,-0.8827,-0.5227,-0.4338,-0.2951,-0.8398,-0.7313,0.3299,-0.3841,-0.6112,-0.1418,0.4664,0.1055,-0.155,-0.044,-0.207,0.4151,0.3731,1.3651,1.4217,1.731,1.8906,0.7226,0.2582,-0.4196,-0.7043,-0.5834,-0.4976,0.6042,1.3316,0.4766,-1.3573,-0.1066,-1.3659,-1.2749,-1.3848,-1.0577,-0.3622,-0.2855,-0.4898,-0.2576,-0.4537,0.3226,1.0378,0.9674,1.0109,0.6488,0.3992,0.979,1.4039,1.5527,1.1156,1.3183,1.1077,-0.3988,0.0055,0.627,0.7038,-0.7371,-1.0225,-1.0837,-1.5365,-1.6697,-1.6739,-0.7993,-0.5158,-0.5677,-0.5531,-0.5229,0.2628,0.9297,0.7726,0.4198,0.6487,1.3463,0.2397,-0.0185,-0.4043,-0.659,0.4682,0.2454,-0.5871,-0.5432,0.0236,0.3335,-0.5116,-0.3906,-0.3432,-0.0948,-0.4309,-0.5915,-0.0313,0.1914,0.2829,0.4366,0.381,0.5856,0.3841,0.9428,-0.2024,-0.4983,-0.6555,-0.3464,-0.2947,-0.4577,-0.0919,-0.3102,-0.3303,-0.4186,-0.4527,-0.8056,-0.4454,-0.3301,-0.492,-0.0104,0.269,0.4238,0.3833,0.2979,0.7214,0.4736,0.8386,0.6588,0.8608,0.9242,1.1181,1.108,1.1179,1.1651,1.2101,0.8031,1.0992,0.1267,-0.5726,0.9786,1.7313,1.2685,0.7819,-3.7495,-2.1636,-3.3615,-3.4756
"IC66",-0.6743,0.5794,0.5631,0.2142,0.8182,0.7548,1.7604,0.9411,0.6591,-0.8017,-1.2477,-1.3432,-1.2239,-0.371,-0.4082,-1.2957,-1.9886,-0.9908,-0.217,0.8322,-0.144,-0.203,0.6804,1.3484,0.86,-0.5155,-1.6074,-2.1738,-1.7493,-0.6217,0.4844,0.3078,0.3212,0.505,1.0111,0.2408,0.4135,0.2885,0.1438,-0.2849,0.2238,0.2291,0.4261,1.6673,2.1998,2.4945,2.4939,2.2789,1.0262,0.4568,-0.16,0.0902,0.1672,-0.4613,-0.2339,-0.2439,-0.8259,-0.8706,-0.5838,-1.2005,-0.9645,-1.1263,-0.7151,-0.2336,-0.3139,-0.8706,-1.1138,-0.6774,-0.2564,-0.5213,-1.2819,-1.2255,-0.2619,0.3859,1.0382,-0.1732,-1.1414,-0.7089,-0.4628,0.4466,0.9399,1.0148,0.7473,1.9409,2.4216,0.5394,-0.195,-0.5947,-1.2609,-0.9383,0.2504,-0.3277,-0.2543,-0.459,-2.7198,-0.7929,0.1426,1.3687,1.1706,-0.9194,-0.9414,0.49,0.6485,0.3764,-0.2633,-1.2234,0.1101,0.4397,0.0676,1.0765,0.9559,1.1447,-0.1719,-0.7952,-0.3519,1.4078,1.4859,2.3196,3.1802,2.4826,1.1812,0.6933,-0.2434,-1.6855,-1.8116,-1.3158,0.2779,0.5732,-0.3537,-0.7475,-0.733,-0.4778,-0.5251,-1.0955,-1.8237,-1.488,-1.6439,-0.4936,-0.3103,-0.5039,0.186,-0.1526,-0.2379,0.1525,-0.145,-0.5693,-0.5693,-0.1478,-0.8835,-0.7469,-0.7462,-0.9413,0.0139,-0.5772,0.8596,1.7402,1.15,0.8238,0.2936,1.3388,1.4161,2.323,0.9401,0.2824,-0.4323,-0.012,0.3467,0.1098,0.1646,-0.33,-0.113,-0.1357,0.6643,-0.1941,-0.3556,0.312,-0.5258,-0.4138,-1.045,-0.4846,-0.2886,-1.0343,-0.0422,0.9871,1.2449,0.1446,0.101,-0.3552,0.2098,0.0854,0.23,-0.9569,-1.1362,-0.7745,-0.4011,0.7828,1.8689,1.2789,-0.0655,0.1772,1.048,-0.6432,-1.1151,-1.552
"IC67",0.4404,-0.5238,-0.5346,-0.5602,0.5145,0.1894,-0.6941,0.0918,0.6566,1.7344,0.3292,-0.8352,-0.8259,-0.4857,-0.2098,-0.0615,0.0771,0.6082,0.9872,-0.2258,0.4238,0.5395,1.0185,0.6556,-0.6316,-1.5666,-1.9646,-3.0373,-2.0652,-1.6972,-0.9991,-0.6388,-0.7203,0.0609,0.9881,1.6555,1.632,1.5207,1.3064,1.2342,1.5666,2.1463,1.4847,0.43,-0.3076,0.2533,0.1747,0.7108,0.1816,-0.0594,0.5204,0.2404,-0.0535,-1.1674,-0.6856,-0.2603,-0.097,-0.1249,-0.8451,-0.3633,-0.7772,-0.3898,-0.4929,-1.3599,-0.4624,0.6792,0.9998,0.8164,0.7293,0.5283,0.149,0.0108,-0.4863,-0.3774,-0.4616,0.0374,-0.3843,0.6628,0.5301,-0.2066,0.3799,-0.661,-0.7289,-1.939,-1.8959,-1.4451,-1.5199,-0.8631,-0.1255,-0.19,-0.3032,0.3632,1.0667,0.1867,0.4893,0.1657,1.018,-0.4843,-0.1033,-0.0449,-0.145,0.8447,0.3918,0.3395,1.2291,1.4426,0.4746,-0.4133,-0.2598,0.5784,0.9543,1.2878,1.574,0.9885,0.9641,1.8185,0.769,0.7931,0.5416,1.2518,2.4358,1.1891,-0.6879,-1.7476,-2.3909,-2.1111,-2.4396,-2.0874,-1.4997,-1.326,-0.7391,-1.5129,-1.5362,-0.8614,-1.3763,-1.2423,-0.3919,-0.3947,0.1202,0.4646,1.1527,2.0776,1.9254,0.9614,-0.4398,-0.668,-0.1571,-0.1537,0.0487,-0.0566,-0.005,-0.2655,0.2995,0.6994,-0.4552,-0.1187,-0.162,0.2791,0.4684,0.42,1.0963,0.182,0.6748,1.22,2.1358,1.1761,0.9708,-0.186,-0.3488,-0.7206,-1.1676,-0.2806,-1.557,-0.8805,-0.876,0.1468,0.1103,-0.3394,0.1758,-0.5575,-0.0013,0.1958,-0.5255,-0.4758,-0.1227,0.3375,-0.0004,0.6532,-0.4331,0.2428,0.5413,-0.0511,-1.0631,-0.056,1.4305,1.2597,0.811,1.1337,0.8303,0.9107,1.314,-1.8115,-2.6538,-1.823
"IC68",-0.4453,-0.507,-0.2139,-0.4843,0.2081,0.2623,0.1573,0.6429,1.4498,1.7696,0.7434,-0.6592,-0.8164,-0.2419,0.2271,0.0177,-0.2746,0.2223,-0.39,0.6634,1.6062,0.8755,-0.304,-1.0527,-1.6357,-2.1682,-2.3877,-2.7244,-2.7835,-2.0058,-0.6546,0.2766,0.6031,1.6233,1.1056,1.0248,0.8854,0.3922,0.2504,0.0211,0.5109,0.5252,0.3467,1.1375,1.9189,2.5117,2.7624,1.4764,0.8699,0.0641,0.4285,0.624,0.005,0.2518,0.4082,-0.0023,0.049,-0.0651,-0.5533,-0.9873,-1.2021,-1.2705,-1.0635,-1.4038,-1.463,-1.9378,-1.6343,-1.1807,-1.1557,-0.7801,-1.1286,-1.3508,-0.6065,0.4313,1.7511,1.7588,0.7865,0.2127,0.1443,-0.3505,0.6465,0.5829,0.757,1.2819,0.5729,0.3698,0.2816,0.4927,0.3421,-0.1028,0.5111,1.4368,0.5554,-0.7396,-1.3881,-1.4715,-1.6604,-1.1444,-0.7595,-0.0842,-0.0176,0.3344,0.1593,-0.4531,-0.3207,0.3506,0.9925,1.0451,0.8048,0.1503,0.3613,0.4174,0.9691,1.7357,1.6327,1.9301,0.0075,-0.5757,0.5242,1.0058,0.0434,-0.5987,0.9252,-0.9248,-2.1967,-2.5891,-1.4143,-0.7058,-1.2967,-1.7806,-1.2231,-0.6803,0.1499,0.2688,0.0192,0.4079,0.8381,0.9902,0.4898,-0.2099,-0.4834,-0.0874,0.105,-0.0144,0.0444,-0.1383,-0.5379,-0.1049,0.4161,-0.2236,0.2378,0.2692,0.2631,0.7096,0.8272,0.593,0.2253,-0.1946,0.1731,0.8362,1.5329,0.4717,0.4113,0.545,0.3662,-0.3702,-0.0079,-0.1097,-0.4373,-0.5631,-0.7663,0.0956,0.3676,-0.268,-0.6253,-0.8694,-0.9396,-1.6658,-0.7236,-0.4706,-0.2614,0.0704,-1.0391,-0.5766,-0.0762,0.2327,0.3263,0.5438,0.618,0.6533,1.1441,0.922,0.7413,0.8132,0.4705,-0.2058,0.5074,2.0607,1.7467,0.9383,-1.7209,-1.7074,-2.3526,-0.902
"IC69",-0.7321,-0.5617,-0.776,-0.4905,-0.5984,-0.4464,-0.7294,-0.0635,1.9656,1.1917,1.2069,0.9832,-1.1232,-1.4818,-0.8272,0.236,0.5205,0.4824,1.3323,1.0115,0.2974,0.0592,-0.5072,-0.6516,-0.2445,1.1642,0.8988,0.0856,-0.2817,-0.606,0.9569,0.6068,0.3617,0.7924,0.2225,0.6772,0.7715,-0.273,0.248,-0.5362,-0.4495,0.2471,-0.4075,-0.1985,-0.6905,-0.9109,-0.3009,-0.0711,0.6061,0.5066,-0.1758,-0.3461,-0.6634,-2.2817,-0.9157,-0.1519,0.1678,-0.7514,-1.2695,-0.574,-0.8218,-0.7942,-0.4468,-0.6943,-0.408,-1.1408,-0.3022,-0.1428,-0.1762,0.3098,1.0904,1.4369,0.9954,1.3279,1.107,1.3604,1.2821,0.4866,0.1533,-0.6336,0.0923,-0.1687,-0.6371,-0.6866,-0.9638,-0.4133,-0.376,1.0912,1.3106,1.3108,1.7972,-3.7947,0.4699,-1.7131,-0.8743,2.3547,1.8303,2.7961,1.0942,1.2596,1.9384,0.4171,0.7162,1.1705,-0.6851,-0.8002,-0.3192,-0.4149,-1.3503,-0.7497,0.461,-1.1736,-1.7099,-1.3481,-1.5597,0.7015,-0.5896,-0.1506,-1.0021,-1.7141,-0.0255,-0.8403,0.1425,-0.6571,0.0384,-0.7679,-0.5135,-0.8914,-1.6672,-1.448,-1.22,-0.7489,-0.2188,0.0402,0.3521,0.3065,0.5497,2.2873,1.807,1.6829,2.2228,1.1573,0.6212,0.8287,0.312,0.1217,0.372,0.3745,-0.0558,0.0719,0.8752,1.4597,0.3731,-0.7167,-0.9353,0.5462,0.0169,-0.8942,-1.123,0.0103,-0.1867,-0.1684,-0.0074,0.0487,-0.1574,0.0384,0.393,-0.7412,-1.0272,-0.1007,0.4542,0.2356,0.8141,1.0928,0.909,0.1923,-0.2954,-0.3273,-0.3713,0.3442,0.7835,0.4999,0.0457,0.0088,0.4202,0.0414,-1.2322,-1.0414,-2.7144,-1.9067,-1.2508,-1.211,-1.0156,-0.615,-0.6542,0.4077,0.4856,-0.3992,0.2328,0.3776,3.0881,-1.1728,1.2792,2.4389
"IC71",-0.1088,1.3801,1.1766,-0.0427,-0.609,-0.4257,-0.1758,0.8847,0.7239,1.0384,-0.2368,-1.2246,-1.9937,-1.249,-1.3445,-1.6311,-0.9361,0.1984,-0.3569,0.7423,2.0129,2.177,2.1019,2.1838,0.5033,-1.4056,-1.7324,-2.1998,-2.1023,-1.4722,-1.2488,-0.3059,-0.1285,-0.2711,-0.0736,0.2018,1.0099,0.999,0.6988,0.4795,0.6455,1.0671,0.9757,0.5689,0.4134,0.7805,1.1593,1.3909,0.0359,-0.2884,-0.2758,-0.0512,-0.6343,0.6231,0.6176,0.4469,-0.0007,0.0588,0.2049,-0.4803,-0.6256,-0.848,-0.3209,-0.6937,-1.0133,-1.2508,-1.473,-0.7717,-0.746,-0.0879,-0.4116,-1.0619,-0.1291,0.3683,0.0832,0.1895,0.2147,-0.5339,0.09,0.4264,0.9928,1.4201,2.3167,2.7991,1.9696,1.3974,0.6122,-0.7536,-1.0718,-0.6541,-0.1096,-0.5882,-0.0856,-0.0304,-1.9692,-3.2887,-1.7916,-1.6058,-0.1772,0.8088,-0.5264,-1.0246,-0.5616,-0.3037,0.2524,0.7547,0.2905,0.3718,1.1096,0.4691,0.0481,0.7717,1.0602,1.5735,1.743,1.3887,0.1035,0.7035,1.5188,1.8527,0.4175,0.157,-0.6864,-1.5115,-2.3833,-1.8301,-0.9861,-0.8196,-0.7283,-0.5598,-0.6721,-0.3254,0.0693,0.0221,-0.2875,-0.2513,-0.4007,-0.425,0.2804,0.5751,0.2486,0.7283,1.01,0.6919,0.8192,0.4663,0.2369,-0.1267,-0.1844,-0.3953,0.2895,0.0361,-0.195,-0.0799,0.0534,-0.1518,0.2627,0.1334,0.0195,-0.2531,-0.1123,-0.1132,-0.3947,-0.3464,-0.2147,-0.3463,-0.3835,0.6755,0.6835,0.1352,-0.0776,-0.0494,0.0083,-0.4853,-0.5489,-0.7822,-1.2721,-1.2296,0.033,0.4853,0.3661,-0.0454,-0.6085,-0.2266,0.1596,0.7124,1.0909,0.5979,0.6984,0.4566,0.7263,0.462,0.7187,0.3308,-0.1183,-0.6706,-0.3951,1.2347,2.0921,2.9211,-1.1885,-0.8267,-2.3105,-2.7924
"IC72",1.0376,0.5418,0.4485,0.7042,0.0289,0.0586,0.5533,0.2719,-0.503,0.4455,-0.1337,-0.7042,0.2497,-0.0361,-0.7319,-0.5403,-1.1422,-1.3585,0.7319,1.2277,0.5287,0.0298,-0.7298,-1.79,-2.6993,-2.7234,-2.163,-1.8001,-0.9941,-0.2089,0.0634,0.7589,1.1293,1.79,1.194,0.7985,0.7519,0.373,0.3486,0.5322,0.578,0.9839,1.6703,0.6447,0.4446,0.6233,-0.0317,0.7726,0.3427,0.8384,1.0027,1.082,-0.0974,0.1277,0.3329,0.0697,0.1474,-0.3501,-0.6806,-0.1766,-0.2405,-0.3476,-0.8499,-0.6903,-0.8141,-0.2349,0.4211,0.3492,0.0816,-0.7532,-1.0933,-0.621,-0.4286,-0.0771,0.7506,0.3092,-0.7921,-0.0775,0.7104,1.8575,1.0016,0.4464,-0.6395,-0.9893,0.6034,0.181,-0.1835,-0.1743,-0.7195,-1.1292,-1.2709,-1.5276,-0.8978,-0.8499,0.4454,-0.1625,0.4358,-1.4154,-1.521,-1.394,-0.7619,-0.2012,-0.8896,-0.5334,0.5768,0.6383,0.6501,0.328,0.5551,0.7609,1.0493,2.0215,1.9061,1.319,1.3499,2.1834,2.6974,2.0717,1.3922,1.0794,1.08,0.2775,-0.5917,-1.2946,-1.4171,-0.532,-1.7247,-1.5371,-1.1294,-1.2348,-1.1287,-0.595,-0.8314,-1.4797,-1.2264,-0.7422,-0.4172,0.0437,0.0141,0.6283,1.6118,1.5752,1.3655,1.0981,0.3142,-0.3345,-0.7944,-0.0833,-0.049,-0.4339,-0.8698,-0.9462,-0.7378,-0.4414,0.526,0.4186,0.2952,0.3436,0.5242,1.2431,1.4866,0.3262,-0.9328,-1.1065,-0.352,-0.2883,-0.045,-0.8637,-1.4086,-1.5379,-1.1151,-0.6886,-1.3812,-1.4475,-0.7676,0.2001,0.8204,1.1688,1.2184,0.666,-0.0759,0.5059,0.7505,0.5454,0.4012,0.7488,0.8756,1.2664,1.5302,1.3291,0.9183,0.3972,0.1562,-0.4042,0.3474,1.2937,1.133,0.7679,0.3536,-0.3568,-0.7906,-2.1178,-2.7099,-2.1595
"IC73",-0.502,-0.4456,0.2792,0.6208,-0.7152,-0.7068,0.365,0.012,0.886,0.0136,-0.4448,-0.8377,-1.2197,-1.1627,-0.8472,-0.9594,-1.5729,-0.4061,1.1393,1.2399,0.7686,0.9462,1.3382,1.6001,0.6339,-0.4788,-0.635,-0.6545,-0.7222,-0.1483,0.3537,0.4947,1.598,1.0886,1.3238,2.1314,1.0559,-0.1208,-0.1984,-1.0066,-0.9138,-0.015,0.9324,1.1019,1.724,2.2374,1.5462,0.6032,-0.0475,-2.0452,-1.7355,-1.3488,-0.0461,0.5067,-0.1069,-0.8645,-1.0542,-0.6478,-1.0507,-1.3084,-2.3511,-2.4073,-2.7409,-1.8481,-1.642,-1.325,-0.7571,0.0684,0.2296,0.4808,0.6889,0.8673,0.5434,1.2602,1.5691,1.1305,0.5475,-0.0068,-0.2285,-0.453,0.1112,1.5587,1.5298,1.4828,1.5519,1.5967,-0.1,-0.1822,-0.1514,-0.7133,1.2021,-0.1743,1.2495,-0.413,-1.0779,0.9469,0.2028,1.0617,0.6792,-0.4566,-0.4137,-1.0943,-0.6754,-0.8298,-1.016,-0.7995,-1.0858,0.4841,1.0167,-0.0984,0.3052,-0.2497,-0.3669,-1.1471,-1.1654,0.8584,2.2564,1.6857,0.4838,0.0139,-0.3251,-0.0212,-0.539,-1.3791,-1.2512,-0.2166,0.93,0.457,0.3464,-0.1059,0.0318,0.2833,0.4549,0.0087,-0.6713,-0.6133,-0.6441,-0.4837,0.1874,-0.2003,-0.3093,-0.719,-0.5261,-0.4035,-0.1958,-0.7267,-1.0037,-0.7675,-0.8513,-0.4677,-0.5093,-0.5861,-0.7923,0.2529,0.1835,-0.1581,0.1631,0.693,1.0634,0.8145,1.3234,1.1866,1.418,1.3546,1.171,0.7158,0.7921,1.5065,1.2493,2.0508,2.0695,1.476,0.4774,0.1348,-0.1125,-1.255,-1.448,-1.3573,-0.4106,-0.7593,-0.6479,-0.3064,-1.0309,-0.7566,-1.1856,-1.2976,-0.9389,-0.5774,-1.1613,-0.9388,-0.2025,-0.5141,-1.2329,-0.7346,0.6931,0.5062,0.3966,0.303,0.1063,0.3674,3.0398,0.7652,-0.5784,-0.3234
"IC74",0.5653,-0.3379,-1.3135,-0.8729,-0.5708,-0.1563,0.3422,0.6336,-1.0777,-0.2763,-0.0369,-0.7285,-1.427,-2.5424,-0.6391,-0.3934,-0.7612,1.6461,2.8934,2.3995,2.0565,1.3739,0.5426,0.1337,-0.0711,-1.6872,-2.2787,-1.0182,-1.0669,0.5278,0.2644,1.2403,1.2263,1.4366,1.1432,0.8129,1.1395,0.4239,0.1706,0.2112,-0.4384,-0.6004,0.5059,1.1296,1.6275,1.1699,0.769,1.5078,0.3553,-0.9662,-0.6474,-0.5954,-1.3255,-0.2807,-0.517,-0.6312,-0.958,-1.1988,-0.6516,-0.5952,-0.7249,-0.8621,-1.7355,-0.7627,-1.5856,-1.0604,-0.9984,-0.8665,-0.0905,-0.3282,-0.1543,-0.1137,0.6097,0.3028,0.3197,1.0395,0.252,-0.112,-0.8176,1.432,0.5145,0.3634,1.8079,1.0415,1.9948,0.675,-0.1069,-0.3461,-1.6226,-0.201,0.466,1.4627,0.174,0.2994,1.8689,-2.4826,0.2057,-0.8265,0.0639,0.0296,-1.0824,0.0902,-0.2149,-0.5814,0.1144,-0.5504,0.3605,1.1802,0.5318,0.1023,-0.362,0.2649,0.5484,-0.0512,0.3099,2.32,2.3499,0.6158,0.6703,0.699,0.5493,-0.0961,0.3518,-0.7595,-1.7982,-1.5086,-1.8195,-0.9369,-0.6001,-0.3101,-0.6281,-0.3584,-0.0166,-0.9396,-0.3826,-0.4688,-0.538,0.2118,-0.3445,-0.3561,-0.9651,-2.2876,-1.775,-0.183,0.2262,-0.5438,0.1388,0.2697,0.3189,0.1874,-0.5332,0.3633,0.7866,0.2974,1.467,1.1416,1.0721,1.1215,0.23,0.0662,1.0526,2.0667,1.043,0.1581,0.4395,-0.0881,0.8447,0.6054,1.3008,0.5491,-1.5485,-0.8634,-0.2798,0.383,0.1192,-0.6171,-0.2032,0.1101,0.7838,-0.3205,-0.6221,-0.3377,-0.3856,0.5132,0.1028,0.0351,-1.1182,-1.382,-0.51,-1.2994,-1.2398,-0.4461,-0.0897,-0.4286,0.801,1.5168,1.2553,1.9727,1.3127,0.5904,0.3175,-2.4323,-1.764,-0.5745
"IC75",1.1918,0.1355,-1.0899,0.177,1.2434,0.8837,0.1694,-0.7731,-1.4801,-1.0421,-0.6264,-0.6691,0.3446,0.4949,-0.3216,-0.3796,0.6432,1.2158,0.7337,0.6007,0.3871,-0.5342,-1.081,-1.3895,-1.2799,-1.2487,-1.5944,0.1358,0.5281,1.4683,1.3861,0.9351,1.0652,0.6454,0.5571,0.0238,0.7373,0.9432,-0.4025,-0.1242,-0.7862,-1.8855,-0.5257,0.1864,1.967,1.0041,0.3311,0.7474,-0.4456,0.3715,-0.0486,-0.7283,-1.422,-1.1309,-1.2534,-2.1725,-1.4507,-0.0689,1.337,1.1872,0.1276,0.3328,-0.9204,-0.0518,-0.0276,0.7463,1.2327,-0.6471,-0.3538,-0.2048,0.8296,1.601,1.2985,0.8523,-0.2354,-0.1117,-0.5796,-0.4116,-0.117,0.396,-0.4274,0.3856,1.2123,0.2915,0.011,-0.3306,-0.1382,0.1414,-0.0083,-0.7222,0.3577,-2.1888,-1.5517,0.4128,-2.3835,-0.9078,0.4116,-0.0816,1.189,0.1446,0.5101,2.4389,1.2628,0.2018,1.135,0.311,-1.1919,-1.0494,-0.8179,-0.1917,-0.984,0.0304,0.3628,0.0318,0.2227,-2.8101,-2.4345,-0.205,0.3381,-0.0609,-0.4666,-0.0443,-0.5122,0.3313,0.492,2.0326,2.106,1.6575,1.5971,1.9781,1.5247,1.9947,0.8693,0.0284,-0.282,-0.4105,0.2107,0.5154,-0.8823,-0.4212,0.8388,0.2367,-1.7831,-1.9666,-1.673,-0.8682,-1.1886,-1.7379,-0.8268,-1.8335,-1.4989,-1.0944,0.6516,0.8469,-0.0137,-0.4985,-0.5659,-0.2916,0.1224,0.1586,1.109,1.1169,0.3802,1.0535,1.4757,1.7044,0.778,0.5803,0.4827,-0.5396,-1.2964,-1.3282,0.0311,-0.2914,-0.2052,-0.0188,-0.1408,0.9987,1.2915,0.3614,-0.7291,0.2056,2.0019,1.1017,1.0892,0.5533,-0.4147,-0.7933,-0.1008,-0.5903,-1.8404,-1.8715,-1.3825,-0.7989,-0.1727,0.1161,0.3191,0.5855,0.4551,0.2482,-0.6481,-0.6252,0.952,0.967
"IC76",0.2911,0.151,0.657,0.8212,1.2324,1.0733,1.2939,1.2413,0.9167,0.1913,-0.3759,-0.4972,-0.3027,-0.5805,-1.0505,-1.0022,-0.7012,0.0913,0.2557,0.784,0.3354,-0.007,-0.5305,-1.4456,-2.0827,-1.9543,-2.3387,-3.0213,-2.4542,-1.1698,-0.2114,-0.2516,0.2358,0.7415,1.1772,0.9494,0.6416,0.733,0.8643,0.9028,1.2547,0.8254,0.6654,1.1243,1.2311,1.0365,1.0073,0.7792,0.5282,0.574,0.664,0.2,0.2484,-0.3973,-0.5007,-0.5266,-0.3299,-0.3172,-0.4834,-0.7206,-0.7396,-0.4698,-0.4594,0.1695,0.2266,-0.372,-0.2772,-0.4263,0.1797,0.2388,0.016,0.3222,-0.0576,0.1423,0.3915,0.3633,-0.1689,-0.1252,-0.5532,-0.4709,-0.758,-1.5075,-1.9998,-2.0996,-1.7772,-1.3671,-0.791,0.2539,0.9439,0.9434,0.2223,2.8017,3.5215,2.4626,0.6644,0.6444,0.9904,0.8919,0.4503,-0.4689,-0.33,-0.1483,0.0197,-0.5829,-0.6457,-0.6737,0.033,0.3787,0.2507,0.571,0.6193,0.1976,-0.226,-0.6857,-0.4116,0.4784,1.0469,1.0163,0.6272,-0.2341,-0.6776,-1.1661,-1.3205,-1.737,-1.5886,-1.9111,-1.9342,-1.6374,-1.6614,-1.6179,-1.3202,-0.4929,-0.0736,0.332,0.3408,0.9711,1.1584,1.0717,1.128,1.1978,1.8139,1.96,2.0151,1.6732,1.0545,1.1509,0.3213,0.1448,0.232,0.0915,-0.2244,-0.3228,0.5921,0.8318,0.9614,0.966,0.4191,-0.1,-0.6107,-0.7043,-0.5252,-0.6976,-0.7369,-1.075,-0.9234,-1.0942,-1.3921,-1.794,-1.4324,-0.8932,-0.4705,0.2308,-0.154,0.1528,0.5821,1.1074,0.7846,0.0508,-0.6951,-0.9939,-0.7207,-0.3998,-0.1647,0.138,-0.0164,-0.1352,-0.0201,0.0325,-0.0951,0.1848,-0.1649,-0.3532,-0.3468,-0.0105,0.2365,1.2615,2.1952,1.8986,1.4792,0.3514,-0.3682,-0.9872,-0.6899,-0.3816
"IC77",0.5698,0.6591,0.4964,0.4207,0.7116,1.687,1.6904,1.622,0.1148,-0.7785,-0.6887,0.2403,-0.2268,-0.5517,-1.0031,-1.0771,-0.5238,0.2323,0.8332,1.0119,0.9244,1.0279,1.1342,0.4545,-0.9028,-1.4669,-2.2192,-2.209,-2.0826,-2.125,-1.9477,-1.5784,-1.7628,-1.8119,-1.1027,-0.5004,0.2608,0.862,0.6287,1.0842,1.3293,0.8546,0.6789,-0.2538,-0.3002,-0.6132,-0.6195,0.5881,1.3719,2.2414,1.3153,0.6255,0.7043,0.8354,0.2798,0.2256,-0.2523,0.6298,0.4046,0.4178,0.0259,0.396,0.4556,-0.1201,0.0876,-0.1062,0.1176,-0.0333,-0.2505,-0.5044,-1.0935,-0.6088,0.0232,0.1557,-0.0676,0.7373,0.9443,0.4154,0.1166,-0.3447,-0.9997,-0.9766,-0.5122,-0.1422,-0.1713,-0.274,0.3348,0.9981,1.0455,1.162,0.9274,-1.5455,-0.1463,-0.3183,-1.1113,-1.6449,-0.7154,-0.8187,0.3306,0.5322,-0.1524,-0.6027,-1.0252,-1.078,0.4407,0.5059,-0.3484,0.0864,0.3176,0.5205,0.7641,0.5946,1.1739,0.6558,-0.0092,-0.4128,0.4148,0.1372,0.2787,0.7398,1.2333,1.2039,-0.0391,-0.3911,-0.9124,-2.1751,-2.541,-2.0314,-1.2476,-0.5277,-0.7134,-0.3843,-0.6954,-0.8626,-0.246,0.0983,0.717,0.6008,1.1153,1.7328,1.1984,1.2912,1.0603,0.887,0.7688,0.8981,1.3786,0.7271,1.1194,1.1738,0.6926,0.5123,0.4875,0.5088,0.4853,0.603,0.8083,0.5474,-0.1793,-1.1121,-0.9167,-0.6961,-0.3438,-1.4067,-1.8114,-1.3001,-0.952,-0.1024,-0.225,-0.4771,-1.0339,-1.2329,-1.8639,-2.0639,-0.9737,0.0144,-0.4008,-0.4645,-0.5628,-1.041,-1.4672,-1.3758,-0.6125,-0.1618,0.1488,0.3618,-0.0447,0.6982,0.9201,1.8716,1.7471,1.6335,1.5116,0.7356,1.1726,1.5679,1.2754,0.8337,1.3113,1.4158,-0.2865,-0.741,-2.0761,-2.248
