"IC05","2.4266","1.3405","1.0414","0.5468","0.3484","-0.6536","-0.5610","-0.5126","-1.8252","-1.4561","-0.0961","-1.2011","-0.0863","-0.0971","-0.7457","-0.2129","-0.2616","0.6337","0.5884","-0.0628","0.0103","-0.7886","0.1409","1.6610","0.6592","1.5643","0.6483","0.0171","0.0117","1.0415","0.1935","-0.9116","-1.4507","-1.2403","-0.8885","0.4143","0.2433","-0.3892","-0.5922","-0.0325","0.0266","1.1766","1.5548","0.8805","-1.1198","-1.6766","-1.5320","-0.0382","-1.8453","-0.7283","0.2890","0.1457","-1.3689","-1.3724","-0.1553","-1.1946","-1.1462","-0.8600","0.2338","1.6406","0.9543","0.4260","1.9339","2.7505","2.4132","0.4749","0.5274","-0.3103","0.2407","-0.0279","-0.4257","-0.4774","0.1847","0.4030","1.2742","0.2785","0.7165","0.5397","0.3170","-0.4552","0.6754","0.2564","0.4462","0.5003","1.4895","1.1432","-0.1114","0.2035","0.1570","-0.3192","-0.7050","-0.0097","-0.0896","-1.6205","-2.7298","-1.7550","-1.1332","-0.2048","-0.9946","-1.4118","-0.6499","-1.6889","-1.1105","-0.7155","-1.0622","-1.3112","-1.6607","-0.9264","-0.7080","0.3557","1.0830","1.1708","1.8966","0.4904","0.7262","0.2491","1.2981","2.3121","1.0155","1.7709","0.2333","-1.1997","0.7130","0.5128","0.5115","-0.0526","1.1496","1.0514","0.4562","-0.4218","0.8248","-0.5646","-0.0947","-0.9500","-0.4184","0.3858","-0.5093","-1.3056","-1.0217","1.1185","1.3042","0.3478","1.0714","0.2621","-0.1288","0.0895","0.9550","-0.3059","-0.0064","0.8148","-0.0145","-0.4503","-0.7986","-1.0572","-1.0111","-0.6238","-0.8234","-0.4310","-0.0139","-1.7305","-0.7501","-0.4747","0.5163","0.6337","-0.5325","-0.6096","-1.2560","-0.3984","0.4866","0.2295","1.4966","0.5544","0.8789","-0.2198","-0.5101","1.6869","1.1586","-0.3872","-1.3429","-0.4250","-0.9245","-0.2083","0.3456","-1.1262","-0.7560","-0.1913","0.0078","-0.0649","1.5346","0.4596","0.6742","0.3017","-1.0917","-2.1589","2.5924","0.4820","0.2318","0.3170","1.3489","0.8930","1.5253","0.6841","-1.4872","-2.4284"
"IC08",0.2732,0.4971,0.5023,0.0247,-0.8807,0.2553,1.2234,-0.4207,-1.0345,-1.4041,-0.1393,1.4807,1.908,0.2126,0.8589,0.1872,0.1483,0.2556,0.0588,-0.3802,-1.9534,-1.2528,-0.5674,0.2489,1.0067,0.9151,-1.1722,-0.5042,0.178,-0.4461,-0.3014,-1.1753,-1.6646,-0.7353,-1.1834,-0.6211,-0.1521,0.2666,0.8458,1.1655,0.7676,1.3541,-0.0741,0.2285,-0.58,-0.1118,-0.8538,-1.1057,0.3875,1.3003,1.159,-0.0178,0.6131,0.9117,1.8009,1.3499,0.6223,-0.5073,-0.2904,0.552,-0.453,-0.6111,-0.9459,-1.1224,-0.0312,-0.703,-0.0252,0.29,0.8814,-0.4022,-0.2499,-0.6849,0.229,-0.1809,-0.1902,-1.4013,-0.7308,-0.7654,0.4486,1.0049,1.6463,-0.0716,-0.4303,-0.5038,1.1453,0.042,-0.3111,2.0626,2.3816,1.6485,-0.574,-0.0886,-0.2263,-0.281,-1.2827,-0.0651,-2.0346,-1.1592,-0.5254,-1.5211,-1.1718,-1.2127,-0.9593,0.2019,0.7225,0.6623,1.3807,1.7316,1.2991,0.215,-0.1956,-0.7218,-0.4619,-0.4469,-0.8976,-1.4166,-0.572,-0.295,-0.3313,0.4983,0.4004,1.0431,1.2846,-0.4081,-1.0657,0.1739,0.835,0.3947,-0.4863,-0.8838,0.0615,0.7,1.6575,0.9698,0.6298,1.6588,1.0145,0.8283,0.5673,-0.3178,-0.4142,-0.2744,0.3232,-0.661,0.0989,-0.7089,-1.3397,-1.7116,-1.133,-0.2888,0.5451,0.0251,0.4525,0.1403,-0.449,-0.6857,-0.8744,0.6292,1.1371,1.8337,1.997,-0.528,-2.2636,-0.2733,-0.7233,-0.539,-1.5556,-1.3319,0.3421,0.1265,0.3291,1.3004,2.0944,1.6538,0.5366,-0.6688,-1.7493,-2.9453,-2.6314,-1.1157,-1.3403,-1.3675,0.596,1.6416,0.8716,0.765,0.7685,1.6617,2.0537,-0.1073,0.9187,1.403,1.8098,0.9596,0.6671,-0.3369,-1.0305,-1.6671,-0.4935,-1.2152,0.0179,0.342,-0.943,0.002
"IC09",-0.1092,0.0662,-0.3545,-0.9743,-0.0349,-0.6755,-1.6434,-0.8919,-0.494,-0.0836,0.2389,0.9635,1.0102,0.6994,-0.8674,-0.4294,0.2545,-1.2744,-0.2539,-0.3676,0.2341,0.1199,-0.0217,0.9411,-0.1371,1.4846,2.277,4.0387,2.6316,1.1418,-0.2266,-1.1896,-0.4054,-1.3913,0.0913,-0.0114,-0.0492,0.3918,-0.6115,-0.5071,-0.6105,-0.496,-0.8258,-1.4513,-1.0272,-0.7548,-0.4757,0.666,2.1263,0.5237,0.236,0.3791,-0.62,-0.8761,0.1338,-0.4023,0.0717,-0.3126,-0.4937,-0.4001,-0.2302,0.2405,0.3892,0.7517,-0.0394,0.0483,-0.2175,0.0438,-1.0773,-0.4411,0.2393,0.4657,0.2076,1.4917,-0.7305,-0.6683,-0.4818,-0.1562,-0.4324,-0.2988,-1.1019,-1.7172,-0.6124,-0.029,-0.0111,-0.0351,1.0997,1.1314,1.2168,1.2088,0.6888,0.0525,2.5989,1.765,1.0206,1.1629,-0.0001,-1.7163,-2.2669,-1.4891,-1.32,-0.6592,0.1326,-0.6301,-0.642,1.0139,0.5598,0.6305,0.224,-0.1921,0.0609,-0.0051,1.2263,0.7249,0.1474,-0.875,0.3324,0.5422,0.4061,1.2392,0.5148,-0.3691,-0.9278,-1.372,-0.833,-1.1491,-0.8852,-0.9173,-0.3127,0.7147,-0.2017,0.6901,0.1712,1.1318,0.5533,0.5974,1.4237,0.5163,-0.7849,-2.0549,-1.1097,-0.5073,-0.8136,0.2108,-0.1609,-1.4466,-0.8661,-0.3088,-0.481,0.5201,-0.2863,0.0577,-0.3419,0.4491,-0.3572,0.803,-0.0183,-0.1406,0.7884,2.4091,2.8558,2.5236,1.7608,-0.5743,-0.7931,-0.6487,-0.2912,-0.9248,-1.403,-0.2791,1.0013,0.4961,0.3217,-0.6928,-1.4247,0.5183,0.4235,-0.7715,-0.7857,-0.6602,0.9402,0.0129,-0.7965,-1.4992,-0.3921,0.7088,2.1699,1.1974,-0.8883,0.3756,0.6213,1.3679,0.8598,-1.6661,-1.6586,1.3469,1.8519,0.9598,-1.2638,-1.5129,-1.6469,-1.2174,-0.3356,0.9499
"IC15",-0.4078,-0.7399,-0.1611,0.21,-0.661,-0.1738,-0.2849,-0.0666,-0.5208,-0.0638,-0.478,0.7052,0.2495,0.4081,0.7019,-0.2015,0.468,0.5762,0.2854,-0.0498,-0.3741,1.0912,1.5572,0.6886,0.1292,-0.7681,-1.1892,-1.1468,-1.0438,-0.6945,0.4529,-0.1741,0.56,-0.108,-0.0342,1.4259,0.1831,0.8867,0.6609,-0.0872,-0.0185,0.0003,-1.0052,-1.2148,-0.3135,0.7939,1.3103,0.4143,0.9302,-0.6566,-0.265,0.1116,0.3609,-0.5591,-0.8236,-0.6279,-0.659,-1.6887,-0.4167,0.0352,-0.0704,-0.2747,0.3993,-0.579,0.1108,0.7236,0.9581,0.0327,-0.8738,-0.0133,-0.3313,0.0386,-0.2927,0.0655,0.6025,0.464,0.4156,1.7888,1.3613,0.5026,-0.5391,-0.7009,-1.2428,-0.0945,-0.097,0.9812,1.0143,2.1968,1.8087,0.7085,0.8021,-0.186,-1.2605,-0.8067,-0.6744,-1.0354,-1.9758,-1.815,-1.4914,-0.8008,-0.5186,-0.5916,0.3419,0.5153,-0.3494,0.8507,1.1303,0.3818,1.0404,-0.2207,-0.2291,-1.1613,-0.9152,-0.0818,-1.4057,-0.9781,-0.5272,-0.0745,1.245,1.5306,1.4791,2.1124,0.7177,0.5865,0.5193,-0.338,-1.9029,-0.7945,-0.1479,1.1157,0.3798,-0.1225,-0.1958,-0.5627,0.7827,0.5935,-0.6283,-0.8283,0.44,0.2271,-0.1995,0.6338,0.4233,-0.018,-0.2353,-0.0044,-0.4064,0.346,-0.2017,1.0268,0.4663,-0.3208,-1.3542,-1.1478,-0.0997,-0.483,-0.0101,0.6079,0.1521,-0.1744,-0.3703,0.9288,0.603,-0.1267,-0.4121,-1.2755,-1.7762,-0.1341,0.5314,0.8903,1.7188,1.4725,1.107,-0.02,-0.5783,-0.8365,-0.7529,-1.8248,-0.9745,-1.2179,-0.4736,-0.5423,-0.244,-0.5655,-0.3484,0.376,0.0687,1.2413,0.376,0.1951,1.087,0.0238,0.4428,4.8707,4.066,3.2682,1.653,-1.3455,-2.3509,-2.5286,-1.684,-1.4973,-1.8219,-0.9747
"IC16",-0.7824,-0.2187,0.3518,-0.2684,0.0306,0.4979,0.6159,0.3748,-0.4642,1.456,2.3704,1.4986,-0.0008,-0.1744,-0.9303,-0.496,-0.3571,-0.6564,-0.3251,-0.9656,-0.5539,-0.2198,-0.3787,-0.1295,0.0207,0.2775,-0.1546,0.8503,0.7518,1.3111,-0.5296,-1.3452,-0.7424,-1.3176,-0.7374,-0.2817,-0.1561,-0.301,0.1213,1.8034,1.3118,0.3719,-0.4129,-0.8501,-0.7308,0.2502,-0.1978,-0.3573,-1.1934,-1.5805,-0.7586,0.4195,0.8007,1.3541,1.7203,0.279,-1.3176,-1.2107,-0.664,-0.623,-0.2908,-0.4837,-0.1613,0.2316,-0.6543,-0.0543,0.7789,0.3481,-0.2159,0.2292,0.1825,0.576,0.896,1.3568,1.162,1.7653,1.9899,1.9403,1.2117,0.3602,-0.3848,-0.4347,-0.4762,-0.1484,0.147,-0.869,-0.5353,1.4174,2.194,1.4633,-0.2656,-0.907,-2.845,-4.1805,-1.9382,-1.0927,-1.659,-1.0105,-0.5319,-0.0207,-0.2237,0.187,0.6414,0.0105,-0.3925,-0.5731,-0.3944,1.5536,0.6159,0.6214,1.0966,0.6951,-0.1422,-1.4289,-0.2057,-1.0341,-0.478,0.1751,-0.3977,0.18,0.7493,0.6085,1.1585,1.0785,1.38,0.3674,0.3786,-0.7531,-0.477,-0.476,0.4902,0.8994,0.1825,0.7176,0.2107,0.0149,-0.6746,0.2983,-0.2952,-0.271,-0.0916,-0.9561,-0.5987,-1.4855,-1.2623,-0.6871,0.9901,0.5727,0.1298,0.9664,0.05,0.4812,0.6012,0.5835,0.6923,0.315,0.1445,0.3478,0.9946,0.7566,0.5691,-0.323,-0.3306,-0.0773,0.3577,-0.1268,-0.1392,-0.3944,-0.8738,-1.7204,-0.6645,-0.6322,0.0081,0.6177,0.4601,0.2835,-0.3748,-1.5195,-0.8055,-0.4273,-0.8715,-0.2226,-0.7236,-1.9245,-0.7656,-1.0864,-0.3482,0.2256,0.5057,0.2331,-0.2457,0.0021,2.9834,1.2326,4.8775,2.7769,-0.565,-1.7104,-0.0038,-0.5109,-0.2084,-1.2982,-0.7348,0.3111
"IC17",-0.1438,0.5912,0.0465,-0.3016,-0.5182,0.7479,1.0329,0.3671,0.3204,0.7578,0.0439,1.0294,-0.5595,0.6749,0.741,-0.7041,0.5303,0.8918,-1.0667,0.5555,-0.0422,1.1602,1.3269,0.1635,-1.0708,-2.3277,-1.7721,-0.9127,0.4499,-0.1995,0.1929,-1.4607,-1.0152,-0.6596,-0.2153,0.6713,0.1597,-0.3066,0.1588,0.4197,0.9885,-0.0875,-1.0412,-0.4791,0.5335,-1.0401,-0.273,0.0538,0.3389,-0.8255,-0.2398,-0.3841,1.0788,0.1395,-0.2305,-0.0405,0.7781,-0.7478,0.7235,-0.1385,-0.8952,-1.8375,-0.6605,-0.7289,-0.529,-0.1553,-0.7874,-0.0724,0.1369,0.0493,0.0268,0.8066,0.971,1.0405,0.9077,0.2711,0.599,1.8957,0.7961,0.603,0.9163,2.2699,0.5772,0.891,-0.1636,0.1578,-0.5539,2.4111,2.0474,-1.5623,1.3655,1.6802,-1.6418,-0.8293,-1.502,-2.099,-1.3177,-0.3769,-0.4181,-0.9276,-0.8689,-1.4411,-0.6437,-0.0142,-0.8127,-0.4009,-0.3063,0.0176,0.2176,-0.3123,0.762,0.2457,-0.0349,0.7943,-0.9106,-0.3194,-0.1869,-0.9069,-0.3269,0.7081,0.1686,-0.1404,-1.4763,-1.3797,-0.1189,-0.0446,-0.5653,-0.2617,0.597,1.5761,0.4343,0.4132,0.95,-0.7062,0.2591,0.9707,-0.1338,-0.8859,0.6952,1.405,0.1455,1.0419,0.6177,0.0619,-0.8091,0.3638,0.1161,0.2523,0.9139,0.7971,-0.2997,-0.3944,-0.5806,-0.3791,0.5456,-0.29,0.8405,1.0364,0.0222,-0.0038,-0.1952,1.0183,0.394,0.8956,1.0444,0.4703,-0.0882,0.219,1.0855,0.4418,-0.8017,-0.6808,0.0505,0.4173,-1.1461,-2.4341,-2.1572,-2.2751,-0.1747,-1.3083,-0.4045,-0.8393,-1.2276,-1.4074,-0.7906,-0.6205,-0.7129,-0.7715,-1.3997,-0.8714,-0.1456,-2.1671,-1.2923,5.6739,3.2554,1.0132,0.3781,0.6683,0.801,0.7041,0.3581,1.3349,0.4344,0.0135
"IC18",-1.9117,-0.2688,0.3393,-0.4541,-0.4694,-0.9592,0.1593,-0.4282,-0.7999,-0.6224,0.7303,0.426,0.7577,-0.2007,0.3575,-0.0094,-0.6258,1.1145,0.6107,1.0277,-0.0975,-0.4374,1.7892,0.9156,-0.6831,-0.8674,-1.915,-1.5068,1.1784,1.4291,0.1048,0.5504,-0.7277,0.2248,0.4958,1.049,0.4171,0.4883,1.6464,0.944,0.23,0.8417,0.865,0.3413,0.5857,1.0901,-1.5557,-1.229,-2.4531,-2.5004,-1.5857,0.156,0.6732,1.2015,0.0945,0.3604,-1.7635,-0.607,-1.469,-0.2375,-1.13,-0.8529,-0.1541,0.3026,0.132,0.5865,0.274,1.387,0.8081,0.0387,0.1564,0.0526,0.7792,0.225,0.5797,0.1102,0.7598,1.0948,1.1502,0.3374,0.7569,-0.3366,0.7385,0.3,0.6798,0.5335,0.929,-0.2875,0.1481,-0.1718,-2.73,-1.4595,-0.392,-2.011,-2.5777,-2.0024,-0.8773,-1.5794,-0.1528,0.0874,0.5252,1.5728,0.9487,0.2013,1.1812,0.4401,0.6708,-0.8111,-1.209,0.9254,0.7214,-0.4948,0.327,0.938,0.1991,-0.1391,-0.7568,0.9081,1.0579,1.1237,0.2935,-0.5854,0.5526,0.4047,0.0349,0.1972,0.7036,-0.184,0.1077,-1.0695,0.7263,-0.8147,-0.2043,0.1973,0.2039,0.0264,-0.3968,0.069,-0.3165,1.163,-0.0917,-0.5549,-0.1589,-0.739,-1.2281,0.1106,0.0402,-0.1511,0.1755,-0.2629,0.3733,0.1457,-0.21,0.2283,0.882,0.3717,0.3985,-0.2018,-0.0491,-0.4705,-1.3038,-0.9818,-1.5963,-0.3621,0.1267,-0.2833,0.4812,0.2315,0.0765,1.1639,0.2464,-0.6935,-0.2509,-1.659,-1.4475,-0.1951,-1.2205,-0.5353,-0.2668,0.6695,1.3707,0.8576,-0.1968,0.782,0.4512,1.7361,2.6466,2.2291,2.8735,2.4699,2.0008,1.5544,1.0787,-0.8953,0.3584,-1.0053,-2.4774,-2.0889,-1.6984,-1.1769,-0.7038,-1.8553,-0.8301,-0.7693
"IC19",2.4108,2.404,1.6874,0.8174,0.9238,1.2619,1.2165,1.4352,1.6795,1.286,0.4419,0.3422,-0.9104,-0.4927,-0.3115,0.0182,-0.8795,-0.3771,-0.6665,0.0607,0.223,-0.7842,-0.8999,-1.6018,-2.1239,-1.71,-2.1891,-1.914,-2.0526,-2.5405,-2.8208,-1.9312,-1.5111,-1.9681,-1.8291,-0.693,-0.3618,-0.4855,0.5407,0.6056,1.5468,1.571,0.8143,-0.4916,-0.3043,-0.5869,0.3725,0.965,1.1238,0.7226,0.5621,0.8663,0.4063,1.3736,1.2901,1.6054,1.7073,0.8441,0.8375,0.9339,1.3335,0.7307,0.5377,0.772,0.2155,0.782,0.5303,0.401,0.5876,0.5787,1.0132,0.1677,-0.7728,-0.6635,-0.489,-0.3376,-0.1472,-0.3478,-0.0817,-1.1912,-1.2221,-1.3627,-1.1636,-1.2855,-0.9924,-0.913,-0.2824,-0.8629,-0.45,0.6662,1.5479,0.6556,0.008,-0.5198,-0.8118,-0.0902,-0.2024,0.1146,-0.2951,-0.5463,-0.6593,-0.4496,-0.1159,-0.1562,0.1817,0.2344,0.4367,0.1732,0.1658,0.3398,-0.1458,-0.2753,-0.5613,-1.0113,-0.724,-0.3828,-0.3158,0.0047,-0.2012,-0.1831,0.8638,0.7037,0.0905,0.4985,1.1566,1.0427,0.8018,0.4736,-0.0443,-0.7323,-0.3412,-0.2187,-0.0164,-0.239,0.3518,0.3553,0.6939,0.4945,0.1674,0.6179,0.4961,0.4209,0.5982,0.5766,0.5455,1.1043,0.3463,0.1194,0.6172,0.2872,0.4585,-0.2831,-0.0233,-0.4959,-0.0815,0.0472,0.3941,-0.023,-0.2478,-0.2584,-1.1173,-0.8857,-0.7101,-0.9391,-0.705,-0.3096,-0.5365,0.0967,-0.5266,-0.3709,-0.5436,-0.2801,-0.5069,-0.2529,0.3827,0.5888,0.2019,0.2586,0.2849,0.0213,-1.3102,-1.2182,-1.4195,-0.9213,-0.6503,-1.6125,-1.8062,-1.5635,-1.8336,-0.7957,-0.9129,-0.6015,-1.9,-0.7578,1.9849,2.2882,2.0985,2.3691,1.9225,1.431,1.4931,1.3459,1.4888,0.9867
"IC20",-0.3002,1.1608,0.9304,0.5784,0.8912,-0.7644,-1.059,-1.12,-0.2193,-1.184,-2.0263,-1.1677,0.6302,0.2752,1.2806,0.755,0.2327,1.6093,0.8164,0.3926,0.1392,-0.6138,0.0309,-0.2902,-0.4194,0.3888,0.9385,-0.2011,0.4483,0.0463,-0.3472,0.3989,-0.1827,-0.4064,0.0181,-0.057,-0.3216,-0.0997,0.6288,0.3354,0.4469,0.4534,0.713,0.6716,0.8249,0.7709,-1.6464,-1.8856,-1.5843,-0.7641,-0.2695,-0.2355,-0.5685,-0.9085,-1.6458,-0.7285,-2.6577,-0.794,-0.6984,1.1993,0.2001,1.9073,0.6442,0.7022,-0.3486,-0.1293,-0.8171,0.1426,0.8442,-0.0654,-0.5846,-0.643,-0.6121,1.1981,1.391,0.2717,1.2012,0.1842,1.0679,0.3628,1.6482,1.1381,1.7885,0.7023,1.6251,0.4152,0.5848,0.5944,1.8867,0.9779,0.4043,1.0101,0.7709,-1.7906,-2.2992,-1.7992,-1.5194,-1.5709,-0.2432,-0.752,-1.9106,-0.8935,-1.5199,-2.5979,-1.4137,-1.9968,-1.1182,-0.9235,-0.7791,1.0685,0.2388,0.8937,1.5067,0.7032,1.0155,1.2192,0.4012,2.1669,0.5215,1.0848,0.3448,-0.6735,-0.3683,-0.9054,-0.8268,-0.5447,-0.356,-0.3311,0.5478,-0.1262,0.6429,-0.3333,-1.0238,0.8177,0.6551,-0.2261,0.0626,-0.3283,-0.3534,1.2016,0.9523,1.0748,1.3604,0.6807,-0.4797,1.3364,1.1068,0.3699,0.9472,-0.1349,0.3391,-1.1116,-1.5365,-0.797,-0.8309,-0.8206,-0.9785,-1.2995,0.0616,0.2503,0.5824,0.5065,0.6448,0.9923,0.3336,-0.4439,-0.2655,-0.0623,-1.2281,0.2147,0.3327,-0.2558,-1.8032,-0.7004,1.5045,1.2878,0.0787,0.958,-0.8467,-2.0571,-1.6501,-1.0785,-1.4105,-0.1404,0.2077,0.2915,-0.3248,0.7802,0.2527,0.7169,-0.3612,-0.7525,0.974,0.1404,3.4001,2.0508,-0.1321,-0.2224,0.4588,0.3642,-0.2799,-1.6095,-0.1426,-0.667
"IC23",-0.7231,-1.1667,-0.2385,-0.6036,-1.4865,-1.4407,-0.2582,-0.4882,-0.4166,-1.489,1.3756,0.6593,2.5061,0.8351,0.7672,1.5619,0.9889,1.9217,0.6427,-0.9531,-0.3125,-0.5172,1.674,-0.1762,-0.7942,-0.7378,-1.0083,-0.6417,0.7505,0.9134,0.0048,-1.3071,-1.4659,-0.532,-0.4185,0.6912,0.1177,-0.9387,1.0537,-0.2047,0.4081,1.5557,0.7198,1.2951,0.1874,0.4988,-0.1301,0.9165,-0.7555,-0.7727,0.2652,-0.4607,-1.7934,-2.2054,0.0173,2.1803,1.5208,0.5703,-0.1231,-0.0621,0.8621,-0.6164,0.4872,0.0611,-1.0694,-1.5761,-0.56,-0.8275,-0.2813,-1.0932,-0.311,-0.7436,0.8339,-0.0376,0.3154,-0.1576,0.0417,-0.2146,0.9833,0.6852,0.3681,0.7252,-0.0505,0.267,-0.603,0.4924,-0.4763,-0.0879,1.6926,2.0576,-0.375,-0.3173,1.3121,1.6112,0.9019,-0.7527,-1.3616,-0.879,-1.3162,-2.2154,-1.2373,-0.6238,-0.8675,-1.6612,-0.3612,-0.1132,-0.4177,0.3788,0.9143,3.1501,-0.9098,-1.0552,1.4021,0.9751,1.7144,-0.699,-0.8763,0.6993,0.4962,-0.3062,0.4362,-0.2439,0.4353,-0.9514,0.5923,0.0417,0.8543,-0.9425,0.8011,-0.8346,-0.1757,-1.181,1.2277,1.2793,1.0072,0.4536,-0.9711,0.3669,0.739,1.7504,-1.3851,0.2394,0.0224,-0.6232,-0.3607,-0.2725,-0.1268,-1.1325,-0.2456,-1.3824,-1.3224,-2.1207,-0.4947,1.2207,0.4673,-0.2907,-0.4449,-0.2379,0.1305,-0.254,1.0287,0.8635,-0.5961,0.0916,-0.921,-0.2641,-0.6261,-0.0005,0.8681,0.411,-0.7044,-0.5353,1.3785,0.8032,1.9221,1.5837,-0.6598,0.1937,-0.7307,-0.3602,0.1549,1.3565,0.6142,0.5561,-0.1074,-0.0257,0.5925,-0.9511,0.5212,1.516,0.6792,-2.6146,-0.1534,-0.4552,3.0766,0.8981,-0.0423,-0.0393,-0.6801,-1.5806,0.6126,-1.3653,-1.1843,-1.5492
"IC24",0.335,-0.2756,0.0114,-0.2117,-0.4155,-0.0702,-0.9928,-0.9815,-0.6546,-1.3582,-0.0901,0.3836,1.0926,0.0149,0.2199,0.296,1.3469,0.1697,0.6178,0.6477,-0.5538,0.8309,0.2567,-0.7062,0.2972,1.2348,0.14,1.1197,0.3236,-0.0443,0.9075,-0.5362,-1.5469,-0.056,-0.7869,-0.6899,0.483,-0.3749,0.0524,0.4666,-0.1989,1.8032,0.0182,0.9534,-1.0971,-0.5016,0.0469,-1.8974,1.1983,1.7614,-0.609,-1.9374,-0.8269,-0.6947,0.0826,-0.8418,-0.9142,-1.8533,-0.4303,0.0775,0.6017,0.2947,1.6015,-0.0581,0.8263,0.1647,0.6113,0.6459,0.1443,-1.1372,-0.2225,-1.4657,0.1714,-0.2541,0.8859,-0.8955,-0.1671,0.0327,1.3639,1.2645,0.4182,0.2706,-0.4379,0.1368,0.9468,1.142,-0.0245,-0.3682,1.93,4.369,0.4701,0.7862,-1.132,0.3925,0.0416,0.2803,-2.3647,-0.8487,-1.2502,-1.716,0.2562,-1.6248,-1.9768,-0.2084,-1.6367,-2.0134,-1.4098,0.6004,0.9736,0.6233,0.1181,-0.1235,-0.2011,0.1554,-0.4778,-1.3857,0.3597,0.0573,1.429,0.4103,-0.1763,0.6017,1.7805,1.0671,-0.8352,0.2002,0.5735,1.5223,0.1001,-0.1543,-0.09,-0.0759,1.2619,-0.148,-1.3928,0.8113,-0.1455,0.1018,0.9492,0.0787,0.2524,0.2198,0.5699,-0.1209,0.9531,-0.3328,-0.2083,0.1771,-0.5499,-1.0718,-0.7272,-1.2055,-0.1272,-0.3805,-1.1479,-0.8673,-1.7516,0.4408,0.114,1.1457,1.6501,1.0588,-1.241,0.5948,-0.625,0.335,-0.5533,-1.599,0.2349,-0.6657,-1.5288,-0.4517,1.0729,1.8341,2.0368,2.1059,2.1713,-1.3801,-1.2085,0.8012,-0.2414,-1.1783,0.4688,-0.4313,-1.073,-0.5662,-0.6517,-0.2417,0.9973,-0.5605,0.2428,-1.0594,-0.8641,1.9843,2.1066,1.5589,0.1883,-0.5137,0.9692,-0.2509,-0.6994,0.971,-1.3828,-2.245
"IC26",0.0985,-0.2558,-0.5006,0.0154,0.2204,-0.0475,0.7982,0.0231,0.6031,-0.0962,0.6704,0.7479,0.5323,1.1434,0.9474,0.0856,0.13,0.2644,-0.3422,0.2353,-0.4008,-1.2469,0.2234,0.3317,-0.2761,-0.0192,-1.7229,-1.5834,0.3925,0.7232,0.2418,-0.2954,-0.5081,0.5826,1.2753,0.471,0.0308,0.1453,0.369,0.2239,-0.5328,0.3943,-0.2766,0.0775,-1.2209,-0.9739,-1.9101,-1.7013,-1.6468,-1.0696,0.5968,-0.8935,-0.458,-0.3491,-0.4201,-0.1122,-0.9267,0.1441,-0.3174,0.8254,0.8118,0.2745,0.536,0.1801,-0.1545,-0.5008,0.3456,0.4131,0.5391,-0.053,0.0077,0.1912,0.7671,1.2183,1.3134,0.5163,1.2765,1.1725,1.2698,0.6433,0.6484,0.185,-0.479,0.7632,0.9624,1.0261,0.5924,0.8876,1.6544,-0.3421,-1.5995,-0.8074,-2.1642,-3.2797,-0.8575,0.1477,-1.2265,-0.7023,0.5961,-0.8565,-0.7079,0.7593,0.0531,-1.2488,-0.1972,-0.3434,-0.2544,0.4125,-0.3472,1.2837,0.4503,0.3068,1.0078,0.0469,0.4446,-0.8872,-1.549,-0.2636,0.2578,1.7355,0.1106,-1.7659,-0.0945,-0.3933,0.2618,0.0225,-0.3247,-1.0681,-0.2371,-0.0624,1.7032,-0.5815,-1.5545,0.0747,-0.0445,1.2313,-0.0706,0.2314,-0.615,1.0466,-0.4948,-0.237,1.2442,-0.9117,-0.7693,0.5798,0.5534,-0.0622,0.5853,-0.1344,0.2397,0.1786,-0.843,0.791,1.0229,1.014,0.771,1.1817,1.4202,0.8537,0.6493,-0.3101,-1.249,1.0406,0.1296,0.343,0.7831,-0.0008,0.2604,0.2811,-0.5253,-0.9083,0.1183,0.9922,0.4489,0.7351,-0.1095,-0.8129,-1.0643,-1.0075,-1.3735,-2.4145,-2.4109,-2.2402,-1.1767,-2.0775,-2.2499,-1.4871,0.4431,-0.2313,-0.8412,-1.6765,0.3953,-2.8254,3.3566,2.8186,0.8407,0.9236,3.0419,2.2093,1.6515,0.226,0.2712,-0.1568
"IC27",0.5852,0.5181,-0.0925,0.2344,-0.0408,-0.5351,-0.3061,-0.2279,-1.2175,-0.3278,0.5666,1.1076,0.5819,0.6157,1.0396,0.705,0.2812,-0.1034,-0.1456,-0.7091,-0.4802,0.3027,-0.4218,-0.819,-0.7272,-1.2205,-0.2646,-0.8624,-1.3679,-0.7479,-0.1905,-1.0075,0.1194,-0.7423,-0.276,-0.1885,-0.8329,-0.3421,-0.1493,0.4048,0.1066,-0.8909,-1.8358,-1.3274,0.6557,1.7073,2.5271,3.2424,3.0128,2.1638,1.7667,1.1245,1.4755,1.3665,1.2811,0.6902,0.1402,0.1654,0.2605,0.431,-1.0967,-1.7889,-1.0171,-0.309,-1.1289,-0.7773,-0.7224,0.2084,-0.3298,-1.3585,-1.3924,0.0448,-0.6011,0.1316,-0.1941,0.1126,-0.8304,-0.3914,-0.734,-0.5296,-0.1992,-0.6095,-0.5907,-0.1936,-0.3118,0.413,0.6806,1.2641,0.223,-0.2511,-0.0043,0.0069,0.599,-0.4222,-0.5251,-0.9394,-1.0358,-1.8604,-2.0713,-0.6448,-0.0254,0.3604,1.1389,0.4093,0.2062,2.2699,2.6432,2.5102,2.482,0.7693,0.163,-0.5863,-0.4107,-0.6343,-1.0558,-1.5598,-0.3808,0.0535,0.2708,0.8069,1.1,1.3003,-0.4989,-0.5216,-0.2113,0.0224,-0.5403,-0.9999,-0.3816,1.2056,1.1793,1.1973,0.6976,-0.1154,-0.0318,0.5362,0.4788,-0.5011,-0.0901,-0.7359,-0.743,-0.7845,-1.1036,-0.9125,-1.3163,-1.3183,-0.4894,-0.2552,-0.0376,0.975,0.525,0.5622,0.1155,0.0598,-0.4889,-1.0449,-0.0935,0.9125,0.1963,-0.3009,-0.0841,-0.2839,-0.0103,-0.9885,-0.2169,-0.6257,-1.0795,-0.9863,-0.2361,0.2308,1.3107,2.0041,1.5104,1.3388,1.5572,-0.5195,-1.5592,-1.0689,-0.6218,-0.9844,-0.2052,0.2592,-0.7492,-1.1209,-0.1631,1.2599,1.7026,2.1605,1.5564,1.3927,1.9654,1.556,0.7275,0.9067,-1.0907,-0.9206,-0.4565,-1.0842,-1.4931,-1.5182,-0.8438,-0.6563,-0.5623,0.1104
"IC29",-0.0202,0.1101,1.3813,1.0421,-0.2186,-1.5726,-2.4429,-0.5243,-0.4068,-1.9513,-1.0247,-0.9593,0.8593,-0.4942,0.3424,1.1347,0.0987,0.3266,0.0955,0.7754,0.5912,-0.0638,0.8473,0.3942,1.6882,0.3167,0.5185,-0.0686,-0.9408,0.7512,0.1733,0.6579,0.4119,-0.1006,0.6967,0.2462,0.7282,0.1801,0.7257,-0.7609,-1.7292,-0.5503,0.1334,0.9749,0.081,0.834,-0.0502,-0.433,2.3857,1.3305,-0.066,-0.8004,-2.6,-1.1228,-1.4184,-1.0528,-1.3378,-1.0853,-0.5079,0.7776,1.1991,1.3419,-0.0226,0.4302,-0.5605,-0.9031,-0.9935,-0.3334,-0.5155,-1.7671,-1.8566,-0.7137,1.3694,2.5229,0.4148,0.1313,0.2062,-0.03,1.1345,1.4408,1.6085,-0.1024,0.4888,-0.8182,0.5186,-0.5709,0.2715,0.2488,-1.8306,-0.3707,-0.0792,-0.4941,1.3021,-0.4608,1.2019,0.9653,2.0113,1.6758,0.3216,-0.0349,-1.7948,-1.2128,-1.3644,-1.4082,-1.3435,-1.5114,0.9936,0.0903,0.525,0.8099,-0.4984,0.7389,0.8715,0.7265,-0.007,-0.7139,0.0327,0.9155,0.3505,-0.703,-1.298,-0.7703,-1.346,-0.7297,-1.0271,0.2386,0.1271,0.0634,1.651,1.8003,2.6772,1.4962,0.6522,0.355,-0.8387,-0.7257,-0.4804,-1.1426,-0.7223,-0.465,-0.429,-0.7341,0.1169,1.4445,0.4929,-0.4732,-0.9474,-0.0011,0.0544,0.573,-0.474,-1.7972,-0.9927,-0.3899,-0.5599,-0.7947,-1.618,-0.9805,-0.2006,1.138,1.5459,1.2114,1.5642,0.1212,-0.3521,-0.4361,1.3282,1.8011,-0.6002,0.2864,0.2368,0.8922,0.9822,1.9405,1.2636,-0.4365,-0.5259,-0.6509,-0.6932,-0.5256,-1.2178,-1.4799,-1.792,-0.4577,-0.1913,0.1879,1.2976,0.8047,0.8366,1.2073,0.1846,0.78,0.9541,-0.567,-2.0007,0.0705,0.2812,-0.5563,-0.4844,-0.1348,1.0129,0.2417,-0.7309,-1.2931
"IC31",-1.2209,-0.432,-0.3156,-1.2696,-0.9886,-0.5349,-0.813,-1.2254,-0.7373,-0.3131,1.4701,2.5523,2.1074,0.1816,0.6798,-0.0385,-0.1938,-0.151,-0.5065,-0.5587,-0.3872,0.6619,0.347,-0.1577,0.5241,0.4479,0.8775,0.2226,0.0058,-0.2327,-1.0951,-0.9089,-0.8237,-0.6455,-0.4935,-0.1066,0.6698,0.3675,1.4429,1.2169,1.0806,1.0498,0.317,-0.0393,0.3297,1.4702,-0.299,0.1319,0.767,-0.399,-0.7025,-0.4342,0.5367,0.6093,0.5107,0.0043,-1.1326,0.1359,-0.5658,-0.2683,-1.1966,-0.0443,-0.4262,-0.5693,-0.6665,-1.0404,-0.4518,-0.7735,-0.859,-1.2845,-0.7803,0.3966,-0.1169,1.1807,0.8344,0.5188,1.5497,0.4471,0.5375,0.0572,0.2283,-0.4241,-0.6698,-0.1075,1.2018,0.052,0.7582,0.8043,0.9722,1.1978,0.4927,0.493,1.1535,-0.7343,-1.1965,-0.9232,-2.1501,-1.9889,-0.842,-1.0275,-1.2612,-1.2787,-1.2903,-0.9588,-0.2591,0.1035,1.6,1.9652,1.7845,2.1617,1.1516,0.7146,-0.0784,-0.7996,-0.9365,-1.065,-1.0758,-0.0882,-0.5899,0.4136,1.4229,1.6932,1.8829,0.6039,0.1861,0.2048,-0.3893,-1.019,-1.2435,-0.4552,0.9481,0.5634,0.1672,0.7304,0.5449,0.4182,0.6158,1.0698,0.5096,-0.2212,-1.0401,-0.5447,-0.3962,-0.3264,-0.7813,-0.6817,-1.0957,-1.517,-1.5317,-0.9368,0.3953,-0.0376,-0.4924,-0.3254,-0.4703,-0.3457,0.2568,0.4688,0.7755,1.1344,0.4724,-0.4486,-0.8191,-0.0029,-0.5445,-0.58,-0.3208,0.3478,-0.3267,-0.1476,0.6006,1.6562,0.6727,0.8215,0.7455,0.2709,-0.7988,-1.0667,-1.2755,-0.1203,0.1535,0.7655,0.1356,-0.556,-0.2451,0.0585,0.6822,2.0199,1.6221,0.7679,0.6045,1.3351,3.3107,0.3987,2.5431,2.2323,-0.1244,-1.1193,-0.5511,-1.6136,-2.4208,-3.5492,-2.5732,-1.2976
"IC33",-0.1145,0.2497,0.4078,-0.7619,-1.0229,0.1179,-0.078,-0.2068,-0.4077,-0.2623,-0.0025,0.9145,-0.04,0.1001,-0.0105,-0.6691,0.1285,0.7318,-0.3176,-0.3744,-0.1449,0.1187,0.0941,0.1761,-0.5184,-1.1393,0.1667,-0.1531,-0.2744,-0.7939,-0.6976,-0.4651,-0.0086,0.0372,-0.241,0.3851,1.5503,1.878,2.1548,2.8999,3.4745,3.0702,1.0074,-0.7942,-1.3513,-1.4998,-1.14,-0.1363,0.1218,-1.0415,-1.4231,-0.9935,0.1097,-0.9229,-0.9609,-0.7737,-0.9078,-1.267,0.1244,-0.3305,-0.1279,-1.3821,0.0915,0.4465,-0.1715,0.3033,0.2162,0.2815,0.4283,-0.031,0.095,0.0045,0.2686,0.5651,2.1207,2.0283,-0.006,0.3981,-0.8432,-0.9931,-1.1601,-0.4258,-1.1733,-0.3922,-0.5682,1.0519,0.2404,0.5913,0.8392,0.2674,0.2702,0.0569,-0.1293,0.4849,-0.6628,-1.5665,-1.6166,-1.1875,-1.0779,-0.7316,-0.52,0.2596,1.1959,0.7237,0.5981,1.6281,2.0013,2.1764,1.9881,0.7788,-0.1903,-0.5624,-1.189,-0.9326,-1.6662,-0.8056,-0.303,-0.769,0.2774,1.7929,2.3061,1.6296,0.3277,-0.7353,-0.7387,-0.8503,-0.6903,-1.325,-0.6736,0.0547,-0.5014,-1.0933,-0.2194,-0.3786,0.7399,1.0658,0.4152,-0.1577,-0.4369,0.4506,-0.2748,-0.3139,-0.1223,-0.2698,-0.7241,-0.6411,-0.4317,-0.2275,0.3669,1.1984,1.0436,0.2606,-0.3954,-1.2383,-0.0102,-0.8216,0.7489,1.3746,0.3179,0.0136,0.1846,-0.0407,-1.4634,-0.8734,0.0335,-0.4618,-1.0128,-1.0262,0.1308,0.4553,0.9884,1.5761,1.9727,2.5753,2.0334,0.9403,-0.6758,-1.708,-1.221,-1.2922,-0.9388,-0.5037,-0.9026,-1.285,-0.3513,0.5849,1.2503,0.5986,0.9008,0.9612,1.8781,0.7652,0.769,1.522,0.4894,-1.386,-1.7096,-1.5109,-1.1081,-0.875,-0.1666,-0.863,-0.1754,0.841
"IC36",-0.6786,0.1525,-0.619,-1.1419,0.4297,0.317,-0.3604,-0.4913,-0.4293,-0.8393,-0.9335,0.8475,1.0497,0.4569,0.288,1.6454,2.2461,1.2899,0.9226,0.8106,0.801,-0.3949,-0.2425,1.1256,-1.1618,-0.7634,-1.4669,-0.4223,0.5491,0.4018,-0.8902,-0.324,-0.5483,-0.8291,1.7041,1.8238,0.5998,-0.6713,-2.0164,-1.0583,-0.5716,-0.5233,0.0429,-1.1089,-0.3062,0.1826,0.3503,0.4129,-0.3442,-0.6262,-2.1474,-1.047,-0.8907,-0.1479,0.4421,-0.8248,-0.5843,0.595,1.1349,1.0642,0.0938,0.7598,-0.6823,-0.3889,-0.8018,-0.8064,-0.9419,-0.139,-0.613,0.6026,0.7317,1.8152,0.3531,1.815,1.9062,2.8201,3.2766,1.9306,1.355,0.0705,-0.1165,0.1997,0.7487,-1.2878,-1.3293,-1.2937,0.8651,1.2421,-0.6095,-1.2362,-0.0373,-1.0861,-1.733,-1.7031,-1.3722,-1.1247,-0.6712,-0.4253,0.9061,0.6866,-0.6813,-1.6793,-1.3623,-0.2352,0.4089,0.9375,-0.6681,-0.179,-0.2246,0.1016,0.238,0.5333,0.5614,-1.4226,-0.2312,-0.482,-0.2122,0.6742,-1.2195,-1.2966,-1.2085,0.3439,1.2951,0.8175,1.1908,0.3676,0.6691,1.0605,1.2234,2.3457,1.1322,0.4399,0.6332,1.8809,1.2344,-0.5114,0.4221,-0.2551,-0.8847,-0.803,-0.0815,-1.1173,-1.4489,-1.1984,-0.481,0.6562,0.1858,-0.5967,-0.7168,-1.0451,-1.6582,-0.2732,0.2248,0.7742,-0.0902,0.8499,0.6994,-0.1818,-0.5021,0.435,0.8473,0.5267,0.078,-1.167,-1.0327,-0.3864,1.3105,0.9415,-0.0016,1.4476,1.3742,-0.2485,0.618,0.7938,-0.8012,-0.9198,-1.726,-1.3815,-1.1118,-0.8222,1.596,0.423,-1.0385,-1.2842,-1.1502,-1.1932,0.5994,1.4362,0.1625,1.1207,-0.5565,0.0994,1.6119,1.5697,-1.3445,0.3399,-0.0415,-0.0101,-0.8806,0.5016,-0.1862,0.6708,0.4156,-0.6492
"IC37",0.5977,0.2752,0.838,0.1972,0.205,-0.5278,-0.4654,-0.3106,-0.4975,-0.7539,0.0913,1.3573,1.3662,1.0817,1.0518,0.7347,0.9543,-0.3066,-1.4093,-1.6404,-0.7265,-0.7817,-0.8422,1.3502,-0.3938,-0.3742,-1.1832,-0.303,0.0319,0.0025,-0.0915,-0.6359,-0.6639,-0.9008,-0.1464,-0.1328,0.0978,-0.3089,-0.3657,0.6613,0.0554,-0.1428,-0.8795,-0.4319,-0.0137,1.3961,1.34,0.7405,0.3804,-1.1921,-1.0766,-0.2999,0.1584,-0.0022,1.1472,1.3893,1.4281,0.836,0.6527,0.6399,1.0501,-0.1532,-1.5214,-1.1608,-0.0143,-0.0979,-1.1837,-0.293,-0.5895,-0.7989,-1.1855,-1.1962,-0.0532,1.8653,0.6517,0.2806,0.5315,0.2887,0.0601,0.6452,0.6771,1.4303,1.3092,1.1115,0.2677,-0.7611,-0.3346,1.959,2.486,0.2329,0.3639,0.1249,-0.04,-2.1604,-2.8175,-2.4059,-2.1418,-1.5561,-1.5625,-1.6397,-0.9275,-0.6656,-0.8458,-0.0812,-0.9517,-0.357,-0.8684,1.4219,0.6949,0.4541,0.5692,2.0733,2.533,1.3656,1.2047,0.7681,1.2273,1.3928,0.6452,0.342,-0.4964,-0.9718,-0.6584,-2.0661,-1.4016,-0.7415,0.0176,0.0567,0.2685,-0.0512,-0.0901,-0.4178,-0.2596,1.4297,0.7802,-0.098,-0.4957,0.0018,-0.4717,1.154,1.4358,0.874,-0.4047,0.0018,0.676,-0.0328,0.6483,0.5577,-0.2043,-1.0088,-1.6286,-1.5946,-0.7874,0.816,0.3558,0.9988,0.5746,0.2154,0.5083,1.3568,-0.2402,-1.1576,-1.2292,-1.2912,-1.1835,-0.402,1.111,0.5925,0.1733,-0.7978,-0.1392,-0.8921,0.4231,1.5012,-0.3436,-0.224,-0.4884,-0.4394,-0.6321,-0.738,-0.1238,-0.5893,-0.2161,-0.746,-0.2535,-0.3208,0.078,-0.6583,0.3557,0.7025,-0.5919,-0.2613,3.1888,0.9751,2.913,3.0127,0.011,-0.6596,-0.6379,-0.9819,-0.8342,-1.5291,-0.4453,0.2416
"IC38",-0.0046,-0.5115,0.421,0.6945,0.3423,-1.6514,-1.646,-0.3742,-0.2972,-1.1249,-1.026,-0.5627,-0.1737,0.2294,0.3987,1.0162,0.8826,0.3371,0.6379,0.6128,0.6114,0.184,-0.6626,0.6787,0.1614,0.9758,0.8621,1.1719,0.3633,0.278,0.1336,0.3146,0.2032,0.1884,-0.06,-0.6787,-0.6151,0.1631,-0.1055,0.2433,0.278,1.3262,0.9931,0.2757,-1.4334,-0.8807,0.7039,1.1616,-0.0572,-1.9967,-1.9569,-1.5331,-2.5412,-2.6296,-2.0961,-1.9249,0.1964,0.1973,0.8145,1.1846,2.361,2.1305,1.1048,0.7235,0.6101,-0.3478,-0.1581,-0.1357,-0.4318,-0.1565,-0.8657,-0.9247,0.6476,1.0944,0.1077,-0.4594,-0.2734,0.3768,0.466,1.1946,1.4952,1.2598,1.7423,1.3861,1.0106,-0.0651,0.0208,1.7208,0.585,-0.0615,-0.5523,-0.5459,-0.0709,-1.1508,-1.4954,-1.4152,-0.874,-0.8434,-1.3831,-1.2568,-1.4006,-1.1756,-1.3543,-1.1977,-0.38,-0.013,0.0526,0.8941,-0.1541,-0.9045,-0.869,0.6362,1.7992,2.1806,1.5285,1.7255,1.7189,0.6341,-0.0391,-0.7013,-0.9942,-1.6423,-1.3367,-1.0074,-0.9809,0.0059,0.0431,0.7462,0.9013,0.1256,-0.3857,0.0949,0.8889,1.0864,0.6256,0.0791,0.2358,0.1491,-0.5253,0.5588,1.0809,0.9943,1.3805,1.4367,1.0362,0.0588,-0.2057,-0.0132,-0.0335,-0.4851,-0.842,-0.9884,-0.8356,-1.7202,-1.593,-0.8017,-1.3081,-1.0605,-0.6793,-0.1682,0.3376,1.0035,1.3999,0.5258,-0.0746,-0.7243,-0.6911,-0.6505,-0.0803,0.3185,0.0746,-1.2256,-0.0285,0.2983,1.0713,1.3956,0.6565,-0.1533,-1.1302,-1.7366,-0.5889,-0.6002,0.1478,0.6516,0.8448,1.5188,1.7272,0.8775,0.9597,0.1979,-0.6772,-0.1209,0.9298,0.7569,1.1573,1.7072,1.0535,0.1384,-1.3326,-0.5899,0.1061,-1.5028,-2.0703,-2.0429
"IC41",-0.5481,-0.3233,-0.4894,-0.0675,-0.4629,-0.425,0.0562,0.1088,-0.6886,-0.1288,0.6694,0.9313,1.2782,1.0012,1.6657,1.4662,1.1213,0.1649,-0.3359,-1.2698,-1.4395,-1.1838,-1.0201,-0.165,0.9547,0.5792,0.3258,0.9168,1.1909,1.0295,0.7816,-0.6315,-1.6818,-1.0346,-1.0896,-0.4243,-0.9514,-0.1138,-0.1082,1.1233,0.5713,0.0817,0.5575,0.4283,-1.1703,-1.5215,-2.316,-1.9773,-1.2162,0.3248,0.359,0.2474,-0.7298,-0.0783,1.0499,0.3592,-0.4731,-0.6158,0.3714,1.3612,0.8794,1.0325,-0.2606,-0.5044,-0.1496,-0.1824,0.4057,0.772,0.3712,-0.2443,-1.072,-1.1817,0.6077,0.9674,1.4376,1.2064,1.0394,0.7716,0.8363,0.388,1.2359,1.0671,1.7346,0.2929,0.4641,-0.5376,-0.7734,1.0704,1.326,1.5513,-0.7428,0.0455,-0.5492,-2.35,-2.4873,-2.7133,-2.6604,-1.5316,-0.9511,-1.2743,-0.3534,-1.1408,-0.8466,0.04,0.5499,-0.0004,-0.1863,0.9685,0.506,-0.1646,0.8787,0.6099,0.4397,-0.3944,-0.1997,-0.3173,0.5227,0.5985,-0.3638,-0.0439,-0.2823,-0.0705,0.2887,1.5258,1.1899,0.8952,1.6659,1.6885,0.8721,-0.7154,-1.6943,-1.253,-0.3732,-1.1834,-0.5426,0.0643,-0.7325,-0.3545,1.2892,0.948,1.5769,0.4987,0.4638,-0.1224,-0.0108,0.6021,1.2243,0.3049,-0.598,-0.6861,-1.1173,-0.4135,-0.0279,-0.6222,-0.8925,-0.9298,-0.7511,0.561,1.0619,0.6086,2.2863,0.0748,0.2793,-0.0669,-0.563,-0.2121,-1.3482,-1.461,-0.2252,-0.8435,-1.1963,-0.8841,0.8642,1.695,1.7785,1.192,0.6265,-0.6551,-1.196,-1.2672,-2.4562,-2.3791,-0.7757,-0.0553,-0.525,0.3425,0.7326,1.4835,1.7512,0.2267,-0.3392,-0.3028,0.521,1.553,2.4302,0.6143,0.0495,0.1079,0.5032,-0.7756,-0.0547,-0.2746,-1.5701,-0.477
"IC42",-0.4692,0.1383,1.0228,1.2249,0.1714,-0.3321,-0.6001,-0.4209,-1.5246,-1.9473,-2.7802,0.2107,0.6543,0.99,0.5436,0.5171,1.2194,0.5529,1.6987,1.4377,0.8177,0.6688,-0.3674,0.8824,-0.9056,-0.3549,-0.8973,0.3533,-0.2885,-0.0515,0.0726,-0.4648,0.799,-0.1107,-0.4354,0.2793,1.2407,0.431,-0.6658,0.0833,-1.015,-0.3741,0.1271,-0.121,-0.1823,-0.4711,0.6896,-0.0928,0.8929,-0.1613,-0.8048,-1.4281,-1.888,-2.2898,-1.1815,-1.5681,-2.3213,-2.3096,-0.1689,0.9915,2.1094,1.8496,1.762,1.1297,1.0014,0.0858,-0.6988,0.0955,0.0304,0.6356,-0.1993,0.14,-0.2662,0.4911,0.4325,1.3221,0.9019,1.0097,-0.4315,0.934,0.3164,0.6904,0.4785,0.7153,1.4066,0.8489,0.7412,1.2777,0.1461,0.508,0.1531,-0.5042,-0.9323,0.0694,-0.9325,-0.9635,-1.3656,-2.2305,-1.9625,-0.8505,-0.9786,-0.9953,-1.1967,-1.9321,-1.4591,-0.34,-0.8994,0.9452,0.6685,0.4159,1.2911,0.8797,1.18,1.2306,0.545,0.0975,0.5832,0.8214,1.91,-0.3829,-1.6671,-0.3363,0.0146,-1.2075,-1.2616,-0.6932,-0.4671,0.4723,-0.2075,1.0088,0.6229,1.6457,0.9219,0.8142,0.0562,-0.2799,-1.649,-0.9108,-0.6548,0.0496,1.49,1.2169,1.1699,-0.475,-0.3409,-0.3031,-0.1953,0.6422,0.9943,1.1137,-0.4256,-0.5276,-1.1202,-0.4677,-0.7082,-0.6131,-1.2701,-0.8722,0.3159,2.1436,0.7089,0.8051,-0.2401,-0.6191,0.0612,-0.3411,-0.3268,-0.5484,0.054,0.5313,1.0614,1.1175,1.1648,1.2434,0.6238,-0.1667,0.1309,-0.9286,-0.2249,-2.1589,-1.8319,-1.5322,-1.5784,-1.4692,-0.4773,-0.6583,-0.066,0.3587,0.6799,0.0214,-0.3349,-0.7137,0.2622,0.6325,0.7429,2.4056,2.1373,1.1182,0.8669,0.2834,-0.1717,-0.2109,-1.5652,-0.9322
"IC43",0.8218,-0.6799,0.1491,0.1764,-0.8577,0.1933,0.2797,0.0443,-0.772,-0.0706,0.7357,1.5248,0.703,1.5133,-0.3928,-0.6149,0.4172,-0.8,-0.2171,-1.3098,-1.0639,-0.6529,-0.5651,0.3606,-0.0258,-0.244,0.0257,1.7841,0.6246,0.2145,0.4639,-1.5568,-0.5555,-1.1091,-0.9406,-0.7364,-0.175,0.8829,0.7482,0.9657,0.7784,0.8821,0.1123,0.2818,-0.275,0.0679,1.3795,0.8359,0.3594,-0.8345,-0.2226,-1.3488,-1.0652,-1.9338,0.8303,-1.0692,0.3121,-1.4478,0.4174,-0.2685,1.386,-1.0847,-0.2939,-1.2643,0.1893,-1.1876,0.2419,-0.079,0.3256,0.2323,-0.3367,0.5232,0.7912,1.4224,1.6031,1.6576,0.7598,1.951,0.4193,1.6821,0.1416,1.4173,-1.4369,-0.8152,-1.4695,-0.291,-0.1232,2.5314,0.8551,0.8334,0.809,-0.4593,-1.1234,-1.0499,-1.1532,-0.9828,-1.9084,-1.4322,-2.8898,-1.8194,-0.9283,-1.7152,-1.0449,0.1164,-0.4025,-0.6117,-0.2039,2.8642,1.832,0.7905,1.2145,1.4784,0.5373,0.0874,-0.449,-0.155,0.7412,-0.4495,0.2319,-0.791,-0.1178,0.8909,0.3424,0.2762,0.4134,-0.1322,-0.4133,0.4634,-0.7421,0.0021,-0.7607,0.458,0.6645,1.2204,1.3299,0.146,-0.9013,0.6472,0.4006,0.7071,0.1126,0.2797,-0.3885,-1.2313,0.6677,-0.9197,-1.0713,-0.807,-1.3538,-0.7221,-0.6443,0.2726,0.3566,0.4687,-0.0941,-0.2154,-0.2266,0.4213,0.4205,1.2255,0.8716,1.1321,0.4646,-0.4289,-0.3073,-0.4541,-0.3566,-0.5282,0.1519,-1.4511,-0.2901,-0.5647,1.7953,1.3169,-0.1471,-0.4186,0.1539,-0.5868,0.0273,-0.8661,-0.643,-1.1028,0.1871,-1.1344,0.3273,-0.9591,-0.8332,-0.7817,0.4872,-0.4575,-0.8446,-1.1565,2.7581,1.6178,2.9331,2.8388,2.1882,1.0526,-0.5804,-1.8901,-1.2258,-0.6435,-1.1958,-0.6979
"IC44",-1.7457,-1.2893,-1.6752,-1.4267,0.1449,-0.0635,0.0325,-0.2864,0.4096,2.3459,2.4007,2.7932,0.8047,0.631,0.3346,0.4099,0.3425,-0.0646,-0.2828,-0.6712,-0.7814,0.1821,0.6034,-0.2898,-0.4643,-0.1581,0.0572,-0.6543,0.2614,-0.4995,-1.0181,-0.4623,-0.6461,-0.8513,-0.2736,-0.6968,-1.3417,-0.186,1.0317,1.3142,1.1403,0.5733,0.3125,-0.0303,1.5446,1.6236,-0.6845,-1.2493,-1.7172,-0.6808,0.3006,0.5723,0.7467,-0.0472,-0.9534,-0.2398,-0.8872,1.1139,-1.0726,0.0138,-1.2426,-0.3949,-0.4418,0.0155,-0.3509,-0.192,-0.6492,0.4363,0.3691,0.8151,-0.637,0.4197,-0.841,1.0236,1.1246,0.9207,1.2874,0.8895,-0.0819,0.328,1.2642,0.8777,0.3573,-0.3656,-0.0524,-0.0857,1.2346,0.6596,0.411,1.2095,1.1385,0.8832,1.0266,-1.2883,-1.714,-1.001,-1.4738,-2.6711,-0.5505,-0.9376,-2.0594,-0.9481,-1.6628,-1.5774,-0.239,0.3881,0.6116,0.475,0.8294,0.7789,1.1757,0.2911,-0.0516,-1.2619,-0.4651,0.4445,-0.8973,-0.5076,-1.5463,0.1514,0.9424,1.7111,1.6945,0.8384,0.7106,0.0856,-0.3418,-0.313,-0.9457,-0.941,-0.0224,0.1192,0.0598,1.6676,0.8878,0.1413,1.8057,1.3124,0.4681,0.7668,-0.3797,-0.4491,-0.0093,0.0154,-1.0487,0.0127,-0.0191,-0.8792,-1.381,-0.8211,-0.2634,0.2383,-0.5796,0.4679,0.1256,0.4864,0.9864,0.3836,0.6873,0.3889,0.0774,-0.0963,-0.4189,-0.2672,-0.3901,-0.9609,0.3794,-0.7713,-1.352,-1.1805,-0.6232,0.6461,-0.6144,0.1099,1.2457,0.7438,-0.3992,0.4114,-0.7724,-1.5795,-0.5639,-0.5722,-0.9618,-0.4927,0.1504,0.4357,-0.3202,0.6304,0.2628,0.8135,0.6905,1.7731,1.5006,2.0125,4.1541,1.5001,-0.4559,0.1559,0.5269,-0.2659,-1.9396,-3.0157,-1.4999,-1.6154
"IC45",-1.658,-1.3422,-0.2066,-0.8419,-0.9401,0.0292,-0.498,0.8302,0.4703,1.1801,-1.1108,-0.3984,1.1276,1.6867,-0.4327,-0.3814,1.6119,0.9261,0.9154,-0.6778,-0.2593,-1.2369,-1.3215,0.3351,1.4126,-0.4394,0.0876,-0.9627,0.0491,1.1542,0.4785,-0.5216,0.2261,-0.9328,0.3033,1.6757,-0.2221,-0.533,0.2736,-0.5287,2.2045,1.3787,1.415,-0.1062,0.7426,0.1765,1.0742,0.6926,-0.175,-1.2694,0.4334,0.1294,-1.6842,-0.8023,-0.1953,-1.3306,0.2206,-0.1311,-0.7236,-1.4356,0.5651,-0.3904,-0.3728,-1.0965,-0.8568,-1.944,-1.5072,-0.7528,0.699,0.457,-0.7851,1.0144,-0.5309,0.2349,-0.2438,0.2895,0.1629,0.7072,0.4005,1.3177,0.4775,1.8497,-0.0867,-0.1162,-1.3227,0.0997,-0.4136,-0.337,-0.1896,3.5678,2.2973,1.2047,2.5501,1.7543,-1.0482,0.4093,0.3378,-2.1923,-2.0443,-0.0867,-1.4014,-1.7135,-1.0881,-1.3514,-0.7053,-0.0249,0.209,-0.4476,0.2951,0.5417,1.5301,0.0402,1.0001,1.017,0.794,0.6645,-1.2104,-0.2782,-0.5946,-1.1702,-0.3312,-1.3572,-0.4655,0.7415,0.3298,-1.0617,-0.3398,0.664,-0.5717,-0.2317,-0.8221,0.8354,-0.5105,0.5696,2.6672,0.1038,-0.4273,0.1611,0.6545,0.782,0.509,0.6894,-0.2361,-0.4079,-0.1998,-0.7708,-0.4018,0.4442,-0.6592,0.1811,-1.0448,0.2514,-0.5145,-0.0954,-0.5167,-1.1741,0.3124,-1.074,-0.1563,0.127,1.4274,2.0123,1.114,-0.7501,-0.0588,-1.8329,-0.8079,1.4469,0.3531,-0.5035,0.0071,0.9267,-0.3173,0.0311,0.6347,0.3264,1.5066,-0.0955,-0.624,-2.3661,-0.6418,2.0291,0.5261,-0.6122,0.1404,-0.2469,-0.3096,0.4968,-0.5913,0.6553,0.5709,0.0413,0.4374,0.8102,0.9633,0.9465,1.7825,0.6269,-1.3537,-0.6972,0.7276,-1.2383,-2.3097,-1.9642
"IC46",-0.3262,-0.4314,-0.1146,-0.6793,-0.0979,1.2338,0.412,1.1089,1.1578,1.7119,1.5322,1.452,1.0645,0.9861,1.0417,0.4491,-0.3932,-1.1464,-0.6059,-0.1399,-0.1856,-0.7805,-1.1305,-0.2057,-1.6578,-1.5808,-1.1622,-0.1847,-0.6459,-0.2754,-1.1494,-1.2812,0.3392,-0.4019,0.2744,-0.0044,0.8052,0.4151,-0.8991,-0.5407,-1.2147,-1.5289,-1.2017,0.0232,-0.3038,-1.6443,-0.9311,-0.4833,-0.3323,0.5553,0.4997,0.5567,0.808,1.2169,1.7351,2.4409,2.022,1.1984,0.9682,-0.1394,-0.3089,-0.5012,-1.5644,-0.4642,-1.0785,0.1604,-0.1312,0.3409,-0.4601,0.1945,0.3612,0.9559,0.6273,1.6717,0.3804,1.2724,0.6672,0.4481,0.2245,1.1482,0.9308,0.188,-0.3162,-1.0469,0.4267,0.1478,0.3063,0.782,0.0389,-0.2564,0.8997,-0.1292,-0.6436,-1.337,-1.9892,-2.6326,-1.1057,-1.8494,-1.9715,-0.5461,-1.0542,-0.2453,-0.0467,0.0454,0.1821,-0.2599,-0.5007,1.0291,0.6351,-0.0377,-0.1302,0.3277,0.7428,0.506,0.9676,-0.1901,-0.872,-1.2322,-0.7088,-0.2322,-0.2621,0.38,-0.023,0.3277,0.773,0.91,0.5259,-0.459,-0.4461,-0.4967,0.0656,0.9839,-0.006,1.5623,1.2874,1.1704,1.5757,2.9793,1.9343,-0.4668,-0.5476,-0.5464,-0.6591,-0.1983,0.0316,-0.3012,-1.47,-1.349,-1.909,-0.6274,-0.8206,-0.2713,0.4563,1.2454,1.7301,2.3149,1.8485,0.9648,0.0802,0.8232,-0.7219,-1.5362,-1.3411,-2.5513,-1.4409,-1.1765,0.7996,-0.1488,-0.7286,-0.5828,0.5094,0.8022,1.3237,0.6455,-0.9601,-1.8607,-2.2216,-1.3645,0.335,-0.1284,-0.384,-0.0303,-0.4026,-0.5001,0.525,-0.9082,-0.6351,-0.9563,-0.0537,0.7114,0.2745,-0.5136,0.759,1.1506,1.7968,1.7562,0.6727,0.8624,0.7001,-0.1602,-0.4501,-1.2698,0.0942,1.2232
"IC47",-0.8352,-0.6349,0.2181,-0.1329,-0.5625,-0.5578,-0.1225,0.2885,-1.729,-0.165,2.033,2.7653,0.5247,0.2514,-0.4731,-0.2157,0.1056,-0.6312,0.5195,-0.2636,-0.5378,-0.1461,-0.1498,0.528,1.7332,0.3991,-0.0539,0.2441,0.4048,1.5956,-0.1235,-1.5535,-1.6853,-1.761,-1.0625,0.7098,-0.0254,-0.4793,-0.1831,1.0244,1.1519,0.0117,0.4291,-0.3131,-1.397,-0.6559,-0.833,-1.301,-0.5122,0.0628,0.453,0.1111,-0.1334,1.8937,2.2606,0.7316,-1.0677,-0.7444,0.0103,0.0017,0.3328,-0.0823,1.3182,-0.0434,0.1451,-0.1819,0.5408,0.4627,-1.0022,-0.7856,-1.5456,-0.2177,0.8227,1.2572,0.8551,-0.3791,-0.7838,0.2922,0.2935,0.4056,-0.0716,0.1837,-0.632,-0.5159,-0.0161,0.4458,-0.2088,1.3484,2.0392,3.3598,0.1432,-0.7523,-1.8151,-0.4954,-0.5098,-0.8715,-1.177,-1.1419,-1.2487,-1.2444,-0.1814,-0.1762,-0.8261,-1.0527,-1.8173,-0.8702,-0.0232,1.5151,1.8985,0.6641,1.0834,0.3229,0.0923,-0.0217,-0.0836,-0.4876,-0.4101,-0.4223,0.257,-0.0118,-0.1033,0.6479,1.9139,1.3068,1.062,-0.456,0.4923,-0.0761,-0.3199,-0.0705,0.2724,-0.3266,-0.0182,-0.6909,0.2538,0.3441,-0.3976,0.4978,1.7145,1.7296,0.8414,-0.7126,-1.0819,-1.8194,-0.5693,-0.9001,1.0711,0.0649,-1.6791,-0.7694,-2.1022,-0.1376,0.2199,0.237,0.1996,-0.7581,-0.8187,-0.0187,1.2776,0.729,1.7456,0.0893,0.1292,-0.4553,-0.6349,-0.2984,0.047,0.1093,-0.0215,-1.295,-0.4373,0.0583,1.2594,2.1702,1.5106,1.2919,1.2904,-1.8576,-1.3847,-0.946,-1.4566,-0.7296,-0.0161,-0.9676,-1.2857,-0.8013,0.0016,1.0967,1.7165,0.2343,-0.7684,0.2447,0.2049,2.0385,3.2837,0.4227,0.5919,0.384,0.2159,-0.7344,0.4504,-0.5669,-2.6432,-1.7294
"IC48",0.1986,-0.0653,0.8051,0.7037,0.7862,-0.7044,-0.0262,1.5949,-0.1931,-0.7383,-1.8839,-1.2999,0.1926,-0.0318,-0.3989,0.5083,-0.1331,0.3218,0.5589,-1.0816,0.7684,0.1961,1.3959,0.7191,-1.0638,-1.3668,-0.7655,-0.1821,0.0572,0.6225,0.0508,0.2275,0.7133,-0.0603,0.4395,-0.7719,-1.825,1.6599,0.5109,0.5447,0.6183,-0.9363,0.0064,1.1457,0.8243,1.8428,0.6926,-0.0281,-0.6565,-0.6808,-0.9604,-0.5662,-1.6575,-0.4946,-1.337,-0.8902,-1.0637,-0.3483,-0.2749,1.5244,1.2338,-0.2815,-2.6916,-1.1508,-1.3435,0.0281,0.59,0.8131,-0.7087,-0.5381,-0.3818,0.2539,1.663,1.4357,0.4467,0.6025,0.4184,0.6559,1.2077,1.7134,2.5952,0.1812,1.9279,-0.0286,-0.3414,-0.4172,-0.5776,0.9987,1.6851,-0.0464,1.2202,-0.1158,0.49,-1.1742,-0.5796,-2.5044,-1.1622,-0.9145,-1.9782,-1.2009,-1.0086,-0.9309,-1.8201,-1.3381,-0.8092,0.1453,0.4147,-0.2966,-0.5469,0.0877,0.0253,0.4959,1.5011,0.579,1.3178,0.8014,0.993,-0.0465,-1.4458,0.7907,0.8517,-0.0564,-0.1666,-0.1478,-0.609,-0.0582,0.3317,0.2208,1.0949,0.7719,0.6263,0.7191,0.766,1.6429,-0.554,-1.167,0.7228,0.6753,0.3559,0.0703,-0.5139,-1.4452,-2.3714,-1.5949,-0.3931,-0.3204,0.2671,-0.6545,-0.3189,-0.0945,-0.979,-0.5979,0.0942,0.9737,1.0713,0.9617,-0.0681,-0.2379,0.3629,0.0055,0.8062,0.3952,1.456,-0.1835,0.2644,0.2796,1.7652,2.2389,0.8508,-0.2927,0.3833,-0.3514,-0.2666,-0.9589,-2.0976,-2.691,-1.5286,0.1337,-0.9739,-0.2124,-0.148,-0.3504,-0.6858,-0.6538,-0.4849,-1.1058,-0.1191,-0.4215,0.7719,1.4684,-1.0348,0.0884,0.6384,1.4091,2.8828,2.2679,0.8543,-0.0557,-1.103,-1.2474,-0.6238,-1.2958,0.2149,0.8028
"IC49",-1.7521,-0.7596,-0.3519,-1.0041,-0.6181,-0.2412,-0.2342,0.0223,0.1121,0.8235,1.7082,2.1179,0.4486,-0.1319,0.5866,0.5527,0.262,0.1077,0.0763,-0.3765,-0.2985,-0.2733,-0.3686,-0.6038,-0.1764,-0.1904,0.6039,0.1472,-0.3193,-0.5663,-0.4554,-0.6992,-1.0081,-1.7103,-1.6506,-0.817,-0.4227,1.3833,2.4301,1.851,2.253,0.7497,0.3387,-0.0916,0.3996,1.1404,0.0064,0.6717,0.3509,-0.7507,-1.1596,-0.7227,-0.5388,0.4559,0.5081,0.7902,-0.5398,-0.2413,0.1325,0.106,-1.5061,-1.2927,-0.901,-0.1642,-0.1591,0.186,-0.2943,0.3239,-0.4861,-0.4757,-0.0632,0.3246,0.6103,0.5244,-0.0003,0.3835,0.2325,0.8456,0.6884,0.609,0.2139,-0.5731,0.6871,0.9064,1.2606,0.8993,-0.0434,0.2984,1.5411,1.1158,0.2453,-0.2729,-0.0508,-1.385,-1.8853,-2.8416,-1.7766,-2.2282,-2.149,-1.6259,-1.0595,-1.0056,-0.8279,-0.8894,-0.7789,0.7705,1.7033,1.4877,1.7908,0.695,1.0061,0.7823,0.8716,1.7392,0.3514,-0.2225,-0.8093,-0.2696,0.1744,0.7886,1.0321,1.7086,0.5666,-0.1784,-0.8149,-0.3261,-0.3653,-0.924,-0.4909,0.249,0.2641,0.6131,1.2848,0.3522,0.7381,0.9955,1.1454,0.2827,0.9045,-0.3869,-1.1693,-0.5962,-1.1026,-0.0011,-1.1171,-1.1893,-0.7218,-1.2471,-1.3435,-0.7253,-0.4779,-0.2118,0.1578,-0.0246,0.5844,-0.0146,0.5064,0.538,0.7656,0.2549,0.5351,-0.984,-0.7832,-0.6555,0.0578,-0.3663,-0.6806,-0.5837,-0.1759,-0.0945,0.5269,1.4252,0.767,-0.1325,0.1862,0.3678,-0.5444,0.0501,0.0849,-0.5031,-0.5963,-0.1311,-0.4683,-0.2666,-0.6599,0.6129,1.4524,1.3512,0.5366,0.5433,1.2145,1.7276,0.9219,3.8856,2.9195,1.2179,-0.4061,-0.749,-1.9392,-2.0333,-1.9173,-2.3519,-1.8187,-1.1404
"IC50",0.8088,2.0681,2.1112,0.7632,0.3911,-0.8544,-1.382,-1.7211,-0.7914,-2.2461,-2.3132,-0.5267,-0.2283,-0.506,-0.2906,0.0527,-0.3022,0.1108,0.2588,1.9414,1.8012,1.1176,0.2322,1.287,0.5596,1.4799,-0.3577,0.4019,1.0522,0.3048,-0.5743,-0.1767,-1.1057,-1.403,-0.6917,-0.5026,0.1253,-0.9744,-0.1389,0.4483,-0.973,0.4967,0.3094,-0.0907,0.4532,0.2174,0.3633,0.0616,1.2566,0.458,-1.3004,-1.2857,-0.9508,-0.9281,-0.5146,-0.1595,-0.7655,-0.0136,0.2334,1.4514,1.4606,0.9156,0.008,1.4673,0.9135,0.195,-2.2524,-2.1134,-1.8353,-1.0492,-1.2589,-2.0434,-1.8844,0.6658,0.4344,0.6068,1.3149,1.0385,1.4086,1.1964,1.0697,1.8458,1.8038,1.1123,1.449,-0.4658,-0.0873,0.9359,-0.0767,-0.5381,0.1892,-0.0412,0.4768,-0.1289,-0.6733,0.6853,-0.5747,-1.3095,0.4279,-0.1983,-0.9199,0.0624,-0.6329,-2.124,-0.5856,0.0714,-1.079,0.8109,-0.1452,-0.8073,-1.5644,-0.3588,0.9374,-1.0929,-0.1268,-1.0181,-0.5304,1.9431,0.9557,-0.3303,-1.4641,-0.1351,0.5584,-0.1585,0.6923,0.6009,1.7345,1.7259,1.4182,1.5473,1.5369,0.1696,-0.8186,0.3486,-0.4792,-1.0627,-1.4315,-2.1881,-2.0444,-0.3877,0.9806,0.314,1.1088,0.9206,-0.373,0.3211,-0.3364,-0.1702,0.4822,0.5057,0.1354,-0.6701,-1.5402,-0.5458,-1.3945,0.4004,-0.0245,-0.4265,-0.4709,0.5872,0.4286,1.634,0.9974,1.3212,0.3191,-0.0366,1.0545,0.0633,-0.8372,0.18,-0.0165,0.6355,1.5243,0.9814,-0.4839,0.4073,-0.5452,-0.5143,-0.4852,-2.5504,-0.8258,-1.1946,-1.6052,-0.4067,-0.4531,-0.434,1.0379,0.3373,-0.1649,0.3939,-0.2196,-0.3812,0.8532,-1.2434,-0.5235,1.5735,0.0218,-0.5811,-0.1535,0.5204,0.3653,0.6279,0.9587,0.3489
"IC51",-1.5094,0.35,1.347,-0.1628,-0.6707,-0.2213,-0.5616,-0.1284,-0.7144,-1.1313,-0.9814,0.7147,1.4877,0.0275,-0.4681,-1.1494,-0.0575,2.4745,1.3232,0.6715,0.4081,0.8541,0.2015,0.6583,1.4091,-0.6329,-0.2597,-1.5025,-1.0885,-0.9321,-0.8466,-1.0632,-1.1739,-1.7468,-2.3186,-0.2325,0.8756,-0.0708,0.214,1.5621,1.8392,1.3565,1.5523,1.3463,0.7495,-0.6343,-0.2759,-0.2201,1.0209,1.2482,-0.2421,-0.5581,0.5582,0.1087,-0.0391,1.4663,0.5294,-0.2202,0.3313,0.1662,-0.7698,-1.4727,-0.6137,1.128,-0.4521,0.2844,-1.36,-0.1064,-0.8691,-2.0243,-1.1432,-0.3571,-0.5145,0.1972,1.054,0.5264,-0.7445,0.7142,0.3099,-0.5658,-0.3948,0.1001,0.4727,1.4842,0.9731,-0.0318,-1.2325,0.3533,1.5216,0.5443,0.6874,0.3303,-0.1993,1.0649,-0.2288,-1.6956,-1.9863,-1.5087,-0.6095,-0.6703,-1.5259,-1.8613,-0.474,-0.84,-0.8593,0.3662,0.8366,0.8854,1.5924,0.9929,1.7045,0.4541,0.9164,1.6017,0.635,0.5518,-0.2799,-0.3591,0.5656,0.7852,1.4211,1.5894,1.2036,-0.0948,-0.7227,-1.0948,-1.0181,-1.1857,0.2155,-0.0253,-0.5504,-0.2309,-0.4845,-1.9433,-0.1363,0.6985,0.8725,-0.1397,-0.4088,0.0343,0.2775,0.1685,0.1807,0.1308,-1.8282,-0.5734,-0.5328,0.1797,-0.2773,-0.1011,-0.1135,-0.653,-0.7483,-1.2119,-0.1678,-1.4268,0.2224,1.0222,0.3255,1.0537,1.389,0.7428,-0.2206,0.4346,0.7731,-0.708,-1.0375,-0.2684,0.7823,0.664,0.5679,1.5978,1.0008,1.0557,0.2216,-1.0424,-1.5899,-1.4079,0.309,-0.8224,-1.2452,0.1207,0.0712,0.0059,-0.5235,-0.1669,-0.1692,-0.0992,0.4809,1.8506,2.4068,-0.7222,-0.4592,3.7901,1.5245,0.4614,0.6503,0.5555,-0.0989,-1.3787,-1.5098,-1.211,-1.9675,-1.656
"IC54",0.2215,0.2232,0.7975,1.2356,0.8204,-0.9237,-0.7989,-0.3386,-0.4988,-0.0069,-0.5921,0.6964,-0.8897,-1.233,0.8584,0.3332,0.9714,0.5444,0.78,0.0352,-0.3414,0.2305,-1.1313,-1.487,-0.0977,0.4808,0.3566,-0.6083,0.9911,0.9457,0.9615,-0.9506,-0.8597,1.1804,-0.3534,-0.5605,-1.1241,-0.7348,0.2644,0.2652,0.3185,-0.4051,0.2826,2.2767,0.2912,-0.8066,-1.2869,-0.6053,0.594,0.5636,0.9605,-1.1326,-1.3452,-2.0522,-3.1412,-1.9067,-1.6589,1.0419,0.7895,2.2575,0.9711,0.9518,1.8452,1.8903,0.8668,-1.2858,-1.4557,0.0506,0.5924,-0.1043,-1.0339,-0.4183,-0.374,0.5177,1.9618,1.2839,-0.2985,-0.6637,0.4338,1.3005,1.4877,1.0036,1.1994,0.9325,0.7797,0.2369,1.1388,-0.4279,-1.4396,-0.6212,-1.6558,0.7093,-0.9162,-1.4074,-0.1588,0.188,-0.3606,-0.434,0.0358,-0.1858,-0.0809,-1.6506,-1.4337,-0.7551,-0.2816,-0.1363,-1.0069,-1.5777,-0.7203,0.0316,1.1222,-0.0836,0.1553,-0.0015,0.003,0.6708,0.659,0.3844,0.1202,-0.7319,-0.2175,-0.5751,-0.605,-0.6829,-1.2455,1.4804,1.2711,2.331,0.8176,0.9347,0.5086,0.0849,0.5916,0.0329,0.9076,1.1984,-0.4908,-0.7915,-0.1742,0.6856,0.885,0.415,1.229,0.0365,0.4079,0.1766,-0.1355,-0.0601,0.4674,0.7157,-0.5461,0.0393,-1.4987,-2.099,-2.0656,-2.2722,-0.431,0.3327,0.1076,-1.0118,-0.6281,0.2281,1.2147,1.379,-0.4103,-1.1532,-1.2507,-0.1792,1.1951,0.8694,1.3591,1.128,-0.7126,0.4827,0.9807,0.237,-0.0101,-2.7194,-1.9413,-0.4267,0.1769,0.6728,-0.6364,-1.5074,-1.2606,1.0428,1.1214,2.1453,1.009,-0.5755,0.3265,0.2169,0.3756,-0.494,-1.2401,-0.4538,0.5976,1.6098,1.5559,0.2694,0.4958,-0.5212,-0.7874,-1.0566
"IC56",-1.3462,-0.3889,-0.6517,-0.6464,-1.4307,-1.472,-0.0949,0.6166,1.5111,1.1656,0.0835,0.7806,1.3205,0.6206,1.3483,0.4386,-0.6905,-0.1807,-0.8368,0.2388,-0.2996,-1.2667,-0.997,-1.7091,0.0751,1.7932,1.4578,0.2447,0.7269,0.6679,-0.1454,-0.3464,0.1235,-0.4273,0.672,-1.2836,-0.8107,0.5641,0.3066,-0.0042,-0.3519,1.4626,0.6525,0.5493,1.3957,0.8839,-0.1687,-1.0034,-0.2986,-0.3771,-0.7584,-0.7006,0.761,0.9628,-0.4675,-0.1219,-1.5644,-0.0349,-0.6186,0.6515,-0.9073,0.1119,-1.2068,-0.4753,-1.3419,-0.7044,0.213,0.271,0.5694,-0.8853,-0.1964,0.4494,-0.263,1.298,-0.5292,-0.7897,1.2181,1.7127,1.4655,0.1202,0.8946,-0.696,0.3105,-0.0123,1.4458,0.1111,-0.2054,-1.3815,0.8699,1.2566,-0.3042,0.7714,0.0242,-1.9192,-1.3103,0.4759,-1.602,-1.6948,-0.0998,-0.2697,-1.0479,2.4321,1.4005,-0.6996,0.2861,-0.3023,0.7755,0.5529,0.1106,0.8782,-0.3599,-0.015,0.3593,-0.7622,0.7364,-0.7115,-1.1621,0.0787,-0.1791,0.3471,-0.319,-0.8135,-0.6216,0.5234,1.1812,1.7837,-0.2544,-1.5098,-1.8477,-1.5622,0.7442,0.944,-0.6212,2.1185,0.1117,0.5974,0.4755,0.403,-0.2431,-0.76,-0.6069,0.2763,1.7853,-0.8134,-1.8958,-0.1203,-0.7332,-0.0264,-0.0281,-0.6669,0.1244,-0.3033,-0.2027,1.2178,0.6164,0.9227,-0.3682,-0.1412,0.3013,2.1123,0.6739,0.3908,0.2768,1.3107,1.2027,0.0386,0.2852,-0.3691,-2.344,-1.7877,-1.6145,0.2214,-1.1738,-1.1718,-0.1139,-0.8305,0.558,0.4134,-1.2648,-1.342,-1.3003,-0.7586,0.1927,1.9509,2.1755,0.1826,-0.7096,0.6353,1.2717,1.4939,0.8155,0.9493,0.5394,1.8359,2.4246,1.9056,0.4477,-2.0459,-0.9995,-0.022,-0.8659,-2.07,-1.2966,-1.9853
"IC58",1.4304,-0.2229,0.3952,-0.353,0.0624,0.3125,-0.1067,-0.1359,-0.4777,-0.3378,1.4939,1.5435,0.9785,1.6427,-0.419,-0.021,-0.5562,-0.8568,-0.4241,-1.0064,-0.7268,-1.2923,-0.7893,1.4061,0.0013,-0.751,-1.8277,0.669,-0.2138,1.0664,0.1007,-1.3346,-1.4069,-1.5049,-0.565,0.2013,1.0366,-0.3928,-0.3218,1.3319,0.2436,0.0764,0.0721,-0.6844,-2.0542,0.8603,2.0866,0.8608,0.5653,-0.3815,-0.4241,-0.3966,0.382,0.6859,1.7431,0.1055,-0.0889,-0.7712,0.6493,-0.4949,0.4872,-1.7706,0.1549,-1.048,0.4571,-0.7446,0.3369,0.1611,0.1616,-0.0276,-0.6799,0.3192,0.9738,1.2369,0.4,0.033,0.8521,0.904,-0.0931,0.95,-0.4633,0.983,-0.9493,0.6135,-1.2198,-0.086,-0.6124,2.2067,1.5807,0.3045,0.786,-0.8866,-2.2292,-2.7029,-0.8166,-0.0232,-0.1029,0.0093,-1.7543,-1.2518,-0.7162,-0.5319,-0.3516,-0.6714,-1.196,-0.0619,0.273,1.7399,0.2153,1.2739,0.2389,1.6651,0.4297,0.0114,-0.1955,-0.2899,-0.2349,-0.6007,0.9484,-0.1421,-0.6155,-0.2438,0.8969,-0.3962,1.4277,0.6797,0.828,-0.2066,-0.0394,-0.1581,-0.0441,-0.5186,-0.1601,1.3747,0.897,-0.1972,-1.4249,0.6286,-0.2895,0.7882,0.1251,0.7534,-0.0902,-1.6729,-0.4907,-1.4541,0.7597,0.6686,-0.0676,-0.7849,-1.0969,0.1059,0.0304,1.363,1.0485,-0.4621,-1.0157,-0.5266,0.301,1.1597,-0.2118,0.6462,-0.6486,0.6936,0.1946,-0.2919,0.4088,1.0262,0.6729,-0.8335,-0.5689,-1.8515,0.495,0.1423,-0.4783,0.919,-0.7487,-1.4968,0.3454,-0.0597,-0.4269,-0.5255,-0.1085,-1.3023,0.8241,-1.8558,-0.6774,-1.0533,0.6512,-0.2963,-1.7297,-1.7907,3.9191,-0.1639,4.6929,2.7053,0.447,0.2968,-0.488,-1.3051,0.0509,-0.5753,-0.5516,0.1121
"IC60",1.2124,1.2264,0.1808,-0.5226,-0.5439,-0.9655,-0.477,-0.4989,-0.4333,-0.9891,1.5036,1.3555,1.2934,0.6728,0.6003,-0.2264,-1.1667,-0.555,-0.6856,0.7469,0.5599,-0.7282,0.3646,-0.0286,-0.0027,-0.0781,-1.7953,-0.8967,0.0815,0.7029,0.3048,-0.1763,-1.0634,-0.4906,0.367,0.4267,0.0815,1.1649,0.8215,0.1623,-0.2454,0.7866,0.2262,0.5131,-0.562,-0.7044,-1.7087,-0.6581,-0.4713,0.1871,-0.656,-0.8991,-0.9565,-0.0029,-0.1525,-0.8901,-0.8848,-0.3935,0.1061,1.52,0.6879,0.3447,-0.7743,-0.0352,-0.414,0.076,1.2223,0.4849,-0.2567,-1.4045,-0.5301,-0.6741,1.6628,1.6801,1.6395,1.1084,2.0882,1.7868,1.1356,-0.4559,0.9631,0.4187,1.5792,1.1991,1.3247,-0.1481,-0.9661,1.1883,1.648,0.5984,-1.5189,-1.6965,-1.5763,-3.4267,-1.7125,-1.8109,-3.1303,-1.3666,-0.8565,-1.3068,0.2064,1.2921,0.3708,-0.7245,0.5905,0.1595,1.3452,0.3126,-1.1927,-0.6104,-0.808,0.4239,0.0868,-1.0094,-0.9601,-1.0238,0.4933,1.0036,0.7388,0.8963,-0.5506,-1.2071,-0.0598,1.2154,1.1496,1.4397,2.0464,0.4049,0.0144,-0.5307,0.1962,-1.1043,0.096,0.4825,-0.1391,1.3361,1.2185,0.8005,0.642,0.4944,0.082,-0.1293,0.2785,0.006,-0.2012,-0.0179,0.2588,-0.0225,0.1199,-0.3796,0.5458,-0.4514,0.1489,-0.2613,-0.0554,-0.1695,-0.8208,0.3554,0.4289,0.1759,0.8013,-0.8664,-1.4901,-0.5082,-1.2313,-0.1069,-0.3485,-0.6847,-1.5115,-0.9535,-0.2602,0.6095,1.0261,-0.9227,-0.3108,-0.2919,-1.2884,-1.0789,-2.5677,-1.1111,-0.9463,0.4964,0.615,0.8934,1.0381,1.3746,1.5153,1.2509,2.8001,1.5695,0.1924,0.8215,1.1144,0.2431,2.08,0.039,-1.7166,-2.3289,-0.822,-0.3601,0.3488,-0.1061,-0.4898,-0.3898
"IC62",1.2564,0.3512,-0.2237,0.1086,0.2277,-0.3603,-0.3553,0.014,-0.8666,-0.6241,-0.4506,0.8308,-0.099,1.2964,1.5469,1.0994,1.0164,-0.7151,0.4549,0.2703,0.5568,0.3499,-0.0872,1.1038,-1.1471,-2.6127,-2.8352,-1.0263,-0.4778,-0.433,-0.4187,-1.1395,0.4123,0.4875,0.5905,0.7076,0.7593,1.8238,0.8046,-0.0181,-1.3669,-1.783,-1.9787,-1.4623,-1.0566,-0.0882,1.084,0.4355,1.2382,0.4394,1.2243,0.1774,-0.1934,-1.1171,-0.6121,-0.7069,1.1068,0.2388,0.341,0.0716,1.007,1.0699,1.147,0.7266,1.0057,0.6046,0.0314,-0.115,-1.0338,-0.5101,-1.6647,-1.2939,-0.9476,0.1313,1.4717,2.0679,-0.0701,-0.209,-1.4025,-0.7716,0.1548,1.7461,1.2358,-0.2154,-2.192,-2.445,-0.2115,2.1516,0.8284,0.5049,0.51,1.5083,1.5409,0.9065,0.4895,-0.0142,-0.3644,-1.1797,-1.5994,-1.6488,-1.1487,-1.1401,-1.506,-0.885,-0.2406,0.129,-0.7249,1.1468,0.1027,-0.7401,1.0733,0.3234,1.1226,-0.1397,-0.4211,-0.1382,1.3457,1.303,0.8883,0.2361,-0.5696,-0.9921,-0.772,-0.3766,-0.7997,-0.9899,-1.1893,0.823,0.7912,2.5161,1.0995,0.1642,-1.7575,-0.9277,-0.3863,-0.4049,-1.1122,-0.5121,0.2168,1.9511,2.3548,1.1819,-0.0077,0.167,1.7288,0.8407,0.6586,-0.5149,-0.5963,-0.358,-1.1594,-0.2068,-0.9092,-0.5426,-1.0809,0.1558,-0.1691,0.1504,0.2888,0.3709,-0.0761,-0.2381,0.6741,-0.4009,-0.1546,-0.4314,0.2784,-0.7099,-0.0562,-0.9384,-0.1785,-0.9655,-0.7222,1.0903,1.8008,1.3787,0.6805,-0.0135,0.5529,-0.925,-0.5872,-0.2759,0.4873,-0.709,-0.2938,-0.0725,-0.8209,-1.223,-0.8822,-0.997,-1.4796,-1.3303,-0.0988,2.1177,0.5621,0.1717,-0.0907,0.3339,1.2325,1.8488,1.5421,0.6454,-0.3578,-1.2008
"IC63",-0.3259,-0.1846,0.057,0.1734,0.2868,0.5131,0.8433,0.8776,-0.3544,0.8171,1.3637,1.9187,0.3776,-0.2797,0.2804,0.6936,1.1101,-1.0346,-1.6869,-1.9116,-1.0811,0.2215,0.2094,-0.6161,-1.1716,-1.4079,-1.7274,-0.2269,-0.2995,-0.37,-0.4801,-1.2316,-0.8546,-0.8523,-0.1729,-0.5431,-1.6839,-0.2274,0.5809,0.7719,0.9256,0.2671,0.0739,1.0808,0.9965,0.6381,-0.2006,-0.8657,0.4483,1.0157,0.937,0.6887,0.5704,1.9965,1.6979,1.496,1.5428,0.7551,0.5821,0.5506,-0.1946,-0.7522,-2.5165,-1.6215,0.7231,0.7869,-0.3618,-0.4263,-0.871,-0.3454,0.3313,0.7132,0.7472,0.6455,-0.1329,-0.3356,-0.8353,-0.6951,-1.1484,-0.548,-0.2088,-0.6893,0.0081,-0.8194,0.1,-0.2697,0.2141,1.6664,0.8443,0.3967,0.3672,0.2587,0.5759,-0.4689,-1.3559,-1.8535,-1.5529,-0.9373,-1.2369,-1.0965,-1.135,-1.6231,-1.029,0.0102,-0.6176,-0.2522,0.0615,1.1878,2.1253,1.3009,1.9286,2.0993,2.0132,1.448,0.6731,0.0438,0.3771,-0.3102,-0.8692,-0.6067,-0.4835,0.5998,0.0832,0.3255,-0.8408,-0.5209,-0.1483,0.4711,0.194,0.0692,-0.612,0.591,1.4145,1.8447,1.0138,0.7571,0.4063,0.5075,0.836,-0.698,-0.248,-0.911,-1.5874,-1.1241,-1.0558,-1.6623,-1.1077,-1.147,-1.4219,-0.9506,-1.7575,-0.4479,0.2503,0.8199,0.8779,1.4209,0.7626,0.9571,0.953,0.7375,-0.0137,-1.2496,-0.4568,-1.1878,-0.6593,-0.1002,0.5164,0.5038,0.8899,0.502,0.6798,0.9601,0.8264,0.4919,-0.373,-1.0082,-0.8491,-0.6732,0.0044,0.4936,0.7974,0.2066,-0.8245,-1.9936,-2.3467,-1.7221,-0.3672,0.5121,1.1316,-0.0626,-0.8658,0.8296,1.8964,2.0867,1.8698,2.0198,0.5173,0.2784,1.0577,0.3042,-1.3367,-1.8197,-1.5382,-0.5955
"IC64",-0.9164,-0.5789,0.0216,-0.5695,-1.3596,0.1854,0.0939,0.0324,-0.7683,-1.2307,-1.1168,0.4689,1.3021,0.4873,0.5997,-0.3208,0.3332,0.2973,0.0452,0.901,-0.571,-0.5224,0.1793,1.0402,2.0269,0.4151,-0.0793,-0.3292,0.1481,-0.0958,-1.288,-1.0435,-0.7303,-0.8576,-0.3674,0.3409,-0.044,-0.6112,0.4345,0.524,0.5948,0.7232,0.5079,-0.9275,-0.0429,-0.4062,0.8452,-0.1842,1.1297,2.8329,1.3505,-0.22,-1.4363,-0.1062,1.3503,1.6102,0.6694,-0.1822,-0.0382,-0.3687,0.6099,1.4092,0.7588,0.3673,0.5397,0.442,-0.8818,-0.8706,0.3191,-0.172,-0.5157,-0.7459,-1.4001,-1.5314,-0.7225,-1.2386,-1.7413,-0.5758,-0.9369,-0.6512,-0.365,-0.0732,-0.6263,-0.6012,0.6004,0.6366,-0.5259,-0.1888,-1.5932,1.5794,-0.0632,-0.3674,0.2893,2.2495,1.2127,1.5128,0.539,-1.5455,-1.3166,-0.2384,-0.5258,-0.3119,-0.8429,-1.0222,-0.0521,-0.439,0.0099,0.5218,1.6676,0.7707,0.6248,0.2466,0.1141,1.1707,0.1824,0.746,0.4732,0.7739,1.2992,-0.8785,-0.317,0.6559,0.9638,1.2736,0.4409,-0.6071,0.1019,0.6929,-0.4125,-0.5993,-0.4438,0.0339,-0.9621,-1.6426,0.1435,0.1056,-1.0166,0.1434,2.2813,1.0754,1.5752,0.6981,0.2716,-1.3338,-1.0934,-0.0561,-0.7959,-0.3646,-0.7345,-0.3806,-0.2272,0.0018,-0.8833,-0.8148,-0.3156,-1.2387,-1.4723,-1.5034,-1.7366,-0.6537,1.2415,0.0036,-0.4437,-1.0425,-0.9411,-1.4345,-0.9694,-0.4404,-1.0965,-0.1206,-0.6754,1.0222,1.0009,1.9118,3.3132,1.5169,2.0463,1.0743,1.5244,0.1742,0.5277,1.3944,-0.2925,0.9147,0.639,0.9485,0.676,1.3146,1.1734,0.8359,1.4968,1.2458,-0.7657,2.4453,-0.3163,-1.6099,-0.2648,-0.7031,-1.5239,-1.7239,-1.557,-1.2842,-2.2609,-2.1118
"IC65",0.1083,0.228,0.483,-0.1485,0.0065,0.6055,-0.4103,-1.0427,-0.2225,-1.5727,0.0763,-0.893,-0.2423,-0.1251,2.1245,0.9113,1.7121,0.5866,0.4383,1.4648,0.087,0.5546,0.0051,-1.828,-0.4614,0.1908,-1.0235,-0.2364,0.0371,-1.4489,-0.6725,-0.0258,-1.8536,0.1649,0.3042,-0.0034,-0.0793,-0.6649,0.4528,-1.5182,0.0047,1.7566,0.7929,1.7873,0.4264,0.3963,-0.6955,-0.9803,-0.2869,0.9154,-0.8309,-1.6193,-1.1648,0.0215,0.2249,-0.3488,0.0944,-0.2164,-0.0497,0.3321,1.0422,1.5958,2.1318,0.2909,1.2061,0.2083,-0.8513,-0.7574,-0.1958,-0.5431,0.7765,0.2421,0.3885,-0.5211,-0.5046,-1.5107,0.3125,-0.2416,-0.0398,0.5087,0.6724,1.2015,0.5335,0.6722,1.4273,0.3576,-1.0807,-2.099,-0.1007,1.803,-0.1711,0.9184,0.3645,0.9714,0.0274,-0.5435,-1.7418,-1.0711,-1.5544,-2.2612,0.2643,-0.4546,-1.6557,-0.3482,-1.3842,-2.1895,-1.3823,0.2186,2.2169,0.5808,-0.5137,1.3256,1.1178,1.349,0.0002,-0.1493,0.8508,0.8105,0.1416,-1.3513,-0.8126,0.9475,0.4074,0.1559,-0.313,0.525,-0.3988,0.2382,0.135,0.912,0.6576,-0.9243,1.8161,-0.4493,-1.3257,0.1775,1.1857,1.1468,2.3666,1.5664,-0.1095,0.5628,0.4174,0.3662,1.0812,-0.2485,-1.2762,-0.8231,-0.0535,-0.8016,-0.3771,-1.5918,0.1684,-0.9112,-1.3143,-0.3109,-0.5002,0.3568,-1.9363,-2.0197,0.8903,0.4439,-1.0413,-0.6649,-2.8564,-0.385,-0.2691,-0.2632,1.4352,0.2985,-1.8048,-0.0569,0.9994,0.9809,1.6357,1.9265,2.2902,1.2863,-0.078,1.1573,0.3863,-0.5895,-0.388,-0.0786,-1.1939,0.0826,-1.4927,-0.4462,1.431,1.0761,0.3325,-0.1582,-0.7596,0.7851,0.2817,-0.1853,-0.5664,-0.0044,0.3357,-0.1184,-0.2884,1.412,0.0401,-2.4511
"IC66",0.3098,1.185,0.9567,-0.8292,1.0214,0.9602,0.024,-0.4999,0.2755,-0.4901,0.7195,0.6235,0.6048,-0.1108,-1.4885,0.2,0.9232,1.1296,0.5673,0.0882,0.5414,-0.0163,0.1783,0.3782,-0.2742,-0.3308,-1.0866,-0.038,-0.4567,-1.1731,-2.5625,-1.594,-2.149,-2.1432,-0.5066,-0.9902,-0.9681,-1.1668,0.9266,0.1987,-0.1788,0.2314,-0.4784,-1.1639,-0.1581,1.7312,0.1187,-2.1679,-0.1338,1.3163,-0.4987,0.3657,0.752,1.603,2.4629,1.4424,1.9737,2.6156,1.8003,0.5945,-0.3342,0.5719,0.9632,0.3426,0.4357,-0.346,-0.9654,-1.7371,-1.9258,-0.4067,0.038,0.8915,0.3802,1.0422,-0.3808,-1.0946,0.658,-0.4987,0.1178,-0.6647,-1.0048,0.037,-0.3077,0.3755,-0.3972,0.0387,0.5647,1.317,0.5888,-0.1559,-0.1152,-1.4972,1.5251,1.0647,-0.8273,-1.0284,-1.3912,-0.7384,-0.5275,-1.0117,-1.3497,-0.8063,-0.0892,-0.8101,-1.498,-0.0332,1.299,1.2629,-0.0452,-0.0583,-1.5157,-0.9216,0.7332,0.5773,0.6309,0.2039,-1.045,0.7836,0.0998,-0.0046,-0.8952,-0.0688,1.5773,-0.2074,0.362,-0.2176,2.0604,1.3633,0.7528,0.6783,0.6787,0.1499,0.19,0.4313,0.0567,-0.7438,1.6681,1.5388,1.0068,1.5184,0.1077,-0.94,-1.9874,0.5878,0.1555,-0.8789,-0.5159,-0.7887,-1.5941,-1.8142,-0.6295,-0.6023,-0.5653,-0.2128,-0.6765,0.9744,0.7897,-0.0061,0.5458,0.3053,1.0608,0.2414,-0.8736,-0.5205,-2.2291,-1.7276,0.0097,0.4357,-0.1991,0.5764,1.1574,0.9756,2.0162,0.6847,-0.7453,1.0025,-0.8462,-0.5026,-0.9258,-0.6664,1.9403,-0.2155,-1.0072,-1.6404,-1.9283,-1.7317,0.254,0.1465,-0.7851,0.2295,-0.8318,-0.0101,1.8723,0.059,1.0462,1.2022,0.0901,0.1478,-0.9532,0.3539,1.2038,1.1467,0.5356,-0.3785
"IC67",0.0443,0.8143,0.5823,-0.4359,-0.8844,-0.1823,-0.4453,-0.6279,0.2414,-0.8792,-1.0107,-1.2027,0.5485,0.2707,0.4709,0.4906,-0.2427,1.073,1.3429,2.437,2.4773,0.972,1.3439,-0.6659,-1.8709,-0.8331,0.9052,-0.3899,-2.0276,-1.1429,-1.6578,-1.6051,-0.4732,0.137,0.2111,0.571,0.7618,-0.0174,2.1469,0.8577,-0.2707,-0.8104,0.3053,0.2283,0.7828,1.0027,0.4138,-0.7075,-0.953,0.3412,0.1481,-1.2763,-1.5365,-1.5213,-1.1631,-1.113,-0.5938,-0.2828,0.2161,1.1544,1.5165,0.2084,0.1097,0.2414,1.4564,-0.8256,-1.0339,-1.6843,-0.9217,-0.8897,-0.6153,0.5999,-0.2064,0.1385,0.1487,0.236,1.1947,-0.0078,1.1628,1.0647,1.1647,1.498,1.2988,3.3916,1.6969,1.1388,-0.8991,-0.528,0.3101,-0.2355,0.5241,-0.3367,0.4432,-0.0915,-1.1388,-0.548,-1.0515,-1.2988,-1.325,0.0118,-0.6252,-2.0501,-0.8828,-1.978,-1.7239,-0.546,0.5098,0.3638,-0.161,1.8939,1.3288,0.1699,-1.2029,0.1498,-0.2268,0.6367,1.1282,-0.3997,-0.082,0.6404,-1.0965,-1.0751,-0.0367,-1.7948,-0.5993,-0.2936,1.0078,0.875,1.6662,1.706,1.5324,1.6584,0.5283,-0.4631,-0.592,-0.402,-1.3929,-0.2445,0.5001,0.145,-0.022,-0.3811,-0.7637,1.1182,-0.6002,-0.4143,-0.524,-0.8371,1.6637,0.2329,1.0746,0.4459,-1.8604,-0.8453,0.1846,-0.1678,-0.2886,-0.0743,0.0049,0.8192,1.5466,2.3272,0.7651,0.6418,-0.217,-0.489,-1.6029,0.9225,-0.2177,0.1066,-0.6,0.1411,-1.123,-1.3298,0.3023,0.1496,-1.1716,-0.3101,-0.8961,-1.3513,-1.8055,0.1565,-0.3696,-0.1784,1.6348,0.3213,-0.5569,-0.0615,0.3091,0.2729,0.1224,0.8168,1.0335,1.1657,1.6599,-0.2217,-1.0788,-1.3711,0.8859,0.0754,0.614,0.975,-0.8814,-0.8364
"IC68",-1.0598,-1.6811,0.7341,-0.5782,-0.0056,-0.7013,-0.7898,-0.0524,-0.8182,-0.5471,0.5023,1.9378,1.3466,1.7066,1.0442,0.9507,0.472,0.4233,0.6398,-1.4867,-1.103,-0.5122,0.2697,0.5425,0.4901,-0.1525,-1.0382,0.001,-0.9094,-1.2641,-0.3584,0.5961,-0.1531,-0.4644,-0.6482,-0.7301,-0.2123,-0.1494,0.0699,0.61,0.8268,1.7748,0.5856,0.6161,-1.5257,0.0953,0.3151,-2.5263,-0.4603,0.7434,0.7895,0.0306,-0.275,-0.0613,0.689,1.5238,1.6189,0.1428,-0.1457,-0.0036,0.296,-0.888,0.6011,-1.4748,0.1722,0.8632,0.6158,0.5298,0.0837,0.7764,0.4712,0.5556,0.1474,-0.7814,-0.2078,-0.3335,-0.4995,-0.4562,-1.2413,0.5022,0.679,0.377,-1.3425,1.1322,0.0531,-0.2491,-1.438,-0.1461,1.8508,0.5462,-0.4888,-0.7265,-2.109,0.0878,1.0527,-0.7078,-2.7375,-0.9688,-1.1915,-1.1558,-0.4287,-0.6713,-0.1964,0.9161,-1.0067,0.0593,1.0354,1.1822,0.4425,0.8012,1.07,0.0855,0.6228,2.1743,-0.1047,0.099,0.5147,0.3609,1.3208,-0.0697,0.346,0.6424,0.7246,-1.4715,-1.569,-0.4162,-0.1596,-0.6003,-0.3303,0.1864,0.7218,0.7434,1.4606,0.4395,-0.5101,0.5766,1.8216,1.4949,-0.1153,0.7424,-0.159,0.9938,0.2013,-1.3575,-0.1282,-1.6633,-1.243,-0.7904,-1.2919,-0.9055,-0.8162,-0.6647,-0.2379,0.0148,-1.0769,-1.8026,-1.3202,0.0701,0.3029,2.0218,0.9211,-0.4783,-1.9778,0.4951,0.2169,-0.4448,-0.3133,-0.8205,0.1634,-1.0585,-0.273,0.6567,1.8554,1.9805,0.8837,0.8419,-0.2423,-0.8598,-0.3046,0.507,0.0286,-1.9562,-0.2698,0.4404,1.4606,0.3783,0.7059,1.3517,2.767,1.4441,0.732,0.6176,2.0823,2.561,0.1226,-1.8193,-1.6847,-1.4693,-1.1437,-0.6806,-1.0059,-0.528,-0.6151,-2.275
"IC69",-0.3828,0.067,0.2035,-0.7558,-0.361,0.4246,0.4231,0.2451,0.341,0.0686,1.2643,1.9168,1.8584,1.3829,0.1566,0.1103,-0.1134,-0.9511,-1.3643,0.022,-0.4169,-0.9028,-1.2208,-0.1167,-0.7392,-0.2147,-0.6305,0.1211,-0.2853,-1.1787,-1.3453,0.1922,0.1617,-0.9008,0.8919,-0.2762,0.2158,-0.0702,-0.1578,0.7937,-0.3073,1.0017,-0.198,-1.8528,-0.9627,0.1367,2.5681,2.2751,1.5411,-0.0798,-1.6222,-0.9417,-0.1295,-0.5887,0.1623,-0.4368,0.8824,0.3472,1.2091,1.4519,1.7073,0.0594,-1.8095,-0.9278,-1.4298,-1.6176,-1.6128,-0.5276,-0.2365,-0.2492,-0.103,0.8344,-0.3122,0.8556,-1.0531,-1.022,-0.1961,0.8021,0.3867,0.7151,0.3895,1.2052,0.9881,0.816,-0.2236,-1.5743,0.4136,3.0538,1.5664,1.6365,1.2527,-0.3392,0.8359,0.1475,-0.7787,-0.4733,-1.5564,-1.1705,-0.7082,-0.9076,-1.4578,-0.5434,-1.0789,-1.08,-0.271,0.3793,0.0548,1.5403,0.3689,-0.3114,-0.6835,0.4715,1.6455,-0.1726,0.7633,0.7612,1.0894,1.3179,-0.6358,-1.4379,-1.1742,-0.5957,-0.9651,-1.6922,-0.9575,-1.3471,-0.7912,0.4808,-0.1299,-0.0266,-0.6231,-0.3737,-0.9518,2.2431,1.3023,-0.6309,1.0952,1.2933,-0.1611,0.3929,-0.0282,-0.3085,0.1632,0.958,0.2524,0.4043,0.4945,0.8538,-0.9404,-1.613,-0.328,0.0545,0.0612,1.3374,-0.3557,1.6333,0.593,0.6192,0.3651,1.3009,0.2519,1.3892,0.5465,0.3474,0.3122,-0.4995,0.9623,-0.1809,-0.8247,-0.4255,-0.8518,-1.7623,0.0534,-0.1685,-2.2404,-2.1059,-1.0736,-0.5253,0.3286,-1.9729,-0.1609,-0.7898,0.3084,0.6494,-0.0477,-0.9165,0.1777,-0.731,-1.3974,-0.828,-1.1809,0.0027,2.8,2.6049,0.2751,1.6211,0.9512,0.6078,0.2517,0.8795,-0.1396,-0.5557,-0.9076,0.571
"IC71",-1.244,-1.4907,-1.6827,-0.9758,-1.057,-1.1362,-0.7644,-0.7062,0.6758,-0.154,1.3019,1.6346,1.2212,0.5866,1.2468,1.5889,0.9682,0.5038,0.3129,0.3269,-0.8667,-1.0572,0.4636,0.7014,1.1187,0.7242,-0.9565,-0.716,0.0545,0.2546,1.0599,0.6424,-0.845,0.2398,-0.3668,-0.2503,-0.0263,-0.2029,0.8043,0.7161,0.0111,0.7864,-0.9732,0.7773,0.7163,0.6499,0.1121,-0.1558,-1.2429,-0.841,-0.8999,-1.5677,-1.3459,-1.0439,-0.9647,-0.6233,-1.0593,-1.2247,-0.8159,0.4339,0.8676,1.2533,1.1774,0.2191,0.4511,0.8229,1.1745,1.0047,-0.005,-0.0931,1.1479,-0.0063,1.9687,-0.294,-0.3105,-0.6312,-0.126,-0.9972,-0.3203,-0.6975,-0.6027,-0.9083,0.0187,0.7989,0.493,0.6296,0.0994,0.1805,1.768,1.2759,0.0579,0.1259,-1.323,0.6613,0.2204,-0.2524,-2.0178,-1.7024,-1.484,-1.4027,0.8587,-0.2675,-0.0789,0.92,-0.233,-0.4984,-0.0672,0.5714,0.9308,0.7186,0.983,0.8023,0.3868,0.4623,-0.3525,-1.6649,-0.542,-1.0698,0.0165,0.5016,-1.1879,-0.8089,1.1784,0.8348,0.1868,-0.3539,0.7047,0.5343,0.1952,-1.0848,-0.07,-0.4781,0.8845,-0.7731,-0.4398,2.0502,1.0856,1.0429,1.4761,1.1899,0.5534,-0.1058,-0.5169,-1.4673,-0.8353,-0.1428,0.3672,-0.2155,-0.4462,-1.718,-0.2942,-0.5682,-0.5601,-0.4697,-1.0252,-0.7789,-0.815,1.2171,0.8105,1.36,1.1552,-0.5134,-1.5634,-0.108,-1.1358,0.2641,-0.7399,-2.0527,-0.9163,-0.6054,-0.2631,1.4292,2.4679,2.465,1.4766,1.459,0.1648,-0.7709,-1.2347,0.0062,-1.4099,-1.8778,-0.2191,0.6813,0.0015,1.1208,1.2863,1.3467,2.8352,1.3476,1.7396,1.5684,0.194,1.5168,0.178,-1.2858,-1.3617,-2.4063,-1.1619,-1.5048,-0.9152,-0.2849,-0.7042,-1.1814
"IC72",1.8155,1.0687,1.0435,0.0601,-1.2569,-2.0643,-1.2702,-1.2951,-2.2131,-1.5549,-0.14,1.535,0.7079,-0.0033,-1.4414,-0.7504,0.0305,1.2337,3.1912,2.2041,1.8154,-0.0669,-0.7378,0.2651,0.4527,0.1079,-0.5468,-0.2053,-0.0166,1.1,1.2516,-0.1435,-0.0876,-0.9921,-0.6598,-1.5544,-0.8266,0.876,-0.3067,0.1801,-0.3024,0.9355,0.1334,0.9382,-0.4456,-0.3053,-1.274,-0.9238,-0.584,0.1241,0.0078,-1.131,-0.0451,-0.3494,0.2496,-0.8229,-0.9422,-0.5708,0.1651,1.5448,0.4967,-0.3957,0.0333,0.9883,0.3641,-0.9852,0.0215,0.0228,-0.3386,-0.4338,-0.6518,-0.0463,-0.0395,1.8962,2.4343,1.5504,0.6436,0.9892,0.5823,0.3623,1.3157,0.0325,0.239,0.2692,-0.2778,-0.3208,-0.3018,-0.2338,-0.681,0.4755,0.0722,-0.6805,0.1713,-0.8138,-1.5111,-1.8697,-3.0404,-0.6963,-0.5851,-1.3182,-1.6302,-1.1358,-0.409,-0.5346,-0.3099,0.1284,0.8231,1.8338,1.578,0.246,0.8391,1.6919,1.8071,-0.6988,0.2895,-0.2596,0.8171,0.0588,-0.0521,2.0431,0.5542,-0.1175,1.1257,0.2555,-0.4731,0.2854,0.5354,0.5931,-0.2513,0.0236,0.3749,-0.8681,-1.0408,-0.0198,-1.327,-1.0212,-0.6264,0.0367,0.4185,1.8475,0.7634,-1.079,-0.4567,-0.8242,-0.1263,-0.6026,-0.6638,-1.6029,-0.5981,0.334,0.0875,-0.4288,-0.4165,-0.1839,-0.3057,-0.3081,-1.0621,-0.3106,-0.036,0.8744,1.6802,1.6264,-0.0833,0.2649,-0.3106,-0.3403,-0.1321,-0.2863,0.8988,-0.2319,1.2778,2.2723,1.7169,1.5586,1.4455,0.6916,0.0726,0.1493,-1.5189,-0.5209,-1.5759,-2.5155,-0.6049,-1.6659,-0.1615,-1.4408,-1.9068,0.0549,1.6439,0.4503,-0.9398,-0.1444,1.1844,-0.183,1.5261,1.1963,0.0779,-0.5611,1.0005,0.1324,0.2493,-0.3193,-0.5715,-0.5878
"IC73",-0.4294,-0.8341,-0.2693,0.9896,-0.633,-0.0547,1.6465,2.4275,-0.0563,0.3404,-1.4121,1.3063,0.1386,0.0396,0.7416,0.1371,1.8189,-0.3243,-0.3723,-1.5893,-1.1868,-0.0481,-1.3509,-0.2948,0.4586,0.2668,-0.6483,0.133,-0.1585,-0.3088,0.5881,-1.8317,-0.5368,-0.7833,-0.1334,-0.9801,-1.4675,1.299,-0.2144,-0.1355,0.3315,0.0168,-0.0688,0.3331,0.15,-0.5901,-0.8591,-0.4466,0.2193,-0.0458,1.8491,-0.0748,-0.0362,0.1394,0.2705,1.1893,1.4781,1.308,0.817,1.3888,1.0834,-0.0468,-1.0489,-1.7328,-0.7463,-0.3534,-0.4272,0.209,-0.1455,0.7365,0.9433,1.7361,0.487,0.2351,-0.1432,0.3965,-1.7274,-0.1873,-1.7735,-0.8335,-0.9296,-1.3119,0.1754,-0.5593,0.0842,1.9602,0.8997,1.061,0.0843,1.347,-0.0868,-0.0099,0.5428,1.1042,-0.5622,-0.8089,-1.0376,-1.7443,-2.6815,-1.5651,-1.2733,-1.1802,-0.6196,0.0732,0.4641,1.5571,-0.0552,0.5389,1.2456,-0.2089,0.8668,0.7258,1.6677,1.1723,1.3199,0.6502,0.0655,-2.5306,-1.0001,-0.5894,-1.2605,-0.1716,-0.7253,0.331,-0.0565,1.1713,0.1884,1.1524,0.091,0.7044,-1.1329,0.19,1.1481,2.0135,1.1655,1.4221,-0.2448,0.6076,1.0489,-1.1103,-0.6189,-0.8828,-0.6936,-2.1108,-0.4672,-1.39,-1.1747,-0.4577,-0.3212,0.2468,-1.9222,-0.3429,-0.0945,0.9553,1.2342,0.7402,0.4798,1.4763,0.2521,0.632,0.485,0.6249,0.2149,-1.139,0.3495,-0.5378,-0.7863,-0.7832,1.5614,0.8508,1.2463,0.8495,-0.0806,-0.459,-1.1071,-2.2722,-0.9261,-1.7837,-0.7009,0.4436,0.6919,0.1901,-0.9201,-2.27,-0.9438,0.0752,-0.3945,0.0175,1.2724,0.7591,1.0519,1.0717,0.9804,2.1601,0.9002,1.0979,0.0294,-0.3325,0.3769,-1.1376,-2.0483,-1.1041,-0.1552,1.3486
"IC74",-0.9449,-0.1084,-1.1458,-1.9378,-1.2512,-0.4224,1.2076,0.2943,-0.3917,-0.6651,0.3815,0.929,0.7142,-1.1951,-0.611,1.0185,1.2583,0.8831,0.2872,0.1103,-0.6756,0.5355,1.009,-0.0072,1.1806,0.1214,-0.1211,-0.6942,0.8893,0.985,-0.2938,-0.6299,-1.0889,-0.2345,-0.3931,-0.6615,-0.5036,-0.3679,1.1584,1.1249,1.3379,0.9713,-0.6635,1.0944,0.6241,-0.2595,-2.5887,-0.824,-1.4782,-0.093,-0.1227,-0.6408,0.7784,1.3794,0.3681,1.2652,0.7094,0.3404,-0.422,1.4657,-0.2958,1.162,0.6174,0.7751,-1.7494,-1.1549,0.3546,-1.1283,-1.2309,-0.3132,-0.041,-0.0134,1.2253,-0.047,0.2845,-0.2255,0.7154,-0.9634,-0.2141,-1.7335,0.3055,-0.8267,0.6759,-1.0514,0.9031,-0.9433,0.0359,0.1933,-0.1399,0.0617,-0.8616,0.3588,1.4015,2.2336,0.9863,-0.7538,-2.6268,-0.7205,0.637,-0.778,-0.953,0.4528,-0.6937,-0.9975,0.275,-0.259,1.4922,0.0903,-0.0766,-0.0945,-0.5267,1.6061,3.0477,-0.4672,0.5952,-0.2461,-0.1694,1.352,-1.5211,-0.4678,0.14,-1.1546,0.755,1.2344,0.4479,0.0462,0.4537,0.1808,0.1586,-0.2582,0.6122,-0.9536,-0.3032,0.0333,-0.4461,-0.3183,1.3026,0.9591,0.4633,0.8467,-0.4064,-1.1521,-1.0272,-0.4754,0.0121,-0.4959,0.1331,-1.0527,-1.1264,-0.1165,0.2831,-0.4893,-0.2879,-1.3512,-0.6672,0.6623,1.0435,0.3569,0.5571,-1.2301,0.5523,0.4243,0.0576,0.7392,-0.9181,-0.848,-1.1733,-1.41,-0.841,-0.3194,0.091,0.6101,0.1815,1.6668,0.9904,0.2433,-0.233,-0.9531,-1.7519,-0.5135,-0.0313,0.9688,1.6913,1.5168,0.4079,0.7647,1.2841,3.066,2.1377,1.3865,1.0995,1.0915,2.0329,0.5534,0.9623,-0.1844,-2.1256,-2.8472,-1.6088,-1.097,-0.9844,-2.2756,-0.9944,-1.3177
"IC75",-0.901,-0.6539,0.8812,0.4013,-1.0116,-0.5749,0.2506,1.0988,-1.7573,0.3524,0.8571,0.998,0.7472,-1.1344,-1.3364,0.7026,1.3761,1.0051,-0.228,-0.0065,0.788,1.1934,1.345,0.1429,0.5617,0.0792,1.9632,0.6237,-0.6135,0.1488,-0.8594,-1.2717,-1.417,-2.1847,-1.9601,-1.4666,-0.9578,0.0158,0.3137,1.0216,1.1294,0.4533,-0.0546,-0.6814,-0.4772,-1.3317,-1.0979,-0.0095,-0.8434,-0.0713,0.7825,0.0984,-0.7755,0.2402,0.3629,-0.2016,-0.96,0.5981,0.8198,0.9806,1.6811,1.1706,0.1635,0.4157,-1.9205,-2.06,0.0913,0.9065,-0.2234,1.1143,0.4178,2.2614,0.8221,0.7848,-0.0104,-0.7939,-1.328,-0.4158,0.6469,0.7196,0.2989,-0.9035,-0.6691,-1.4752,0.8831,0.9398,1.62,2.5317,-0.6486,-0.9569,-0.8968,0.7447,1.7873,-1.3905,-1.4953,-0.13,-0.15,0.0659,0.2829,0.0383,-2.1289,-0.3026,0.7484,-0.4529,-0.2924,-0.0991,0.4692,0.1804,0.4387,0.2529,0.5534,-1.6803,-1.012,-1.3654,0.1681,-0.6336,-0.7496,-0.6128,-0.7602,1.4176,-0.2582,-1.208,0.4459,-0.1245,-0.2105,0.1175,0.824,0.5581,-0.0901,-0.9314,0.3581,1.2477,-0.368,0.0376,0.7361,0.0434,0.4071,2.4075,2.4009,1.6856,0.6123,-1.1186,0.0131,0.0488,-0.0859,-0.3603,0.539,-0.1575,-1.784,0.7308,-0.5117,0.3477,-0.6249,-1.5256,-1.399,-0.2264,0.9762,1.0094,1.076,0.0663,0.2678,0.0832,0.976,-0.6103,-1.003,-2.4503,-1.0744,0.948,0.4441,0.0401,0.2158,2.0971,0.4901,0.5906,0.1634,-0.4987,-1.5085,-2.6797,-1.9114,-0.626,-0.0923,-0.4606,-0.6577,-0.069,0.1766,-0.4734,0.3342,2.5954,0.3859,-1.1638,-0.2805,1.2265,1.0974,0.6519,0.9665,-0.1873,0.6252,0.1361,1.118,-0.7479,0.8258,-1.2374,-1.6143,0.6341
"IC76",-0.7152,0.2523,0.9526,0.874,0.4072,-0.7698,-1.2666,-1.0493,-1.5739,-2.4382,-2.5858,-0.9078,0.7634,0.5172,0.9704,0.6751,0.4351,1.0942,1.2982,1.0337,1.1653,0.8242,0.5034,0.5094,0.9787,-0.3504,-0.1689,-0.0783,0.6828,0.7019,0.2835,0.4003,-0.9211,-1.5976,-1.8061,-1.0645,-0.601,-0.0047,1.8449,1.235,0.9042,0.6876,0.4833,-0.4775,0.4244,2.2278,1.5569,-0.4538,-0.2873,0.2271,-0.4513,-0.7556,-1.7392,-1.4365,-1.5886,-0.9023,-1.1653,-1.0659,-0.6955,0.7824,0.8645,1.4511,0.2955,0.4568,0.1894,0.2615,0.67,0.2683,-0.2928,-0.1844,-0.9059,-1.6529,-1.3035,0.0104,-0.0648,-0.114,0.305,-0.3157,-0.6095,-0.6092,0.4851,0.4682,1.0259,-0.1007,0.6436,-1.1744,-0.4811,0.4594,1.5359,2.4147,1.5112,1.1558,2.5141,1.7723,0.5309,-0.7224,-1.5059,-1.4911,-0.6829,-0.3239,-0.904,-1.4668,-2.302,-2.4438,-1.4613,-1.542,0.0695,1.0067,1.9027,1.5151,1.1422,1.0416,0.7324,0.4326,0.2085,0.2573,-0.2563,0.5666,-0.9774,-1.5728,0.1918,0.9641,0.4731,0.851,-0.5189,-0.8707,-0.5496,0.4832,0.4023,0.1755,0.5568,0.2082,-0.0008,0.7233,0.7973,-0.8338,-0.7995,-1.5135,-0.8232,-0.4817,0.2954,0.6779,0.88,0.4298,-0.5569,0.3529,0.0542,-0.3211,-1.2292,-0.867,0.3654,-0.1061,-1.1046,-1.5728,-1.1716,-0.7961,-0.7045,-0.4453,0.1117,1.1158,2.1512,1.1666,1.2879,0.5178,0.0553,-0.0168,0.2836,0.7945,0.6575,0.7531,-0.3309,0.3801,-0.1151,1.2951,1.3833,0.3241,-0.7575,-0.3891,-0.4642,-2.0806,-2.3133,-1.3031,-0.0649,1.4373,0.7431,0.604,-0.0252,0.9054,0.662,0.9357,-0.5225,-0.5401,0.4459,1.6005,-0.5131,0.7702,0.4363,-0.5603,-1.141,-0.9847,-0.8199,-0.3774,-0.4539,-0.1414
"IC77",0.7663,-0.0975,-0.8767,0.7211,0.3435,0.0981,0.2439,-0.6111,-0.3963,-1.4196,0.2712,-0.2188,0.6505,-0.0634,0.2689,0.4221,0.115,0.3228,-0.5768,-0.1945,-0.63,0.1215,1.1444,0.5212,-0.6805,-0.285,-0.9722,-0.1975,-0.3892,-0.172,-1.2965,-1.8584,-0.6552,0.4577,0.5574,1.0376,0.3929,-0.2589,0.6199,0.2208,0.3202,1.3296,0.1263,-0.4027,-0.678,-1.5757,-2.5886,-0.6446,-1.0346,0.7579,2.3822,0.8512,-0.2333,1.276,1.9058,2.8652,3.6187,2.0708,1.0403,-0.0911,-1.2925,-0.5613,0.0321,0.6053,0.5487,0.4259,1.5264,-0.2791,0.2373,-0.5194,-0.8022,-2.5745,-0.9947,-1.1895,-1.4133,-2.0887,-0.7659,-1.4363,-0.0442,-0.5183,-0.0386,-0.7682,-0.7118,-1.2111,1.2091,0.1032,0.6258,0.7481,0.3738,-0.837,-2.0771,-0.7844,-1.5114,-0.5337,-0.2002,0.5098,0.0668,1.4816,2.0795,1.386,0.5612,0.1439,0.3446,0.2382,-0.0481,-0.4766,0.4523,1.4079,1.523,0.8099,-1.2725,-0.7032,-0.8887,-1.6037,0.1944,-0.5186,0.8344,1.4499,0.095,0.5716,0.561,0.8309,1.4179,0.8873,0.1185,-0.8615,0.1607,-0.2365,0.1987,-0.3011,-0.004,0.3071,0.6888,-0.9914,-0.6642,0.5322,-0.4974,-0.8068,0.9281,0.3962,0.0977,-0.2709,0.3734,0.0053,-0.0725,-0.5967,-0.446,-0.1005,-0.1135,-0.4794,-0.4787,-0.6237,-0.0746,-1.268,-0.8697,-0.7468,-0.904,-0.5974,-0.1253,-0.4522,0.9025,-0.9007,-0.9176,-0.3517,-1.1944,-0.9852,-1.1623,-0.6793,-0.3191,0.6617,0.137,0.0412,1.7959,3.0628,2.7794,1.7015,0.3721,-0.9437,-0.6706,0.5931,0.624,1.3961,1.4342,1.3239,1.0206,1.1961,1.0887,1.142,0.3422,-0.6784,-0.505,-0.4192,-0.4256,-1.4828,-1.0182,-1.1548,-1.7284,-2.0407,0.0621,0.0076,0.4632,-0.1163,-0.4675,0.4288
