"IC05","-1.2927","-1.4085","-1.8780","0.2757","0.4156","1.1461","0.1693","0.0699","-0.2473","0.0308","0.4253","0.4361","0.0413","-0.5258","-0.7693","-0.3603","-0.1367","1.0566","1.0791","0.6033","0.1723","-0.5351","0.5679","-0.1045","0.5748","-0.5295","-0.3157","1.5128","2.3789","1.7929","0.9194","1.2629","0.2911","-0.1416","-0.7438","-1.2068","0.4238","1.3657","0.0973","0.3182","0.2952","-0.8660","-0.1425","-0.4756","-1.0281","-2.1112","-0.8703","-1.5279","-0.7248","-1.7054","-1.3900","-0.5019","-0.3203","-1.2495","-0.4172","0.0925","0.1193","-1.1848","-0.5986","-0.3179","0.5989","0.4758","-0.2563","-0.5675","-0.4366","-0.6357","0.6819","0.1243","0.5411","1.3658","1.1223","2.0231","1.7352","2.2279","0.1007","0.1730","0.7546","0.8709","1.2336","1.1057","1.3004","0.4341","0.9441","-0.3136","-0.1833","-0.5760","-0.2014","-0.3912","-0.2227","-0.2442","-1.3837","-0.9162","-1.2249","-0.8184","-0.7570","-0.2400","-1.4375","-1.1490","-1.0743","-0.2123","-0.4234","-0.3849","0.5589","-0.4570","0.7615","1.0291","1.6199","0.7119","1.0341","0.3837","1.0829","0.8105","-0.1054","-0.7639","-0.5015","-0.6990","-0.3453","0.6939","-0.0958","-0.5006","-1.9763","-0.5708","-1.3911","-1.3446","-1.7269","-0.7655","-0.7191","0.3779","-0.1520","-0.0585","-0.9704","0.0176","0.2141","3.1956","3.5772","1.4380","0.6455","-0.0155","0.4624","-0.7412","1.5651","1.1934","-0.1024","-0.1030","-0.6282","0.7766","1.0208","-0.2071","-0.8338","-0.4937","-0.5434","0.5478","0.6271","-1.2863","-1.7396","0.2002","0.3915","1.1289","2.0913","-0.3020","-0.3860","-2.0111","-1.7584","-1.3979","-1.3776","-0.1213","0.5436","0.0711","-0.3887","-0.4133","1.8657","0.8747","1.0754","0.4021","1.3915","-0.1510","-1.2819","-2.0818","-0.9462","0.1222","-0.8187","-0.2965","1.2754","0.7683","1.4675","1.1462","0.7458","-0.5951","-0.6503","-0.4974","-0.2281","-1.2786","-1.3328","0.9332","1.2096","1.6720","0.8978","1.1871","-0.6942","-0.4704","-0.9112","-0.8520","-0.6136","-0.1831"
"IC08",-0.6131,0.2387,-0.1375,0.3889,1.2425,1.6153,0.7122,-0.7432,-2.2338,-1.5525,0.2282,0.4676,0.2677,1.5533,3.0955,2.7916,0.2066,-0.3996,-0.9813,-1.0456,0.7023,0.6804,-0.3316,-1.3422,-1.9422,-1.2862,-1.7266,-0.918,0.4102,0.6881,1.2129,0.1108,-0.2314,1.1059,-0.2023,-0.3517,0.5003,-0.4417,-0.7705,-0.178,-0.6698,-0.8669,-0.4418,-0.8285,-0.5502,-0.2924,-1.0356,-0.8587,-0.4111,-0.1496,-0.1642,0.4252,-0.2341,-0.0992,1.2901,0.9757,0.0067,0.3069,-0.0978,-0.3365,0.197,0.9182,0.6771,1.895,1.2663,1.0641,1.0462,0.1045,-1.415,-0.6029,-0.4177,-0.7277,0.0029,-0.8039,-0.4198,0.3231,-0.0287,-0.1287,0.7502,0.2011,-0.4965,-0.0359,-0.2654,0.0943,-0.1677,0.2159,-0.1812,0.0399,1.2069,0.547,0.3895,0.885,0.5011,-0.1501,0.5525,-0.5106,-0.9467,-0.2877,-1.1557,-1.062,0.491,0.2407,0.4906,-0.094,-0.2908,0.8857,0.5208,-0.2513,-1.5835,-0.1948,-0.9083,-0.413,1.4423,1.0827,0.2273,1.2689,0.8316,-0.133,-0.3041,-0.8251,-0.8893,-0.4686,-0.8167,-1.2814,-0.9292,-0.4021,-1.1633,-1.9285,-0.7994,-1.328,-1.6401,0.0025,0.9391,1.4054,0.9266,0.8279,1.8049,2.0297,-0.8128,-1.3529,0.3961,0.4756,0.1453,0.4091,1.5488,0.7721,0.7076,1.2677,-0.0885,-0.8091,0.4908,0.0451,-0.4044,-0.3457,0.3745,0.7865,1.1417,1.598,3.4869,2.0325,0.1335,1.042,0.4544,0.0847,-2.6246,-2.5478,-2.0508,-1.5022,-1.8688,-2.0568,-1.9131,-1.2656,0.5909,1.6392,0.5103,-0.4924,-0.1575,0.8513,0.9801,0.018,-0.3793,-0.5945,-0.9359,-0.7908,-0.7313,-0.7615,-0.5488,-0.6733,-1.3126,-0.5849,-0.8466,-0.0067,0.2507,0.4284,0.5918,1.0236,1.2891,1.6695,0.7015,-0.0899,0.714,0.6815,-0.0341,0.645
"IC09",-0.8447,-0.1085,-0.4329,-0.1897,1.039,2.1062,2.5543,2.2467,0.4936,-0.4087,-1.1289,-1.1759,-1.4279,-1.4111,-0.8525,0.8763,0.8274,1.5868,1.0978,1.6609,0.8837,0.011,-0.5858,0.3126,0.186,-0.5124,-0.5581,-0.8188,-0.5473,-1.2907,-0.7263,0.119,0.2857,-0.8513,0.0176,-0.2878,-0.3951,-0.1652,0.0859,-0.3595,-0.0305,-1.0942,-1.3571,-0.8136,-1.4843,-1.9071,-1.0027,-0.9304,-0.9776,0.5097,0.5041,-0.1882,-0.1254,-0.3558,-0.6594,0.1709,0.1623,0.5114,0.22,-0.2385,0.317,1.5543,1.0967,-0.1894,0.2327,0.4963,0.4495,1.5617,2.2902,1.8173,0.7521,-0.3565,0.1615,0.8981,0.41,0.7159,0.7289,0.7341,-0.3141,-0.0001,0.2292,0.1694,0.0782,0.0134,0.2826,0.3503,-0.1954,-0.6936,-1.4789,-0.1295,-0.4279,-0.6399,0.0566,0.3087,-0.0677,0.5525,0.0103,-0.0904,-0.2643,-0.4206,-0.9992,-0.6275,-0.5992,-0.3684,-0.6175,-0.8269,-0.5961,0.111,0.644,-0.4619,0.0241,-0.6792,-1.3667,-0.7118,-0.5637,0.4389,2.3194,0.9769,-0.5728,-0.5612,0.0387,0.0773,0.233,-0.7295,-1.6756,-1.5128,-1.117,-1.2822,-1.5626,-1.3945,-1.503,-0.6009,0.8552,1.0146,0.8993,2.3652,1.9872,1.9949,1.8206,1.0903,0.8661,0.6377,0.2924,0.6523,1.6737,1.8959,0.6845,0.7287,0.2191,0.0507,0.1904,0.7809,0.7982,-0.0843,-0.1427,0.5042,0.8482,1.3324,0.1942,0.0859,-0.5621,0.6422,0.7213,-1.0615,-1.8064,-2.6033,-2.3955,-2.6043,-1.8491,-1.5426,-0.2861,-0.5574,-0.4499,-0.5272,-0.689,-1.0339,-1.086,-0.2636,0.3027,0.566,0.6609,-0.0567,-0.2233,-0.6599,-0.4493,-0.0482,-0.6755,-0.9917,-0.523,-0.9133,-0.3662,-0.291,0.0251,1.2932,1.8807,2.2512,2.2277,1.6553,0.6054,0.4386,1.2937,0.6962,-0.4297,-1.7078
"IC15",-0.3715,-0.8901,0.2353,0.0284,0.0203,0.1788,0.2752,-0.9549,-1.6158,-0.7485,-0.6307,0.3652,-0.6538,1.0588,0.9817,0.6433,0.2908,-0.2774,-0.4265,0.7359,1.7457,1.6123,0.5089,-0.821,-0.5603,0.7243,2.0495,0.0734,-0.6294,0.1813,-0.315,-1.6069,0.0935,0.7741,0.1519,0.2312,0.4756,-0.5246,-0.1129,0.4643,-0.2998,-0.5963,-0.6156,-1.8405,-0.5778,-0.0078,-0.7517,0.6762,1.224,0.0573,0.0759,1.3212,-0.2354,0.6344,-0.0218,-0.9184,0.5,-0.1211,-1.2029,0.1034,-0.9566,-2.1886,-1.5754,0.399,-0.871,0.8959,0.0385,-1.2511,-0.7277,-0.2704,0.5091,0.6126,0.756,0.4888,0.9286,0.8407,0.9035,1.3361,1.4561,2.4972,1.5627,0.7381,0.7479,0.9879,0.5899,0.3998,-0.845,-1.0974,-1.3077,-1.8333,-1.3204,-0.9709,-0.7995,0.0076,-0.0163,-1.5545,-0.803,0.0684,-0.883,-0.3041,-1.6152,-0.1879,0.8207,-0.0109,0.153,0.273,0.3473,0.8436,0.8985,1.2298,-0.833,-0.4325,0.5677,-0.4339,-0.3658,-1.1232,-1.0072,-0.5275,0.4539,-0.339,0.8672,1.1185,0.4079,-0.0562,0.8436,0.3948,1.3821,1.7533,1.2419,1.6934,2.005,0.7155,-2.497,-0.394,0.4055,-0.4498,0.4795,-0.2849,-1.6555,-2.1546,-1.7464,-1.1798,0.0923,-0.4502,-0.4826,-0.7473,-0.848,-0.6,0.2955,0.3965,0.2188,-0.4623,0.1572,-0.0867,-0.4848,0.2312,1.5233,1.7668,3.344,0.262,0.0894,-1.2226,-2.104,-3.0304,-1.8621,-0.5243,0.324,1.2946,-0.4793,0.202,0.6907,1.7846,2.1609,2.6011,0.9611,0.6059,0.7763,-0.809,-0.9016,0.5267,0.005,0.4251,0.018,-0.5778,-1.5759,-0.7582,0.4159,0.8077,-0.4682,-1.1609,-0.8983,-0.6468,-0.907,-0.525,0.4938,0.4524,1.6828,-0.6834,-1.2137,-0.0866,0.0047,-0.0273,0.569,0.4916
"IC16",-1.0572,0.2863,0.0665,-0.5927,0.7327,1.6451,0.8999,-0.7461,-0.6268,-0.7886,-0.0558,0.6049,0.3001,-0.95,0.0976,1.0671,-1.378,-0.316,0.9534,0.5379,-0.2952,-1.5364,-0.8867,0.0452,1.0196,1.1611,-0.5568,-1.3393,0.0724,0.8299,0.2561,-0.3496,-0.5984,0.8505,1.4706,-0.2715,-0.4193,0.2653,0.623,-0.0426,0.1536,-0.471,-0.3716,0.3777,0.3378,0.0241,0.5743,-0.0246,-1.2165,-0.6302,-1.177,-0.9254,-0.3208,-0.9287,-0.3499,-0.1315,-0.0051,0.6519,0.5734,-0.5182,0.7257,0.9435,-0.1681,1.1957,0.6759,-0.2409,0.4983,0.3394,-0.7083,0.2382,0.4571,0.4064,2.0025,1.1183,-0.317,1.4075,0.7967,-0.4278,0.9032,1.5971,-0.6239,-1.3756,-0.9922,-0.784,-2.5065,-1.0115,-0.0735,-1.1086,-0.2125,0.5601,-0.1203,-0.0529,-0.5902,-0.9509,0.555,0.5057,-1.2658,-0.6363,-0.4363,-0.924,-0.137,-1.0125,-0.1577,0.0857,0.5633,0.8358,0.6931,0.27,0.425,0.9325,-0.3546,-1.7569,0.6429,1.7334,0.224,-0.3419,0.09,-0.8349,0.7395,2.0177,0.3227,-0.0372,-0.0559,-0.4304,-1.1595,0.1696,0.2547,-0.1512,1.9505,2.2057,-0.2329,0.2125,0.3239,0.1538,-0.2087,-0.7931,-0.657,-0.4815,-0.1086,0.2001,0.4832,0.3364,0.4993,0.5526,0.6903,-1.7883,-0.0867,0.2418,-0.9304,-1.4534,-0.2108,-0.5532,-0.4458,0.582,0.2492,-0.7361,1.089,0.1051,1.3837,1.4145,-3.3114,-3.1523,-2.5663,-2.1906,-2.5575,-1.2873,1.1571,1.6102,0.9621,1.4148,1.4361,1.5665,3.2392,2.8246,0.6962,-0.9152,-0.7326,-0.6191,0.0098,-0.3784,-0.7647,-0.9465,-0.1853,1.808,2.7775,0.8061,-1.0234,-1.4036,-0.5706,0.3268,0.2596,0.3864,-0.3883,0.1092,-0.1932,-0.412,-0.9316,0.1757,0.7784,0.38,0.2545,0.0554,-1.593,-0.4685
"IC17",-0.5672,-0.7154,-0.0764,0.3268,0.5679,0.8143,1.612,1.4615,0.189,-0.0041,0.7939,0.9167,-1.1615,0.8574,0.5764,-1.3882,-0.6416,-2.039,-1.8274,-0.7442,0.3151,1.3346,-0.3164,-0.6853,-0.4199,-1.1591,-0.3355,-0.6435,-0.7417,0.0163,0.8901,-1.3217,-1.2128,1.9071,1.3341,0.1194,0.5829,-0.8658,0.5484,0.7983,-0.899,-0.5972,0.3698,-0.9109,-0.4545,2.2563,0.3416,0.1497,0.1325,-0.7005,0.5957,1.7418,-1.1112,1.4796,1.0512,-1.1946,0.5997,0.1638,-1.566,1.8894,1.3983,-0.1919,0.1576,-0.1601,-1.8675,0.753,0.2925,-0.74,0.9039,0.7282,-0.888,-0.3553,-0.7921,-1.5969,-1.2662,-1.0291,-1.2995,-0.4865,0.0987,0.9402,-0.5798,0.8641,0.6673,-0.0061,0.2262,1.3774,0.796,0.4333,0.5973,-0.1272,0.3608,0.5725,-0.5725,0.5043,1.909,-0.2269,-1.3041,-0.4614,-0.5414,0.7209,-1.1607,-0.8393,-0.7182,-1.7034,-1.6224,-0.4609,-0.8334,0.077,0.2215,0.793,0.0201,0.6205,1.1692,0.9977,0.8225,0.3083,0.3891,-0.5273,0.5977,-0.8904,-0.1306,0.1957,0.5953,0.9612,0.7505,0.0035,0.0215,0.5458,-0.7389,-1.2207,-0.748,1.4698,-0.2763,0.6603,-0.0394,0.58,1.2374,-1.22,-0.537,0.3103,-1.56,-0.8984,0.5337,-0.7978,-0.1494,0.284,-0.8059,-0.6584,0.3408,0.5034,-0.4817,0.8929,-0.3955,-0.8985,1.3697,1.2351,2.9038,1.9653,2.8063,0.3095,-0.5277,-1.8892,-2.9853,-2.0163,-1.5101,-1.9096,-0.7104,0.1876,-0.561,-1.2921,-0.8012,0.4705,1.0068,1.0279,-0.9547,-0.0056,2.1476,0.5305,0.1885,1.5242,-0.1246,-0.5869,-0.426,0.4154,-2.978,-0.1649,1.634,1.2751,0.704,0.834,0.263,0.2728,0.0174,0.2132,0.5702,-1.0825,-0.4039,-0.5759,0.307,0.148,-0.5576,0.1445,0.3219,-0.5619
"IC18",1.7769,-0.024,-1.2983,0.8328,-0.5641,-0.3087,-1.6337,1.1257,-0.5019,-0.2244,0.9034,0.8365,-0.8457,1.303,-0.0694,-0.8466,-0.1696,0.1079,-1.5276,0.1423,1.1039,0.1437,0.1835,-1.6729,-0.5825,-0.8486,-0.7488,1.3289,0.7088,-0.842,1.4828,1.154,0.7674,1.1184,-0.5907,-0.754,1.1135,0.9776,-1.0956,0.6047,0.6941,0.2867,1.6206,-0.9051,-0.6669,-0.4613,0.0072,-1.3081,-0.4,-1.5228,-0.9632,0.2769,0.0669,-1.9666,0.1163,-0.0062,1.418,1.2461,0.9748,-0.5442,0.012,-0.5047,-0.247,0.1276,-0.0166,-1.6972,0.5939,-0.7855,-0.069,-0.3449,-1.0337,1.3965,-0.4129,-1.2364,-0.1013,1.1432,0.4373,1.4526,-0.5108,-1.5186,-1.2872,-0.5156,0.8973,0.3259,1.4921,0.7477,0.1569,0.7297,1.1028,0.7095,0.3924,1.4415,-0.1072,0.7719,0.8957,-0.2807,-0.4337,0.539,-0.8856,0.3181,-0.6303,-1.086,0.2801,-0.9424,0.61,0.6064,0.3043,-0.9097,0.8108,-0.8633,-1.446,-0.6797,0.5114,-1.29,1.3833,-0.6472,-2.8045,0.4066,-0.1512,-0.9086,-1.7318,0.591,0.4956,0.0873,0.5127,0.5318,-0.5801,1.507,0.2548,-0.5059,-0.6413,0.1511,-0.1842,1.0591,2.7485,-0.7086,0.3446,0.4821,-0.4975,-1.7709,0.7343,0.8498,-0.9266,0.3256,0.3824,0.8025,2.102,-0.4685,-1.2189,-0.1471,-0.8973,-1.4805,0.6078,0.3547,-1.1289,0.4193,-0.5698,-0.4563,3.8243,1.187,0.5602,-1.3444,-1.8194,-0.5064,-0.9414,0.598,-0.6735,-0.4693,0.7498,-0.6901,0.3483,1.6613,1.6585,0.3763,0.3396,-0.8692,-0.6131,-1.0072,-0.5245,1.5692,-0.3491,-1.3561,0.6194,0.0445,0.4495,-1.2934,1.0524,1.0678,0.0234,0.3285,-0.3581,-1.5415,-0.5355,-2.8493,-1.5552,0.2263,-0.4624,0.4279,0.3651,1.8424,-0.5239,0.2516,1.996,0.5064
"IC19",0.8166,0.5201,1.7402,0.6328,-0.4708,0.5384,-0.8406,0.1162,0.132,-0.3446,-0.1203,-1.2367,-0.5385,-1.3126,-0.2105,-0.6074,-0.7652,-0.2983,-1.1923,-0.5232,0.5444,-0.9901,1.1237,0.6307,1.0657,0.8009,-0.7028,-0.0351,-1.1812,-0.6588,-1.5661,-0.0914,0.5007,1.2276,1.14,-0.2112,0.4451,0.9438,1.8979,1.3265,0.1975,0.4862,0.4049,0.533,0.8254,-0.492,-0.2819,-0.0876,0.4406,0.7739,0.5746,0.7884,0.4407,-0.6989,-0.6491,-0.1051,-0.521,-1.6319,0.0606,0.8439,0.2121,-0.273,-0.0468,-0.3078,-0.8668,0.0092,-0.7517,-1.1389,-0.4637,-1.0152,-1.4976,-0.9441,-1.1097,-1.0559,-0.6856,-0.1688,-0.1245,0.3994,-0.393,-0.629,-0.1719,-0.982,0.1643,-0.1326,-0.5089,-0.3228,0.1313,-0.344,-0.2292,1.0703,1.6294,0.8304,0.5366,1.1677,1.4236,1.5214,1.6189,1.4235,1.096,0.6871,0.4561,0.3717,0.7148,0.211,0.6342,0.0067,0.4576,-0.1282,-0.0621,-0.0532,-0.2554,0.4216,-0.4446,-0.2853,-0.2977,-0.3357,-0.2184,0.6283,0.7536,0.7217,0.6536,-0.0378,-0.3254,-0.1809,-0.8848,-1.1293,-1.0926,-1.1604,-0.4273,-0.6447,-1.2403,-1.5474,-0.2604,-0.9386,-4.7214,-2.2736,-1.0721,-0.7037,-1.0335,-0.7596,-0.4286,-0.6371,-0.4985,0.0379,1.4475,1.8587,1.4658,1.2444,0.7196,3.4839,1.4618,0.8777,0.8072,1.5707,-0.9923,0.0434,1.4581,2.7041,-0.3016,-0.748,-0.6453,0.4681,1.3469,0.6982,1.0059,0.8806,-0.1667,-1.1609,-1.5302,-0.1653,0.7866,0.525,1.0976,1.2418,1.0949,-0.5059,0.1527,0.0066,0.3046,-0.2728,-1.4601,-2.0318,-1.7761,-2.1317,-1.0064,-1.0376,-0.8816,-1.277,-1.3201,-1.5402,-1.0068,-0.4388,-1.1032,0.5162,1.2465,0.5796,0.7349,1.9582,0.9353,-0.3888,0.3573,1.2766,0.7079,0.9287
"IC20",-2.3012,-0.7915,-0.703,-2.4135,-0.227,-0.3961,-0.2347,0.8404,0.2393,-0.5033,-1.0169,0.7754,0.8141,0.3582,1.6851,1.5183,0.2888,1.4595,0.5718,0.7546,1.5313,0.7241,0.5105,-0.3236,-0.5081,0.052,-1.3071,-1.4125,0.0768,1.0445,0.9884,0.2577,0.597,0.5698,0.7683,0.0268,0.1433,-0.3015,-0.6658,0.0612,0.2828,-0.7925,-0.413,-0.1017,0.285,-0.8983,-0.4462,0.3449,0.1188,-0.5631,-2.4026,-1.333,-0.8235,-0.7488,0.596,0.571,-0.421,-0.5457,-0.4864,-0.2509,0.2593,0.8407,0.6594,0.0924,-0.8519,-1.2911,-0.7694,-0.4698,-0.4853,0.4619,1.4395,0.3298,0.6279,-0.3312,0.7012,2.071,1.4352,0.813,0.2576,1.0616,0.0167,0.1244,0.586,0.8294,0.4839,2.1975,1.0721,0.979,0.7062,0.1193,-0.7507,-0.4272,0.1087,-0.8568,0.0731,-1.0943,-1.4652,-0.1054,-0.9389,-1.4452,-0.1533,-1.1072,-1.5016,-1.3544,-1.3082,-1.8311,-0.8245,-1.2149,-1.9348,0.5794,-0.4457,-0.3155,1.6281,0.6763,-0.0941,0.0102,-0.6373,-1.0237,0.365,0.6669,0.7657,0.6083,1.4955,0.7837,1.0104,1.5641,1.1665,0.581,0.7352,-0.0844,0.0937,2.0911,1.5864,-0.3783,-1.4959,-0.3693,0.3773,0.6915,-0.1578,0.5675,1.2651,1.7388,1.0403,-0.675,0.7101,-0.7205,-1.373,-0.5492,-0.1074,0.3336,1.1488,-0.1762,-1.0623,-0.1653,-1.1362,-2.9544,-2.9823,-3.3015,-1.791,0.1379,-1.8742,-0.791,-0.0924,0.5486,0.1248,-0.9355,0.152,-0.2173,-0.0634,1.7735,0.6509,0.1437,0.639,1.1415,0.9683,0.7763,1.328,1.2288,0.7337,1.0481,1.8989,0.9542,0.614,0.9481,0.9278,0.2458,0.6658,0.0465,-0.311,0.651,-0.205,-0.5521,-0.6508,-1.9491,-0.7263,-0.5894,-0.0675,0.146,0.8948,-0.1016,-0.8272,-0.7025,-1.2356,-1.1377
"IC23",-0.2963,-1.406,-0.1045,0.3271,0.0571,-0.5368,0.7982,1.4469,-0.2505,-0.9139,-0.6376,0.3811,0.2629,0.9643,1.5028,0.9624,-0.1033,0.1605,-0.3848,0.6975,0.354,0.8077,-0.4785,-1.4514,-0.6247,0.1564,0.2286,-1.0043,-1.7223,-0.5742,0.008,0.0107,-0.4664,0.2734,0.919,1.038,0.5834,0.316,-0.0968,0.0926,-0.436,-0.0883,0.3467,-0.5011,0.6997,-0.0138,-0.0523,0.1566,0.0407,-0.7543,-0.6963,-0.4274,-0.8297,-0.2963,-0.3857,-0.2412,0.208,-0.1755,-0.8977,0.4437,0.2883,0.245,0.0851,-0.4249,-0.4958,0.8189,1.0214,0.8127,-0.6425,0.2106,0.23,0.1706,-0.1275,-0.8734,-1.0022,0.1201,0.2878,-0.345,0.2488,1.6594,0.5282,0.9752,1.2701,0.3389,1.2663,0.998,-1.2333,-0.8946,0.001,0.328,0.064,0.3076,0.8279,-0.003,-0.2466,-1.1482,-1.0167,0.3611,-0.771,-1.0274,-1.4865,-0.638,-0.3533,-1.0117,-0.9877,-1.0291,-0.3016,0.1091,0.7207,1.2615,-0.1131,0.7759,0.6515,0.3019,1.2658,1.6526,0.143,0.549,0.3169,-0.0612,-0.3033,1.3259,-0.1767,-1.0751,0.2086,-0.6691,-2.4671,-0.7072,-1.1954,-0.5684,-0.1157,0.9321,-1.6219,-0.1113,1.9649,1.3167,2.9357,1.7728,-0.9818,-1.8047,-0.2257,0.3214,-0.5752,-0.0225,0.437,-0.2521,0.2796,-1.3842,-0.9265,-0.7894,-1.6065,-0.7537,0.6819,-0.4372,0.0146,-0.4149,0.2624,3.0896,3.7599,2.7172,1.9591,0.4355,-0.2802,-0.2978,-1.6355,-2.8423,-3.314,-0.3098,-0.541,-0.661,-0.2011,-0.1272,0.863,1.65,1.7081,1.267,1.8719,0.1299,0.004,0.0185,-0.7413,-2.0216,-1.2084,-2.0837,-1.1559,-0.2715,-0.3235,0.2387,0.2237,-0.4492,-1.3801,-0.9013,-0.295,0.6005,1.005,2.0948,2.0844,0.8605,-0.8585,-0.0481,0.1325,0.0034,-0.2494,-0.1625
"IC24",0.8339,-0.8506,-0.4416,0.4546,-0.2136,0.4575,-0.1563,1.0897,-1.7386,-1.768,-0.5417,-1.1173,-0.1083,1.3542,1.4282,1.1331,1.0757,1.111,0.1038,0.5429,0.4727,0.7,0.7093,-1.3266,0.5691,-0.2583,-0.3851,0.548,-0.9077,-0.4372,1.0028,0.3583,-0.1652,0.658,0.1556,-0.163,0.1168,-1.2432,-1.2598,0.809,-0.7618,-0.2582,0.2358,-1.9178,-0.4034,0.0176,-0.9346,-0.4282,0.7257,-0.141,-0.1396,-0.743,-0.9232,-0.6633,0.7068,-0.9765,-0.2979,0.6762,-0.6566,-0.6954,0.8167,-0.3973,0.0596,-0.1559,-0.6951,-1.0087,0.7237,0.0403,0.6447,0.6952,0.1872,0.8343,-1.4568,-0.1965,0.6058,1.1177,1.0352,1.6506,1.7872,1.0349,1.0572,-0.0753,0.7278,0.6217,2.5783,0.3808,-0.5193,-0.0148,1.0487,-0.1018,-1.0221,0.0214,-0.538,-0.3181,0.1751,-0.0111,-1.1328,-0.9863,-0.7055,0.9097,-0.476,-1.583,-0.2643,-1.9971,-0.711,0.0344,-1.0877,-1.1432,0.7199,0.1878,0.1942,0.5471,-0.3516,-0.0962,-0.0175,-0.8709,-0.2148,1.0359,-1.115,-1.2244,-1.1652,0.8155,-0.8515,-0.2174,0.0559,0.0864,-1.0991,0.7357,0.1171,-0.6535,-0.3509,0.4262,0.1544,-1.6931,0.983,1.3247,2.0394,1.7144,0.0876,0.0937,1.9292,-1.2232,0.4998,2.1971,0.543,1.4375,1.9813,0.3635,1.1051,0.7134,-0.0416,0.54,1.416,0.0506,-0.7986,-1.102,-2.7638,-2.7113,-0.8366,3.2482,2.3604,0.3569,-0.8675,-1.0778,-2.1034,-2.0513,-3.0768,-1.3129,-0.1174,-1.7588,-1.7537,-0.5576,-0.1409,-0.1092,1.3432,0.7755,0.3542,-0.4266,1.4187,1.9339,0.1468,0.3442,1.3792,-0.439,-0.1918,-0.5572,-0.0168,-0.0213,0.4262,-0.1691,-0.3005,-0.8274,0.0271,-0.0316,-0.1013,0.4298,-0.4138,0.8432,0.1766,1.0167,-0.6072,0.0185,0.7126,-0.192
"IC26",0.761,0.8309,0.1049,-2.0199,-0.2467,1.0139,1.0775,-0.016,-1.135,-1.1429,-0.8985,-0.7383,-1.3495,-0.1371,0.436,-0.1686,-1.2191,-0.1995,-0.0022,-0.6163,0.551,-0.0057,1.1771,-0.0151,0.4743,1.3392,0.6829,-0.8664,-0.6963,1.2963,1.7281,-0.4884,-0.3842,2.2461,0.2099,-0.8018,1.715,-0.0854,-0.5695,-1.3361,-0.9759,-0.6294,1.2204,-0.074,1.6442,1.0767,-0.0651,-0.47,0.2496,0.2968,0.1123,0.652,0.2291,0.3248,0.9376,-1.2702,0.4904,1.0614,-0.3549,-1.1966,0.1873,-0.0644,-1.7311,-0.443,-0.8415,-1.4812,0.0964,-1.7645,-1.2929,0.1983,-0.2697,0.737,0.5187,-0.2621,-1.1184,1.2618,0.982,0.1615,0.4074,0.2314,-0.283,0.5804,1.2088,-0.63,-2.2129,-1.0525,-1.0006,-0.4495,1.2181,-0.5065,-0.8965,1.4425,0.8019,1.4311,1.7351,-0.0398,-0.9175,0.333,-0.2571,-0.0863,0.6632,-0.9345,-0.1424,-1.4373,0.7204,1.7584,1.3823,-0.3549,-0.2464,0.7007,-1.4173,-1.0952,1.7836,1.2622,0.6293,0.2084,-0.6578,-0.0895,1.4202,1.0238,-0.9075,-0.9171,-1.4525,-0.1151,-0.28,1.4919,-1.1378,-1.4583,1.6891,0.7403,-0.7347,1.7975,-0.3497,-1.5872,-1.6691,-0.3878,1.5273,-0.8091,-2.1757,-1.4223,1.2554,0.8765,0.8662,0.3112,0.1335,-2.0779,-0.7776,-0.3992,0.3112,-1.7207,0.0963,0.4464,-0.2386,0.3545,-0.1027,-0.3286,0.0291,0.344,3.3668,1.2551,0.372,-0.8081,-0.9623,1.7814,0.7929,0.1794,0.932,0.0235,-1.2442,-1.0499,-0.5091,-0.2854,1.0703,0.0071,-1.307,-0.5582,-0.9326,-1.9418,-0.7618,0.4559,0.5063,1.0191,0.8309,1.7542,1.8383,0.0521,0.6793,0.0486,0.5194,1.4135,0.3536,-0.1355,0.3441,0.6341,-0.1383,-1.4306,-1.4789,-0.5686,0.7186,-0.447,-1.1461,-0.4429,-1.0996,0.2035
"IC27",-0.8796,-0.729,-0.2755,-0.2704,-1.1703,-0.7898,-0.1121,-0.4226,-0.1573,-0.0166,0.7237,1.5575,-0.4523,-0.1015,0.1119,0.2895,1.9639,0.4785,0.4331,1.2636,1.8902,1.6964,-0.799,-1.2616,-1.4596,-1.2318,0.136,-1.4798,-0.842,0.5283,0.5314,-0.1886,0.5364,1.0878,0.9905,0.86,-0.7525,-1.1298,1.0574,1.0571,0.5298,0.4677,-0.5004,-1.3092,-0.9167,-0.4244,-0.3678,0.6622,0.384,-0.3096,0.1863,0.0582,-0.206,0.5529,-0.9867,-1.2021,-0.4848,-0.5903,-1.164,0.1203,-0.4941,-0.6867,0.5975,1.8317,0.6567,0.435,-0.2689,-0.9248,0.4901,-0.6392,-1.008,0.2985,0.8386,0.3989,0.5791,1.6148,0.8748,-0.3723,0.5876,1.5832,0.5406,-0.0662,-0.405,0.3439,-0.8357,-0.9981,-0.3081,-0.0329,-0.6619,-1.2388,0.5838,-0.2959,-0.8512,-0.7618,-0.4989,0.1389,0.1859,0.4318,-0.3937,-0.7596,-1.7774,-0.1525,0.8814,-0.2135,-0.135,-0.2776,-0.1888,1.3053,0.7144,1.1877,0.6741,0.174,1.4451,1.3178,0.4121,-0.5095,0.3087,-0.4628,0.2882,-0.0551,0.9409,0.4719,-0.8754,-0.6232,-0.0965,-0.7385,-0.2427,0.2332,0.3151,0.1545,-0.122,0.4618,-1.1444,0.2599,0.4175,-0.2431,0.4326,-2.1304,-1.5033,-0.9651,-2.0014,-0.4395,-0.0243,-0.8352,1.012,2.4783,1.1496,-0.9934,-0.498,-0.42,1.398,1.6295,-0.4625,-0.9243,1.0823,0.1176,1.1699,1.5591,2.8276,0.0052,-0.902,-2.313,-2.6458,-2.5571,-1.6513,-1.0433,0.0702,1.0713,0.4427,0.1319,-0.4743,-0.252,1.1482,4.4364,2.7497,1.6578,0.2465,-0.894,-0.8157,0.0089,-0.7516,-1.5878,-1.3305,0.9228,-0.6726,0.7209,2.1361,0.7205,-0.6745,-0.2002,-0.8963,-0.5721,0.1919,0.3143,0.3491,-1.0918,-0.405,-1.449,-0.155,0.3697,-0.227,0.8758,-0.0035,-0.4498
"IC29",0.1772,-0.0646,-0.0232,1.4059,1.2713,1.8287,1.5485,0.0988,-0.0264,-0.7705,-0.2783,0.6039,0.1016,-0.9731,-1.6817,-1.1417,-0.4581,0.0199,0.6735,1.1852,0.8942,0.3576,-0.7684,-0.9081,-1.1315,-1.6171,-0.2237,0.8387,1.1929,0.3535,0.6878,0.5879,-0.6939,-0.8098,-0.0777,-0.5814,-1.0186,-1.4873,-0.7606,-0.7761,-0.7983,-0.7187,-0.5328,-0.5737,-0.6843,-0.3726,-0.3134,-0.8546,-0.5677,-0.361,-0.2659,-0.6125,-0.4049,-0.1042,0.5751,1.0667,1.6802,0.6343,0.7302,0.6904,0.9605,0.5311,0.2964,-0.3647,0.3841,0.2999,0.4834,0.6871,1.1894,0.4034,0.8504,1.5259,1.5757,1.4812,-0.0738,-0.4662,0.1502,1.3584,1.5028,1.4071,1.1809,1.3715,1.6533,0.9387,-0.1023,-0.8937,-1.3029,-1.498,-1.353,-1.3207,-1.7747,-1.8131,-1.8253,-0.9551,-1.1151,-1.266,-2.5486,-2.5584,-1.4781,-0.9541,-1.275,-0.8218,-0.1073,0.3492,0.4536,0.1408,0.3744,0.3831,0.8186,0.5501,0.6738,0.633,0.9424,1.326,0.4855,-0.4173,0.0134,-0.101,0.8448,0.9476,0.2053,-0.7078,-1.2139,-0.6494,-0.2775,0.0024,0.0114,0.3542,-0.0502,-0.1116,-0.224,0.6167,1.1771,1.7261,2.6734,2.1254,1.3168,-0.4439,-0.6666,-0.9068,-0.6428,0.3791,0.7702,0.7059,0.5351,0.2509,-0.5998,0.1114,0.3077,0.5314,1.1958,0.9003,0.1282,-0.0729,0.0543,-0.1983,-0.1168,-0.2504,0.5205,0.0881,-0.5748,-0.9954,-1.5818,-1.2894,-0.7008,-0.549,-0.6109,-1.5463,-1.8514,-1.8625,-1.6318,-1.5689,-1.4782,-1.3751,-0.9775,-0.5385,-0.2618,-0.3881,-0.7544,-1.0864,-0.14,1.2916,1.846,1.3934,1.4204,1.5254,1.4838,0.8857,1.0009,0.6299,1.5539,0.8805,1.0268,0.635,0.1554,0.2922,1.2557,1.7224,0.281,-1.4677,-1.3393,-0.7945,-0.9675,-1.0523
"IC31",-1.5321,-0.5,-0.0359,-1.0342,0.1926,0.5182,0.4151,0.9503,-0.5655,0.1037,-0.1032,0.5792,0.4495,0.4039,0.7821,0.1578,-0.5925,0.626,1.0015,1.2838,1.2137,0.162,0.5498,-0.2478,0.1283,1.1721,0.0954,-0.5626,-0.2549,0.1562,0.0084,-0.6466,-0.3101,-0.6076,-1.1503,-0.7227,0.2171,-0.3266,-0.8213,-0.9279,-0.0932,-0.4117,-0.026,-0.2401,0.4004,-0.2385,0.2941,-0.306,-0.294,-0.3214,-0.7735,-0.4022,0.1305,-0.3486,0.7278,-0.3971,-1.4049,-1.1591,0.2548,-0.8912,-0.1004,0.3261,-0.1632,-0.7719,-0.2657,-0.8385,-0.1462,0.0912,-0.2807,-0.4259,-0.1197,-0.4644,1.284,1.1903,1.014,2.7309,1.67,1.3925,1.2089,1.6247,1.5106,1.1594,0.8729,0.8211,-0.2894,0.8755,0.685,-0.2561,-0.2069,-0.1514,-0.1936,0.169,-0.6121,-1.6567,-1.3991,-1.5148,-0.8041,0.397,0.0068,-1.0437,0.2728,-0.8011,-1.0358,-0.0456,-0.235,-0.9202,0.6513,-0.107,-0.2559,0.6889,-0.0871,-1.226,0.9216,-0.2035,-0.9164,0.4877,-0.2448,-1.1599,-0.4705,0.3053,-0.0077,-0.8439,-1.0158,-0.8728,-1.6363,-0.0987,-0.9114,-1.6164,-0.3262,-0.0432,-0.2456,0.6194,0.2004,-0.025,0.453,1.0043,1.5045,2.649,1.6698,1.8759,2.3684,0.4699,-0.2014,0.8016,2.5704,0.6406,0.6175,0.8107,0.2107,-1.3271,0.0384,-1.6569,-1.7765,0.3623,0.7203,0.2845,0.1444,0.7539,3.4017,2.4027,0.4635,0.0193,-1.9197,-2.6173,-2.9562,-3.2429,-1.8434,-1.7175,-2.2959,-1.0116,-0.4899,-0.6649,0.8268,1.6561,1.0371,-0.2945,-0.1389,0.2752,0.2523,-0.4374,0.5734,-0.2753,-0.7526,0.3161,2.52,1.0045,0.2362,-0.8334,-0.9382,0.6118,-0.0862,-0.9079,-0.8874,-0.7667,0.6595,1.1121,0.3429,-0.142,0.4443,0.7267,0.1677,0.4918,-0.5123,0.3559
"IC33",0.6012,0.0848,0.3016,-1.3817,-1.8373,-0.6114,0.3904,-0.0632,-0.665,0.7566,0.5609,0.3549,-1.4065,0.3762,0.0146,-0.1996,1.1514,-0.0351,0.5392,2.1332,2.4769,1.3626,-0.7327,0.5094,0.7257,-1.0265,-0.5708,-1.8712,-1.9267,0.0172,0.5918,-1.5861,-0.7373,0.5205,-0.5804,0.0442,0.4862,0.0871,1.6063,1.2663,0.3482,1.0183,0.4477,-1.5898,-1.4339,0.5088,-0.6222,0.6616,0.6457,0.1911,1.0179,1.0867,-0.7233,0.7296,-0.4748,-2.3682,-0.4879,-0.1446,-2.3751,0.4616,-0.4807,-1.4205,-0.2938,0.889,-0.791,0.1923,-0.1323,-1.2137,-0.2792,0.0982,-0.7854,0.0795,0.602,0.7178,1.3383,1.5055,1.2013,1.449,-0.1839,0.4335,-0.444,-1.3393,-1.8118,-0.4705,-0.625,0.1291,1.8067,2.4303,0.7932,-0.3302,1.528,1.4169,-0.3738,-0.4628,0.3059,-0.3051,0.3147,0.4877,0.6915,1.4624,-0.8251,-0.7101,-1.184,-1.3846,-0.4683,-0.4621,-1.6972,-1.1618,-1.1874,-0.5632,0.548,1.4204,1.0969,0.2588,0.0314,-1.5305,-0.631,-0.1804,-0.0234,-1.7732,-0.7053,-1.0644,-0.3442,0.6594,0.7057,0.4103,1.6435,2.194,0.5457,-0.5267,0.2376,0.8739,-1.1606,-0.1827,0.5266,1.0067,1.6219,0.3334,-0.5486,-0.2204,-0.9385,-0.8953,0.8721,-1.0282,-0.8162,0.5013,0.6716,-0.0842,-0.2943,-0.777,-1.1567,0.0568,0.3724,-1.4205,-0.48,-0.5115,1.4508,2.2125,2.0419,-0.4845,-0.0735,-0.6185,-0.5189,-0.2032,0.1284,-0.4453,-1.0939,0.2177,0.7215,-1.0322,0.1269,0.7466,1.3505,2.8374,0.3612,-0.0021,-0.2089,-0.5648,0.1256,1.5335,-0.342,-0.7962,-0.7189,-0.3339,-3.9308,-1.3559,0.6236,-0.2488,-0.0973,0.2518,-0.8077,-0.4262,0.3957,0.5986,1.1159,-0.1801,0.3839,-0.368,0.2854,0.2365,-0.171,0.7764,0.6561,-0.5613
"IC36",1.0703,1.1425,0.4915,0.5404,1.2904,1.3565,0.8073,0.4144,0.0869,0.2365,-0.2871,0.2787,-0.5577,-1.0709,-0.944,-0.1434,-0.6209,-0.6741,-1.3491,-0.558,-0.7997,0.3153,-0.0814,-0.0604,-1.0441,-2.3462,-1.4585,-0.4956,0.9325,0.1398,-0.0014,0.3477,0.1666,-0.9491,0.8818,0.0643,-1.3174,-0.5625,-0.5634,-0.846,0.6058,0.8448,0.3183,0.8473,0.7696,0.9133,0.9957,0.0195,-0.8221,0.4326,0.5781,0.9329,0.9845,0.2207,-0.5747,0.7816,0.6126,0.7468,0.9062,0.1221,-1.3614,-0.8835,-0.2902,0.0461,0.9837,0.8927,-0.0658,0.3281,-0.8393,-1.5317,-0.3337,-0.469,-1.3018,-1.0058,-0.9227,-0.7578,-0.5381,0.9541,0.4531,0.858,0.4697,-0.234,0.0856,1.0192,0.6453,0.4648,0.1457,0.339,-0.3373,1.2707,0.4723,-0.6072,0.2961,0.7032,0.6547,0.8663,-0.5003,-0.4587,-0.6016,-0.2727,-0.689,-0.5246,-1.1189,-0.3557,-0.3846,-0.8666,-0.1646,-0.7282,-0.2969,-0.6188,0.1067,0.325,0.3385,0.8242,0.9006,-0.272,1.0584,0.5985,0.175,-0.7475,-0.5637,-1.5068,-0.3778,-0.4662,-0.4923,-1.8076,-1.1331,0.5176,1.0924,0.8811,0.2266,-0.1839,1.0132,2.1358,1.575,1.6866,-0.3481,-2.0381,-1.6582,-0.8873,-0.538,0.3265,0.7523,0.0463,0.7932,0.8977,0.7867,0.5942,-0.4163,-0.0443,-0.4654,-0.2977,0.7114,1.1763,2.0335,3.0632,2.9538,2.5508,1.222,0.9765,-0.5487,-1.4043,-2.1228,-3.7113,-2.6137,-2.3605,-2.191,-2.0627,-0.9272,-0.3784,0.2435,-1.2747,-2.2688,-2.1973,-0.3421,0.1138,-0.4531,-0.0454,-0.5159,0.1515,1.526,1.4368,1.0548,1.2912,1.0228,0.517,0.3173,0.6793,0.1018,-0.8039,0.1355,0.5188,1.5734,0.2506,-0.3956,-0.1322,0.6153,-0.0927,0.2164,0.081,0.5617,-0.116,0.305,-0.8065
"IC37",0.1927,0.1076,0.2133,1.9914,0.1492,-0.2585,-0.0092,0.8517,0.5597,0.7553,1.6224,2.6852,1.5773,-0.5093,-1.3864,-1.5113,-2.0434,-1.6749,-1.3662,-0.8932,-0.9953,-1.5781,-1.0867,-0.5905,-0.3428,-0.5452,-0.9898,-0.6501,0.2225,-0.6959,-0.4144,1.1782,1.0325,0.0653,0.024,-0.0306,0.4221,0.515,0.3791,0.1002,1.3069,0.8634,0.367,0.5868,0.6208,0.4147,1.1844,0.5652,0.1891,-0.7316,-1.0692,-0.1415,0.4842,-0.1852,0.0249,0.8257,0.7228,0.3787,0.6596,-0.6243,-0.2505,-0.5239,-0.9695,-0.5033,0.4581,-0.5829,-0.5316,0.0321,0.2084,-0.6936,-0.6949,-1.1174,-1.0028,-0.1732,-0.6102,0.2812,-0.2836,-0.5658,-0.1912,-0.1741,-0.0682,-0.2274,0.0524,1.1228,0.7806,1.4923,1.6997,0.7225,0.9217,1.9125,0.8693,0.1694,-0.3078,-0.1486,-0.7235,0.8581,1.1683,1.0786,0.1995,-0.9045,-1.0313,-1.3918,-2.0728,-1.9411,-1.9636,-1.6123,-0.1603,-0.7842,-0.1983,-0.6576,0.3986,0.1049,0.4164,0.3291,0.5155,0.4536,0.9218,0.3785,-0.5394,-0.2692,0.8168,1.2513,1.0101,0.9052,-0.2266,0.264,0.7862,0.0296,-1.0805,-1.1654,-1.1805,-0.2964,0.4214,0.8121,0.9354,0.9412,0.4931,-0.1637,0.4327,-0.5334,-0.4372,0.6218,0.2243,0.6398,0.283,-0.713,-0.9589,-0.521,-0.8429,-0.4263,-0.5982,-0.7276,-0.5747,-0.4091,-1.1302,1.5104,3.7456,3.6018,1.9731,0.2732,0.0522,-0.4573,-1.5402,-2.9845,-2.9509,-2.2299,-1.1567,-0.8816,0.3534,0.1052,1.1604,-0.2469,0.2611,1.1514,1.4151,0.8274,0.7254,1.2461,0.9935,-0.1375,0.0458,-1.23,-1.5955,-1.9078,-0.776,-0.8062,-0.1074,0.6299,0.6864,-0.7995,-1.1757,-0.7063,0.7138,1.6281,0.9367,0.4331,-0.1261,0.1976,-0.0273,0.2497,0.0601,-0.2899,0.0096,1.0737
"IC38",-0.9283,-1.5697,-1.5993,-2.1492,-1.4681,-0.0508,0.0832,0.0052,-0.2095,0.2755,0.7108,0.3991,0.5963,-0.0736,0.5268,0.613,1.1739,1.7089,2.2419,1.7739,0.1535,-0.6599,-0.3072,-0.562,0.0272,-0.0813,1.1169,1.3677,1.0671,-0.241,-0.6631,0.0582,0.3292,-0.7901,0.1934,-0.1068,-1.0523,-0.629,0.6963,0.5405,0.0885,-0.5126,-0.7872,-0.5473,0.0985,-0.7439,-0.2703,0.0054,0.7038,-0.0309,0.1173,-1.4646,-0.1487,-0.7812,-0.3072,-0.5171,0.1334,-1.2117,-0.4523,-0.7546,-0.1737,0.0092,1.1306,0.5096,0.8343,-1.3696,-1.508,-1.2611,-0.0103,0.6027,1.0526,2.3076,1.8496,3.2017,2.9374,1.0476,0.0879,0.27,0.1832,-0.1057,0.6827,0.4528,1.1762,0.6789,-0.0938,-1.4153,-1.5274,-1.1593,-1.0155,-0.6415,-1.2373,-1.6185,-1.0481,-0.2772,-1.2743,-0.2926,-0.7494,-1.0231,-1.1041,-1.2321,-0.0746,-0.3369,-0.0372,0.1595,1.1525,-0.4617,-0.0769,0.544,0.7363,0.5119,0.6325,-0.1122,-0.154,-0.2306,0.7891,0.7831,0.5355,0.7242,0.0255,-0.0931,-0.073,0.4016,0.2754,0.6573,0.1817,0.0459,0.5168,1.4502,0.5339,0.3194,0.0276,-0.3019,0.7278,0.8075,-0.484,0.1214,0.5691,-0.8022,0.5276,-0.2584,-1.2039,-0.1536,0.2623,0.1199,-0.1891,0.3904,-1.1846,-0.6148,-0.0647,0.9443,1.4349,2.5374,0.6676,-0.5708,-1.5324,-1.5212,-1.8853,-2.7394,-3.1743,-1.3953,-1.7352,-1.5517,-0.8017,-0.7377,-0.1189,-0.4237,-0.5729,-0.3142,1.0453,1.3744,2.2895,1.6817,1.0619,0.6097,1.125,1.7713,1.5205,0.5699,-0.3239,-0.6065,1.3454,0.835,0.7349,0.3246,0.5454,1.1607,1.1356,0.4123,-0.1113,0.1106,1.1497,0.6577,0.0787,-1.0527,-0.8576,0.1116,0.4036,0.3113,-1.1095,-1.1448,-1.1931,-1.0428,-1.5556,-1.5118
"IC41",-0.1596,0.1504,-0.6571,0.564,1.1902,1.884,0.7777,-0.1627,-0.7085,-0.9034,1.1518,1.0052,0.3297,-0.6406,0.292,0.5672,-1.0867,-0.2669,-0.9598,-1.8332,-0.3717,0.127,-0.7007,-1.022,-1.2459,-0.4236,-0.7129,1.291,1.8885,0.0264,1.2217,1.0243,-0.5151,0.9988,0.3987,0.0437,0.4597,-0.185,-0.9243,-0.105,-1.7841,-1.863,0.1086,0.1202,-1.4506,-0.4035,-0.2585,-0.5434,0.3315,0.0594,-1.7719,-1.4035,-0.0746,0.1887,1.6039,0.7497,-0.0867,0.2162,0.5571,-0.3755,1.0875,0.9805,0.0112,1.1501,0.6043,-0.2155,0.8604,1.0125,-0.6515,0.6337,1.9199,0.1728,0.9311,1.8638,1.1869,1.7732,0.39,-1.3212,-0.3036,-0.0253,-1.7417,-0.4165,-0.3015,-0.6358,-0.3842,-0.4253,-1.2097,-1.1072,0.6345,0.1606,-1.2629,-0.0221,-0.2144,-0.9978,0.2018,0.1614,-1.8301,-1.3956,-1.0652,-0.9959,-0.3567,-0.2811,0.5637,0.5412,-1.6957,-0.3531,0.456,0.707,1.2881,0.2467,0.207,-0.5688,1.2628,1.3512,0.6613,0.8823,0.7032,0.4087,1.3415,0.692,-1.1767,-0.4127,0.0504,-0.214,-1.7827,-0.1014,0.6592,0.804,-0.0692,-0.4207,-1.443,0.0187,-0.4488,-1.3149,1.866,-0.5625,-2.3083,-0.6581,0.4198,0.6289,2.5115,0.5686,0.5902,1.9299,1.8404,0.5861,0.4192,0.3948,-0.024,0.277,0.6882,-0.2023,0.0609,0.6404,0.5012,0.1693,-0.0506,-1.4585,-0.031,1.878,0.2419,-1.992,-3.393,-2.871,-2.7767,-2.1946,-2.1217,-0.6383,0.2785,-0.1475,-0.3852,-0.0337,1.8435,0.9784,0.4949,-0.6091,1.0386,0.744,-0.3749,-0.0151,0.6003,0.853,0.8462,0.3205,0.1452,0.8257,-0.3509,-0.4851,-0.1849,0.2002,0.5685,1.1815,1.1314,0.6996,-1.1218,0.1926,-1.0334,0.6116,0.5641,0.3439,0.1232,-1.1244,-0.6043,-0.1915
"IC42",-0.4866,-0.1957,-1.5945,-0.829,-0.6816,-1.6119,0.6563,0.1211,0.6767,-0.2611,-0.6655,0.4785,1.0018,1.3882,0.9048,1.9854,1.3604,1.2644,0.5934,0.0639,0.0483,0.7646,-0.6182,0.2053,-1.3114,-0.3448,0.9034,0.1092,0.1515,0.649,-0.0583,0.3464,0.0655,-0.5253,-0.0684,-0.0409,-1.122,-0.4615,-0.0178,0.1949,-0.0553,0.0225,-0.8487,0.0663,-0.9988,-1.4864,-1.1387,0.4992,-0.4815,0.3586,-1.4956,-1.8338,-1.7262,-0.318,-0.7109,0.3967,-1.0516,-0.1231,0.3202,1.152,-0.5952,0.1324,-0.2472,-0.4013,-0.0958,0.4061,-0.985,0.8066,0.1514,0.5657,2.2098,0.5347,1.4829,2.0167,1.5692,0.0439,1.0004,0.8784,0.9822,2.1058,1.6688,0.8844,0.4194,1.859,1.6443,1.0502,0.6277,-0.6054,-0.8571,-0.7372,-1.0953,-2.1299,-0.8592,-2.2619,-2.2772,-1.4271,-1.3645,-1.3001,-0.476,-1.0346,-0.4233,0.5011,-0.6561,-0.0529,-1.9771,-1.4449,-0.3693,0.622,-0.5284,-0.2033,0.8762,0.9943,0.0601,0.0604,-1.0141,-0.9549,0.1763,0.3348,0.2425,0.422,0.6623,-0.339,0.8193,0.3617,1.6046,0.2091,0.5569,-0.5418,-0.1581,0.8211,0.5871,0.0408,1.4718,2.6628,1.7641,1.7483,-0.9717,-1.0637,-0.8402,-0.6018,-1.2997,0.2915,0.5554,-0.2194,0.0501,0.1126,-1.2122,-0.3824,0.0126,0.7057,1.3285,0.9747,1.0144,0.0364,-1.7497,-1.2052,0.2749,0.5298,0.6621,-0.0961,-2.6537,-1.9683,0.3542,0.0039,0.9466,-0.139,-0.4842,-0.2618,-1.4978,-0.5169,0.2124,-1.2454,-2.0431,-1.3495,-0.63,1.0896,0.5367,1.4222,1.3896,1.9385,1.6966,1.7255,-0.1716,-0.2728,-0.6281,1.4352,0.0299,0.468,-0.5974,-0.9683,-0.5497,0.3919,-1.407,-0.4971,0.4038,-0.4534,-0.3193,-0.9172,0.0376,0.9464,1.5778,0.0414,-0.1436,-0.6512
"IC43",0.0263,0.0001,1.3121,1.1194,-0.0612,-0.2737,0.8225,0.5833,-0.2156,0.5199,0.4756,0.7754,0.65,0.2002,-0.7632,-0.2545,0.6169,-0.8629,-1.1826,-0.4892,-1.3904,-0.8286,-1.4201,-1.2202,0.3923,-0.8596,0.4286,0.2693,0.2599,0.8317,0.4248,0.8642,1.1197,-0.7018,-0.496,0.6687,-0.1365,-0.2871,0.4026,0.4671,0.6254,0.8058,-0.113,-0.3947,-0.4061,-1.427,-1.0918,0.217,-0.6413,-1.3071,-1.0216,-1.8484,-0.8902,-0.0625,-0.0553,0.5512,0.6284,0.1123,-0.292,0.4762,-0.1236,0.3086,1.2122,0.4441,0.2411,0.4515,0.1927,0.3389,1.2683,0.334,-0.1738,0.5735,-0.9531,-0.5641,-0.0289,-0.1949,0.2734,0.8402,-0.2752,-0.4134,0.8535,-0.4339,-1.0649,0.8964,1.6626,0.321,0.4782,1.5631,0.7446,0.9642,1.065,0.0835,-0.3107,0.8828,-0.4161,-0.1788,0.0769,-0.9458,-0.6519,-0.1024,-0.8659,-0.1498,-1.0171,-1.7428,-0.8381,-0.9491,-1.293,-0.1753,0.5552,-0.6023,1.11,1.3624,-0.4015,0.034,0.493,-1.304,-0.2471,0.2708,-1.7017,-1.991,0.1299,0.7572,-0.0165,-0.2442,0.2329,-0.6481,-0.6079,-0.3898,-1.5508,-0.5242,-0.2092,-0.8868,-0.2214,0.5606,-0.0389,1.5245,1.999,0.2957,0.649,0.9282,1.0035,1.5172,1.4635,0.9177,-0.0762,1.3554,1.4475,-0.077,0.2376,0.5006,-0.9007,-0.4688,0.07,-0.7862,0.4904,3.4011,3.1409,3.2174,2.6916,-0.431,-1.4429,-1.8144,-1.4104,-2.3024,-2.1334,-2.1567,-3.2308,-2.2303,-1.2519,-2.3758,-0.7393,-0.6021,-0.2998,-0.0403,1.2362,0.5651,-1.2739,-0.2424,0.8796,0.6371,0.0519,-0.1458,0.0046,-1.4041,-1.0439,-0.2897,0.4791,1.0893,1.1728,-0.5247,-0.5631,0.219,1.0228,0.9339,1.204,0.5027,0.9794,0.298,-0.4328,-0.2076,0.3273,0.8259,0.4672,-0.6292
"IC44",0.0061,1.2576,1.237,0.102,0.2209,-0.1273,0.0562,-0.3204,-1.1761,-0.0172,0.3148,0.636,0.2801,-0.37,0.0532,-0.6109,-1.1413,0.351,0.4777,-1.2041,-2.1401,-2.5619,-0.5258,0.013,1.0772,2.4612,1.9295,0.6451,0.9474,0.844,0.8733,0.0687,0.311,0.5712,0.0784,-0.8776,0.6997,-0.6152,-0.9182,-0.4329,0.1522,-0.0934,0.0934,-0.5572,0.8356,0.0027,-0.9804,-1.1457,-0.6157,-1.2571,-0.5606,0.3311,-0.5891,-0.8012,0.9277,-0.6997,-0.4844,0.3704,-0.3321,-1.4974,-0.8374,-0.0954,-0.389,1.2786,-0.3539,-1.0702,1.5163,0.0579,0.5677,1.563,0.7187,0.4893,0.5131,0.0416,-0.2022,1.2254,-0.0766,-0.6471,-0.4349,-0.3017,0.1667,0.6025,-0.1087,-1.1715,-1.6255,0.8873,0.9937,1.2543,1.9946,0.2134,-0.2562,1.4304,0.7607,0.9233,0.4467,-1.2553,0.1998,1.8481,0.6754,-0.3339,0.8066,-0.1694,-0.2586,-1.9083,-0.8765,-0.7266,-0.6316,-1.0119,-0.7027,0.4622,-0.7353,-0.3596,1.0056,-0.7654,-1.0887,0.3432,0.8326,-0.5594,-1.0317,-1.0128,-1.7236,-1.3472,-0.7022,-0.1369,-0.6957,0.0729,-0.057,-1.1553,-0.4713,-0.5875,-0.8251,0.627,-0.5207,-1.6173,-1.3489,-0.636,1.6083,2.0829,2.2237,2.3677,3.8475,3.2325,0.6029,0.5968,2.3048,-0.033,0.4409,1.0319,1.0938,-0.3856,0.2223,0.7242,0.1228,-0.2919,-0.7779,-1.0906,-0.2572,-0.7414,-0.5079,0.7449,0.0034,-0.5393,-0.9872,-0.3443,-1.648,-2.2472,-2.2401,-1.6236,-0.25,-0.2613,0.0861,0.0649,1.5339,1.3675,0.1563,0.2077,-0.3892,-0.8999,-0.1807,0.3704,0.285,-1.1385,-0.9909,-0.5804,-0.269,-1.5583,-0.2607,-0.0759,0.3852,1.6899,0.0131,0.5928,2.0081,0.4568,-0.1867,-0.4809,0.1945,-0.1641,0.3248,0.5609,-0.3795,-0.1547,-0.2982,1.4164
"IC45",-0.3542,-0.0454,1.2566,0.8563,-0.3318,0.2715,-0.5988,2.0271,0.007,-0.7539,-0.4992,1.3953,-0.2387,0.7159,0.9385,1.3468,-0.3976,-0.7085,-1.3039,0.6997,0.1288,0.3511,-0.5459,-1.9275,0.0418,0.1384,-0.1089,-1.6746,-1.2562,-0.0601,0.3917,0.2198,-1.1201,-1.4516,0.0461,-0.0627,0.088,0.0122,1.1823,0.2536,0.1448,-0.2293,1.6943,-0.0866,0.7228,-0.5238,0.5386,-0.8416,-0.9797,-0.4367,-1.2209,-1.5784,-0.6543,-0.9836,-0.5004,0.3204,2.7862,-0.3721,0.9448,0.8461,-0.3088,-0.1118,0.1649,-0.3985,1.196,-0.4141,-0.0078,-0.3435,0.1411,0.5116,0.7397,0.2902,-0.7082,0.4409,-0.805,1.0855,1.0807,-0.3028,-1.043,1.5053,0.2169,0.0801,1.4988,0.5934,0.577,0.612,-0.1002,-0.269,0.1607,0.992,0.0968,0.1881,0.0614,0.812,-0.5114,-0.071,-1.7926,-0.4689,-1.4355,-1.151,-1.2482,-1.0975,-1.1271,0.4764,0.1586,-1.9616,-0.686,-1.8498,1.6863,0.7619,0.1223,-0.7034,0.7274,0.1997,0.9189,0.2417,0.4898,1.0222,-0.3376,-1.2383,0.2845,1.0992,-0.5651,-1.5243,-0.4575,1.1572,-1.5694,0.9487,0.5272,-0.5783,-2.1576,1.058,0.4086,-0.0228,0.5867,1.6529,3.5341,0.3267,-1.7166,-2.1419,0.7661,0.817,0.5997,-0.3748,1.1707,0.3619,1.749,0.8149,-1.037,-2.0435,-0.087,0.1154,0.6433,0.7645,-0.2156,-0.2234,-0.1843,1.3845,2.2944,0.2582,1.5618,1.1305,-0.8027,-1.8704,-1.8724,-1.6662,-2.4275,-0.9541,-0.1988,-1.5704,0.5697,-1.6045,-0.1089,0.2784,1.0079,0.3361,0.2323,0.0659,1.3778,0.015,-0.3829,-1.7756,0.5672,-1.0241,-0.7606,-0.536,1.078,-1.4509,-0.5059,0.281,-0.4945,-0.729,-0.0259,-0.6592,0.3977,1.5925,1.3629,1.6013,1.026,0.9267,0.0848,0.7673,-0.9086,-0.2331
"IC46",-0.4913,0.6647,1.3992,0.92,1.5614,0.7556,-0.354,0.201,0.3446,0.4965,-0.346,-0.4764,-0.5861,-0.0261,0.2923,0.5413,-0.8182,-0.7782,-1.3693,-0.4202,-0.0374,-0.3629,-0.329,-0.0604,0.1353,0.0773,-0.419,-0.8772,-1.185,-1.4171,-1.1966,-0.8778,-0.7626,-1.1812,0.4749,0.0592,0.2413,0.875,0.5363,-0.3887,-0.0118,-0.4603,0.1413,1.0266,1.273,0.5687,1.0125,0.9117,0.4221,1.45,1.0323,1.7851,1.2869,0.2527,-0.5758,0.3972,-0.232,-0.9549,0.0542,0.0247,-0.6008,-0.3103,-0.1135,-0.0651,0.3112,0.8422,-0.1114,0.6919,-0.1516,-1.4065,-0.5883,-1.9482,-1.9546,-1.6505,-1.3289,0.012,0.2656,0.3256,0.1637,0.5238,-0.4231,-0.857,-1.6791,-1.3962,-0.0189,1.1714,0.5026,0.5431,0.6573,2.3151,1.9687,1.0093,1.8376,1.593,1.3734,1.0426,0.4653,1.2092,1.0023,0.7189,-0.1509,-1.6352,-3.0239,-2.0179,-2.0992,-3.0058,-2.1108,-1.9203,-0.4295,0.6972,0.2024,-0.3505,0.2553,1.1293,1.1747,-0.0142,-0.1231,-0.9585,-0.4198,-0.1279,0.5383,1.0302,1.6231,0.8148,0.8127,0.8024,0.7971,-0.0802,-0.2614,-0.3288,0.2155,0.4496,1.2629,0.5022,-0.8601,0.382,-0.7428,-0.5201,-0.1245,0.4791,0.5766,1.2938,1.2351,0.3072,-0.0812,-1.4944,-1.9987,-1.1008,-1.6679,-1.4605,-1.053,-1.1422,-0.4988,0.0837,0.6638,1.141,1.566,1.6351,1.3296,2.4467,0.2432,-0.3256,-0.2822,-1.8094,-1.4334,-1.3463,-0.3903,-0.0046,-0.1409,0.0939,-0.1196,-0.2847,0.0276,0.6497,0.4143,-0.6287,-0.3072,0.9842,1.8534,1.1879,0.1761,-0.8596,-0.8264,0.1536,0.419,-0.1412,-1.3295,-1.6902,-0.8503,-0.1835,0.4356,0.5135,-0.0922,0.7288,0.7382,-1.1765,-1.2177,-1.4912,-0.2884,0.6858,1.2401,1.12,0.8209,0.9282
"IC47",-0.3301,0.8106,-0.4448,-1.2636,1.4027,1.8192,0.7528,-1.9146,-1.9919,-0.8514,-0.0421,1.4991,0.4078,0.8627,2.1514,1.8584,-0.2598,0.2777,0.2922,-0.6702,0.2055,-0.1914,-1.2026,-0.1701,-0.2533,1.2335,0.495,-0.6421,0.4346,-0.1897,-1.0781,-0.5329,-0.467,-0.2639,-0.9352,-0.7874,-0.1907,0.3295,-0.6885,-0.2958,-0.6455,-1.5784,-0.4173,-0.5042,0.1942,0.0099,-0.084,-0.0574,-0.7796,0.2365,-1.1909,-2.1645,-0.4389,0.5319,1.5383,1.4096,0.967,0.3875,0.8042,0.1624,-0.3289,1.2244,0.7986,0.9412,-0.208,-0.4729,0.4764,0.2904,-0.7231,1.0079,1.5541,-0.1534,0.3217,-0.2492,-0.0126,0.7981,0.5898,0.3179,0.2392,1.4871,0.2991,-0.4718,0.0932,0.7239,-0.0627,-0.093,-1.0556,-0.4056,0.8113,0.2249,-0.3252,0.3428,0.1033,-0.452,-1.3653,-2.8316,-2.5576,-1.1711,-1.1075,-1.2493,0.1111,0.2662,0.241,-0.7531,-1.6499,-0.0041,1.9532,1.2354,0.2018,0.1231,-0.615,-0.494,2.1047,1.0713,-0.2104,0.7329,0.6294,0.6938,0.5512,0.2545,-0.7113,-0.9306,0.1656,-0.6719,-1.6759,-0.7774,-0.5588,0.6736,0.569,0.1983,-0.7956,0.986,1.1898,-0.1695,0.3906,-0.3309,0.0475,0.2582,0.2313,1.5058,2.4129,1.1928,-0.1433,-0.4282,0.9927,-1.6167,0.108,0.8011,0.0682,-0.5918,1.0269,0.0916,0.4125,1.2805,0.2157,-2.6499,-2.7226,-2.7147,-0.4754,2.5403,0.7712,-1.2751,-1.281,-0.2025,-0.488,-0.49,-0.2672,-0.2247,-0.5401,0.596,0.5624,0.1742,1.8416,1.2297,-0.8296,-1.0677,-0.5765,0.0808,0.6939,0.9328,0.258,-0.2827,-0.4883,-0.7079,0.4286,0.6953,-0.9805,-1.9347,-2.098,-0.8129,-1.2246,-0.1579,1.0617,1.6982,2.3089,2.0444,0.0341,0.3241,-0.126,-0.5999,-0.199,1.0415,-0.2165,-0.4491
"IC48",0.519,-0.0333,-0.2508,0.0108,-1.903,-0.9214,0.4079,-0.1402,0.0466,-0.8658,0.6982,0.8607,2.0517,1.4194,1.8087,0.0272,0.435,-0.6778,-0.5893,-0.875,0.9875,0.5687,0.1298,0.9464,-0.1446,-0.338,0.4824,-0.0795,-0.5976,-0.6799,-1.1811,0.0543,-1.733,-1.1967,-0.7321,-0.2062,0.0312,0.0327,-0.4209,-0.4222,0.6532,1.4735,0.8572,-0.1295,-0.9841,0.3313,0.487,0.1356,0.3199,-0.5355,-1.5441,-0.7964,-0.12,-0.3777,0.1979,0.343,0.8943,0.4252,-0.1243,0.3535,0.3453,0.296,-0.538,-0.5661,0.0856,-0.4073,-0.8098,-0.6715,0.0864,0.6961,-0.4017,-1.2556,-0.7102,-0.4787,-0.602,-0.5096,0.2285,-0.3576,0.9016,0.6955,1.5606,1.9815,1.8087,1.3937,1.2122,0.748,1.7915,1.491,1.7215,1.2212,1.0117,-0.5729,-0.7251,-1.1562,-1.6414,-0.3463,-0.1645,-1.1112,-1.3278,-1.793,-0.2365,0.3899,-0.0535,-0.6357,-1.5839,-1.2355,-1.196,0.2184,-0.5111,-0.5362,-0.308,-0.5316,0.1115,0.682,-0.9675,0.0969,0.3304,-0.4909,-1.49,-0.7742,-0.1976,0.3964,0.2292,1.2669,-0.2795,-0.9903,-0.1658,-0.0892,-0.4225,-0.7008,0.0862,0.5595,0.894,1.003,2.036,2.501,1.7546,0.6286,2.1487,1.2164,-0.1107,1.1707,0.9744,0.2298,-0.844,0.6095,-1.3489,-0.0492,0.1576,0.0016,-0.1835,0.608,-1.1888,-1.2452,-1.1061,-2.0131,-1.6665,-0.7654,0.0316,1.2107,0.9597,-0.1247,-0.0506,-0.4489,-1.2485,-1.8457,-1.9501,-1.4472,-0.7171,-0.3533,-0.0662,-0.2528,0.5275,1.3089,2.1866,2.0935,1.8717,2.1488,2.4766,2.3131,0.7317,-0.298,-1.6798,-2.1734,-1.8986,-0.6887,-1.2248,-1.3995,-1.1316,-0.9434,-0.6944,-0.571,-0.3603,-0.3989,0.6067,1.0786,0.23,0.5402,0.7375,0.3185,0.3163,0.7413,0.0131,0.6217
"IC49",-0.622,-0.1701,-0.5187,-1.5191,-0.7367,0.4204,0.0844,-0.1651,-0.038,0.9945,0.8201,1.2639,1.6987,1.8421,0.8881,0.4063,0.0709,0.2137,-0.042,-0.0609,-0.8464,-0.816,-1.0977,0.8404,1.1644,0.7001,0.8581,0.6096,1.0704,-0.2075,0.51,0.2888,-1.4473,-0.7167,-0.0871,-0.9517,-0.431,-0.2921,-0.1694,-0.9341,0.0162,-0.826,-1.1491,-1.3132,-1.3282,-1.1374,-0.1015,-0.3282,-0.3644,-0.4237,-1.397,-1.7209,-0.7901,-0.5906,0.6452,0.1259,-0.1775,-0.8974,-0.75,-0.4945,0.3072,0.9207,1.1604,0.3836,0.6423,-0.9122,-0.9507,0.4989,1.2296,1.0647,1.3624,1.356,1.5357,2.0676,1.2101,1.6498,1.4968,1.084,0.9481,1.9955,0.7004,0.9034,0.8528,-0.2999,-0.2424,-0.2781,0.3502,0.5052,-0.0625,0.1615,-1.5334,-1.3929,-1.5675,-1.4381,-1.4204,-1.0781,-1.7051,-1.4185,-0.8038,-0.3966,-0.0504,-0.0906,-0.7523,-0.4368,-0.7575,-0.3698,-0.2219,0.0409,0.5229,0.31,0.7765,-0.5789,0.1888,-0.0958,-0.2178,-0.1837,-0.1565,-0.5096,-0.5141,-0.4067,-0.0903,0.3041,-0.2665,-0.5221,-0.7374,0.2074,0.0029,0.6992,0.2113,0.232,-0.5573,-0.3838,-0.5471,-0.7542,1.0318,1.9271,1.2164,1.189,1.2626,0.8356,0.8203,1.3446,1.3133,-0.0024,1.2103,1.9121,0.3481,0.5038,0.4272,-0.4614,0.5696,1.0466,0.0242,-0.783,-0.5242,-2.5271,-2.484,-1.7022,-0.1494,2.3996,1.787,0.156,-1.2882,-1.8889,-2.5651,-2.4355,-1.3929,-0.5893,-0.1911,-0.6594,-0.5085,0.7398,1.835,2.4145,2.113,0.7806,-0.3644,0.218,0.7188,0.3213,-0.3954,-1.2491,-1.7369,-1.3383,-0.9725,-0.424,-0.547,-0.5897,-0.5124,-0.6368,-0.2304,-0.8989,-0.0152,-0.6838,1.5869,2.2464,0.8878,0.4183,-0.2174,0.5245,0.8462,0.6796,0.4483,-0.1938
"IC50",-0.2628,0.258,-0.4661,-0.4232,0.174,0.4439,0.2239,-0.5354,-1.2693,-1.4993,-1.3444,-0.5868,0.1599,-0.7091,0.0563,0.823,1.8888,2.9112,2.5992,2.3612,1.7418,1.6029,0.04,-1.5836,-1.2402,-1.1499,-0.7369,0.0412,-0.7753,-1.4042,-1.6839,-1.9583,-1.309,-1.5451,-1.4059,-1.0177,-1.0594,0.0551,0.7064,1.8125,0.8661,0.7178,0.5039,0.7271,0.7778,0.9047,0.7843,0.3882,0.2385,0.5309,1.0372,1.2076,0.8521,-0.1123,-0.5335,-0.5335,-0.1958,0.3518,-0.2018,-0.0759,0.3875,-0.5569,-0.9401,-0.5717,0.4685,0.3372,0.4301,0.1991,-1.1616,-1.0493,-0.1918,-0.1616,0.1253,-0.258,-0.2121,-0.6923,-0.0618,0.6444,0.5762,0.2356,1.044,1.3059,0.54,0.3308,0.6882,0.1983,0.612,0.1731,0.8373,0.9085,0.1524,-0.5528,-0.5745,-1.814,-1.4464,-1.7049,-1.6365,-1.1398,-0.4671,-0.4123,-1.0154,-0.9709,-0.5281,0.36,1.092,0.2678,-0.6482,-0.2082,0.0914,-0.0355,0.491,0.3948,-0.2921,0.1498,0.7144,0.1099,0.234,0.0309,-0.6715,-0.5493,0.4113,0.7927,0.6187,-0.3961,0.9027,0.7862,1.0046,0.6296,0.2569,-0.078,0.0263,0.6144,1.6405,2.2598,2.9201,1.994,0.6626,0.1887,-2.0465,-2.2115,-1.4892,-1.2807,0.1505,1.5117,0.5389,-0.557,-1.5017,-1.7501,-2.1682,-0.3663,0.4154,1.0743,1.223,-0.5582,-1.5774,-0.1797,0.3819,-0.275,-1.1798,-0.2532,-1.3464,-0.4531,0.025,-0.8756,-0.8566,-0.325,-1.0861,-1.1216,-0.5925,-0.0679,-0.3829,-0.6984,-0.6542,0.2338,0.5366,0.6562,1.6344,2.0526,1.2114,0.8191,1.1243,1.08,0.5918,0.5388,1.6878,1.6154,0.9582,0.6043,0.9316,0.8614,-0.1635,-0.6619,-0.6665,-1.0836,-0.8655,-0.2983,0.5735,0.8486,0.0131,-0.3249,-0.9853,-1.4534,-1.2122,-1.333
"IC51",-0.9229,-0.7743,-0.8643,-1.4548,-1.623,-1.5286,-1.2052,-0.4184,-0.5543,-0.1071,0.421,1.2022,1.1397,1.7264,1.9242,2.6009,3.1836,0.9342,-0.5493,-1.0934,-0.5167,0.2251,-0.6352,-0.5562,0.3889,0.3099,-0.9615,-1.3976,-0.992,0.1393,0.4406,-0.7019,-0.5915,0.1588,0.0665,0.3335,-0.1022,0.0143,1.0448,2.1828,1.4645,1.3563,0.5689,-0.0349,-0.0004,0.5293,0.9439,0.9382,-0.1196,-1.1125,-0.3926,0.0487,-0.6333,0.493,-0.1242,-1.6924,-1.0366,-1.1719,-1.1334,0.373,-0.1863,0.0224,0.2586,-0.2449,-1.9337,-0.6375,-0.3486,-1.3963,-1.071,-1.158,-0.103,0.9902,1.0964,1.3421,1.1698,1.1893,1.0299,0.3203,-0.2347,0.7514,0.7579,0.6804,0.1234,-1.171,-0.7504,-0.4396,0.3738,-0.4176,0.0582,0.1452,0.7683,-0.0808,-0.8732,-1.7373,-0.865,-0.8092,-0.3042,-0.4295,-0.5365,0.5509,0.065,0.5718,0.9719,0.1139,0.1294,0.4422,0.9075,1.1511,-0.0038,0.27,0.735,1.3223,0.2469,-0.2434,-0.1482,-0.8284,-0.0926,-0.2673,0.0111,-0.8999,-1.3356,-0.8066,-0.2455,0.3193,1.1696,1.0723,2.1651,2.4044,1.4911,0.0184,-0.3248,0.4837,-0.7207,-0.8576,-0.3278,-0.0894,0.6676,-0.6321,-0.6642,-1.185,-1.4061,-1.2026,-0.233,-0.5388,-0.1408,0.5569,-0.1603,-0.8615,-1.1126,-1.679,-1.3763,-0.2764,-0.7341,-1.3584,-0.9834,-1.0929,-0.3835,-0.0369,1.7153,0.6079,-0.3139,-0.0666,0.4111,-0.1038,0.1633,0.1626,0.7718,1.2463,0.8011,1.2639,1.0275,1.9718,2.5573,3.3736,2.3071,1.874,1.9633,0.4659,-0.5563,0.0386,-1.1659,-1.6905,-1.9241,-0.5016,-1.9983,-0.6067,0.6401,-0.0118,-0.8229,0.1042,-0.9743,-0.3965,0.3582,-0.8061,-0.434,-0.1695,0.7584,-0.207,-0.6485,-0.7377,-0.927,-0.0728,0.2631,0.2023
"IC54",0.6791,0.8392,0.2877,1.0958,1.5126,0.9522,0.209,-0.4823,-1.4445,-0.6184,0.6182,1.7396,0.105,-1.1191,-1.3313,-0.7074,-0.1022,-0.0109,0.1685,-0.0491,-0.4292,-0.5355,-0.4962,-0.3522,-0.8546,-0.5045,-0.2929,0.6778,0.9158,0.7435,0.044,-0.006,0.3606,0.1358,-0.4505,-0.2838,-0.5765,-0.1649,-0.0134,0.5326,0.4805,-1.8236,-1.0478,-0.6861,0.0427,-0.553,-0.3822,-0.2637,-0.4704,-1.2935,-0.2114,-0.3738,-0.3128,-0.3495,-0.2846,-0.2419,0.4698,0.488,0.4378,0.3327,0.1281,0.2723,0.9504,0.8829,0.9003,0.1005,0.8638,1.0989,0.7763,1.11,0.5719,0.9209,1.6979,2.6107,2.5988,1.3084,-0.4345,-1.4015,-1.283,0.0733,0.6852,0.8571,0.492,-1.0497,-1.7653,-1.1738,-0.8562,-1.4762,-1.6964,-1.8673,-1.3335,-1.1325,-1.3916,-0.8274,-1.8948,-1.5017,-1.1559,-0.5918,0.1102,-0.4357,-0.0908,-0.1853,0.3191,1.2381,1.103,0.8156,1.46,1.4673,1.6617,1.9457,1.8623,0.5322,0.5483,-0.0667,0.7576,1.6003,0.5924,0.3014,-0.2667,0.4908,-0.1198,-1.2319,-0.7492,-0.7782,-0.6755,-0.2642,-0.9895,-0.5081,-1.7555,-0.8545,-0.9005,-1.005,-1.0547,-1.2266,1.4154,-0.5978,-1.3109,-1.0963,-0.4692,0.2364,0.4873,0.2514,-0.2959,-0.2539,1.6127,1.5032,2.16,0.7029,0.788,1.4677,1.6925,1.4146,1.2345,1.1252,0.8311,1.399,1.1765,0.1529,0.8979,0.8617,-0.4383,-1.3324,-1.6072,-1.0225,-1.1682,-1.8059,-1.4908,-0.458,-0.721,-1.2254,0.2017,-0.8305,-0.8434,-0.8647,-0.1003,0.468,-1.3778,-2.2067,-2.334,-1.2197,0.1718,-0.8811,-0.4178,-0.2569,0.3457,0.8756,1.3437,0.5761,0.2031,0.7569,0.7612,0.3194,0.827,1.2479,1.0844,1.262,1.2224,1.6844,0.0656,0.0862,-0.7607,-0.5174,-0.4946,-0.9778
"IC56",-0.1368,1.179,2.4756,0.8601,0.9918,0.0715,1.1556,1.4004,0.4214,0.337,-0.7046,0.262,-0.0483,-1.1801,0.1968,-0.8909,-1.0141,-0.4063,-0.5708,-1.4395,-1.8079,-2.9557,-0.7105,-0.4788,-0.1514,1.3798,0.6633,-1.3037,-0.7752,2.1707,0.4976,-0.4408,0.2286,-0.3012,-0.7566,-0.3313,0.6803,0.2627,-0.122,-1.4513,-0.498,-0.5525,-0.749,-0.0121,0.0098,-0.6023,0.3074,1.4156,0.73,-0.1375,0.2504,0.4895,0.6027,1.0719,0.5386,-0.6842,-1.2133,-0.1319,0.4462,0.2831,0.097,0.0321,0.2193,1.2177,0.5612,1.1294,1.2025,1.4402,1.169,0.2201,-0.9525,-0.4365,1.6451,-1.5312,-1.0738,0.0364,-0.4569,-0.4909,-1.5951,-0.9896,-0.1952,-0.4713,-0.1918,-0.7804,-1.9927,0.0357,0.5296,0.1333,-0.3114,-0.5124,0.5371,0.6527,0.1726,0.5333,1.8691,0.2355,1.2925,0.7057,-0.6452,-1.579,0.6983,0.4992,-0.2024,-0.6766,0.6563,-0.0602,1.1051,0.3496,-1.1085,0.9393,-0.4954,-0.0995,0.7982,-0.418,-1.0406,0.3616,-0.5972,-0.8483,-0.0272,0.0344,-0.3094,-1.6142,-0.7688,0.2101,-0.4192,0.1037,-0.9596,-2.7232,0.7709,1.0319,0.6065,-0.5722,-0.8648,-0.9267,-1.5923,-0.6466,1.0161,2.2276,0.6122,1.187,1.3982,1.6799,1.2159,0.0282,1.4282,0.286,0.1475,2.2541,2.5037,-0.0055,-0.0372,-1.2807,-1.4419,1.2762,2.1247,-1.0297,-1.9208,-1.6517,0.4332,2.7417,0.6087,0.4166,-0.3202,-0.7267,-1.0149,-2.4769,-0.3593,-1.0065,-2.7443,-0.3801,-0.7494,-0.6028,-0.0935,0.683,-0.9535,-0.5628,0.2152,-0.1397,-0.078,-1.1376,-0.1784,-0.3017,-1.0001,0.4633,0.6094,-1.6002,-0.8079,0.1837,0.6681,1.7258,0.3148,0.0157,0.4743,0.4769,1.0209,-0.1863,-0.1089,-0.4442,0.7098,1.1384,0.626,0.8766,-0.4884,0.5665
"IC58",-0.8394,-0.2577,0.3463,-0.3163,0.4601,1.037,1.2839,0.4716,-0.4478,0.876,0.2938,1.2585,1.6164,1.1122,0.196,0.384,-0.4163,-1.1601,-0.7061,0.331,0.414,-0.0604,-0.7835,-1.0091,-0.8657,-1.4282,-1.0052,-1.8225,-1.2916,0.2201,-0.3763,-0.0004,0.9754,-0.397,-0.6262,-0.0268,-0.045,-0.6499,-0.9552,-0.6933,0.5792,0.7136,-0.2931,0.1002,0.6731,-0.1763,0.2517,0.3931,-0.0291,-0.088,-0.4576,-0.285,0.4293,0.1909,-0.6936,-0.0546,-0.0853,0.3795,1.2675,0.5635,-0.2323,0.0271,0.7977,0.5599,0.4364,0.3599,-0.23,0.2398,0.1294,-0.9405,-0.2732,-0.2641,-0.0229,0.2031,0.5099,0.7934,1.4057,2.195,0.9066,0.9586,0.7464,-0.8527,-0.1627,0.6968,-0.0816,0.2512,0.2927,0.6614,-0.4893,-0.1509,0.3317,-0.2468,-0.1636,-0.5835,-0.7539,-0.7345,-0.5239,-1.4546,-1.3562,-1.0552,-1.2545,-1.2882,-1.4228,-0.9863,-0.7749,-1.6692,-0.338,-0.3584,-0.3109,0.2257,-0.2108,-0.1621,0.6759,1.0547,0.9384,-0.1554,-0.5376,-0.6833,-0.1455,0.9996,1.1156,-0.2974,0.0235,0.6564,0.2334,-0.2987,0.219,-0.1693,-0.1181,0.9236,1.2652,0.4125,1.6991,2.4994,1.1465,2.2766,1.8147,0.4837,-0.6189,-0.395,0.017,0.7934,0.468,-0.3824,0.4352,0.0254,0.6845,0.4919,0.0487,-0.9151,-0.3137,-1.2438,-1.1297,0.0416,1.0372,-0.401,-1.7353,-1.7697,-0.1931,1.1324,-0.8754,-2.7526,-3.2348,-3.9035,-2.9005,-2.3487,-1.0427,-0.1949,-0.1049,0.8614,1.4286,1.9129,1.1228,2.2377,2.9667,2.8714,1.1741,0.651,0.5113,0.7668,-0.43,-1.3602,-1.7556,-0.909,0.336,0.2933,0.5631,-0.1894,-0.4203,-0.9605,-1.0279,-0.0374,0.4282,-0.2837,0.1979,1.1013,1.7054,-0.5643,0.0691,0.5065,0.717,0.2351,-0.6181,-0.708
"IC60",0.6497,0.3272,-0.2378,0.0367,0.0024,0.9265,-0.2314,-0.0656,-1.5498,-0.3506,0.6837,0.8951,0.9784,0.4995,0.2364,-0.2286,-0.4572,1.0411,-0.3969,0.1938,0.6858,-0.3473,0.2972,-0.952,0.3079,-0.1604,-0.8023,-0.136,0.0026,0.2239,0.0199,0.1985,0.4558,0.5753,-0.9118,-1.3345,1.3143,0.3095,-0.5131,0.2971,-0.0589,-1.0431,-0.2418,-1.2747,-1.1001,-1.0326,0.384,-0.3266,0.5005,-1.1437,-1.5301,-1.187,-0.2634,-0.8589,0.185,-0.0522,0.5311,0.0478,-0.4561,-0.9519,1.4717,0.8255,0.8686,1.5641,0.3527,0.0642,1.8057,0.0523,-0.271,0.1769,0.7727,1.1728,0.9262,0.4378,0.2211,1.8796,0.6537,-0.1704,-1.0202,-0.6918,-0.199,0.0484,0.911,-1.1632,-0.1514,0.0061,-1.1672,0.0192,0.6501,-0.0591,-1.9939,-0.2616,-0.7157,-0.8128,0.5169,-0.2193,-0.4076,0.6723,-0.7605,0.0686,0.4564,0.3493,1.3958,-0.9967,-0.2215,0.6067,1.9613,1.2639,1.5191,0.3082,-0.3451,-0.1676,0.2492,-0.9054,-1.0059,-1.2026,-1.5707,-1.036,-0.009,-0.7377,-1.221,0.5603,-0.7202,-0.0653,-1.0884,-0.1106,-1.5796,0.0939,0.5294,-0.4439,-0.6131,0.6586,-0.4818,-1.3158,0.3221,-0.6035,-1.0739,-0.4062,-0.171,0,3.4078,1.5561,1.328,1.3589,1.4241,0.8701,0.3724,0.6018,0.4038,0.9296,2.5021,2.4098,2.7689,1.7576,0.6105,-0.795,-0.8643,0.2397,1.6767,0.5274,-0.1723,-2.2521,-3.9832,-3.4607,-3.389,-1.7456,-0.8422,-0.6855,-0.255,-0.0766,-0.4948,-0.1111,0.1583,0.1032,0.3319,-0.0906,0.7501,-0.7096,-0.6611,-0.191,-0.5041,-1.1836,-0.2604,-0.1477,0.6137,0.4769,0.3471,0.4302,1.5216,0.1764,-0.6425,0.0513,1.0053,1.1558,0.1184,-0.3324,-2.0713,0.0836,0.8614,0.2661,0.4009,-0.0133,0.2047,1.2671
"IC62",0.714,-0.2749,-0.7124,-0.2629,0.2159,1.6764,2.5013,1.0785,0.5125,0.4991,0.1354,0.2755,0.6478,0.1314,-1.1706,-1.3458,-0.2955,0.4631,1.1309,0.895,-0.0424,-1.0127,-1.962,-1.3327,-0.0687,-0.4375,0.6959,0.4237,-0.7668,-1.5085,-1.9254,-1.7897,-1.4093,-0.6176,0.6441,0.2636,-0.2942,-0.7193,-0.5111,-0.8981,-0.7437,-0.9645,-0.0023,0.4624,1.0117,0.6023,0.4311,0.0291,-0.3031,0.6756,1.167,1.0879,1.1756,0.5694,-0.1955,-0.6285,0.8436,0.3362,0.1959,1.3874,1.6184,0.5758,-0.8208,-1.8883,-1.1493,-0.7359,-0.8649,-0.2633,0.7885,0.7495,0.9297,1.6696,0.7648,0.6237,-0.0532,-0.1405,0.4655,1.7395,2.0589,1.8439,1.4771,0.8312,0.6867,0.5109,-0.9323,-1.3214,-1.2705,-0.2906,0.0198,-0.0565,-0.8334,-1.2168,-1.1017,-0.407,-1.0214,-1.3968,-1.7486,-2.1103,-1.1386,-0.3668,-1.5206,-2.19,-1.9117,-1.0086,-0.2251,-0.8808,-1.3293,0.0427,0.9077,0.7052,0.4957,0.1532,-0.0822,0.4653,0.9356,-0.3409,0.2427,0.6692,-0.2916,0.7664,2.2615,1.9846,1.2905,1.3489,1.2186,1.0486,1.4939,1.3009,0.2501,0.4293,0.3914,0.2075,0.1628,0.1464,0.9907,2.2336,1.2524,-0.3203,-0.6349,-0.7995,-0.5613,0.9876,0.6927,-0.2925,-1.7011,-1.81,-2.8564,-2.4681,-1.2778,-1.1077,-0.1737,1.1422,0.3742,-0.6354,-0.2909,0.2383,-0.3251,-0.3442,-0.1269,1.7618,1.333,-0.7367,-1.0277,-1.0473,-0.2629,-0.0427,-0.5771,-0.1723,-0.0317,-0.1691,0.1078,-0.4682,-1.1932,-1.7119,-0.2839,1.0995,0.8683,1.494,1.0202,0.1728,-0.4913,-0.1769,-0.4919,-1.07,-0.082,1.0087,1.0083,-0.2778,-0.0019,-0.4734,-0.2503,-0.0049,0.7483,0.5043,1.3938,1.0711,0.5506,-0.3427,-0.5948,0.0133,0.2793,0.3605,-0.069,-0.9759
"IC63",1.5035,0.6964,0.1493,0.627,-0.0622,-0.3485,-0.6421,-0.9242,-0.3142,-0.6048,0.4825,-0.2312,0.3662,0.1136,0.2427,0.0207,-0.5513,-1.1571,-1.2853,-0.4485,0.9129,0.2808,-0.8728,-0.3082,-0.4879,-0.9787,-0.372,-0.0141,-0.3438,-0.8098,0.8119,1.22,-0.196,0.4653,1.0173,0.8388,0.7655,0.1786,0.7033,1.0191,0.5225,0.8417,0.1932,-1.0228,-1.1851,0.6904,0.8352,1.2483,1.534,0.0669,-0.9319,-0.6369,0.1006,-0.9072,-0.6194,-0.1297,0.8897,0.7592,-0.431,-0.1689,0.0322,-0.1083,-0.5477,0.8821,1.8042,0.8533,-0.1553,-1.1545,-2.3675,-1.5881,-0.7728,-1.7069,-2.3707,-0.7696,0.2909,0.2724,0.5586,-0.4,-0.3572,-1.4001,-2.2418,-1.3061,-0.8941,-1.2811,-0.0961,0.0837,0.752,0.9444,2.4262,2.8624,1.3908,1.2945,2.0896,1.484,1.6221,1.0418,0.3786,0.6282,1.0856,1.0228,0.3327,-0.2581,-0.7294,-0.5083,0.0327,0.6626,-0.4036,-0.4182,-1.1807,-1.4563,0.1639,0.4143,0.1673,0.1074,-0.6644,-1.6312,-1.3951,-1.0241,-0.462,-0.5149,-0.6683,0.9078,1.2211,1.4016,0.6878,-0.9059,-1.0571,-0.0083,-0.7243,-0.4766,-0.2895,-1.9018,-2.3893,-0.8176,0.9487,0.277,-1.2989,-1.5426,-0.3815,0.9338,0.973,1.6918,2.6544,2.7098,0.9763,0.6517,-0.0545,0.0665,-0.8547,-0.9976,-0.9658,0.1923,0.5423,-0.3627,-0.1361,0.9255,1.5393,1.0473,0.9591,0.9957,0.8499,-1.5619,-2.6881,-1.8835,-0.7605,0.2969,-1.1268,-0.3788,0.3862,-0.2642,-0.3757,0.8964,2.5406,1.9581,0.5132,-0.7291,-0.3907,0.3923,-0.2113,0.1206,-0.7665,-0.5,-0.2899,-0.4734,-0.8278,-0.3261,-1.0863,-0.2002,0.2349,-0.514,0.4173,0.8279,0.6732,0.1864,-0.3428,-0.2765,-1.3394,-0.6992,0.1191,0.9419,0.8057,0.0514,0.3118,0.3902
"IC64",1.3627,-0.4101,0.084,0.1336,-0.7553,0.4393,-0.1519,1.1515,-1.1629,-1.0137,0.613,-0.8276,0.0764,0.8625,1.8675,0.9594,1.927,0.48,0.2143,-0.3155,0.4959,0.7389,1.1181,-1.9802,-0.7737,-0.3454,-1.0398,0.1182,-1.3635,-0.8022,-0.2807,0.4909,-0.6707,-0.7634,-1.2141,0.3565,0.1171,-0.5509,-0.8342,0.2334,-0.882,-0.0354,0.7214,-0.3919,-0.2156,-0.6356,-0.2389,-0.4564,0.4482,-0.2626,0.9549,-0.971,0.1456,-0.2363,0.004,-0.2347,0.7371,-0.3358,0.0967,-0.4067,0.6145,-0.83,0.7453,0.4833,0.6524,0.0746,0.4618,-0.2523,0.4631,0.1484,-0.5303,0.6254,-0.8216,-0.7599,0.2957,-0.2125,0.6566,0.7224,1.4574,0.631,1.8226,0.0547,0.5059,0.0199,2.5551,-0.0449,-0.0257,0.1984,1.2518,-0.1473,0.0944,-0.2239,-0.0588,0.3769,-0.9477,-1.014,-0.171,-0.9158,-0.8336,-0.7531,-0.5251,-0.969,0.0723,-1.0768,-0.3685,-1.1102,-0.6344,-0.2686,0.6868,-0.4564,-0.3862,0.3584,-0.8377,-0.5282,0.0588,0.2432,-1.6587,0.7316,-0.6044,-0.4226,-0.5289,1.1955,-0.1282,-0.1099,-0.9637,-0.2765,-0.7699,0.545,-0.3035,-0.9093,-0.3532,-0.9226,1.0864,1.4588,0.8151,1.2889,3.0667,1.007,0.4766,-0.4835,0.062,0.2199,1.3013,2.1978,0.1174,1.0968,1.2267,1.1489,0.7136,0.025,0.3122,1.3244,1.1439,1.3252,-1.3125,-1.6744,-2.7152,-2.8286,-2.1629,2.7719,1.8773,-1.1007,-0.6371,-0.8485,-1.8687,-1.5847,-2.459,-2.1759,-0.7785,-1.4781,-1.5091,0.265,0.125,0.055,1.5846,2.4875,1.8327,-0.0475,1.1157,1.3463,0.4561,-0.5108,-0.0767,-1.2413,-1.5147,-0.8848,0.7737,0.1037,-1.0197,-0.6143,-1.1405,-0.8787,0.705,0.37,-0.146,1.1378,0.8008,2.0218,-0.34,0.3128,-0.9077,0.4481,0.0448,1.3519
"IC65",-1.3377,0.2207,-1.5537,-1.4686,-0.5828,0.0314,-0.475,-0.5131,0.3039,-0.0892,0.3662,1.4372,-0.0375,0.1073,1.1022,1.4529,1.4504,2.5753,0.0123,0.1519,0.7158,0.3411,0.0932,1.588,0.018,0.4793,-0.5775,-0.5482,0.2229,-1.2812,0.3327,-0.6636,-1.4383,-0.6959,0.1022,-0.281,-0.0368,-0.2322,-1.1818,-0.4745,0.0238,-1.3938,-0.7043,0.089,0.0809,0.6799,0.8577,-0.1471,-0.3643,-0.3428,-1.1295,0.2853,-0.0628,0.0548,0.5227,0.8068,-0.829,-0.4019,0.1985,-0.6025,-1.8275,-0.3675,0.8156,0.6638,-0.205,-0.1079,-0.03,0.1726,-0.08,0.0421,1.2739,-1.224,-0.1008,1.4021,0.9348,2.211,1.7588,0.4186,0.2183,1.2391,-0.448,0.3958,0.9402,0.1922,0.2189,0.8908,-0.204,0.0353,-0.457,-0.1262,-0.9478,-0.6001,0.2202,-0.885,-0.7183,0.3564,-0.8618,0.3577,-0.1219,-0.9359,0.3168,-1.3299,-2.0778,-0.8757,-0.1589,1.0306,0.275,-1.0138,-1.025,0.8372,-0.3791,-0.8437,0.2973,0.2888,-1.4684,-0.0221,0.4599,-1.7701,-0.5955,-0.9497,-1.3723,-0.6524,0.7449,0.0284,0.255,0.8509,1.3024,0.5891,2.0461,1.0934,2.0179,3.0293,0.652,-0.3958,2.9226,0.742,0.0075,0.291,-0.4087,-0.05,1.2923,0.4766,-1.7096,-0.4896,1.1148,-0.1832,-0.9896,0.5281,0.0345,0.3066,0.8789,-0.5394,-1.1204,-1.7197,-1.2284,-2.852,-3.4001,-2.0402,-2.008,0.6642,-0.8557,0.5188,-0.1201,-0.4234,-0.3696,-1.7826,-0.1374,0.5466,0.8608,2.2846,1.1611,0.9447,1.3658,2.413,2.5003,0.6024,0.4092,0.6764,0.1642,-0.0002,0.2569,-0.6342,-0.6392,0.4147,0.5287,-0.1038,-0.5742,-0.75,-0.3015,-0.3605,-0.0371,-1.8624,0.0043,0.9604,-0.401,-0.6853,-0.1777,-0.7951,0.7892,0.703,0.4123,-1.5901,0.0011,0.6101
"IC66",-1.1655,-0.7876,-1.0553,0.9396,0.1531,-0.2387,-1.0012,-0.8452,-0.2786,0.1826,0.029,0.93,0.753,0.1112,0.1861,1.6885,1.7588,1.0751,0.7632,0.5403,0.5333,1.1084,0.244,0.0441,-0.9523,-1.8441,-1.5198,-0.712,0.5571,-0.5016,0.0165,-0.0327,-0.3885,-1.0706,-0.6788,-0.4726,-0.4681,-0.0014,-0.5282,-0.2931,1.5529,1.2529,0.4148,0.0865,0.5387,0.5194,1.1421,0.1081,-0.2624,0.0746,0.4538,-0.3716,-0.4227,-1.1307,-0.6325,0.0393,1.2037,0.445,0.6593,0.5373,-0.5336,-1.4378,-1.006,-1.3223,0.0938,0.0955,0.3946,0.306,0.0723,-1.6236,-0.9497,-1.0672,-2.143,-1.0878,-0.9117,0.0968,0.754,1.4775,0.6341,0.8555,0.6385,0.4759,0.4301,1.4394,1.4542,1.124,1.3386,1.0308,0.724,1.2748,0.5326,0.0409,0.1059,0.017,-1.3959,0.104,-0.3678,-0.1695,0.2603,-0.297,-1.1132,-0.7526,-1.3137,-1.1976,0.6368,0.6404,0.746,0.4389,-0.0878,-1.0396,0.6346,0.0448,-0.1883,-0.196,-1.0091,-1.812,-1.5144,-1.7272,-2.2063,-1.688,-0.557,0.6664,1.0223,0.893,0.0357,-0.2446,0.3936,0.9689,0.3261,0.3775,0.0622,0.7449,1.7135,2.9117,3.9606,2.2522,1.7218,-0.3374,-1.0232,-2.1158,-1.4179,-0.6462,-0.9324,-0.877,-1.4146,-0.1224,0.0952,-0.2764,-0.6282,-0.1963,0.1391,1.2365,1.9811,0.3622,-0.5155,-0.4351,-0.8419,-0.0231,0.1005,0.5308,-1.0564,-1.2785,-0.7363,-1.6944,-1.3468,-0.3498,-0.2725,-0.3003,0.9694,0.8362,1.1072,0.0074,-0.2494,0.3935,1.9021,1.3076,1.2742,2.2737,2.111,0.0187,-0.5037,-1.2794,-1.6797,-1.2801,0.09,-0.1979,-0.0517,-0.3445,-0.1477,-1.4017,-1.0536,-0.1628,1.7128,0.9193,-0.3659,-0.5735,-0.6876,-0.8349,-1.0146,-0.2487,1.1348,0.933,0.2181,0.2722
"IC67",-2.0424,-1.2511,-1.7784,-1.6707,-1.2552,-1.227,-0.9489,0.0871,0.0507,-0.0986,0.1591,1.2866,1.3069,1.9626,1.0696,1.6775,0.072,1.4682,1.7723,0.9457,-1.2688,-0.7266,-0.7573,-0.2937,0.2182,1.8582,1.6986,1.0789,1.6251,0.9116,-0.1071,-0.9068,-0.4765,-0.5604,0.3156,0.1421,0.1802,-0.8847,0.1467,0.6375,0.2873,-0.5257,-0.7392,-0.2302,-0.0497,-0.572,0.3907,-0.2895,0.1564,0.3015,-1.4915,-1.0577,-0.7117,0.0827,-0.7263,-0.2996,-0.851,-2.0748,0.3281,0.0581,-0.1381,-0.0593,-0.3731,-0.4889,-0.0502,-1.1802,-1.3658,1.0117,1.1833,-0.1739,1.3271,1.1235,1.433,1.8714,1.0223,1.1608,-0.2765,-0.5699,-0.3083,0.7934,-0.4848,0.1169,0.9548,0.2989,-0.1865,0.817,-0.2437,-0.3913,-0.531,0.1303,-0.6796,-0.9441,-0.6084,-2.2235,-1.114,0.2125,-0.7165,0.0402,0.2228,-0.0981,0.2338,0.4283,0.241,1.121,-0.175,-0.1868,2.4029,0.7771,0.5722,0.5376,0.2994,-0.7068,0.2872,-1.0915,-1.4455,-0.4316,-0.0569,-0.6351,0.4578,0.1784,-0.9545,-0.6764,0.7676,0.8223,0.3707,0.7811,0.1685,-0.8838,-0.5911,0.7628,0.7102,0.1775,-0.5005,0.1066,-0.1902,-0.1807,-0.072,0.6485,0.7852,0.6576,0.102,0.2297,-0.1882,0.3848,1.7328,-0.4513,-1.0161,-1.3672,-0.3815,0.4437,2.0715,-0.7574,-1.3936,-1.2399,-1.515,-1.8568,-2.2776,-2.5002,-1.6541,-0.6908,-0.179,0.7994,-0.1944,-0.9658,-0.3722,-0.6145,1.1806,2.4001,1.5066,1.7846,1.4069,2.09,1.5345,2.0293,2.514,2.0889,1.5927,1.2217,0.1949,-0.235,0.1769,-0.9305,-1.6952,-0.6092,-0.0364,-0.2958,-0.487,-0.9794,-0.676,0.3353,0.7814,-0.4129,-1.4971,-0.5846,-0.6786,0.6839,0.3525,-1.445,-0.777,-0.8288,-0.1588,-0.347,-0.2404,0.4575
"IC68",0.6504,0.2099,-0.0476,-0.6286,-0.5853,0.5496,1.4748,-0.0505,-0.971,-0.5039,-0.0122,-0.14,1.7673,2.8767,1.9348,1.1416,0.8555,-0.0786,-0.1994,0.234,0.3944,0.6019,0.0774,-0.1548,-0.2014,-1.6678,-2.2263,-0.9386,-0.638,0.3617,-0.4537,-1.069,-0.4541,-0.342,-0.7912,-0.5321,-0.8119,-0.5181,-1.3419,-0.3499,-1.0739,-0.1653,-1.3858,-0.9944,0.142,-0.376,-1.4449,-0.7345,-0.0116,0.6838,1.4224,0.961,-0.4935,-0.2488,-0.187,0.4683,-0.197,0.7538,-0.3013,0.1162,0.1429,1.0613,2.1494,1.5324,0.4347,1.5237,0.7086,0.3834,0.0216,-0.9962,-0.5824,1.2216,0.341,0.3245,0.916,-0.63,-0.5347,0.1254,1.5625,0.941,0.9136,0.101,0.402,0.1741,0.6977,-0.7265,-0.5126,-0.0428,-0.87,-0.8979,0.3235,-0.9249,-0.6823,-1.0206,-0.8826,-0.7964,-0.4406,-1.2539,-0.7566,-0.0613,-0.1979,0.3426,0.5138,-0.5955,0.0247,0.6297,-0.0041,0.2922,-0.5526,0.2915,-0.0948,1.3774,-0.6428,-0.1744,0.8935,0.9401,0.6314,0.8136,-0.818,-0.025,-0.0684,-0.5345,-1.9335,-1.2541,0.2641,-1.3526,-0.7768,-0.6649,-1.6672,-2.3945,-0.5028,-0.4465,1.0369,1.6309,1.7948,1.5534,1.0901,0.3361,-1.4534,-0.5018,0.282,0.5359,0.9189,1.7091,1.4356,1.8194,0.9076,0.1829,1.1533,1.201,-0.0539,0.4202,1.2606,-0.9538,0.1807,0.9983,-0.9589,0.2897,0.521,2.7131,1.9648,0.5562,-0.0948,-0.5565,-2.3397,-2.9205,-3.0797,-1.4857,-1.704,-2.1758,-2.0892,0.5213,-0.1804,0.4824,0.7937,0.09,-0.9435,-0.5796,0.0588,0.6126,-0.2863,0.2189,-0.5653,-1.322,-1.246,-0.0423,0.3975,0.1953,-0.7134,-1.0665,-0.7652,-0.4281,0.1503,1.1027,1.1449,0.6732,1.5998,0.4343,-0.1575,0.1978,0.4122,0.682,1.8161,0.5299
"IC69",-0.0069,0.7116,0.7212,0.264,0.0198,-0.1457,0.0953,-0.0848,0.4137,1.2038,1.3018,1.8349,1.6806,-0.5203,-1.3973,-1.1327,0.0494,-1.0678,-1.1954,-0.7259,-2.2276,-2.5811,-2.0051,0.4284,1.4985,0.8614,1.2508,2.1365,1.63,0.1048,-0.8863,-0.1011,-0.3137,-1.6065,-0.8003,0.3838,-1.1251,0.016,1.9813,1.3382,0.5673,-0.5405,-1.0902,0.2175,-0.4897,-0.6668,-0.4667,0.7142,-1.14,-1.8138,-0.7765,-0.8375,-0.4481,0.4686,0.1872,0.5123,0.1933,0.0013,-0.275,0.7964,0.0048,0.0669,1.297,0.3536,0.3334,0.9133,-0.0449,0.3734,0.3515,0.4545,0.9212,0.7519,0.9651,0.9979,1.034,-0.6793,-0.6672,-0.5042,-1.2871,-1.1,0.0139,-0.9323,-1.542,0.1271,-0.0152,-1.5571,0.2027,-0.0912,-0.2539,0.3799,0.5184,-0.398,-0.8254,-0.0663,-0.0402,0.5215,0.5302,-0.2182,0.2043,-0.0566,0.5736,1.213,0.8298,0.8976,0.6548,0.6857,0.0765,0.7519,0.9911,-0.1601,-0.0007,-0.0584,-0.8711,-0.836,-1.4718,-0.3267,1.1869,0.4381,-1.2695,-0.9654,0.7307,-0.1784,-0.2491,-0.7637,0.458,-0.4664,0.5013,-0.6252,-1.9388,-1.1322,-0.3643,-1.0184,0.0763,0.3512,0.0903,-0.8741,-1.5136,-0.481,0.2084,1.3564,0.0974,0.766,1.0998,1.3575,0.7995,0.1757,-0.1366,0.8024,0.1327,1.1761,-0.4578,-0.7981,-0.4185,-0.5641,-0.3105,1.8485,3.5595,3.2941,1.3489,-0.5955,-1.9517,-0.5256,0.3275,-1.7914,-1.3063,-0.1885,-0.279,-0.7057,0.2032,0.7512,2.0565,0.9342,-0.0303,0.547,0.5234,-0.0737,-0.9681,-0.9262,-1.2303,-0.9856,-1.0794,-2.0196,-1.7093,-1.6746,-1.5549,-0.9972,-0.8164,-0.0366,0.1044,-1.1692,-0.8428,-0.4783,1.0777,1.4852,2.0591,1.6479,1.1558,0.305,-0.8542,0.388,0.9648,0.6271,0.911,0.2895
"IC71",1.8273,1.115,-0.942,1.3128,0.9727,1.359,0.6767,1.0022,-1.3575,-2.4084,-0.1278,0.1092,-0.2414,0.9871,0.3823,0.442,-0.3374,0.7019,-1.0091,-0.9689,0.5842,1.0508,0.9082,-1.0234,-1.4301,0.0103,-0.6619,0.6487,-0.3715,-1.3803,0.8125,-0.1435,-1.2144,0.3199,0.4004,-0.6162,0.5647,-0.8261,-2.6124,-0.6983,-0.9511,-0.9134,0.2448,-0.6721,-0.141,0.621,0.3284,-1.4877,-0.4372,0.7524,0.0369,0.7137,-0.4963,-0.6068,0.7347,0.4479,-0.1781,0.4707,0.4575,-0.4045,0.0568,-0.3738,-0.5193,1.2416,1.1245,0.2118,0.8318,0.0475,-0.0692,-0.0093,0.1184,-0.3103,-0.29,0.0122,0.8454,1.7782,1.0611,0.4542,0.6443,0.5954,1.1523,1.986,1.2448,-1.1122,-0.42,-0.3681,-1.3512,-0.8337,-0.1845,-0.3688,-1.0574,-0.0774,0.1648,-0.605,-0.0268,-0.7244,-0.5456,0.6582,0.1679,0.5427,0.2176,-0.1995,0.3069,-0.5421,-0.5379,0.685,0.3527,-0.1558,-0.2465,0.1967,-0.653,-0.1663,0.2041,-0.7412,-1.0655,-0.6627,-0.9202,-0.7963,0.2107,-0.682,-2.1786,0.1451,-0.1344,-0.5904,-0.0784,0.4463,-0.1271,0.2185,-0.4201,-1.8732,-1.5066,0.106,0.9509,0.8936,2.4077,0.5366,-0.1233,0.1274,-0.7964,-0.936,1.3556,0.1265,-0.8642,1.7907,2.5064,1.6499,1.3878,1.441,0.933,0.9773,1.4857,1.2876,2.1794,1.2922,0.3239,-0.9092,-1.6052,-0.392,0.9077,2.1244,1.8065,-0.173,-0.5402,0.1615,-2.0503,-2.1021,-2.031,-1.2079,-0.7259,-1.3378,-2.9727,-1.6385,-0.4306,-0.579,-1.2931,-1.5313,-0.7497,-1.8039,-1.9216,-0.5008,-0.076,-0.0112,0.1185,-0.5888,0.0654,0.2059,-0.0514,0.0958,1.0115,0.52,-0.0248,-0.2129,0.1333,2.4544,1.9385,0.5877,0.5628,1.5188,0.7765,0.2582,-0.245,-0.8745,0.515,1.0423
"IC72",-2.1645,-1.1123,-0.8655,-3.0708,-1.1307,-0.7131,0.3835,-0.5939,-0.6585,-0.0563,-0.2209,0.6161,0.8979,0.9804,2.2071,2.1102,1.9139,1.4494,1.772,2.5695,2.189,0.6123,-0.3052,0.1576,-0.2333,-0.078,0.1354,-1.0528,0.0367,1.4659,0.0655,-0.6057,-0.6134,-0.4141,-0.6815,-0.8019,-1.04,-0.9875,-0.9588,-0.7892,-0.1715,0.2379,-0.3178,-0.265,-0.0507,-0.5333,-0.2132,0.4486,0.0778,-0.3278,-1.0966,-0.8454,-0.6857,-0.4461,0.2261,0.1167,-0.0612,0.1102,-0.4741,-0.3525,-0.3384,0.2418,-0.4186,-0.9455,-0.4938,-0.1443,-0.1489,-0.4324,-0.0677,0.8169,0.6601,0.7928,0.8092,-0.2561,0.5979,1.6449,1.6531,1.8966,2.261,2.0861,0.6465,0.0483,0.6604,1.2013,0.3797,0.9698,0.7941,0.2896,-0.1409,-1.0429,-1.167,-0.7143,-0.7725,-0.84,-1.1983,-1.379,-0.5809,-1.0529,-1.5905,-1.6556,-0.4931,-0.8666,-1.426,-1.5336,-0.5352,-0.3381,0.4366,0.4858,-0.4018,0.9047,0.1076,-0.1902,0.3655,0.2117,-0.7993,-0.7003,0.2038,-0.113,0.0123,0.8846,0.7843,-0.4026,-0.2363,0.5408,0.4226,0.5777,0.9259,-0.0817,0.6337,0.6003,1.131,1.8721,1.9167,1.1426,0.6037,1.6613,1.1685,0.2648,-0.7307,-0.659,-0.1887,0.8532,0.122,-1.5832,-1.4305,-1.4099,-0.8744,0.005,1.2113,0.5901,-0.022,-0.0276,-0.5961,-1.2312,-1.422,-2.7831,-2.7869,-2.0697,-0.4496,0.3534,-0.8387,0.0764,0.4443,0.379,0.0654,-1.0833,0.1071,-0.3041,0.1482,1.2504,1.048,-0.0674,-0.4407,0.9825,2.0818,2.1683,1.9898,2.0801,1.7053,1.0987,0.3699,0.3046,-0.3685,0.2648,0.7044,-0.381,-0.6465,-0.5526,-0.2322,-0.3776,-0.545,-0.4434,-0.3738,-1.1714,-1.1119,-1.2562,-0.3217,-0.0543,0.7833,-0.0185,0.0564,0.0172,-0.4937,-0.5149
"IC73",1.8647,0.9416,0.6566,0.7251,0.0695,0.4019,0.7662,-0.2128,-0.5579,-0.4205,-0.1586,-0.2048,0.2721,1.4011,1.0769,0.4958,-0.1094,-1.9467,-2.2257,-1.1679,-0.0543,0.4106,-0.3783,-0.168,-0.889,-1.6423,-1.0539,-1.7362,-2.313,-1.7278,-1.0663,-1.3452,-0.3831,0.9943,0.3122,0.1665,1.395,0.3755,1.1905,0.8032,0.9732,1.1351,1.1232,0.1936,0.7233,1.7552,0.7265,0.5496,0.3217,0.3149,0.0073,0.7502,-0.0241,0.5978,0.3934,-0.054,1.2267,1.3987,0.0946,0.6684,0.5177,-0.4949,-0.717,0.1449,0.0395,0.5097,0.0113,-0.134,0.0438,-0.9182,-2.5098,-2.4233,-2.2783,-3.0176,-2.4387,-1.3132,-0.6974,0.456,0.4802,-0.4329,-1.1075,-0.4309,-1.052,0.0112,0.3171,1.3332,1.7573,2.6117,2.2758,1.2916,1.1157,1.6354,0.8584,1.3147,1.2461,0.3194,0.1989,0.4684,0.068,0.0838,-0.6706,-0.8404,-1.3707,-1.0601,-0.8997,-0.2671,-1.0868,-1.0357,-0.9051,-0.4513,-0.2144,-0.3438,0.3639,0.733,0.8901,0.2837,-0.2644,-0.8705,-0.5652,-0.7367,0.3017,0.3729,0.8647,1.1449,0.8607,0.3468,-0.4371,-0.3747,-0.4834,-0.296,-0.2638,-0.3594,-0.4686,1.1216,0.7044,1.7612,1.8543,-0.0172,-1.2403,-1.1329,-1.5882,-1.1374,-0.0491,-0.1301,0.0127,0.6725,0.2783,-0.3429,-0.2889,-0.1267,-0.203,-0.2871,-0.0469,-0.3827,0.8176,1.635,1.7521,1.4234,1.8424,0.2795,0.9161,-0.7581,-1.4741,-0.7709,-1.2843,-1.3177,-1.5951,-1.0261,-0.5603,-0.9701,-0.4097,-0.0811,-0.0881,0.1391,-0.1034,0.5117,0.5536,0.8784,1.58,2.137,0.5413,-0.0987,-0.4575,-0.7572,-2.0954,-1.3757,-0.3635,-0.1634,0.2354,-0.6511,-0.5941,-0.2373,0.8223,0.6729,0.9084,0.616,-0.4333,-0.9753,0.3127,0.3931,0.7185,0.6081,0.4297,0.0123
"IC74",-0.6102,0.4684,0.7402,-0.365,0.2144,0.9362,0.4991,-1.0637,-0.5084,0.3426,0.2254,1.1013,0.4509,0.3719,1.4762,1.4361,1.4423,0.6982,-0.3196,-0.0358,1.2891,-2.1135,-1.2972,-0.3082,-0.2877,0.1562,-1.5478,-2.8903,-1.6171,0.5582,-0.772,-1.3153,0.3147,0.2077,-1.2642,-0.9599,0.4831,0.3906,-0.3762,-0.4037,0.9433,0.2215,-0.2137,-0.9569,0.604,-0.3832,0.1384,1.1825,0.4858,-0.2181,-0.1407,0.5437,0.5643,0.0923,0.2583,-0.972,-0.0745,1.2355,1.0446,0.7123,0.2102,0.5597,-0.4821,-0.106,-0.4138,0.5862,1.1271,-1.7957,-0.8854,0.2313,-0.3097,-0.269,0.0788,-0.6701,-0.6132,1.2088,1.7282,0.639,0.2353,-0.4773,0.1401,-0.5736,-0.2384,-0.0993,-0.9527,1.0772,1.681,0.6103,1.2209,0.0514,0.27,0.5034,-0.4844,0.0047,-0.1877,-1.408,-0.1908,0.9704,0.1324,-1.161,-0.1814,-1.3729,-1.11,-2.2613,0.5937,1.1344,0.9022,-0.4104,-1.9144,0.1119,-1.0841,-0.9252,0.5286,-0.0851,-0.3936,-0.1902,-0.957,-1.3282,-0.936,0.6395,0.8185,0.07,0.3298,1.0675,0.6277,0.4995,0.3956,-0.7455,1.2774,-0.0461,-0.6413,1.1467,1.4258,1.2371,-1.4375,-0.039,1.6425,1.5637,-0.4369,0.6228,1.6571,1.0293,0.1788,-0.3194,0.5114,-1.2406,-0.1092,0.4678,1.2648,-0.7959,-0.6099,-0.0206,0.2269,-0.1167,-0.4743,-0.5902,-3.8768,-3.9905,0.3161,0.8134,0.6282,0.6437,0.6785,0.012,-1.4672,-1.3363,0.3331,-0.1807,-0.0065,0.5407,0.2252,-0.0485,1.2948,2.0353,1.2539,1.217,0.3977,0.345,0.2629,0.6636,-0.3602,-1.2736,-2.8496,-1.9769,0.1993,-1.4308,-0.1784,-1.1635,-0.6028,-0.3804,-1.498,-1.0461,1.5288,2.3123,1.7008,-0.7588,0.1116,-0.169,0.5335,0.4903,0.4975,0.6222,0.0766,0.8996
"IC75",-1.7441,0.5595,1.0964,-1.3283,-0.3999,-0.2777,-0.2305,-2.4402,-1.7236,-0.2593,-1.0527,0.5998,1.7192,0.9904,2.1185,1.436,0.1402,0.7914,1.469,0.1571,1.3396,0.8094,-0.2126,-0.0374,0.4848,0.6322,0.1516,-1.9315,-1.4266,0.1961,-0.0106,-1.2288,-1.2174,-0.7243,-1.0251,-1.5576,0.328,1.0565,1.1131,-0.5995,0.283,0.3815,0.6596,0.359,1.1382,0.7201,-0.0556,0.1514,0.8278,1.2359,0.7722,-0.5256,-0.0068,0.3306,0.6473,-0.3655,-0.1733,0.3138,-0.5593,-0.7562,-0.8321,0.2397,-0.7034,-1.8153,-1.7838,-1.4258,-0.6555,-0.979,-0.5017,-0.2039,-0.3625,0.1696,1.574,0.9951,-0.1199,0.7075,0.3306,1.1514,0.6004,0.5182,-0.403,0.4258,1.1961,0.6988,-1.687,0.6059,1.4914,0.0538,-0.1449,0.0035,0.0573,-0.1442,-1.3763,-1.0419,-1.731,-1.2745,-0.6702,0.9952,0.6916,0.3342,1.615,0.5416,-0.7863,-0.7132,0.8067,0.5619,1.28,1.3594,-0.2926,0.9897,0.3393,-1.4826,0.6218,0.0305,-1.3957,-0.7567,-0.6968,-2.1674,-1.6634,-0.9966,0.1032,-0.679,0.6497,1.3784,0.638,2.1709,1.1975,0.1709,1.1322,0.255,-0.3656,2.0382,2.0023,-0.5155,-1.429,-0.3905,0.1266,0.5531,-0.1479,-0.2824,0.216,-0.231,-0.2669,-1.3922,-0.2635,-1.6956,-1.4502,-0.2652,-0.5593,-1.5623,0.2329,0.9343,-0.933,-0.5346,0.5971,-0.8834,-1.548,-2.2666,-0.3054,0.5662,-1.3952,0.9799,1.1384,0.9782,0.2371,0.354,1.9799,1.7021,0.5963,1.0045,1.5085,0.8758,2.233,1.8727,0.1979,-0.2901,-0.6013,0.329,1.7209,-0.6908,-0.2612,-0.4895,-1.6813,-0.1124,1.1555,-0.4115,-1.2288,-2.0059,-1.196,0.1019,0.0171,-0.3396,0.0461,-0.4113,0.1622,-0.7034,-0.7449,0.0343,-0.2204,-0.4909,-0.4,0.4494,0.339,1.3473
"IC76",-0.2382,0.0513,0.8156,-0.6682,0.0361,0.6365,0.392,-0.1212,0.075,0.6927,-0.2708,0.4421,0.6069,1.0085,1.0746,1.6694,0.8805,0.3149,-0.4242,0.4503,0.4613,0.7786,-0.4664,0.2521,0.5907,0.5654,-0.0287,-1.567,-1.9994,-2.3141,-1.7396,-1.5996,-1.708,-2.0738,-1.246,-0.9039,-1.2246,-0.497,-0.1107,-0.7464,-0.2941,-0.0075,0.4433,0.7063,0.4812,-0.111,-0.0934,0.3503,0.2086,1.3116,1.2199,-0.2683,-0.0023,-0.0086,0.8995,1.9522,2.2238,0.8465,0.6135,0.2032,-0.9675,-0.6353,-0.3768,-1.4251,-0.0168,0.4518,-0.1071,0.0223,-0.3117,-0.0189,1.4157,0.873,-0.3619,-0.887,-0.8268,-0.975,0.0049,1.6747,0.8586,1.7053,0.6646,0.2491,0.7367,1.435,1.1309,1.4299,1.2539,0.7579,0.3985,0.4975,-0.9232,-1.1522,-0.8639,-0.4975,-1.3759,-1.0359,-0.8596,-0.849,-1.2003,-1.3687,-0.5935,-0.9664,-2.2785,-2.0068,-1.8203,-2.234,-1.2197,-0.3059,0.0442,0.1257,0.5245,0.2337,0.5558,0.8031,1.0796,0.7209,0.7022,0.1438,-0.09,0.034,0.8835,0.5183,0.8132,0.6483,0.7212,0.863,0.7172,0.4911,0.0268,-0.3419,-0.2758,-0.0985,0.8802,1.1377,0.6144,1.0872,0.7159,0.6651,0.4321,-0.6233,-0.4975,0.4474,0.8556,-0.5595,-0.2879,-0.1949,-0.463,0.8913,1.3465,0.807,0.3422,0.5342,0.3808,-0.2871,-0.9963,-2.7013,-3.5576,-2.4047,-0.1765,1.0691,0.1704,0.7983,1.4905,0.6682,0.3028,-0.6382,-1.4023,-1.8189,-1.0456,-0.531,-0.6037,-1.7602,-1.9584,-0.5535,0.5123,1.1977,1.144,1.9719,1.979,1.4273,1.5098,0.0754,-0.9284,-0.9021,-1.2999,-0.9148,-0.2581,0.046,-0.1492,-0.7973,-1.0348,-0.8776,1.316,-0.4429,-0.1277,0.7875,0.9828,0.6436,0.4599,0.017,0.7781,0.4682,0.4148,-0.038
"IC77",-1.0406,-0.3145,-0.4459,0.4686,1.0458,1.3062,0.1863,-0.9377,-0.3414,-0.2506,-0.0229,0.4416,0.0094,-0.0434,1.2344,1.3492,0.0686,0.2513,-0.472,-0.5904,0.3504,0.3207,0.2391,0.2223,-0.5651,-0.5109,-1.785,-2.5684,-1.3143,-0.2869,1.0085,0.4471,-0.2014,0.3987,0.291,-0.0991,0.3801,-0.1439,-0.342,-0.9636,-0.5307,-0.2895,0.6241,0.6388,0.1211,-0.0821,-0.0611,-0.4067,-0.0372,0.4948,0.8127,1.2618,1.0251,0.45,0.0764,0.4258,1.3939,1.1755,0.6669,-0.9389,-0.55,1.2556,0.844,1.6884,1.5506,1.3455,0.9329,-0.7331,-1.7826,-0.8425,-0.1374,-1.9307,-1.9763,-2.46,-3.3907,-2.1566,-1.4441,-0.5947,0.2296,-0.1228,-1.4371,0.1389,1.5289,0.6513,-0.0423,1.3993,0.9737,-0.3458,0.0713,0.4905,0.6002,2.1118,1.5404,0.6879,0.2273,-0.8073,-1.0995,0.1654,-0.6542,-0.6978,0.4721,0.5655,0.7545,0.1553,-0.3204,-0.2423,0.257,-0.4578,-0.8182,-0.6957,-1.0847,-0.7525,1.1948,1.4999,1.6276,1.5833,1.321,0.6802,1.377,0.5089,0.0982,-0.1267,0.0258,-0.1779,-1.4566,-0.8446,-1.6232,-2.4039,-1.1848,-1.7242,-2.2864,-0.5801,0.2685,1.6872,1.7169,0.6338,0.0928,0.3143,-0.0428,0.1154,1.3876,0.6875,0.7066,-0.0231,0.6985,-0.7974,-0.4904,0.7321,-0.2517,-1.6072,-0.4775,-0.021,-0.3483,-0.2652,-0.4128,-1.3029,-0.9436,-0.9324,0.5615,0.7568,-0.5239,0.7563,1.3166,1.8457,1.1606,0.6089,1.0537,-0.955,-1.6316,-0.8199,-1.4587,-0.9923,1.246,1.4828,0.7013,0.1205,0.222,1.0893,1.0017,0.4626,0.9611,1.0787,-0.4227,-1.4493,-0.9106,-1.0001,-0.7107,-0.361,-0.6058,-1.117,-1.4615,-0.7197,0.9571,0.2805,-0.3125,-0.09,0.6004,1.7957,1.7682,0.4139,-0.0031,-1.2607,-0.9561,0.2265
