"IC05","-1.4754","-0.4476","-0.6159","-1.0705","0.7914","-0.0356","1.5292","0.4205","1.7915","-0.3607","0.5131","-1.5333","-0.6437","0.2710","1.5316","1.1189","0.8077","0.8920","-1.1657","0.1622","-0.8031","-0.4478","-0.8255","-0.0143","-0.2034","-0.0919","0.9262","0.1260","1.6262","0.0508","0.7903","-0.8953","-0.6630","-1.9860","-0.7537","-0.7863","-0.6364","1.2130","1.7999","1.3654","0.3531","1.2520","-0.6864","0.8421","0.3586","0.2161","-0.9990","-1.4998","-1.8360","-1.1070","-1.5330","-0.7845","0.9485","-0.6638","-0.1016","0.0308","-0.3226","1.8887","0.2325","-0.5777","0.5205","-0.2858","0.8860","-0.9188","0.5645","0.0955","-1.4892","-0.2109","-0.7405","-0.6722","1.3877","-0.6823","-0.6245","0.2384","0.7937","2.3995","0.0977","0.8133","1.1190","0.8868","1.1601","-1.6745","0.0060","-1.0979","-1.2340","0.3674","-0.5973","0.8110","-0.5110","1.0818","0.9333","0.8783","-0.3655","-0.9492","0.3389","-1.6993","-0.3762","0.4024","0.0601","0.7925","0.0935","2.1518","-0.3237","0.1129","-0.6174","0.1414","0.8155","-0.3337","1.6147","-0.1636","-0.8797","-2.6915","-0.7504","-0.4244","-0.0057","0.2873","-0.5234","0.0070","-0.7623","-0.3458","-1.4087","-0.5648","0.1662","0.8332","0.2525","1.7966","0.4194","-0.4621","0.0293","-0.5893","0.3140","0.2022","-0.5417","0.2687","-1.0930","0.7684","0.7366","-1.1541","-0.7937","-1.0644","1.3463","2.0297","2.3164","2.1973","-0.4671","-1.5677","-1.1142","-1.5599","0.4268","-1.6128","-0.3063","-0.7861","0.3700","-0.6948","0.5941","1.0817","1.3020","0.1563","-1.4705","0.8404","-0.1243","1.2409","1.0231","1.3578","1.8070","-0.1535","-0.5015","-0.9324","0.1118","-1.3531","-0.9039","-0.6604","1.2075","0.5627","-0.3704","0.7663","-1.2917","-0.1667","-0.7440","0.9996","-0.0838","0.6187","0.0051","0.5974","0.2785","0.0421","1.4809","-0.4169","-0.7312","-2.1064","-2.1555","-2.2570","-1.2134","0.2258","-0.4385","0.0605","-0.9400","1.3126","0.6269","0.0911","0.5933","-0.2915","2.1701","1.2690"
"IC08",-1.7761,-1.4274,-0.2767,0.0864,1.148,-0.6297,-0.4549,-1.5511,-0.5818,-1.1947,-1.1943,-1.3898,-1.1457,-1.1949,0.9545,2.5531,2.8072,1.8487,0.7428,1.6533,0.2998,-0.8204,0.1639,0.4109,0.7587,0.7993,1.8359,1.2436,1.1498,0.0254,0.6023,0.1937,0.706,0.4695,-1.2638,-1.7671,-1.1722,-0.4702,-0.5882,-0.937,-0.2277,1.4216,0.077,-0.6104,-1.032,0.6637,1.3064,0.1892,-0.5441,-0.1946,-0.709,-1.1213,-0.0682,-1.0785,-1.3527,-0.9815,-0.4072,0.4635,1.4122,1.4611,1.0962,0.59,0.9619,0.0639,-0.6663,-0.0657,-0.9324,-0.1296,-0.2388,-0.2208,0.5649,-0.2751,0.0873,0.4231,0.6321,0.8879,-0.046,-1.2081,-0.2918,-1.0348,-0.6639,-1.2517,0.3781,0.523,-0.9161,-1.1584,-0.5321,0.1676,0.0438,0.6243,-0.1809,-1.1258,-0.4707,-0.4425,1.6708,1.9408,1.3922,1.0177,1.2261,1.0462,-0.3632,-0.719,-1.7316,-0.4415,-0.9265,0.1172,1.9361,2.1379,3.4464,0.9362,-0.6145,-0.8699,-0.6014,-1.3289,-0.9699,-0.6019,-0.5419,1.0957,0.6977,-0.6548,-1.4052,-0.7069,-0.2811,-1.1373,-0.2442,1.0936,-0.0749,-1.5137,-1.0008,-0.6937,0.0429,0.8672,1.0771,0.6525,-0.8951,-0.1339,0.3759,0.0622,0.2738,0.3344,1.4729,0.7938,-0.4177,-0.527,-1.1208,-1.1629,0.9091,0.8518,1.418,-0.7507,-0.6362,-1.2627,-0.4165,0.2317,-0.7626,-0.6691,-0.8261,1.6226,0.7153,0.486,-0.3477,-0.4276,1.0507,0.2541,0.3187,-0.4138,-0.3544,-1.3078,-0.6847,-1.0698,-0.6495,-0.3053,0.7614,1.4152,-0.1,0.539,0.0666,1.4648,1.0405,1.6274,0.7019,1.1224,0.7948,0.5158,-0.1078,-1.3155,0.046,-1.4886,-0.1912,0.7731,1.0951,1.0197,0.3767,-0.2797,-1.6472,-0.3381,0.0725,1.7865,0.2087,-0.6969,0.2729,-1.2066,-1.2798,-2.5267
"IC09",-1.3781,-1.4679,0.3274,-0.1854,0.5878,0.8659,0.0267,0.8696,-0.5469,0.5588,-0.0438,0.3009,-1.2721,-0.0885,0.6762,0.4594,0.1671,0.965,0.6354,-0.4515,0.3934,0.2655,1.1654,-1.1873,-0.6249,0.1393,1.2175,1.5132,0.8341,1.4983,0.907,1.4925,0.7706,-0.5318,-2.4393,-1.0968,-0.9507,0.0039,-0.6842,-1.2326,-1.2771,-0.4086,0.2903,-0.7473,0.441,-0.178,0.731,-0.8092,0.6289,-1.2671,-1.2613,-1.7835,-1.5145,-0.5968,-1.0748,-0.7503,-0.5245,-0.2528,1.5678,0.9152,0.119,0.1347,0.2566,0.0636,-0.379,0.4585,0.9917,0.0657,0.4052,-0.4452,0.0259,0.7146,0.2512,0.9336,0.3862,-0.2662,0.7398,0.7584,0.4269,1.0885,0.1584,0.4784,0.5273,1.7308,1.7633,1.2734,0.3124,-1.6965,-0.8561,-0.9101,-0.6602,0.1634,0.1105,0.3912,1.3714,2.7139,-0.1306,-0.5041,-0.9881,-1.5891,-0.9013,-1.9658,-1.3317,-1.1788,0.0942,-0.1616,0.7206,0.2754,-1.7981,-1.0441,-0.9799,-0.3449,-0.8093,0.0332,0.4811,-0.6137,-0.1987,0.0171,-0.1591,-0.8697,-0.853,-1.1789,0.1652,0.7288,0.9088,1.7308,2.5992,3.9221,2.0827,0.3207,-0.7824,0.6022,0.5449,-0.3279,0.2305,-0.67,-1.2142,-0.4169,-0.876,-1.0804,-1.5786,-1.4159,-0.4346,-0.8201,-0.2698,0.3328,-0.5499,-0.7362,-0.1645,1.0766,0.4634,1.5765,1.0122,-0.0017,-0.6493,0.3915,0.336,0.3573,0.69,1.0031,1.6145,0.4288,-0.6861,-0.7573,1.0888,1.0361,-1.057,0.3785,0.1309,1.0327,0.093,0.372,-0.5051,0.4683,1.7226,-0.5042,0.1591,0.1109,0.6426,-0.9706,0.0403,-0.9791,-2.5305,-2.9472,-2.3493,-1.4086,-0.9603,0.0245,-0.914,-0.548,-0.7867,0.1152,-0.365,-0.2542,1.1376,0.0705,1.3029,0.5027,1.2134,1.3695,0.4434,1.4952,0.108,0.1245
"IC15",3.046,-0.8448,-0.2969,-0.0019,-0.781,0.4625,-0.2139,0.6475,-0.1732,0.7344,-0.9924,1.3206,0.5045,1.4791,-0.4453,1.5063,-0.1595,-2.047,0.1811,-1.1239,1.108,-0.2166,0.4406,-0.6926,0.4042,-0.5659,-0.4435,-0.0358,-1.0923,-0.1661,-1.4145,0.1648,-1.0595,0.8121,-0.6235,1.2272,-0.5299,0.9204,-0.53,-1.0619,-0.9629,-1.0112,1.2595,-1.8401,-1.7421,-2.2293,0.2094,-0.2885,2.2809,0.5675,0.6561,0.1756,-0.9396,0.7461,-1.3572,-0.3727,-0.3746,-0.6291,2.3353,0.9682,0.4435,0.6862,-0.3836,1.5227,0.3919,1.4071,1.6426,0.2437,1.9748,0.0519,-0.8245,0.9483,-0.4951,1.1392,-0.0475,-1.5369,0.8559,-0.468,1.3238,-1.0696,-1.2826,-0.4245,-1.0345,0.6448,-0.9311,-1.3811,0.396,-1.1406,0.989,-0.5291,0.8703,-0.7568,-1.9166,-0.436,-0.7523,1.2643,-0.6347,0.6227,-0.6978,-0.8669,1.1697,-0.1337,1.4759,0.5949,2.0812,-0.7477,-0.6386,0.441,-0.6282,0.2009,-0.4084,2.1794,-0.4509,0.7875,-0.2181,-1.0171,0.0304,-0.3793,0.6456,-0.6471,0.9398,-1.1666,-1.1067,-1.6058,-0.9686,-1.3256,-0.9905,0.5622,-0.8429,0.796,-0.3392,-0.9233,-0.6799,-0.9229,1.0169,0.2883,2.1023,1.4549,0.0668,1.2105,-0.0531,1.4218,1.5371,-0.5839,1.4237,1.0511,0.5267,0.3774,-1.5608,-0.4525,0.1719,2.094,0.2365,1.7586,-0.5004,-0.3279,-0.0856,-0.8568,0.2937,-0.4882,1.6564,-0.4159,-0.4999,-0.5559,-0.7006,-0.9817,-0.9687,-0.0847,-1.1639,-0.09,-0.8042,1.4625,-1.1298,-2.0349,-1.2669,-1.258,0.3516,-0.8622,0.618,-1.0516,0.4672,-0.1056,1.5886,-0.347,-0.6357,0.8801,-0.0856,-0.6622,-0.4949,1.0552,-0.4688,0.7448,-0.3573,-0.4449,0.1246,-0.8822,0.9941,0.1885,1.857,0.4714,-0.02,0.509,-0.1527,0.9628
"IC16",0.4568,0.25,-1.6709,-0.5848,-0.3269,0.3779,0.8181,0.6501,0.5867,0.7378,-0.1055,0.1614,-0.5498,0.2324,0.4173,1.3054,0.5172,-1.0988,-0.6711,-0.0195,0.1653,-0.9329,-1.2873,0.5641,1.1683,0.5909,0.7234,0.488,0.4296,-0.4685,-1.3105,0.5781,0.9058,0.0589,-2.0694,-2.4325,-1.3706,-1.4735,-0.6674,-1.2313,0.8869,1.3507,1.3938,0.5846,0.1396,1.6166,1.1863,0.9398,-0.1892,-0.8649,-1.4262,-0.8067,-1.7645,-0.4096,-1.0608,-0.8861,0.5885,1.3176,2.4966,0.8854,0.1156,1.5842,0.4004,-0.1604,-1.3906,-1.0459,-0.0253,-0.4837,0.2469,1.3932,0.8346,0.4686,0.0234,0.3326,1.3689,-0.1218,0.2657,-0.331,-0.2554,-0.5551,-1.4268,-0.3084,0.4314,-0.7675,-0.5619,-0.8545,0.322,-1.2603,0.2011,0.427,0.5982,0.0358,0.0328,1.0158,0.8205,0.2723,-0.9992,-0.7875,0.859,-0.3788,0.429,0.1721,0.6808,0.0412,-0.4781,0.6225,-1.2398,0.1043,1.1827,1.9447,-0.1162,-1.5755,-1.8704,-1.7389,0.5926,0.3582,-0.2113,-1.3026,0.7988,-1.0699,-1.9948,-1.014,-0.6848,0.6917,-0.4138,1.5632,1.3213,0.3449,-1.5006,-1.3633,1.6249,0.719,2.0033,1.2229,1.0237,-0.5464,0.5271,1.061,-1.1288,1.0634,0.8074,1.7049,0.5178,-1.4776,0.3979,-0.491,-1.673,0.1496,-1.0368,0.3284,-0.525,1.7884,0.5009,0.7726,0.4424,-0.1672,0.6288,-1.3877,0.5188,0.5537,-1.721,-1.38,-1.2317,0.0168,-1.4755,0.4785,-0.4652,0.8818,-2.2662,-1.0319,-0.6879,-1.6145,0.2697,0.2095,-0.0907,0.1833,1.766,0.8207,2.1265,0.4988,1.5242,1.4277,0.0699,-1.1899,-1.1959,0.0552,-0.3075,0.296,-2.1229,-0.508,-0.1139,-0.2876,0.7044,-0.0954,1.5425,1.1784,2.1616,-0.207,-0.9717,-0.8177,-0.6536,0.3103,-0.5986,0.0883
"IC17",2.654,-0.1464,0.6504,0.4344,0.5147,0.4846,-0.9971,0.2608,-0.8706,-0.4764,-0.8775,1.2148,-0.3542,0.7826,-0.9079,1.9046,-0.219,-2.2357,0.0675,-0.2994,1.3636,-0.1429,0.6908,-1.1132,0.1522,-1.2069,0.1579,0.2627,-1.0239,-0.3473,-1.6864,-0.0053,-0.792,0.7429,-0.1813,1.9478,-0.2366,0.9064,-1.1799,-0.7774,-0.4899,-0.5043,0.2882,-2.3453,-0.5983,-1.5004,0.8477,-0.3892,1.9607,0.0354,0.7077,0.8166,-0.3144,0.4179,-1.9727,0.1171,0.0534,-0.6954,1.6805,-0.2986,1.3432,1.3779,-0.4513,1.4018,-1.2868,0.8729,1.2575,-0.7072,1.821,0.1009,-0.7234,0.9086,-1.6125,1.1988,0.4537,-1.1864,1.7796,-0.136,1.5016,-0.5386,-0.3457,0.5226,0.0706,1.8194,-0.6682,-1.7125,-0.2209,-0.9326,0.6339,-0.9182,0.598,-1.1603,-1.6314,-0.3451,-1.4301,1.2286,-1.0209,-0.0483,-0.7149,0.0664,0.0973,-1.4223,0.692,-0.8044,1.5065,-1.0956,-0.8175,-0.4567,0.068,1.3575,-0.5157,1.6409,-0.6901,0.5925,-0.8152,0.6571,0.466,-0.4188,1.4104,-0.7698,1.0341,-0.2055,-0.2133,-1.9443,0.0336,-0.8144,-0.7337,2.0587,0.3857,1.8795,0.525,0.3153,1.25,-0.5647,-0.019,-0.8126,0.6791,-0.3897,-0.3738,1.6158,-0.7961,0.7678,-0.2288,-1.1907,0.6503,-0.7424,0.5181,0.8434,-1.096,-0.1244,-1.2344,1.1487,-0.3156,1.4142,-0.6105,0.2027,0.1599,0.1298,1.1477,-1.4595,1.0073,-0.3319,1.6358,-0.9771,-0.1146,-0.5627,-1.1054,0.0046,-1.2204,1.1483,-0.3928,2.0641,-0.9399,-1.4583,-2.0378,-2.0649,-0.4122,-0.8784,0.0849,-0.1564,1.1896,-0.941,1.5039,-1.1651,-0.4728,0.6171,0.2619,0.8966,-0.0148,1.4317,-0.7247,0.8475,-0.3677,-0.7153,-0.7337,0.1621,1.4644,-0.0808,0.9233,-0.4911,0.4111,1.3127,-0.611,0.3336
"IC18",-1.256,-0.3612,-0.5402,0.3769,1.4828,0.2201,0.6812,-0.4432,-0.1176,-1.0446,-0.2982,-0.5779,0.7829,-0.9401,-0.3625,-0.4022,0.6726,0.6043,-0.4088,0.6891,-0.4732,0.0843,0.5053,2.1627,0.5445,0.807,-0.4485,-1.0114,-0.6626,-1.4896,-0.1703,-0.7815,1.7985,1.2196,1.2882,-0.6135,0.0554,-0.8603,0.1979,-0.1355,0.0588,0.7618,-0.8834,0.8146,-0.936,0.1927,-0.3295,0.0203,0.5326,1.637,0.3096,-0.8422,-0.0635,-1.3582,-0.2846,-1.5184,-1.1505,-0.1319,-1.4661,1.2177,0.6212,0.2816,2.1735,0.2131,0.2722,-1.2775,-0.8166,0.8819,-0.9849,1.0228,0.8168,-1.7943,0.4889,-0.3495,0.0724,1.1491,-0.3843,0.2456,-1.3972,0.4776,0.0498,-0.9724,0.7751,-0.5093,0.9548,-0.0674,0.1552,1.6262,0.1422,2.1033,0.5036,0.9818,0.3656,-0.4093,0.4654,-1.8695,0.0225,-1.2383,-0.1869,0.0644,-0.8518,0.1344,-2.2643,0.1351,-1.7504,0.261,-0.2359,-1.2103,-0.6885,-1.4529,0.8048,-0.738,0.8114,-0.9886,0.8802,0.4937,0.9907,1.8234,0.0662,0.3837,-0.7928,1.6292,0.2888,0.137,0.8409,3.5697,1.2359,-1.7843,0.3501,-0.3124,0.2008,0.6915,-0.1197,0.2876,-1.0985,0.4688,-0.0523,0.3662,0.6479,-1.0581,0.684,-1.5403,-1.0559,-0.2581,-2.1077,-0.4365,-0.1421,-1.7841,-0.3281,-1.9337,0.4186,-1.967,0.2126,-0.5424,2.0065,0.6926,1.0352,0.7631,-2.578,1.1067,-0.5741,1.1883,0.2283,0.8066,1.0749,0.5913,2.4079,0.1408,1.9643,-0.9807,-0.5472,-2.0918,0.4212,0.1049,-0.0125,0.7387,-0.8532,-0.0195,-1.2078,0.5805,-0.6501,1.534,0.4422,0.9993,-0.6718,-1.8968,0.3814,-0.4085,1.208,-0.4828,1.0458,-0.2191,-0.4263,0.057,-0.7679,0.2416,-0.4962,1.5357,-0.9538,0.2258,0.0279,-1.4511,1.3477,-0.9527
"IC19",1.1807,1.3051,0.4404,0.8987,0.6596,0.6405,0.2763,0.0742,0.1718,0.2063,0.1014,0.2797,-0.35,0.3199,-0.0141,0.0492,0.6846,0.3409,0.0474,-0.0373,0.3294,-0.7811,-1.3289,-0.5753,-0.5399,-0.7694,-0.6245,-0.5727,-0.2711,-0.6342,-0.89,-0.9244,-1.1728,-1.1469,-0.9251,-0.984,-1.3848,-0.064,-0.3308,0.0144,-0.3904,0.1901,-0.8151,-0.4805,0.4762,0.0936,0.1797,0.1612,0.2802,0.2543,-0.1123,-1.5144,0.2979,-0.7476,0.0663,1.0505,0.2009,1.126,-0.0057,0.792,2.483,1.3044,1.8986,1.1616,1.8849,2.3876,0.2047,0.1573,0.5215,0.304,1.1914,-0.5503,-0.6296,0.5367,0.3012,1.944,0.3994,-0.1378,0.3843,-0.5119,1.2543,-0.8875,-0.9277,-0.7631,-1.6556,-0.1958,-0.843,0.81,-0.1917,-0.2897,-1.0526,-2.2098,-1.8334,-2.6267,-1.2035,-2.4023,-2.4563,-1.0445,-1.8484,0.303,-1.6868,-0.3649,-0.8851,-0.4773,0.3647,0.043,1.7114,-0.508,0.225,-0.9296,0.2605,1.2493,1.8197,2.4155,1.3778,2.4729,1.5079,2.3499,0.8625,1.576,1.5816,1.696,2.7524,0.5821,0.5756,-1.2094,-0.1714,-0.868,-0.6991,0.0276,-0.0569,0.6795,-0.9907,-0.1961,-1.1573,-1.0695,-0.5392,-1.5989,-0.1075,-1.9652,-0.9228,-0.0978,-1.2118,-1.1736,-1.1086,-1.3292,0.5452,0.1656,1.7371,0.1842,0.8771,0.1991,0.0884,0.4277,0.2306,0.5464,-0.6247,0.8534,0.2413,-0.1987,0.9522,0.1008,0.7429,-0.4974,1.5408,-0.5836,-0.6096,-0.6735,0.0958,0.02,0.2044,0.8294,-0.5244,0.5655,-0.6601,0.4224,-0.7696,-0.1535,-1.0379,0.0078,-0.6573,-1.1475,-0.8043,-1.1261,-0.1362,-1.3243,0.0494,-0.8785,-0.5817,-0.8257,-0.6214,1.0473,-0.6125,1.7193,0.7583,0.7573,-0.4114,0.7184,0.6388,0.1859,0.9261,0.0378,1.6198,0.6445
"IC20",0.2476,0.1245,0.3277,0.8415,-0.1297,0.4033,-0.0617,1.3961,0.6434,0.5083,-0.0981,0.8471,0.4527,-0.3604,-0.0085,-0.258,0.2935,-0.8483,0.0741,-1.2619,-0.0379,-0.2485,-0.7977,-0.4673,-0.9312,0.0371,-0.5149,0.4676,-0.2383,0.2283,-0.5006,-0.0385,0.4461,1.2957,-0.0408,0.3319,0.6237,-0.9267,-1.087,-1.3421,1.1715,-0.7012,-0.607,-0.9241,-1.2505,-0.9301,-1.2914,-1.2306,-1.2875,0.2446,1.0684,1.4727,-0.5035,-0.1317,-0.2672,0.0789,1.0291,0.3434,1.5543,1.5857,0.8409,2.017,0.0314,-0.0391,-0.8214,-1.1038,-0.6935,-1.1001,-0.144,1.1508,1.2337,2.5368,0.7599,0.3791,1.6625,-1.068,-0.2576,-0.4975,-1.1493,-1.0648,-2.5802,-0.3744,-0.1486,-0.0029,1.0074,0.3932,1.6267,0.6338,2.1045,0.6085,-0.332,-0.3474,-1.4113,0.3356,-0.0461,0.5254,0.6129,1.3695,1.5608,-0.7184,0.4725,-1.7188,-1.8489,-1.1622,-0.7801,0.552,-0.5073,0.4952,-0.4699,-1.5306,-2.5302,-1.3626,-1.2829,-1.3985,-0.1226,0.146,0.945,-0.9616,-0.7922,-0.8089,-0.4597,-0.9182,-0.1927,1.3596,1.471,1.5036,-0.3316,0.3539,0.6324,0.4835,0.9425,0.8053,1.2753,0.8337,1.1564,0.7393,1.3369,3.0485,1.7362,2.3855,0.4532,0.0732,-0.2094,-2.0133,-1.4918,-0.6948,-0.8011,-0.8551,-2.4478,-1.4816,-1.1673,-0.1857,0.3039,0.9717,0.7721,-0.7858,0.3998,-0.4161,-0.0773,-0.9663,0.7008,1.8055,1.1651,2.3934,-0.998,-0.2762,-0.1558,-0.1689,-1.8798,-0.7913,-0.2479,0.0862,-0.171,-0.9793,0.1226,-1.2352,0.8081,-1.0015,-0.9346,-1.7594,-0.6365,0.0754,0.3238,-0.6382,-0.9065,0.5285,0.0348,1.1605,0.827,0.5189,-0.087,-0.6871,0.0781,-0.6857,1.6283,0.3673,0.1038,-0.9036,0.1141,1.3397,0.4259,0.4724,0.3797,0.5026
"IC23",-0.6369,-0.1636,-0.8797,-0.0097,0.8526,-0.5078,1.1741,0.0486,0.5006,-0.2002,0.8991,-1.3648,0.8212,-1.1977,1.1984,0.2654,0.2576,0.5953,-0.2879,1.0424,-0.8847,0.8679,-0.6405,0.3009,-0.0926,-0.2273,-0.4906,-0.0849,0.7037,-1.3235,0.1946,-1.1702,0.5464,-0.7682,1.0026,-1.0705,0.3459,-0.6741,-0.264,-0.2109,-1.0282,1.0051,-0.6131,0.2166,-1.2941,-0.1285,-0.3138,0.279,-0.9957,1.2816,0.5726,1.0689,1.7238,-0.8551,0.415,-0.7216,-0.9554,0.8755,-0.2005,1.7634,0.2314,-0.0337,0.9944,-0.7782,1.345,-0.2946,-0.7636,2.0294,-1.4262,-0.423,1.2675,-1.1434,-0.1467,-1.1012,0.3402,0.4107,-1.2086,1.5855,-0.3935,0.4526,0.1204,-0.701,1.4025,-1.5765,0.9249,0.1714,-0.6918,0.9695,-1.4765,0.2124,-1.926,0.6445,0.1165,-0.4353,1.221,-2.2492,1.0244,-0.806,1.0882,0.2889,-0.7675,0.2664,-2.0976,1.9891,-0.8051,0.1932,0.2044,0.5938,0.5564,-0.6148,1.7674,-2.0682,0.892,-0.6408,-0.3948,0.0519,-0.052,0.7601,-1.0645,0.6454,-1.5934,0.1449,-0.015,-0.5005,1.3951,0.7373,-0.3801,-0.593,0.945,-0.6804,1.0606,0.7356,-0.126,0.7435,-1.133,0.8977,-0.0971,0.9877,0.7902,-0.4581,0.3368,-1.1126,0.8727,1.1734,-1.3407,0.5337,-0.0794,-0.7781,1.3487,-0.7667,1.2712,-1.9708,1.1386,-1.9728,-0.1271,-0.7072,0.5148,0.4276,-2.1726,0.8985,-1.3668,0.3473,0.2027,-0.359,0.4299,-0.4292,1.706,-1.8955,1.5414,-2.4551,0.7656,0.0585,1.1434,0.0001,-0.4662,-0.1643,-0.2663,1.2784,-1.4951,1.0798,-1.3849,0.6931,-0.5763,0.2419,-0.8815,0.7348,2.3559,-0.5618,1.7248,-1.0032,0.0721,-1.0141,0.3235,0.7644,-0.5731,1.4759,-0.5581,1.1849,-1.3019,1.3282,0.6569,-1.9021,1.4643,-2.5118
"IC24",-0.4494,-0.862,-0.4387,-0.3213,1.2937,0.531,1.2203,0.0351,0.4418,-0.9604,-0.6036,-0.5275,0.9814,-0.4599,0.6941,1.2603,0.7642,0.6148,-1.4604,-0.2511,-1.039,0.2617,-0.0609,0.0854,0.5024,-0.0407,0.4578,-0.4314,-1.0729,-1.1838,0.1015,-1.155,0.6823,2.0908,-0.0087,-0.6486,0.4131,-0.5854,-0.9302,0.2821,0.5576,0.6778,-0.8853,0.4117,1.3954,1.6353,0.5211,-0.5447,-1.5105,0.9844,0.6469,-0.7638,0.1268,-1.4684,-1.7888,-1.1819,-0.7754,-0.2511,-0.3918,1.1996,0.6723,0.3692,1.0309,0.0913,-0.7848,-0.1661,-0.4903,1.9985,2.0692,-1.1387,-0.1558,0.0731,-1.1931,-2.0675,-0.896,0.8175,-1.4197,-1.1886,-0.5134,-0.1892,0.8019,0.622,0.8558,0.7726,0.274,1.1238,-0.8512,-0.4426,0.5017,0.9764,0.0232,-0.0226,2.0696,-0.1495,1.5207,1.9496,0.9503,-1.5421,-0.954,0.7918,0.0289,0.7447,0.6667,0.2535,-0.1113,-1.0783,-0.547,-2.0674,-0.1832,0.6775,0.4321,0.3076,-0.5088,0.955,-0.9735,-1.2123,-1.9043,0.2945,0.1847,-0.5756,-0.0473,-2.0841,-2.6882,-2.6513,-1.4829,-0.0064,1.9083,3.1502,0.6043,0.7228,-0.6506,0.6445,1.5699,1.6972,-0.3654,-1.393,0.5723,0.2035,-0.3905,-0.947,0.0516,1.5045,0.6081,0.8078,0.4052,0.2231,1.5592,0.1749,0.9037,0.4571,-1.469,-1.3044,-1.5054,-0.9328,-0.2557,-0.0619,0.9793,1.9225,0.4619,0.1441,-0.8874,-1.6401,-0.4136,0.2154,-0.6287,0.7995,1.7028,1.8085,0.8761,-0.4332,-1.2551,-0.8586,-0.5293,0.0204,-0.6138,0.5403,-0.7506,0.7555,1.0038,0.0285,-0.5903,0.4288,-1.2331,-0.6359,-0.5716,-0.6271,-0.2861,-1.1609,-1.2308,0.5695,0.4854,-0.2427,-0.363,0.3937,-1.2924,-0.3469,0.6972,2.2281,0.9501,-0.4538,0.8066,0.8675,-0.0473,-0.517
"IC26",-0.162,-0.1629,0.0688,0.3857,1.763,0.0517,1.1638,0.7336,0.3581,-0.6696,-0.6246,-0.0894,-0.2933,-0.2808,-0.7497,1.78,0.9297,0.205,-1.8072,-1.2547,-0.7331,-0.8806,-1.2229,-0.2071,1.9038,0.4808,1.381,-0.8458,1.5161,0.4774,0.4315,-1.2088,-1.3432,-0.502,-1.2945,-1.2014,-0.2124,0.5168,-0.0076,1.9804,1.1567,0.3873,-0.6734,-0.2134,-1.4644,-1.9555,-1.4385,-1.2504,-1.2838,-1.1854,2.0035,1.0474,1.2099,0.385,-0.7186,0.0729,0.4094,1.3199,0.6273,-0.6414,1.2326,0.8268,0.5661,1.7435,-0.2893,-0.4015,-1.0771,0.101,-0.3777,0.1033,0.3961,-0.3413,-0.3796,0.5894,0.2852,2.1578,1.2103,-0.7045,0.2692,-0.7019,-0.5906,-1.6857,0.6364,0.4571,-0.8388,-0.1639,-0.5464,0.3353,-0.3776,0.5412,0.9602,-0.8758,0.8834,-2.0572,-0.3282,-0.5916,-1.1041,-0.3228,0.236,1.2846,-0.3819,0.2686,-1.1087,-0.7751,0.184,-0.1668,-0.471,-1.2536,2.6638,2.4386,0.405,-0.1239,0.8589,0.4743,-0.0423,1.4346,0.5349,-0.5812,-0.9285,-0.4915,-0.8995,-0.7131,-1.1637,-0.804,0.5731,0.2827,-0.5014,-1.9064,-1.089,-0.478,0.8129,0.3923,-1.1693,0.4843,-0.3028,-0.7256,0.4203,-0.1495,-0.3128,-0.229,1.6775,3.3796,1.8276,1.5698,-0.3566,-0.1043,1.5411,-0.2598,1.149,-0.521,0.2452,0.7786,0.0627,0.0557,-0.0947,-1.1823,-1.0993,-0.2803,-0.6734,-0.5371,-1.383,-0.6682,0.5067,1.5971,-0.8532,-1.9404,-0.3603,0.1339,0.5686,-0.7394,0.2529,0.7169,1.4119,0.3689,-1.8153,-1.2062,-0.5707,-0.4732,-1.0862,0.9747,0.2823,0.1296,1.1331,0.5512,0.8129,-1.0885,0.2672,0.5632,0.3089,-1.2475,-1.3419,-1.7334,-0.5668,0.406,0.8802,1.319,0.0909,1.0845,-0.6948,-2.2147,0.0598,1.2815,1.9134,0.5032
"IC27",1.2371,-1.642,1.0404,-0.5468,0.9366,0.6567,-0.5874,0.0042,-0.7456,0.3878,-0.3325,0.9516,-1.0269,0.6486,-0.7557,2.1601,-0.8579,-0.7461,-0.4368,-0.5323,1.3476,-0.0973,1.2916,-0.3308,1.7851,-1.0787,-0.5579,-1.5672,0.2837,0.3618,-0.8452,0.3427,-0.7323,0.186,-0.7226,2.3885,-0.5848,1.2185,-1.4321,-0.4917,-1.1825,-1.0074,0.8253,-0.8126,-0.8085,-1.1656,1.0232,-0.4851,2.312,-0.8261,1.3076,0.1049,-0.7885,-0.866,-1.3253,1.1151,-0.9094,-1.0337,0.5676,-0.3763,2.3735,1.1805,-0.3774,0.7487,-0.7535,1.2157,0.1787,0.8535,2.3849,0.071,0.5115,0.1583,-1.1689,1.364,-1.3951,-1.2979,0.8311,-1.6558,0.6528,-1.0661,0.2082,-1.2132,-0.8252,1.3649,-0.7797,0.1766,-0.566,-1.2862,0.1136,-0.557,0.6113,-1.3093,-0.1402,-0.3453,-0.7794,0.3813,-0.2527,0.8228,-0.9227,1.0712,1.0659,-0.2979,1.6727,1.278,2.646,-0.9786,-0.0966,-1.5995,-0.7149,0.3357,-0.2627,1.779,-0.2166,1.7666,-0.5314,0.1321,0.3575,0.3914,-0.0333,-0.9576,0.7119,-0.0488,1.4501,-0.7084,-0.5045,-1.5059,-2.0364,-0.3737,-0.4216,1.0011,-0.8898,-0.3166,-0.266,-0.1505,0.2753,-0.7079,0.0351,-1.1855,-0.2535,0.0692,-0.6639,0.2405,-0.6234,0.1517,0.907,1.2421,1.7328,-0.2837,-0.1063,-0.4071,-0.3105,0.3053,-0.2653,1.6628,-0.5509,0.2676,-0.5163,0.2035,-1.0632,-0.3384,2.3803,-0.8892,1.0148,-0.5773,1.4359,1.037,-0.0831,0.1298,-0.5814,0.5534,-0.1359,2.8131,0.3753,-0.004,-1.1408,-1.0182,-0.9818,-0.8859,-0.0823,0.7188,0.8537,-1.6993,0.8219,-1.939,-0.6126,-0.4619,-0.5527,-1.6525,-1.2793,-0.4536,-0.9658,2.0151,-0.2539,0.4522,-0.9194,-0.8617,0.2124,0.2745,1.8055,0.1396,0.591,0.546,0.7664,0.772
"IC29",0.9563,0.8194,1.4981,1.3283,1.0677,0.6987,0.9979,0.8899,0.3859,0.3065,-0.3781,-0.8,-0.1292,0.3237,0.1649,-0.293,-0.5288,0.6368,-0.5476,-0.6653,-1.2762,-1.5292,-1.0766,-1.2327,-0.5978,-0.9424,-0.1667,-0.6261,0.1779,-0.3488,-0.8039,-1.1633,-1.0569,-0.1911,-0.7615,-0.6678,-0.31,0.8,1.0291,0.9592,0.1159,-0.5605,-1.4164,-0.6881,-0.508,-0.9748,0.0287,-0.6286,0.3044,0.8269,1.7043,0.4918,0.9425,1.4378,1.6765,1.355,0.9649,1.5363,-0.0631,-0.5006,-0.1554,-0.3612,-0.6524,-1.3801,-0.9026,-0.2447,0.0873,-0.1627,-0.3972,0.2978,1.0262,1.1733,0.8379,0.7207,0.879,1.1899,0.7988,1.1427,0.6266,0.1373,-0.4213,-1.1449,-1.4574,-1.9186,-0.9483,0.4602,1.1221,0.869,-0.9821,-1.9432,-2.3219,-0.4113,0.1186,-0.9828,-0.5949,-0.1551,0.5053,1.7813,0.7012,-0.8431,-0.9055,-0.215,-0.9469,-0.7003,-0.8718,-0.7688,0.0464,0.2975,0.3535,0.9933,1.7326,0.2969,0.1974,1.5359,2.1761,1.822,0.2232,0.0162,-1.2425,-1.2718,-1.0336,-1.0211,-0.6577,-0.3004,-0.8338,-0.7609,-0.5939,-0.7262,-0.1834,0.4673,0.6902,0.5944,-0.0065,-0.01,0.0433,0.1773,-0.4326,0.5174,0.9252,0.1008,0.1738,0.243,1.4608,1.4817,0.2504,0.0033,0.1841,1.4409,1.8356,0.2287,-0.2157,-0.5911,-0.348,-0.5025,-0.4898,0.4045,-0.3426,-1.463,-2.2267,-0.8153,1.0977,2.0743,1.1564,-0.2308,-0.6524,-2.1374,-1.2505,-0.1149,0.7633,0.4076,0.9328,1.8314,0.5041,-0.3102,0.6626,-0.34,-0.471,-1.4973,-3.0348,-2.6648,-2.0311,-1.2692,-0.8996,-1.2351,-1.1335,0.3453,1.8295,1.6771,0.9276,0.0454,-0.2389,-0.3881,0.2903,0.6323,0.93,0.9252,-0.3677,-1.3898,-0.4102,-0.1097,0.0655,1.2858,2.0599,2.2102
"IC31",-2.1341,-0.7648,-1.0451,-0.7674,-0.007,0.3106,0.3203,0.1474,0.1473,0.2797,-0.7901,-0.0191,0.4376,-0.4424,0.5408,1.1138,1.9913,0.9415,-0.1284,-0.232,-0.0003,-0.8454,-0.7939,1.1674,1.0001,1.2599,0.6659,0.9334,0.9608,0.6728,0.1354,0.7467,-0.0245,-0.6385,-1.2425,-1.3529,-0.6954,-0.821,0.4945,-0.5452,0.3862,0.1297,-0.0792,-0.3139,-0.7358,0.2507,-0.2402,-0.084,-0.8164,0.4348,0.5044,0.8245,-0.8939,-0.9204,-0.602,-1.4063,-0.5562,-0.1217,0.6185,-0.3238,-0.7339,1.0344,0.4859,0.9394,1.0598,0.0893,1.1624,0.9578,-0.8646,0.1597,-0.7889,-0.4858,0.7509,0.3948,0.1508,-1.7333,-0.8291,-0.1283,-0.7271,-0.2374,-1.2148,-0.9334,-0.6167,-0.3071,-0.2412,-1.7442,0.4111,0.7614,1.2358,0.8302,0.5775,1.9896,1.0551,1.7239,1.7114,1.2337,0.5853,-0.4344,1.8774,1.5047,1.8572,0.9122,-0.4078,0.3529,-0.5732,0.1344,-1.2483,0.1312,-0.2326,-0.2436,-1.1411,-2.3506,-2.2892,-2.9644,-1.5026,-0.4831,0.3437,-1.7616,-2.2507,-1.6421,-1.3088,-0.767,-1.0824,-0.4759,-0.8055,0.3303,0.859,0.6784,2.0951,0.7015,0.3562,0.0338,1.4618,2.7256,2.2982,0.3894,0.2075,2.2629,1.3404,1.8576,0.6603,0.4794,1.1072,0.2399,-0.3012,-0.0319,-0.2165,-0.1728,-1.0108,0.1772,-0.3815,-0.1435,-0.8293,-1.2514,-0.983,-3.1146,-0.9624,-0.2797,0.0441,0.096,-1.1897,-0.7327,-0.7902,0.5511,-0.7791,0.4168,0.6967,0.7185,-1.2347,-0.7515,-0.207,-0.7102,0.5336,0.276,0.2137,0.1096,2.1625,0.8342,1.9333,1.13,1.2976,1.5816,0.7059,0.3367,0.3607,0.1967,-1.2012,-1.0931,-0.9631,-1.1969,0.0761,-0.6012,0.1559,-0.601,0.9287,0.444,0.0277,-0.8067,-0.25,-0.2745,-0.4634,0.4985,-0.717,-0.241
"IC33",0.7857,-0.9616,-1.3197,-0.8714,-1.7198,-0.2848,0.5324,1.3377,-0.4029,-0.5583,-0.9313,1.2376,1.2115,1.2155,0.4794,1.861,0.84,-1.0549,-0.4523,-0.8896,0.5198,1.1014,0.7888,0.8161,0.4454,-0.2754,-0.471,0.1883,-0.562,-0.198,-1.2121,-0.5728,-0.4219,0.1666,0.9908,1.1706,-0.4106,-0.2349,-0.7014,-0.5254,-0.4506,-0.0124,0.1962,-0.0421,-0.3925,-1.0625,0.464,0.7195,1.7259,0.6594,0.4768,0.3346,0.0103,-0.5326,-0.5432,-1.3457,-1.7658,-1.6501,-0.4283,0.2481,0.3728,0.4177,-0.3557,0.5553,0.8932,0.4736,0.5498,1.407,1.5071,0.1379,-0.9788,-1.1559,-1.1418,-0.0376,-1.3586,-1.5511,-0.1414,-0.2327,-1.0628,-1.4079,-0.1058,0.5481,0.75,0.7793,0.4314,-1.2802,0.4829,0.4674,0.1026,0.2963,2.15,1.2092,0.4782,0.9748,0.3079,0.0908,-0.7084,-0.8616,-0.4321,0.1413,1.3559,0.8022,1.3186,1.6735,2.7325,-0.2523,-2.0129,-0.6879,-0.9796,0.4549,0.3765,1.8446,-0.8419,-1.0279,-0.9918,-1.551,0.087,-0.4247,0.1354,-0.2647,1.0769,0.237,-1.3957,-1.0989,-0.5639,-1.6523,-1.0279,-0.0947,-0.7367,0.2511,-0.3708,-1.2602,-0.4872,-0.6947,1.3018,1.5887,1.0833,0.1855,-0.8126,-0.0386,-0.1076,0.0139,-0.0015,-0.6907,-0.4247,1.9192,0.8077,0.4047,-1.7063,-2.3911,-1.8371,0.5293,1.4218,2.0516,1.7209,0.068,0.6815,-0.4497,-0.4098,0.8568,2.1344,1.6426,0.4885,0.0498,0.6983,-0.3751,0.2176,0.0347,0.4351,1.5034,0.1777,0.8211,-0.6489,-2.3786,-0.9643,-0.1209,0.501,-0.696,0.4057,0.5325,0.8511,-0.2275,0.0648,-1.6064,-2.5501,-0.3765,-0.5215,-2.022,-1.1677,-0.2467,0.1847,0.1314,-1.2167,-1.4019,-0.3712,-0.9161,0.7922,1.55,1.5305,1.1064,1.6264,1.7065,-0.0716,-0.9776
"IC36",0.3887,0.0971,1.6392,0.6682,1.2458,1.1881,-0.6894,-0.9629,-0.0333,0.7212,-0.1083,0.3856,-0.0465,0.8018,0.3829,-0.0414,-0.3891,0.7048,0.6322,-0.5504,-0.9649,-2.1982,-0.0299,-0.4114,-1.8259,-1.5423,-0.5492,-0.8616,-1.2651,0.4764,0.6115,1.3123,0.0817,0.8072,-0.6248,-0.2256,-0.8627,0.065,0.0358,-1.2581,-1.0538,-0.9705,0.5773,-1.0182,0.4836,-0.1943,0.589,0.2435,1.4394,0.7173,0.2438,-0.4118,0.0834,1.2562,0.6875,0.9917,0.9257,0.3882,1.0564,0.1768,0.0142,-1.0165,-1.546,-0.7034,-0.1923,0.7784,1.2472,-0.8884,0.2621,-0.3693,0.6554,0.9598,-0.7886,0.2774,-0.0566,-0.747,0.676,0.1512,0.4005,0.362,0.0767,0.1987,-1.5711,0.1931,0.1202,1.9655,1.1782,-0.9639,-0.221,-1.8241,-1.4298,-0.3638,-0.6497,0.0451,-1.4229,0.0199,-0.2034,2.253,0.8806,-0.0391,-0.7218,-2.0552,-0.5594,-1.1037,-0.9452,-1.0187,0.6981,1.0097,0.3584,-0.1734,0.0677,2.7152,1.7089,2.4922,0.7654,-0.0643,-1.0237,-0.3013,1.196,-0.5084,-0.851,-1.3675,0.8702,-0.6254,-2.1872,-1.184,-2.087,-0.5282,-0.2927,0.8361,0.0603,1.2853,0.6452,0.3712,1.3077,0.0614,0.0264,-0.275,0.1046,0.0983,-0.7784,0.8087,0.4828,-0.3262,0.9742,-0.2689,-0.0755,1.0352,0.9976,0.9179,0.5691,1.4844,-0.7238,0.273,-1.4978,-0.0462,-2.1739,-1.3029,0.768,-0.8437,1.2244,0.8931,0.8895,-1.4028,-0.8882,-0.5168,-1.7017,0.1593,0.2251,2.4142,0.6787,1.5221,0.5496,1.5449,0.2985,-0.6353,-1.062,-2.0745,-1.3413,-3.1749,-1.1632,-1.5867,-0.6809,-1.0965,-0.0108,-0.6045,0.206,1.7412,-0.0256,1.1088,-0.4111,0.7223,0.4228,1.4065,1.4925,-0.2398,-0.1847,-1.6896,0.4089,-0.2299,0.439,0.7395,0.4662,1.3548
"IC37",0.104,-1.1309,1.3442,0.9486,1.621,1.1044,-0.2608,0.6576,0.1898,1.1591,-0.5728,0.9189,-1.3432,-0.1167,-1.2342,-0.9933,-0.9864,0.3967,0.3154,-0.7136,0.641,-0.7651,0.6747,-1.019,0.0539,0.1683,0.3209,0.677,0.7182,0.6211,-1.7577,-0.0801,-1.0671,-0.4048,-2.0016,0.1707,-0.8068,0.4728,0.6046,-0.1683,-1.465,-2.1267,0.8967,-1.3666,-0.5103,-1.013,0.2233,-1.2492,1.6969,0.6107,1.6985,0.935,-0.7728,1.1985,0.1797,0.3684,-0.1626,-0.0196,1.6727,-0.1603,-0.7069,0.4986,0.3321,1.0919,-0.2185,0.0298,1.2339,-0.4354,-0.2462,0.7963,1.4321,2.0736,1.1392,1.3167,-0.2825,-0.8314,0.3098,-0.5056,-0.0774,-0.0431,-0.5027,0.1063,-1.386,-0.0778,-0.3298,0.3003,0.9323,-0.1625,1.2761,-1.7197,-1.0957,-1.2362,-3.0932,-1.2714,-1.0075,0.8929,-0.6275,1.321,-0.4496,-2.2811,-0.5296,-0.9855,1.3204,-0.4849,0.3163,-0.4288,0.4131,0.2843,-0.8153,-0.184,-1.1637,1.609,-0.627,0.2606,1.1785,0.6455,0.2175,0.0228,1.2013,1.5869,1.0094,-0.5091,0.6258,-0.3177,-1.4657,-0.7698,-0.2976,0.8587,0.4537,1.8562,1.1016,2.0631,1.3603,0.8031,1.2974,-0.4213,-1.1044,0.2225,0.3309,0.2681,-1.5414,-1.2249,-1.4241,-1.6041,1.4303,0.4655,-0.5412,-0.6663,-1.1363,0.9977,0.0466,-0.2537,-2.0941,0.1442,-0.4558,0.9806,-1.0435,-0.8782,-0.6992,-0.9822,1.9286,-0.1524,-0.3324,0.421,0.7335,0.5047,-0.6268,1.1271,-1.1487,1.4336,0.4027,0.962,-1.311,-0.1403,0.2459,-0.4394,0.8347,-0.9517,0.4462,-2.7242,-0.757,-0.9973,-0.2684,-0.8255,1.0158,1.5596,0.3885,-0.2013,-0.7398,1.6932,-0.0944,1.1778,-0.6223,-0.1689,1.4024,0.1655,0.1447,-2.3394,0.6304,0.3715,-0.6172,0.0493,-0.0571,1.564
"IC38",1.7768,0.6427,2.0733,1.5529,1.3907,0.2455,-0.4032,-0.2901,-0.0145,0.7257,0.3733,0.6563,0.6659,1.3796,-0.1218,-0.115,-0.3429,0.5136,-0.5935,-1.1119,-0.827,-1.337,-0.8337,-1.3668,-0.646,-1.3298,-0.8417,-1.8209,-1.2353,-0.4222,-0.8126,-0.7998,-1.2079,-0.2362,0.2325,1.1416,0.2799,1.265,0.3585,0.4037,-0.6961,-0.8448,-0.1934,-1.0639,-0.3751,-1.355,-1.489,-1.8905,-0.5564,-0.2322,1.569,0.8512,0.7466,1.3596,1.0887,1.7067,1.3821,1.1253,1.0602,-0.0581,0.2579,-1.0916,-0.7297,-0.0256,-0.539,-0.0938,-0.6013,-1.8485,-0.5917,0.072,1.3396,2.1675,1.0497,1.2525,0.3387,0.6605,0.9768,0.7819,1.6579,0.1553,-0.0744,-0.1094,-0.5906,0.2516,-0.1919,1.189,0.5905,-0.5481,-0.575,-1.2644,-0.9474,-0.8338,-0.5125,-1.3938,-1.4663,-0.0903,-0.1298,1.2538,-0.1869,0.0996,0.1038,-0.1733,0.3824,0.2455,1.1615,-0.355,-0.1517,-1.4468,-1.3904,-1.0055,-0.6728,0.6465,0.185,0.9858,-0.6333,-1.1385,-0.7352,-0.1031,-0.5013,-0.931,-0.6186,-0.9215,0.5925,0.4429,-0.8124,-1.4888,-1.0669,-0.224,0.3701,1.2859,0.5536,1.3931,0.0077,-0.0104,1.6863,1.9228,1.5463,0.1246,0.4791,-0.02,0.0161,1.0223,0.8109,0.6029,0.2708,-0.6189,-0.083,-0.1268,0.6933,0.1843,0.5164,0.9422,-0.0931,0.6554,0.1586,1.9247,0.914,0.0174,-0.243,-0.0139,1.2685,0.4185,0.6599,-0.5838,0.6257,-0.67,-1.4977,-1.8119,-1.5266,-1.093,-1.6599,-0.1199,-0.8825,-0.0039,-0.9289,-1.4061,-1.6839,-1.9719,-2.0864,-2.5733,-1.3275,-1.0041,0.1259,-0.7468,-0.1431,0.1112,1.9966,2.3663,1.2781,0.8817,-0.5546,-0.0293,-1.3739,-0.3887,0.1507,-0.318,-0.2223,-0.139,0.6953,1.1457,2.1435,1.7521,1.7017,1.3984
"IC41",-0.6267,-0.5607,-1.1353,-0.9613,0.1255,0.5418,0.2097,-0.109,0.9261,0.4166,0.5121,-0.1206,0.1491,0.921,0.7584,0.4549,0.999,0.572,1.003,0.7906,-0.0294,-1.7188,-1.5798,0.2115,0.2154,1.1796,0.4242,0.5076,-0.4484,-0.134,-0.3686,-1.179,-0.1943,0.5734,0.6723,-0.6045,-0.8942,-1.1538,-0.4422,-0.7392,0.6973,0.2841,-0.6241,-0.7057,-2.0783,-1.1574,-1.6128,-1.3455,-0.3474,2.2968,1.5955,1.5836,0.3352,-1.1011,-1.1894,-0.7714,0.4553,0.175,-0.2385,1.2692,0.698,1.1225,0.7464,0.1609,0.2383,0.1093,0.2813,0.0367,-0.2168,-0.2031,0.5798,0.7086,0.6689,-0.3652,0.6626,0.2061,0.4471,-0.1243,0.2081,-0.2504,-0.6744,-0.2256,0.298,-0.5338,-0.1971,0.884,1.1999,0.0927,0.639,0.1355,-0.4929,-0.2351,0.2463,0.7624,-0.3794,-0.1867,0.5574,0.1253,1.1253,-1.0256,-0.5261,-0.388,-0.4902,-0.8125,-2.2186,-0.3746,-0.4846,0.6849,0.6003,-0.2655,-1.5779,-2.2277,-1.5376,-1.4718,0.416,-0.7545,0.3133,1.1388,0.7173,-1.6441,-1.5651,-0.6262,-0.7331,0.0069,-1.0436,2.2928,1.388,1.117,0.1562,-0.0027,1.199,0.7978,2.0762,1.7105,1.7978,1.1718,0.5377,1.263,0.5333,1.4325,1.3259,0.7929,0.2091,-0.2532,-0.406,-1.9369,-2.7671,-0.9778,-1.0744,0.1456,0.8691,0.9994,0.6915,-0.2007,0.8039,1.2173,0.3376,-2.1222,-2.0451,-1.0318,-1.9895,-0.3836,-0.9054,0.9812,-0.2415,0.6675,-0.4394,0.9228,-1.8951,-1.891,-0.7383,-1.0918,0.5647,-0.3017,-0.0991,-0.6253,-0.2586,-0.8165,-0.1777,-0.9123,-0.4548,1.7043,1.6677,1.5385,1.9418,1.9573,1.4958,2.0083,-0.621,-0.892,-0.1561,-1.5464,-0.5536,-0.1128,0.9499,0.2244,1.111,0.6875,1.0076,0.7656,-1.1996,-1.2413,-1.396,-0.9527
"IC42",-0.5868,0.6387,1.2029,1.6384,0.9231,0.7857,0.9537,0.1191,0.7217,1.71,1.2002,-1.0253,0.5771,-0.0832,0.1528,0.0124,-0.3336,0.784,0.2161,-0.6838,-1.7327,-0.4568,-1.5002,-0.8026,-1.3715,-2.1854,-1.4713,-2.4424,-1.2176,0.4791,0.43,0.3585,0.72,-0.4577,0.2266,-0.7364,0.2153,-0.1476,-0.958,-0.7159,-0.4707,0.2844,1.6475,0.7606,0.7894,1.5389,-1.0895,-1.4869,-1.1426,-0.7125,-0.3291,-0.9788,0.4638,1.3673,0.9856,0.6101,1.0166,2.4582,1.8853,0.762,1.2819,-0.2604,-0.6007,-1.4379,-0.8615,-1.0325,-1.6821,-1.4582,-2.2995,0.6753,1.5491,0.3584,1.1882,1.5574,0.0896,0.5761,-0.0075,0.5311,-0.5746,-0.0197,-0.0185,-0.5266,0.5488,-0.5756,0.9494,1.5201,0.5148,1.2927,0.8301,-0.6356,-0.8434,-0.5192,-0.6423,-1.3574,-0.8668,-1.5783,1.3701,1.676,-0.6972,0.4014,0.2317,-0.0936,-1.1101,0.2228,-0.7404,0.6197,0.7423,-0.8183,0.0512,-0.4699,-0.4054,-1.3982,0.4462,0.6699,-0.2071,-0.0136,-0.4373,-0.013,-0.6713,-0.0428,-1.9871,-0.0523,0.4341,0.1399,-0.8472,-1.7001,-1.068,-1.5257,-0.2644,0.1466,1.6052,0.7609,0.6359,1.6298,1.7349,1.5745,0.4045,-0.3923,0.3766,-0.2211,0.0387,0.1269,0.2944,0.3821,-0.9191,-0.2123,-0.2785,0.9867,1.4129,0.471,1.2408,1.2403,-0.0006,0.3362,-0.1382,0.328,0.1095,0.885,-0.3405,-0.0517,1.1286,-0.5614,1.1285,0.1737,0.1306,-1.1623,-0.3591,-1.5109,-2.3691,-2.3152,0.8139,0.0256,-0.0383,0.1985,-0.8025,0.2583,-0.3114,-0.2253,-0.8875,-1.2855,-1.2688,-1.4544,-1.1673,-0.8054,-0.7245,-0.7984,0.7715,0.5835,0.4683,-0.4351,0.86,-0.7056,-0.2262,0.7203,-0.6848,0.017,-0.5918,-1.0057,-0.6313,1.0277,2.4353,2.0686,2.3705,1.3577
"IC43",-0.2403,-0.5129,1.7983,0.5303,0.779,-0.4362,-0.4742,-0.7916,-0.3618,0.0709,0.991,1.6479,0.4974,0.488,-0.0012,0.2804,0.0621,1.8689,-0.4243,-0.0156,-0.1237,-0.6553,-1.1483,-1.281,-0.407,-1.0171,0.4808,-0.6197,0.1503,-0.4864,-0.3519,-0.2618,-0.088,1.528,0.707,-0.3207,-0.9728,-0.4489,-1.3788,-1.1982,-2.537,-0.6783,-0.508,-0.616,0.6727,-0.2678,0.7212,-0.2536,0.0467,0.834,3.2026,0.7283,0.0375,-1.9113,-1.1151,-0.6199,-1.9129,-0.0738,0.5065,0.9203,2.0628,-0.0204,0.8093,0.163,-0.4783,1.6193,0.5743,0.7184,1.4814,1.1164,2.1188,0.5198,-0.1864,0.5883,-1.7296,0.132,-1.0935,-0.2259,0.8745,-0.0254,0.6965,-1.1683,-0.6621,0.6424,1.0905,1.4976,-1.0867,-0.2343,-1.2565,-2.1711,-0.4112,-0.6763,-0.9568,-1.9161,1.836,3.1437,1.0416,0.4924,-0.6602,-0.1182,-2.0407,-0.9039,-0.5493,-0.999,-0.4312,-0.1805,1.4102,0.0707,0.4544,-1.3534,-0.765,-0.0036,-1.2445,-0.1887,-0.4467,0.5164,-1.8104,-0.5001,-1.1303,-0.1083,-0.9339,-1.088,0.8193,-0.4613,0.0271,0.0093,1.0315,1.3996,1.0191,1.6114,1.3371,2.3029,1.0221,1.8716,1.3853,0.5388,0.1573,0.1809,1.9357,-0.3598,-0.0286,0.6621,-1.3599,-0.5339,-0.4034,0.3132,0.5519,-1.6061,0.1978,0.5628,0.1667,-0.5396,-0.9352,-0.4458,-1.0919,-0.3211,-2.2232,0.3197,0.2214,0.9885,1.5031,-0.1247,0.4554,-1.5247,1.1942,-1.0481,-0.3405,-0.6234,-0.9838,-0.8079,-1.259,-0.4989,-1.3436,0.1901,-0.3532,0.4494,-1.4722,-0.475,-1.0962,-0.9503,0.1335,1.0368,1.1509,0.6197,1.1436,-0.4225,1.3153,0.2859,0.24,0.6333,0.1348,1.6471,0.0151,0.5466,-0.5837,0.5152,-0.392,0.0186,0.4846,-0.454,0.8005,-0.4115,-0.128,-0.4991
"IC44",0.5786,0.238,-0.8831,-0.1189,0.0795,-0.3297,-1.1403,0.651,-0.5735,-0.2025,0.4781,1.2258,-0.7133,0.1162,-1.8039,-0.4018,0.6627,0.7325,1.3618,0.0465,2.0548,0.9453,0.1868,-1.1624,-1.2203,0.1558,1.2732,0.3957,0.9936,0.2165,-0.7162,0.7303,-1.1443,-0.2568,-0.1875,-0.4072,-0.7808,-1.4317,-1.6,-0.6648,-0.6934,-0.7555,0.7068,0.8298,0.4091,-0.2009,-0.0425,0.1643,-0.0949,-0.905,-0.1034,1.3167,0.1627,0.9046,0.0733,-0.4931,-0.9032,-1.2134,0.2775,-0.6957,0.8184,1.5373,-0.5869,1.6766,-0.1512,-0.8394,0.1967,-0.3938,1.2088,2.2341,1.3242,1.2859,-0.3069,0.6675,-0.5327,-0.8633,0.6318,-1.0839,0.269,-0.2461,-1.338,0.0691,0.7764,2.0617,1.0271,0.0703,-0.5675,-1.9291,-0.4936,-0.9514,-0.2326,-1.3129,-0.5722,-0.3816,-0.3928,1.8218,0.5054,-0.3173,-1.7039,-0.8852,-0.6385,-1.7949,0.0001,-0.0406,1.4935,1.4752,0.3141,-0.479,-0.8367,-0.6943,-1.4728,0.2492,-0.0069,-0.274,-1.1282,0.0355,0.7479,-1.259,0.5224,1.1812,1.5533,1.1841,0.8624,-0.3722,0.2449,-0.1646,1.1485,0.7768,0.3882,0.6755,1.7977,1.012,0.8326,0.0755,1.6284,-0.4354,-0.217,-0.3416,-0.308,1.1961,-0.8856,-0.7997,-0.9573,-2.4903,-2.0281,-1.371,-0.7338,0.5259,-0.1101,2.0394,0.7129,0.1674,0.1314,1.0338,-1.7581,-2.7265,-0.2637,-0.129,2.3865,0.9628,-0.2134,-2.2666,-0.9574,0.6632,-2.0173,0.0598,-0.2993,0.1709,-1.553,-0.0424,0.3545,0.6788,0.5422,0.018,0.2712,-0.0269,1.6939,1.01,2.0122,1.9727,0.6509,-0.6724,1.461,0.9088,-0.0138,-0.9947,-2.2791,-1.3244,-1.9713,-0.1522,0.4637,0.3481,1.0925,-0.2449,0.3523,0.0019,1.4284,-0.2379,0.2677,0.236,-1.4498,-0.1365,-0.5301,-0.1407
"IC45",0.6807,0.8853,-0.4814,0.0499,-0.7314,-0.4305,-0.5576,-0.3882,-0.2856,0.4055,0.8086,2.3998,-1.4017,-1.6397,-1.2125,-0.2176,0.8743,0.978,0.5644,1.8628,3.1955,-0.1618,-2.2081,-2.1751,-1.3832,0.0213,0.0717,-0.1951,1.3798,0.5617,-0.6641,0.0972,0.5324,2.0737,1.9435,-1.3134,-1.4005,-1.3837,-1.4515,-0.4671,-0.7723,0.4596,0.4949,-0.2717,-0.2768,0.0379,1.0631,1.1681,-1.0393,-1.2346,-0.5272,-0.0609,0.1023,0.6392,0.2263,-0.6881,-0.7842,-0.7703,0.6748,1.0481,0.7447,-0.3374,0.1535,0.2612,-0.3608,-0.8107,-0.2839,-1.0571,-0.7963,1.9293,1.9333,0.4301,0.3021,0.6415,-0.032,-0.2137,-0.4658,-0.5056,-0.6848,-1.0393,-0.9562,-1.0275,0.6088,1.319,1.2163,0.9023,1.01,1.3242,1.073,0.1423,-0.6517,-0.2186,-0.0239,-1.4077,-0.5495,1.8562,0.6747,-0.0735,0.5861,0.6782,-1.2352,-1.2295,-1.7412,-1.6051,-0.8014,1.4085,0.4037,0.5418,-0.1434,-1.2664,-1.4841,-0.9628,1.1587,0.3234,0.7536,0.8548,-0.3342,-0.447,-1.6728,-0.4365,-1.2089,0.0783,0.0673,-0.3304,1.9707,0.3688,0.3092,-0.5841,-0.8837,-1.1642,1.9611,1.7963,-0.4661,-0.4645,0.5122,0.935,0.2378,1.3715,1.4201,0.0589,-0.0935,-1.1839,-0.5502,-0.6242,-1.3048,-1.1903,-0.2632,1.8325,1.6368,0.6753,1.0565,0.6979,0.6605,-0.4056,-0.582,-1.5378,-1.8199,-0.8825,0.7703,2.1629,-0.863,0.3744,0.6451,-0.4089,0.7022,-1.0247,-0.7558,-1.3147,-1.6753,-0.6556,0.8842,0.3065,0.8968,0.5484,-0.5188,-0.4708,1.1341,1.1197,-0.491,0.2026,-0.3604,-0.0088,0.0387,-0.1135,-0.8861,-1.2498,-0.1245,-1.0749,-0.6764,-0.143,1.7162,0.8073,-0.6784,-0.3622,1.6465,1.6175,-0.5325,-0.0532,-0.6408,-0.7513,-0.331,0.5328,1.0159,-0.1648
"IC46",-1.0099,-1.1723,0.0783,0.5467,0.5062,1.2589,-0.3732,-0.7184,-2.1966,0.2795,0.4477,1.2245,-0.2247,0.6049,-0.1426,-0.5556,-0.2835,-0.5491,0.3357,-0.112,1.1726,1.3733,0.6651,-0.254,-0.1661,-0.3893,-0.874,-0.0206,-0.3834,1.0242,0.241,1.913,0.9173,0.3811,-0.3211,-0.6627,-1.6797,-1.812,-2.1032,-1.4587,-0.7126,-0.6425,0.7516,0.5537,0.76,0.6305,0.2001,-0.4163,1.703,1.8257,2.1919,1.1044,-0.4624,0.2966,0.5087,0.2106,0.1602,-0.8768,0.0696,-0.6998,-1.0098,-0.0236,-0.5208,0.1981,-0.2748,0.5704,0.0567,-0.7125,-1.3154,-1.3217,-1.3282,-0.8846,0.3499,0.2808,-0.8391,-1.0054,0.4152,0.8989,0.584,1.2467,2.1554,2.6961,1.5925,1.8603,0.8588,-1.6289,-0.5361,-0.3939,0.9417,-0.5505,-1.1827,-1.0612,-0.9026,-0.2565,-0.5816,-0.5517,-1.5681,-0.8581,-0.2556,-0.2114,-0.4642,-1.1382,0.2319,-0.5396,0.0196,0.4714,0.1888,1.2395,-0.0798,0.4871,0.0609,0.6967,0.2116,-0.5066,0.2472,-1.139,0.5901,0.7062,1.0818,0.4548,-0.7384,-0.1359,-0.0123,-1.1842,-1.2602,-1.215,0.4096,1.0825,0.239,0.0494,0.2625,1.3083,1.551,0.5687,1.6572,1.0288,0.464,2.3043,1.8095,1.1452,0.5577,-0.5653,-2.0205,-1.7069,-0.9597,-0.9121,-1.4821,-1.0154,-1.2275,1.0788,0.1402,-0.0699,0.4278,0.4925,-0.9003,-1.3958,-1.3893,-0.6489,-1.3876,-1.586,-1.1648,-1.5304,-0.9264,-0.6676,0.3787,0.3818,1.0677,0.9258,1.114,1.654,0.6292,0.4272,-0.6106,0.3787,0.5808,0.2491,1.1441,0.6111,1.6919,0.634,0.9273,0.502,0.3456,-0.6705,0.3225,-0.3702,-2.3023,-1.9962,0.5864,2.016,-0.0292,0.8692,0.7142,0.4196,0.1635,0.132,1.9118,0.5925,-0.3623,-0.9621,-1.2974,-1.8183,-1.5144,-0.3259
"IC47",0.3211,0.0513,-1.3725,-0.0255,0.4214,-0.5001,0.5061,-0.8266,0.5189,0.0712,0.8075,0.5251,1.3836,-0.0556,-0.4293,-0.4121,-0.9586,-0.9459,0.4746,1.8467,1.3392,0.9508,-1.461,-0.5067,0.801,-0.3959,-0.5145,-0.4582,0.6757,-0.5543,0.0547,-0.5522,1.6351,1.4871,1.3097,-0.3153,-0.18,-1.5067,-1.6406,-1.3446,-0.5677,0.0877,-0.9075,0.3027,-2.3549,0.7433,0.7948,1.523,-0.6043,0.6558,-0.9698,-1.5085,-1.018,-0.8547,-0.9816,-0.3835,0.9958,1.6762,0.2951,0.1001,0.701,0.9179,0.4805,-0.1812,-0.4662,-0.7571,-0.7731,1.5642,1.0776,2.0146,1.6334,0.3131,0.2096,-1.2442,0.5339,1.4217,-0.789,-2.1883,-0.8936,-1.6681,-1.7425,-1.1756,1.5496,1.1193,0.7695,0.1381,-0.1835,-0.0112,-0.4018,0.8991,-0.1684,-0.0669,0.6618,-1.4276,1.3966,0.9495,0.7869,0.9492,1.2533,-0.8895,-1.0314,0.4243,-2.0199,-0.167,0.447,0.7762,-0.6252,-0.7696,1.4884,0.5081,-1.7379,-2.0535,1.4114,-0.0609,0.454,0.021,-0.4952,-0.99,-1.1218,-1.0419,0.8215,1.5114,-0.7066,-0.5245,-0.9767,-0.7315,0.6941,-0.3187,-0.1733,-1.3532,1.0399,0.9825,1.4537,1.318,-0.971,-0.5727,0.3334,0.5621,0.2939,0.2713,1.2742,0.0788,0.5492,0.5996,-1.4886,-2.358,0.0853,1.3923,1.6815,0.1566,0.4508,-0.4222,0.2207,-1.0948,0.1266,-0.6842,0.7085,-1.485,-0.0468,1.7204,-1.2369,0.1996,-0.1077,1.5696,-1.6529,-0.5129,0.6169,0.7916,-0.3734,-1.5142,1.2311,-0.1033,1.8857,0.7559,-0.0544,1.328,0.281,-0.657,-1.2938,-0.381,-0.9302,0.9068,-1.0712,-1.2018,-0.8944,-0.5698,-0.7499,-1.4899,-0.8084,-0.243,0.4983,0.3383,1.7985,0.7379,-0.7154,-0.3086,0.3007,1.3223,-1.2929,-1.1471,0.5048,1.257,1.4924,0.0978
"IC48",-0.4873,0.7218,0.2784,1.5118,-0.4044,0.9136,0.6382,-0.2741,-1.3028,1.3142,0.9991,-0.653,0.3757,0.2178,0.1335,-1.7384,0.075,1.3034,0.8388,0.3259,-0.613,0.1317,-1.9515,-0.7645,-0.3452,0.146,-2.5956,-0.8884,-0.5725,-0.2123,-0.4252,-0.0384,1.6418,0.4754,0.7225,-1.2224,0.6779,-0.0662,0.1067,-0.9721,-0.1147,0.2057,-0.2505,-0.2083,-1.4092,0.3103,-0.0222,0.8198,-0.9524,0.2896,1.3357,1.7208,0.8048,0.9534,0.9475,-1.2366,-0.3394,-1.0399,-1.104,0.7989,-0.5885,-0.3494,0.7815,0.0509,0.7054,0.3284,0.309,0.3775,-0.2474,2.1902,0.4395,-0.7722,0.4606,-0.8173,0.0517,0.3244,-0.8406,0.0095,-0.4755,-0.2001,-1.3814,-1.0811,-0.3011,-1.1953,1.6649,1.648,1.5572,-0.2723,-1.0677,0.0287,-0.961,0.2695,-0.4459,-1.1862,0.4001,-0.2975,0.8268,-0.1978,0.9975,-0.3631,0.7475,0.0323,-0.6621,-1.1191,-1.9421,0.8729,0.2211,0.9883,-1.0208,0.2625,0.7827,-0.7298,1.7632,0.9287,1.5254,-0.8951,0.3255,0.5644,-0.2628,0.3001,-0.757,0.1419,-0.3448,0.1026,-0.3233,-1.2756,-1.1479,-1.0674,-1.2033,-1.3609,0.6921,0.3735,1.3378,-0.1241,0.4118,0.2901,0.062,2.2509,0.6849,-0.8527,0.4571,-1.7691,-0.1066,-0.0588,-1.385,0.5731,-0.0266,1.5651,0.6225,0.2554,-0.4328,-1.9538,0.3789,0.0165,0.6517,0.4162,1.0533,-0.5611,0.4385,2.0935,0.823,1.8521,-0.4155,1.7634,0.5537,1.2557,-0.5044,-1.0604,-1.4446,-2.7037,-1.2895,-2.2941,0.4704,0.3322,2.4086,-0.1942,0.2064,-1.1551,-1.8701,-2.7072,-2.6008,-0.2946,-0.8316,-0.4958,-0.43,0.7657,0.0077,-0.339,-0.1508,0.5249,2.9779,1.5569,1.3761,-0.3087,1.1298,0.653,-0.3415,-0.0468,-0.0435,0.5779,0.1546,0.4786,-0.3484,-0.7108
"IC49",0.6956,-0.4041,0.7512,0.1054,0.1073,1.6506,-0.4131,-0.0062,-1.8394,0.8959,-0.3797,1.1165,-0.519,1.0952,1.6971,1.1248,0.3271,-0.0473,0.6227,-0.3959,0.4819,-1.3311,0.6944,-0.1595,-0.0935,0.3694,-1.315,-0.1789,-1.0554,-0.2904,-1.3539,0.296,-0.5705,0.1981,-1.7879,-0.4991,-1.0775,-0.8334,-1.5834,-2.1848,-0.94,-0.7868,0.4787,-0.5323,0.5178,0.3126,1.0036,-0.8791,1.8724,0.9156,0.9309,0.5514,-1.9307,-0.9587,-1.5423,-0.5677,0.1681,-0.8678,1.6931,1.9065,1.4157,1.3978,0.7792,1.6576,0.9019,1.4336,0.8051,0.2894,1.5703,-0.2282,-0.9782,0.6777,-0.0627,0.3071,0.6579,-0.6804,0.3336,-0.5001,-0.078,-0.0711,-0.5564,-0.8253,-0.6594,0.9187,-0.3455,-0.9523,0.6335,-2.1954,-0.8075,-0.3814,-0.4712,0.2078,0.28,1.5799,1.0039,0.8947,-0.9255,-0.6977,0.451,-0.2936,0.5301,-1.1372,-0.2116,-0.0889,0.834,0.267,0.074,0.7878,-1.2682,-0.4908,-0.4761,-0.0031,-2.2193,-1.3737,-2.117,-2.8434,0.2415,-0.1289,0.2983,-0.8832,0.1033,-0.0225,-0.0833,-0.5825,-0.0647,0.4015,0.1765,2.2999,0.4893,0.2088,0.0808,0.5159,2.8496,0.9674,1.6911,0.5598,0.7152,1.7819,0.1557,0.8141,0.85,0.1072,0.8356,0.7565,1.1481,1.1293,-0.3477,0.3207,-1.0316,-0.5823,-1.0687,-0.618,-0.721,-0.4466,-1.1101,-0.014,1.6218,0.13,-1.0582,-0.2566,-0.2218,-1.0791,-1.1749,-1.057,0.3503,2.314,-0.5165,-1.9852,-1.7914,-0.5021,-1.8125,-1.2362,-1.0173,-1.5733,-0.2523,-1.0689,-0.1582,-0.236,0.9536,0.0781,1.1561,0.619,1.6563,0.2813,1.1784,1.57,-0.8162,-0.8346,-0.2629,1.1183,0.1209,1.0681,-0.6863,-1.5076,-0.1145,0.3125,1.9129,0.6648,0.8393,-0.1209,-0.487,0.8169,-0.4295,-0.3037
"IC50",-0.5954,0.1882,0.7445,0.7412,0.6997,0.2687,-0.0445,1.2928,1.6623,0.8304,-0.0137,0.1103,0.0973,-0.0665,-0.5414,0.4813,0.2874,0.3092,0.4533,-0.2755,-0.1896,-0.5908,-0.6002,-0.9454,-0.872,-1.0358,-0.1654,-0.8303,-1.2502,-0.3235,-1.0543,-1.0418,-0.8018,-0.2437,0.1002,0.3293,-0.576,-0.3172,-0.5505,-0.154,0.8538,0.1028,0.6859,-0.7635,-0.0377,0.3412,0.1287,-0.046,0.0069,0.0441,0.5722,0.2015,0.26,1.1678,0.05,0.4238,1.5681,2.1026,1.7339,0.2012,-0.4493,-0.5646,-1.4159,-1.1152,-1.565,-1.4861,-0.8743,-2.5401,-0.4465,0.3449,-0.2884,1.1896,1.2849,2.4327,2.6782,0.7599,1.0581,0.3557,-0.4744,-1.0413,-1.2842,-0.2111,-1.5025,-1.3095,-0.1102,1.3542,1.2856,0.7355,0.9843,-0.6663,0.0335,-0.0475,-0.1906,0.279,-2.5433,-0.5792,0.6833,1.4476,-0.6267,-0.8635,0.1763,0.0571,0.7971,-0.2437,0.6712,0.5685,0.4485,-0.4974,-1.3973,-0.0864,0.1136,0.5344,-0.4276,0.052,0.3387,1.1607,-0.7966,-0.8223,-0.774,-2.3974,-1.67,0.0287,0.9523,1.0868,0.752,0.3706,-1.2011,-0.9307,-0.638,0.212,0.1582,0.0007,0.8478,0.4715,-0.113,-0.0007,0.9983,0.5828,1.1447,0.3878,-1.268,0.767,0.4615,-0.4667,0.1091,-1.4535,-0.3937,0.8376,-0.6291,-0.1457,-0.3359,1.2797,0.0644,0.731,-0.6752,1.1038,0.4636,-0.1168,1.0445,0.4654,2.1625,1.8372,2.1378,0.6918,1.5496,-0.6054,-2.2146,-0.7826,-2.7858,-0.4445,-0.816,-1.462,-0.9668,-0.0256,-1.2176,-0.4856,-0.5687,-0.8638,-0.1513,-0.6591,0.3451,-0.2984,-0.3264,-1.4346,0.3254,-0.2172,0.2306,1.912,0.1304,0.2655,-1.2378,-1.4017,-1.1248,0.4776,0.3848,-0.3162,-0.6833,-2.6026,-1.073,1.1643,2.2853,2.8718,2.0105,1.3987
"IC51",1.9554,0.3104,0.6625,-0.3312,0.257,0.3352,-1.0786,-0.4019,-0.6713,-1.0238,-1.1773,0.7925,-0.6561,0.2461,-0.8523,2.298,0.6757,-0.3708,1.113,0.1276,0.794,-0.3816,0.4273,-0.6037,0.3279,-1.4705,-0.6928,-0.2349,-1.7293,-0.8033,-0.6735,0.9674,0.3626,1.1899,1.6182,2.798,-0.6135,0.2605,-2.0102,-1.2831,-0.3941,-0.2951,-0.0145,-1.4118,-1.1092,-2.0588,0.4532,-0.3412,1.4019,0.3467,0.7156,0.9388,0.5495,0.5323,-0.978,-0.0333,-0.6213,-1.417,0.4629,-0.3919,1.4571,1.1625,-0.8051,0.1581,-1.0527,0.9183,1.6588,0.3609,2.4192,-0.0491,-0.6259,0.6151,-1.0379,1.2739,0.0023,-2.0195,-0.0188,-1.0046,1.1094,-0.4928,-0.2906,0.3713,0.5997,2.2327,-0.9556,-1.2768,-0.1614,-0.0708,0.7758,-0.2652,1.3228,-0.7025,-1.0064,0.7329,-1.0277,0.5843,-2.1123,-0.774,-0.1647,1.0349,0.5565,-1.4411,-0.3434,-0.9398,1.7766,-1.0471,-1.2316,-0.3025,-1.3767,0.0843,-0.1187,1.8282,-0.5301,1.1466,0.1229,1.288,1.2499,-0.0646,1.3157,-0.3519,0.9112,0.321,0.2608,-1.932,-0.5693,-0.129,-1.0522,0.6684,0.0072,1.1696,-0.1733,-0.7256,0.2325,-1.0641,-0.1794,-0.8078,1.129,-0.2612,0.1221,2.0172,-0.8924,-0.1439,-0.2278,-0.7827,0.3279,-1.0547,0.2971,2.283,-0.1525,-0.5451,-1.0777,1.194,-0.521,1.5728,-0.2654,0.2933,0.4981,-0.196,0.9287,-0.3811,1.2839,-0.4893,0.9679,-1.587,0.5881,0.2052,-1.1021,-0.8018,-2.6425,-0.317,-1.0291,2.2653,0.5955,0.1326,-1.0993,-0.8089,-0.4183,-1.0397,0.1913,0.3523,1.1973,-0.6897,1.627,-1.5095,-1.2422,0.1256,-0.5858,-0.0047,-0.4968,1.3195,0.5115,1.3178,-0.5339,-0.3056,-0.0726,-0.0067,1.6437,-0.1294,0.1692,-0.5372,1.0189,1.203,-1.2631,-0.3941
"IC54",-0.0118,0.2074,0.2699,0.0627,0.4148,0.0626,1.2443,1.6471,0.972,0.8375,-0.7323,-0.7145,0.6002,0.9623,0.1455,1.3281,0.6804,-0.6631,-1.9312,-1.6875,-1.3244,-1.4104,-1.7162,-0.7221,0.2814,-0.4336,0.3917,-0.0292,-0.5378,-1.2907,-0.8776,-1.237,-1.229,-0.1892,-0.1172,0.7507,1.4827,2.1376,0.8416,2.1138,2.6208,1.2468,-1.1851,-1.3792,-1.3755,-2.1439,-1.4846,-0.7277,-0.65,0.0329,1.4972,1.2521,0.2435,0.2145,0.4571,0.8225,0.4661,0.499,-0.213,-0.796,-0.8832,-0.7413,-0.2808,0.1922,0.3863,-0.129,-0.6501,0.4107,0.2505,-0.4426,0.8632,1.4832,0.9515,1.0396,1.3352,1.2996,1.8565,0.7452,-0.3065,-1.4193,-0.7442,-0.2162,-0.4334,-2.4717,-2.0331,-0.2466,0.3332,0.1893,-0.2901,-0.0126,0.2404,-0.6066,-0.9601,-1.0733,-0.0882,0.289,-0.2885,-0.5498,0.1411,0.9978,1.4914,1.606,0.6032,0.1232,0.2537,0.0269,-0.1739,-0.264,0.4636,-0.1135,-0.2683,-0.957,-1.9506,-0.7287,-0.4328,-0.0281,-0.2443,0.9012,-0.0284,-1.7107,-1.0261,-1.4238,-0.254,1.6363,2.2172,0.902,0.2482,-0.3236,-1.0509,-0.1461,-0.9201,-0.2518,-0.8137,-0.3176,0.2946,0.8595,1.4323,0.2993,0.2092,1.1279,1.2853,2.2069,1.6218,1.86,0.2536,-1.1611,-0.1836,-0.4864,0.5355,-0.6953,-0.498,0.4229,-0.5232,-0.3657,0.7817,0.843,1.0121,-0.6961,-1.4139,0.2545,-0.4775,-0.4179,-0.1956,-0.0896,-0.1762,-0.9806,-0.7574,-0.8098,-0.5311,-1.3722,-1.8688,-0.8224,-0.6604,-0.4663,-0.133,-0.379,-0.472,-0.7282,-1.3854,-0.4676,0.7974,0.7029,0.0772,0.1681,1.0652,1.4618,2.9067,3.1731,1.1338,-0.2153,-0.4928,-1.7325,-0.9922,-0.7241,-0.163,0.8126,0.428,0.4507,-0.1305,0.5175,0.9469,0.0261,-0.5303,-0.9321
"IC56",-0.1027,0.8542,-0.2375,0.2146,-0.6889,-0.8603,-1.0868,1.0423,0.2108,0.7781,-0.6685,0.1509,-0.6183,-1.5064,-0.2874,0.3019,0.7557,0.0617,1.223,0.1636,1.0111,-0.1332,-1.2215,-0.3161,0.2094,0.7508,1.1094,1.5514,0.4844,1.0054,-0.8834,0.4353,-1.0649,-0.7712,-1.1886,-1.554,-0.5789,-2.3593,-0.4387,0.7007,1.8208,-0.532,0.7388,0.7198,-0.6101,-1.0574,-0.6571,0.6563,-0.2993,0.5261,0.596,1.1174,-0.0928,0.7058,-0.3183,-0.0586,0.6197,-0.8754,-0.2044,-0.7678,1.3122,3.0065,-0.2668,1.2912,0.0398,0.2991,0.3609,-0.8431,-0.3864,0.0909,-1.5063,-0.0524,-0.7047,-0.6485,-0.4127,-1.6681,0.2459,-0.511,0.3297,0.0937,-0.9331,0.9919,-0.3882,0.6259,0.3039,-1.0885,0.0856,-0.4632,1.4192,0.4486,1.1605,0.3879,0.5321,1.9633,0.438,0.9282,-1.6368,-1.0851,0.5358,-0.5248,-0.2932,-1.8129,-0.0151,-0.6296,-0.5685,0.0232,-0.4006,0.5297,0.381,1.5661,-1.786,-1.4654,-0.9535,-0.817,-0.5149,0.0793,0.8201,-1.5628,0.7762,0.5086,0.962,-0.4617,-0.8,0.3832,0.1355,2.2622,1.0988,1.3041,0.5311,0.1393,0.7379,0.1078,0.874,-0.3956,1.1035,-1.66,-0.0301,0.7944,-0.4612,1.9122,-0.5858,-0.037,-0.4139,-1.7343,0.1829,0.3385,0.0063,0.4278,-1.4846,1.6757,-0.4549,1.2037,-0.3085,-0.0299,-0.8495,-2.0502,-1.9197,-1.1221,1.9406,-1.4554,-0.4278,-0.2078,0.3439,0.7327,-2.4003,0.0792,-0.5371,1.3015,-0.4182,0.0217,-0.6577,-0.0522,-0.7386,-1.349,-0.6171,-0.5359,2.948,1.0372,2.022,1.1953,1.739,-0.321,1.1298,1.0838,0.6472,1.2805,-0.6205,0.3821,-1.7397,-0.5113,-0.7568,-1.4114,0.0461,-0.7405,1.364,0.4265,2.2513,-0.5069,0.385,-0.9756,-2.1599,0.2687,-1.4722,0.493
"IC58",1.1587,0.1159,0.2647,0.1941,1.1985,0.7976,0.1156,-1.175,0.0366,-0.6639,-0.2973,0.1663,1.3514,0.7134,0.2471,0.3857,-0.3797,1.2144,-0.5169,-1.5021,-1.5783,-0.931,-0.2909,1.3028,0.5835,-1.2982,0.2312,-1.8887,0.0022,-0.0172,0.2728,0.4756,0.7379,1.2447,-0.1564,-0.8293,-0.2508,0.2627,-0.6941,-1.2143,-1.7608,-0.617,-0.3629,0.0148,-0.1783,-0.9192,-0.8753,-0.3195,1.7869,3.4034,2.6216,-0.6773,-1.039,-2.0124,-2.6548,-0.9506,-1.3923,0.3685,1.52,0.3767,1.8012,0.5356,-0.3193,-0.4536,-0.8118,0.18,-0.2132,1.0875,2.3075,0.7481,1.1119,0.9511,-0.2522,0.8687,-1.4041,-0.2098,0.0065,0.6768,0.6872,0.1097,0.9659,0.1295,1.5496,1.7581,-0.2746,0.5716,-1.4502,-0.6264,-1.4016,-1.6264,-0.1172,-0.12,0.1429,-1.7723,1.6786,0.6906,-1.2192,0.3296,-1.4676,-0.1819,-1.7397,-0.4641,-1.1414,-0.13,0.766,-1.4813,0.249,-0.9413,0.2239,-0.947,-0.1945,1.2017,0.219,0.3495,-0.7397,1.173,-0.5238,-0.0369,-0.1734,0.7269,0.1179,-1.0029,-0.3724,0.2633,0.7684,0.0776,0.0345,0.3378,1.4057,1.0619,0.0304,0.9192,0.2868,2.1378,1.0562,-0.3999,0.4644,-0.5627,1.7624,-0.5456,-1.7564,0.2471,-0.9467,-1.3028,-0.7465,-0.523,1.6758,-0.5393,-0.0372,-1.5702,-0.2331,0.3694,0.5178,1.2069,0.0995,-0.3126,-1.3632,0.3529,0.9909,-0.411,1.9514,0.4889,1.0863,-0.5554,-1.0632,-0.79,1.3285,-0.2821,-0.3108,-0.5684,0.5101,0.8315,-0.6246,0.0573,-1.2967,-0.1046,-1.7777,-1.1353,-2.5616,-1.7335,-0.8039,0.0245,0.6505,0.1585,-0.0904,-0.4421,1.2879,0.1641,0.5849,1.5527,0.7343,0.3916,-0.3389,1.0505,-0.0533,0.1484,-0.8669,-0.7612,-0.7117,-0.3307,1.8631,0.3487,1.2091,0.1367
"IC60",-3.3948,-2.2913,-0.7928,-0.1186,1.8515,1.329,0.4691,0.1394,-0.8975,-0.3465,-1.1024,-0.7001,-0.0816,0.9882,1.1142,2.6893,2.1441,0.6567,-0.1139,0.3409,0.2258,-0.7138,-0.838,-0.555,0.8723,0.2125,0.2144,-0.4485,0.4133,1.1936,0.4281,0.248,0.1562,-0.2792,-1.2966,-1.4927,-0.9927,0.8994,0.5032,0.0895,1.3598,0.8722,0.1412,0.2359,-1.7831,-1.1818,-0.2275,-0.4202,0.51,1.105,0.5072,0.776,-0.018,-0.1372,-1.2895,-1.4276,-0.4609,-0.9222,0.7624,1.297,0.4085,0.7606,-0.1701,0.2682,-1.1954,-1.029,-0.5364,-0.9043,-0.6384,-0.0507,-0.4141,0.0195,-0.454,0.3839,0.714,-0.8973,-0.0095,-0.7101,-0.1031,-0.3056,-1.1219,-0.7883,0.4179,1.2576,1.2186,0.8878,1.1287,0.7904,1.6228,1.0821,0.164,0.3406,0.9605,0.89,0.0706,0.6921,-1.1988,-1.5935,0.5556,0.746,1.6413,0.2401,-0.0494,-0.8956,-0.8059,-0.2418,-1.2006,-0.4531,0.453,1.5849,-0.9191,-1.5233,-1.1237,-1.5978,-0.8292,0.3665,0.3313,-0.1403,1.0655,-0.9676,-0.6514,-0.2988,-0.7627,-0.9702,-0.2501,0.9376,-0.2419,1.5628,0.8517,-0.2394,-1.0583,-0.5706,-0.1126,0.1291,1.1394,0.4031,0.6158,0.493,-0.3204,1.2517,0.9376,1.0829,1.4434,1.0598,-0.7902,-2.3448,0.2455,-0.8134,-1.4549,-0.4883,-1.157,-0.421,0.0682,0.416,0.697,1.6749,1.4852,-0.0723,-0.6002,-0.4452,-1.6862,-0.9569,0.1571,0.1842,-0.9327,0.9274,0.8361,1.1746,-1.1694,-1.811,-0.9946,0.6035,0.6337,0.7789,0.5873,-0.6716,1.0142,0.8209,0.9004,0.7485,0.1719,-0.1125,0.7913,-0.1487,0.7079,1.2515,1.4438,0.7744,-0.9149,-0.7202,-2.0166,-2.7445,-1.7641,-1.8253,0.0494,0.9057,1.798,1.3025,1.747,-0.2357,-0.6928,0.7837,-1.4292,-1.3142
"IC62",1.2341,0.0869,1.0076,1.1052,0.199,0.9383,0.5512,0.4289,-0.323,1.2505,-0.1032,0.1051,0.0796,0.1487,-0.2656,-1.1738,-2.1698,-0.8035,0.1477,-0.2534,1.0903,0.5783,-0.7202,-0.9893,0.3312,-0.3671,-0.8752,-0.7212,-0.9614,0.4074,-1.5941,-0.6936,-0.6255,0.1934,0.2966,-0.3361,-0.4779,0.425,0.1054,0.0924,-0.7632,-0.8349,-0.3051,-0.1198,-0.2753,-0.6575,-0.0288,-0.4502,0.6229,0.8715,1.8669,0.618,0.1425,1.1571,1.019,2.2612,1.9364,0.5221,0.0642,0.0802,0.6361,-0.406,-1.5372,-1.7197,-1.9722,-0.6893,-0.8287,-1.361,-0.4976,-0.0224,0.8517,1.4096,-0.2686,-0.106,0.5493,0.9164,1.0463,0.322,0.7211,0.5014,0.9127,1.4311,-0.2258,-0.539,-1.249,-0.2792,1.5758,0.3999,0.6402,-0.0623,-1.229,-1.7791,-1.7545,-1.627,-1.0061,-0.3017,-0.4642,1.7085,-0.4672,-1.1223,-0.2546,-0.1078,1.6185,0.5431,0.1705,-0.9516,-0.4878,0.0065,-0.3102,0.6728,-0.7408,-0.1191,-0.0787,0.8622,1.0848,0.1508,0.5241,-0.5161,0.4669,-0.547,0.2737,-1.044,-1.2845,-0.8851,-1.62,0.9479,1.1429,1.2057,0.5075,1.9364,1.1978,1.3017,1.5181,0.0161,1.813,0.8352,-0.214,-0.6326,-0.4304,-0.0845,-1.1974,-0.7293,-0.6892,-1.7309,-1.2113,-1.3546,-0.8387,0.4787,-0.8746,0.504,-1.0268,-0.5515,-0.4938,-0.0492,0.2746,1.7639,1.2345,-0.8878,-1.0157,-1.5656,0.3488,0.8432,1.4689,1.3611,0.2004,0.724,0.0721,2.0441,1.2347,1.4363,0.9984,1.3228,-0.2689,-0.2143,0.5132,-0.6926,-0.4918,-1.9124,-1.5204,-1.9932,-1.5149,-1.9691,-1.2107,-2.3874,-1.1216,0.903,0.6211,0.6942,-0.0575,1.0872,-0.0851,-0.0239,-0.7329,0.0037,-0.1451,-0.6222,-0.3011,-1.97,0.2522,0.6124,0.3523,1.9323,1.7123,2.7866
"IC63",0.9121,0.3906,0.6736,0.448,-0.2382,0.8342,-2.2197,-2.4234,-2.0503,0.6874,0.3032,0.0747,-0.7801,-0.1813,-0.3235,-0.8222,0.2469,1.3228,1.8665,-0.0603,-0.5189,-0.8564,0.096,0.3994,-0.0591,-0.2434,-1.2847,-0.0162,0.1273,1.6228,1.8879,3.0147,2.0127,0.7199,-0.0019,-0.6565,-0.7393,-0.8513,-1.2733,-2.5493,-1.3829,0.1705,1.1407,-0.6277,-0.2207,1.1922,1.0499,0.0591,0.5183,0.5307,0.8003,-0.2755,-0.4157,1.1862,0.3639,0.2596,1.0358,0.1802,0.7874,-0.1628,-1.4182,-1.7575,-1.3089,-0.8794,-1.2163,0.0825,0.4874,-0.4134,0.2655,0.429,-0.8143,-0.099,-0.3414,-1.1952,-1.7597,-1.6028,-0.873,-0.3976,-0.2981,-0.0829,-0.002,0.2899,0.2027,0.7629,2.4491,2.0644,1.9886,0.1004,0.4674,-0.3353,-0.983,-0.1716,-0.0243,0.2152,0.1818,0.8567,1.813,1.9315,2.004,0.6355,-0.8649,-1.4286,0.3477,-0.6376,-1.1638,-0.03,0.3419,0.8117,-1.3403,-0.7756,-0.3403,-0.2312,-0.393,0.5546,0.8597,-1.3722,-1.6209,-0.5907,-0.2936,0.2417,0.2513,0.0171,-0.0657,-0.3285,-1.1199,-0.6726,-0.9589,-0.1216,-0.4468,-0.6544,0.3973,0.3734,2.9179,2.1922,1.0826,-0.1909,-0.8201,1.0558,0.8301,-0.0416,-0.6193,-1.7994,-1.3967,-0.9405,-0.2386,0.9526,0.5422,1.0528,0.3626,1.3493,0.7813,-0.1878,-0.577,-1.7282,-1.7193,-0.9927,-0.2833,-1.1084,-0.8559,0.815,1.0766,1.8453,0.9954,1.6414,0.5085,0.8711,-1.2325,-0.776,-0.5469,-0.7097,-0.1476,-0.7149,0.4238,-0.7066,1.3435,-0.1012,1.3241,0.1923,0.8016,-0.6208,-0.669,-0.4868,-0.4369,-0.4194,0.5298,0.6271,-0.7643,-0.7175,0.0814,0.3423,1.1809,0.1441,1.0488,0.7754,0.7579,-0.6664,-0.7598,-0.4349,0.8727,-0.9676,-1.8066,0.0266,-0.3472,0.5073
"IC64",1.7706,-1.5583,-0.8236,-1.855,1.5086,1.3108,-0.3344,-0.6434,-0.0668,-0.9432,-0.0752,1.5951,-0.9607,0.0385,-0.7935,-0.1162,-0.0346,1.3624,0.2128,1.1953,2.1663,-0.8191,1.6765,0.0622,-0.209,-0.8523,-0.1525,-1.2642,0.783,-0.3045,-0.9619,-0.6544,-1.4337,1.1931,0.2455,1.9084,-0.856,0.38,-0.2866,-1.0406,-1.5105,-0.6661,0.248,0.0328,0.0213,-0.5713,1.354,-0.4987,0.6563,-0.6531,0.0204,0.4958,1.2308,-0.1642,-1.2482,0.4174,-0.8148,-0.3545,-0.1802,-0.1994,0.5734,0.5603,-0.1637,-0.7202,-1.2391,-0.2059,1.2087,0.7401,2.2987,-0.052,2.7033,0.6832,-1.7117,1.1407,-0.2677,0.3503,-0.0853,-2.313,-0.3224,-0.7199,0.1963,-0.5521,-1.0128,1.7213,-1.1771,1.5149,0.0542,-0.3161,-0.2595,-0.5315,-0.6528,-0.9904,-0.5664,-0.3301,-0.4756,1.653,0.3232,1.174,-1.806,-1.0256,0.5145,-0.2814,0.031,0.8067,1.6264,-1.5019,0.8408,-1.2225,-0.0319,0.7445,-0.1759,1.4438,0.4276,2.1783,-0.3417,0.3378,-0.6468,-0.6515,0.8337,-0.242,1.0621,-0.3374,1.812,-1.0144,-2.8815,-1.0661,-0.8403,-0.8293,0.7299,2.1409,-0.8448,1.1368,-0.7498,-0.2932,-0.1169,-0.2398,0.6188,-1.4005,0.1384,-0.0325,-0.4338,0.1361,-0.1214,-0.1535,0.11,-1.1102,1.8989,0.3872,1.3662,-0.6307,-0.0565,0.1262,-1.3652,0.3144,-1.3304,0.1203,-0.0166,1.0981,-0.9082,-1.4516,1.5536,-0.7659,0.5177,-0.4276,-0.7115,0.5087,0.668,2.2747,0.6031,2.0088,-0.3308,0.6189,-0.4839,1.8244,-1.4435,0.7307,-0.7013,-0.4833,0.4774,0.0106,-0.9282,-1.1173,0.1206,-1.3581,-0.5984,-1.3482,-0.1753,-0.1414,0.1076,1.5416,-1.478,1.7241,-0.5605,0.714,-0.7406,-1.2701,-0.2655,-0.2103,0.1463,-0.0666,1.0911,0.1088,1.1853,0.0245
"IC65",-1.1923,-0.3879,0.6545,1.0847,0.6982,-0.8487,1.4597,-0.4854,-0.1646,-1.8068,-0.4292,-0.8656,1.9838,-0.384,0.8404,0.9278,0.3777,0.3085,-1.5634,0.3967,-1.3106,0.9659,-0.063,0.6826,0.3107,-0.554,-0.2635,-0.0599,0.4334,-0.9102,1.4968,-0.2567,0.7882,-0.5437,0.8409,-0.5602,0.4333,-0.0785,-0.9077,0.381,-0.3696,0.4492,-1.2492,1.0693,-0.714,-0.6429,-0.4153,0.0321,-1.2353,0.492,0.4758,-1.0428,0.5537,-1.6095,-0.2279,-0.2148,-0.7165,0.8065,-0.5584,0.7539,0.6881,0.5851,1.9234,0.0356,0.6859,0.3776,-1.1205,1.1675,-0.2455,-0.6232,-0.1131,-2.1165,-0.0353,-0.2146,0.1007,1.9373,-0.6599,0.3289,-0.3889,0.4748,1.5617,-0.2408,1.0473,-0.1759,0.2008,0.3648,-0.4296,1.5932,-1.4034,0.4778,0.3291,-0.2988,0.8603,-0.5839,0.856,-2.1542,-1.1889,-1.3574,0.2827,0.8598,-0.2041,0.7192,-2.9908,-1.4206,-2.364,-1.7705,-0.5039,0.0808,1.3163,0.7827,2.622,0.4089,1.0963,1.2022,2.0311,1.2272,0.6385,1.9805,-0.6264,0.4413,-0.8587,-0.6515,-1.0913,-0.2527,0.5828,0.3635,0.364,-0.7946,0.164,-1.0374,-0.7469,-0.9574,-2.2775,0.0625,-1.3495,0.1405,0.0159,-0.0625,1.254,-0.82,1.0149,0.2482,0.2054,0.9821,-1.3106,-0.1644,0.2664,-0.2164,1.1265,-1.7075,0.6614,-0.7679,0.6746,-0.7389,1.3602,0.8191,0.1854,1.4492,-0.8017,-0.3036,-0.3655,1.3919,0.8937,0.2067,1.2773,-0.09,2.0268,-1.1748,0.9637,-2.5439,0.1485,0.2171,-0.336,-0.7686,-0.4658,0.587,-0.5703,1.1414,-1.5371,0.1847,-1.2207,0.0397,-1.7721,-0.405,-0.8373,-0.3731,0.4553,-1.9205,0.3341,-0.883,0.9354,-0.1453,0.2142,1.2085,0.382,1.6782,0.0159,2.5366,0.2269,0.4987,0.3987,-0.9626,0.2023,-1.9432
"IC66",-1.2233,0.5307,0.4272,1.4985,0.5844,1.4463,0.2911,-0.186,-0.9788,-0.3754,0.7813,-0.3642,-0.4226,-0.3501,0.6229,-0.6134,0.5846,-0.026,0.1643,0.6548,-0.5284,-0.2285,-0.6452,0.073,-1.8587,-0.6604,-1.7234,-0.4172,-1.3773,0.1477,1.1596,0.5017,0.8911,0.7211,1.4421,-0.6309,-0.0881,-0.6303,-0.4619,-1.4673,-0.0827,0.2705,-0.2583,0.064,0.1416,1.8095,0.7894,0.3551,-1.2121,0.1593,-0.626,0.5947,1.1609,0.746,1.1288,-0.4683,0.9579,0.701,0.1,1.4907,-0.0334,0.098,-0.2677,-1.4797,-1.0207,-0.9008,-0.4029,-1.6236,-1.2719,0.2288,-0.3053,-0.711,0.4674,-0.4702,0.3526,0.5905,-0.5446,0.191,-0.0056,0.8611,0.1688,0.9186,0.4311,-0.3183,0.7358,0.441,1.5085,0.885,-0.1087,-0.8195,-1.4769,-0.1431,-0.1551,0.5971,-1.5038,-1.3429,-0.0049,-0.384,0.3261,-0.8008,-0.349,-1.1824,-0.959,-1.4581,-1.7829,0.5575,0.0183,0.7334,-0.4117,0.8706,1.6289,0.9495,2.6218,3.0092,3.7224,0.9675,1.3525,0.8977,0.5052,0.1907,-0.5037,-0.3757,-0.842,0.0321,-1.0577,-1.1212,-1.6937,-1.2012,-1.2169,-1.2555,-0.0584,-0.7592,-0.0745,-0.5178,-0.453,-0.3074,-0.4256,0.6284,-0.1327,-0.7881,0.1318,-0.7444,-0.3632,-1.3364,-2.187,-1.2389,-1.0392,1.3359,1.2769,1.7575,0.8173,-0.0682,0.3914,-0.6323,-0.2215,0.7077,1.1106,0.9044,0.5312,0.2513,1.1651,2.3239,1.463,1.6704,1.3757,1.0199,-0.4309,0.1977,-0.3314,-0.9459,-0.3117,-0.772,0.1247,-0.2156,0.7335,0.4125,-0.1774,-0.7863,-1.7876,-2.3522,-1.9872,-1.1908,-1.5643,-1.5626,-1.7743,-0.8479,-0.4868,0.8072,1.4802,1.5424,0.5611,-0.4152,0.8641,1.4035,1.6695,-0.0115,-0.2231,-0.4351,-0.9247,-0.5635,-0.3814,0.844,0.8382,1.0466
"IC67",-0.2473,0.3569,1.1999,1.4379,1.7244,0.7489,0.1966,0.9037,1.1362,0.0276,-0.4567,-0.1146,-0.0671,-0.753,-0.469,0.4759,0.8303,0.8807,-0.5252,-0.7846,-0.549,-1.0804,-0.589,-1.4191,-1.3011,-1.31,-0.4879,-0.6727,-0.9951,-0.581,0.2542,0.3134,-0.2848,0.0275,0.0795,-0.0151,-0.6793,-0.8816,-0.4792,-0.2389,-0.6427,0.3232,0.0956,-0.7333,0.2669,0.53,-0.2884,-0.4794,-0.5616,-0.9676,-0.0819,0.1796,1.3405,1.8103,1.706,1.3763,1.9444,2.7176,1.8661,1.0789,0.6709,-0.3775,-0.9381,-0.735,-1.7026,-2.1302,-1.9707,-1.2038,-1.5986,0.3869,1.4233,1.619,1.3952,0.4346,0.7749,0.7231,0.6415,0.3996,-1.0606,-1.2145,-1.169,-1.2062,-1.7742,-1.6434,-0.1622,0.8927,1.0814,2.0505,1.1813,-0.912,-0.7668,-0.2095,-1.1906,-1.6913,-1.7278,-0.8268,1.5236,2.2633,1.6897,1.1051,0.3863,-0.1999,-0.7616,-0.3101,-0.1525,-0.7618,0.2538,0.3889,0.8054,1.1297,0.4635,-0.1248,-0.2227,1.3397,1.1265,0.8376,-0.6117,-1.0415,-1.521,-0.8639,-0.8202,-1.1434,-0.5163,-0.2198,-0.2163,0.5563,0.0431,-1.568,-0.6848,-0.8789,-1.4478,-0.5618,-0.5744,1.3981,1.3679,0.8453,-0.1853,0.2084,0.4346,0.028,-0.4178,0.4576,0.0768,-0.4301,-0.3862,-0.17,0.7798,0.9776,1.1718,0.7732,0.3475,0.4695,0.7712,1.7754,1.2549,0.6887,0.6536,0.306,-1.1453,-0.0245,1.2164,1.3739,2.0079,1.4022,-0.1873,-1.9594,-1.0712,-1.5498,-2.169,-0.808,-0.6533,-1.6192,-2.038,-0.8215,-0.3081,-0.2326,-0.5758,-0.3481,-0.1586,-0.8115,0.0585,-0.5262,-0.93,-0.7453,-0.7979,-0.6448,-0.261,0.585,1.3645,0.6816,-0.2001,-0.8232,0.0019,0.4553,0.4949,0.8841,0.1205,-0.8933,0.0088,0.6061,0.3077,1.2199,1.6341,1.4172
"IC68",-0.1389,-0.9953,0.6256,0.1236,1.1969,-0.7529,0.1314,-2.4525,-0.8612,-2.5391,0.2308,-0.7207,0.7667,-1.0682,-0.0943,1.7306,1.1282,2.2613,-0.0371,1.9647,-0.0133,0.7979,0.5982,-0.4759,0.1017,-0.9717,0.1847,-1.1306,0.6179,-1.0551,1.6947,0.4463,1.643,0.7851,0.2855,0.2568,0.0881,-0.2336,-1.9337,-0.774,-1.4138,0.6922,-0.8765,1.1937,0.7786,-0.0441,0.8928,0.4143,-0.5413,-0.5731,-0.4445,-2.3803,0.5561,-2.3814,-0.86,0.3331,-0.6325,1.7379,-0.0941,0.7882,0.8607,-0.6108,1.7973,-1.1469,-0.9239,0.0703,-1.4379,1.6521,1.5286,-0.7412,0.7047,-0.9593,0.9041,0.8902,-0.9089,1.2855,-0.6743,-0.1304,0.1753,-0.3397,0.4181,-1.239,1.0237,1.0323,0.0035,0.7051,-1.5651,0.5251,-2.1222,0.4324,0.0957,-2.0081,-0.9777,-1.757,1.8513,-0.0656,0.6276,0.7707,-0.4333,1.0045,-0.8822,0.6074,-1.1107,0.3818,0.2282,-0.3811,1.8603,0.0812,1.5418,0.0674,1.3138,0.6524,0.7818,0.9875,-0.6721,0.1034,-1.2665,0.7862,-0.4726,0.901,-0.382,-0.9844,-0.1279,-1.1296,-0.9116,0.432,-0.0915,-1.7189,-0.7548,0.0182,-0.8162,0.2057,-0.564,0.786,-1.2269,0.9199,1.7099,-1.0861,0.1399,-1.7318,0.2788,0.287,-0.6264,0.5561,-0.3884,0.1592,1.2411,-0.3963,1.6926,-0.1683,1.1937,-0.5226,-0.138,0.1687,0.0687,0.8771,-0.8886,1.0799,-1.107,-0.4085,0.4446,-1.3047,-0.1089,-1.4987,0.6836,-0.7657,1.277,0.1025,1.0425,-0.2808,0.7475,1.1784,0.1212,1.3239,-0.4528,0.8077,-1.8995,1.0951,-0.7052,0.5855,-0.9356,-0.4771,-0.4387,-0.236,-0.4183,-1.0415,0.6515,-1.163,0.4592,0.1514,0.5058,1.5843,0.6279,1.9769,-1.4554,-0.1358,-1.2091,1.2646,-0.1333,-0.1599,0.9262,-1.266,0.0116,-1.5112
"IC69",0.1674,0.3319,2.5252,0.7192,1.4594,0.2543,-0.9447,-0.705,-0.5476,-0.3871,-1.5751,0.2027,-1.1366,-0.0947,-0.4313,-0.3186,-0.2766,1.2194,1.168,0.477,-0.7032,-1.1218,-0.0857,-0.4678,-0.4801,-0.4149,0.2944,0.0935,-0.4951,-0.291,-0.5975,0.6922,-0.2373,-0.2051,-1.0089,0.1609,-0.5392,0.0495,0.1496,-0.0539,-0.4161,-0.7811,-0.23,-0.7217,0.8328,0.4419,1.1057,0.8073,1.8095,-0.4139,0.5164,0.1847,0.5346,0.7341,1.9478,1.3991,-0.0876,-0.1688,-0.4281,-0.5986,-0.1185,-0.6649,-1.0298,-0.2213,0.3503,-0.1107,0.4049,-0.5974,-0.1249,0.3599,1.6055,-0.5577,-0.6288,0.2627,-1.5849,-1.7206,-0.8693,-0.7363,-0.7573,0.0329,1.2002,0.2556,-1.3468,0.3092,0.8087,1.6364,1.0568,0.1639,0.5203,-0.8302,0.3347,-0.1987,-0.6342,0.8423,-0.3363,1.7257,0.3449,0.9189,-0.3949,-0.3154,0.1017,-1.0382,-0.5907,-0.357,0.727,-0.331,0.3265,0.9619,-1.0232,-1.8954,-1.495,0.4434,-0.9675,0.1179,1.4899,0.7643,-1.043,-1.374,-0.2092,0.2217,-1.0669,-0.3036,1.176,0.2951,-0.982,-0.4635,-1.4561,-1.7466,0.0043,0.9652,0.3344,1.5037,0.8279,0.1303,1.9457,1.6826,0.5879,1.9983,2.5676,1.4029,-0.1034,-1.1863,-1.4456,-1.5084,-0.2279,0.8837,0.1147,-0.068,0.0428,0.7802,0.3406,1.4364,-0.6055,0.9535,0.5069,-0.3864,-2.3493,0.4696,0.8734,-0.7066,0.3643,-1.1578,-1.302,-2.5066,-0.2216,0.0865,-0.8642,-1.0245,-2.5625,-1.2731,-2.4136,-1.1373,-2.4708,-0.2778,0.6637,1.364,1.4903,1.1382,2.7359,0.7588,1.4335,0.652,1.4734,0.1087,-0.2318,-0.4844,-0.7665,-0.3182,-0.4143,1.2491,1.2082,1.8611,0.2266,0.6333,1.646,0.0348,0.2579,-1.5161,-0.3775,0.2287,0.3813,-0.5525,-1.6144,-1.2246
"IC71",-2.5281,-1.7375,-1.4154,-0.083,0.4246,-0.2428,0.9788,-1.1168,-0.8185,-1.0162,1.3335,0.6899,1.7185,0.9369,2.2462,2.9864,1.8672,0.1401,-0.1574,1.1245,0.1627,0.4049,-0.7898,0.3194,0.4307,-0.1204,-1.0195,-0.7129,-0.0857,-1.157,0.2379,-0.3539,1.0251,-0.7055,-0.005,-1.0488,-0.3082,-0.5826,-0.2328,-0.0218,0.8049,0.809,-0.7493,1.1487,-1.2963,-0.1437,-0.2408,-0.5582,-1.1788,0.4755,-0.5619,-1.4684,-0.2062,-1.237,-0.5876,-0.9146,-0.5957,0.9264,-0.6232,0.1454,0.2599,0.6232,1.7817,-0.0773,0.1766,-0.0221,-1.0491,0.9861,0.3056,-1.2422,-0.6546,-1.0281,0.5408,-0.4511,-0.0472,1.4744,0.8141,0.4334,0.4707,0.8929,1.1859,0.9517,2.9008,1.8233,1.8265,1.0156,-1.0185,0.1757,-0.2641,1.3012,-0.0986,-1.1545,-0.3509,-0.602,0.2979,-1.8466,-0.9068,-1.592,-0.9389,-0.9247,-0.8603,0.1028,-1.8493,-0.1862,-1.365,0.19,0.2179,-0.5267,0.7908,0.1672,0.7362,-0.8223,1.0865,0.5415,0.9408,0.272,0.2356,1.0536,-0.5686,-0.8392,-2.027,-0.531,-0.0326,0.2747,-0.2508,1.5966,1.5398,-0.4968,-0.5269,-1.6685,-0.419,-0.3532,-0.4871,-0.194,-1.4949,0.2182,0.8437,-0.1851,-0.4959,0.0955,2.225,1.2337,0.913,0.9564,-0.5315,-0.149,-0.4889,0.0655,0.9004,0.0219,1.8645,0.6229,1.1159,-0.2046,0.3469,1.2393,0.4331,-0.9035,-0.6639,1.043,-0.4626,0.0025,-0.7323,-1.5474,-1.2751,-0.7588,0.8698,0.2916,0.3446,-1.0766,0.0853,-1.531,-0.2188,-0.623,-1.5029,0.3178,-1.0227,0.5066,0.5558,1.2774,0.3846,1.553,0.2115,0.6918,-0.11,-1.1916,-0.5416,-1.1635,-1.0362,-1.5432,-0.5889,-0.713,1.2076,1.7631,0.132,1.3078,2.1539,2.6194,-0.2569,-0.2582,-0.3183,-1.3648,-0.9419,-0.9451
"IC72",0.012,-0.0286,0.8287,0.9069,1.7205,0.054,0.1627,-0.2233,0.5571,-0.3461,-0.3872,-0.8978,-0.3016,-0.0787,-0.1821,1.1448,0.3441,0.9023,0.1234,-0.0864,-0.3805,-0.576,-0.3923,-0.4496,-0.5585,-2.4274,-0.2431,-1.6347,0.0875,-0.5946,0.6822,0.5871,0.4403,1.2326,-0.2717,-0.8515,-1.3048,-0.5347,-0.9529,-0.5718,-1.1578,0.0014,-0.6041,0.0682,0.6175,1.0416,1.1652,0.6374,0.7844,0.4272,0.7714,-0.7363,0.5329,0.9009,0.4131,-0.1803,-0.7526,1.1868,1.9299,0.6788,1.6173,0.4304,0.6348,1.0516,-0.6667,-0.3144,-2.3451,-1.1354,-0.7494,-0.0764,1.256,0.0452,-1.0239,0.2505,-0.0898,0.1707,0.2486,0.4062,0.7089,-0.1512,-0.6672,-3.1205,-1.5964,-0.2821,-0.2643,0.0066,-1.0287,0.5227,0.567,-0.9773,-0.5163,0.0228,0.805,-1.2313,0.0462,-0.0228,0.3214,1.0014,0.4981,1.8488,-0.6796,-0.665,-1.6239,-1.8146,-1.1045,-1.4356,0.061,0.3566,3.0704,2.0691,2.1401,2.0626,2.3061,2.2749,1.2918,2.1516,-1.0538,-0.0356,-0.049,-0.9892,-0.4507,-0.7001,-1.064,-1.0443,0.1832,-0.8191,-1.7644,-0.5586,-0.1716,-0.9129,-1.145,-0.1911,-1.3445,0.1435,-0.1018,-0.8423,-0.442,-0.1664,0.6992,-0.0218,0.4672,1.2352,-0.2518,0.1509,-0.6488,-1.6655,-0.2145,-0.8872,0.7432,-0.2277,-0.6709,-0.8801,0.2931,1.4477,0.0188,-0.5563,0.4887,1.6036,0.523,1.0431,2.5471,1.8814,2.1426,1.5265,0.4423,-0.1585,1.2347,-0.8803,-0.6914,-1.297,-0.1365,0.5934,-1.2433,-0.919,-0.4731,-0.1855,-0.9797,-0.4525,-1.6203,-0.8577,-0.98,-1.4427,-0.8388,-1.2757,-0.3541,-0.6108,0.2281,-0.954,-0.2504,0.6036,0.4868,1.0398,1.4683,1.5023,0.6485,1.077,-0.2546,-1.0339,-0.316,-0.4765,0.3051,0.2287,0.8941,0.7643
"IC73",-0.7641,-1.6368,-0.2971,0.287,0.5253,0.1963,-0.3948,-0.6042,-0.9958,-0.0404,-0.3307,0.2182,-0.7609,0.2928,0.3094,1.4922,0.8598,1.6497,1.2535,0.1369,0.8962,0.2838,0.3288,-0.5494,0.1471,-0.3156,-0.544,-0.4613,0.8629,1.0402,0.4153,1.4888,1.2434,1.0431,-0.6845,-0.6633,-1.5152,-1.0715,-1.6631,-1.2098,-1.0713,-0.4723,0.1575,-0.0748,0.8078,-0.0741,0.5079,-0.5879,-0.042,-0.8785,0.4066,-0.44,-0.7131,0.1315,-1.2036,-0.23,-0.2845,-0.6388,0.8035,0.1337,1.0099,1.045,0.6105,1.2833,0.0711,0.2004,-0.42,0.1304,0.2832,-0.8464,-0.4191,-0.315,-1.5125,0.0342,-0.7286,-0.4314,0.5801,0.2206,0.7132,0.2596,0.9757,0.4518,0.6545,2.154,1.1991,1.0575,0.3309,-0.0932,0.1856,-0.149,-0.2077,-1.1247,-0.75,-1.7744,-1.1083,-0.5178,-1.3757,-0.3441,-0.4484,0.0436,-0.6418,-1.4666,-0.7379,-2.0552,-0.7713,-1.7552,0.2628,1.1601,1.884,2.6432,1.386,1.9441,2.0885,2.9935,1.2652,1.0762,0.7317,0.8393,1.253,0.8905,0.3113,-1.1257,-1.2333,-1.9937,-0.7309,-0.806,-1.5492,-1.0255,-1.6315,-0.6591,-0.9262,-0.1758,-0.3174,-0.7692,0.083,-0.5556,0.2153,-0.3193,-0.341,-0.5499,-1.0305,-0.9652,-1.5151,-0.9132,-0.3637,-0.2755,0.6381,0.0751,0.3769,0.5593,0.7455,1.2185,0.5569,1.3373,0.1958,0.8274,0.3396,1.0241,0.8239,-0.1747,1.4145,1.1165,1.8743,0.7453,0.582,0.422,0.3876,-0.2066,0.1949,0.5785,-0.1967,0.5801,-0.243,-0.1067,-0.6259,-0.5666,-1.0974,-0.0638,0.7898,-0.1482,-0.7358,-2.0853,-1.0171,-2.3818,-1.6732,-1.7012,-1.6677,-1.965,-1.376,0.2597,0.5765,2.1019,1.3658,1.9679,1.5811,1.8848,1.516,0.7898,0.0619,-1.2323,-0.5647,-0.8397,-0.6131,0.3123
"IC74",1.5549,-0.253,-0.5396,-1.7103,-0.9232,-0.9817,-0.3667,0.2108,0.8003,0.7769,-0.4139,0.0095,-0.6141,0.4301,-0.248,1.2982,0.3015,-0.5449,-0.5614,0.1107,0.8201,-0.7981,-1.6779,-0.6795,2.0354,-0.0261,1.4026,0.2812,2.3761,0.9961,-0.6453,-0.6634,-0.6784,0.353,-0.9527,-0.6363,-1.2154,-0.8255,-1.2554,0.9024,1.7257,1.2492,0.3268,1.2207,0.2037,-0.5104,0.0508,-0.8212,0.2032,0.6665,0.6503,0.2055,1.392,0.8645,-0.6335,-0.9283,-1.3725,-0.2039,0.9521,-1.0019,1.2317,0.8864,-0.5594,1.1455,-1.1202,-0.7304,-1.5864,-1.0734,-0.3092,-1.6924,-0.7971,-1.2234,-1.2765,1.1665,-0.5873,0.7862,1.5336,-0.9747,0.7204,-0.6969,-0.033,-1.202,0.1027,1.1747,-1.0729,0.4492,0.8223,0.9349,1.0035,1.054,1.2144,-1.4532,1.5579,0.3465,0.6629,-0.842,-3.0529,-0.1963,0.7539,2.2462,0.2288,0.5185,0.7863,-0.6231,-0.5842,-1.5411,0.2343,0.1533,2.25,1.2498,-0.0945,0.6342,-0.3845,-0.8333,-0.0625,2.4203,-0.5084,-0.1092,-0.1589,-1.6443,-0.5222,-0.9037,-0.0096,-0.9569,-0.0114,0.3823,0.304,-0.4934,-1.5413,-0.46,-0.6588,-0.2207,-1.1487,-0.47,0.0407,-1.265,0.1677,-0.5531,1.6731,1.6532,0.8413,1.9983,-0.7496,-0.7188,-0.6257,-1.496,0.3729,-1.9837,0.6974,0.7594,0.227,0.8555,1.0135,2.5781,-0.0235,-0.1307,-0.893,0.7151,0.6006,-0.5123,0.5711,-0.608,1.3259,0.1945,-0.4023,-0.0281,0.2353,-1.3536,-1.6002,-1.2731,-0.2407,1.298,-0.4572,-0.2717,-1.8539,-0.0976,0.6653,1.4828,1.2637,2.0666,0.1935,-0.8859,1.2571,-0.5148,0.0054,-0.8203,0.8137,-0.5095,-1.5583,-0.8114,-0.8301,0.3025,-0.0754,1.587,0.2236,0.6842,1.0054,0.5593,-0.5097,-1.1591,0.4488,-0.574,-0.5856,-0.6284
"IC75",-0.5961,0.5357,-1.3382,-0.239,-0.0811,-1.0391,-0.227,-0.1499,0.8261,0.9491,1.3518,0.1622,0.0396,0.1919,0.3314,-0.0112,2.3139,1.1866,0.3666,-0.5408,-0.6893,-0.9166,-1.8149,-0.726,-1.7378,-0.9866,0.8199,0.8107,1.2978,0.4477,1.6744,1.6561,0.9241,0.2767,-1.3572,-2.0819,-0.2293,-1.2528,-0.2577,-0.1085,1.2624,1.2187,-0.3545,-0.0185,0.5355,1.5457,-0.9621,-1.5602,-2.4827,-2.0737,-1.9223,-0.3489,0.3533,0.2984,-0.0179,-0.5338,0.2596,0.743,0.7629,0.2747,0.6781,0.7315,0.6133,0.3075,0.6929,-1.4498,-2.5909,-0.6358,-0.1721,0.6892,1.0127,2.0244,0.9377,0.0136,1.4931,1.9187,1.2686,0.7948,-1.4444,-0.6594,-1.2042,-1.6047,0.3409,0.5711,2.1269,0.4901,0.1107,0.4382,0.5285,0.2159,-0.1705,0.3073,-0.2855,-1.4418,0.4732,1.0744,0.3844,-1.2565,-0.6928,-0.0855,-1.5573,-0.635,-2.2522,-1.1453,-0.3419,1.1103,0.0524,-0.7046,1.6908,-0.4797,-1.3289,-1.5771,0.1864,-1.0344,-0.8371,0.4714,0.2293,-0.661,-0.7415,-0.2872,-0.5217,0.7747,0.478,1.7337,1.9967,1.3373,0.9158,-0.8376,0.3423,-0.3962,0.494,0.175,-0.229,0.2105,0.4121,1.1383,1.0887,0.6929,-0.0083,0.3607,0.9829,-0.4284,-0.6605,-0.0219,-1.2043,-0.766,0.0146,-1.0494,1.166,0.3991,0.6211,0.3872,0.6722,0.3749,0.9336,-1.6496,0.1992,0.0025,-1.0946,-0.5357,-1.114,0.1022,-0.8699,0.8721,-1.5277,-1.591,-0.0075,-2.1199,-0.6652,-0.9582,0.646,0.4819,0.9822,-0.2902,0.2377,1.9332,0.8808,0.6505,-0.6379,0.7914,0.7322,-0.2052,-0.1956,1.9022,0.4828,-0.7767,-0.4633,-2.0204,-0.2249,-0.0131,0.1418,-1.2763,0.7942,0.2857,1.0948,1.0251,0.7626,1.5678,-1.3945,-1.5152,-0.3405,-0.6114,0.4636,0.0256
"IC76",-0.6603,-1.7201,-0.5731,-0.5513,0.1191,0.4543,0.4702,0.9035,0.9805,0.4874,-0.3927,-0.3819,-1.43,-0.4974,-0.7317,0.2687,1.153,2.0785,0.9079,0.414,0.6316,-0.1382,0.4067,-0.4751,-0.6048,-0.1691,-0.1258,-0.1839,0.421,0.0728,-0.0151,0.4694,0.7442,1.7348,0.592,-0.4574,-2.0262,-0.9481,-1.5287,-2.0887,-1.3867,0.786,1.0533,0.4518,0.4716,0.3347,1.3691,0.6184,0.188,-1.1955,-0.7124,-0.9206,-0.6746,0.1272,0.0613,-1.7572,-1.6859,-0.4719,1.0372,1.7639,1.5599,1.0741,1.2676,1.5944,1.0771,-0.1024,-0.7124,-0.5002,0.4594,-0.0402,0.1694,-0.5596,-0.0675,1.0297,0.3327,0.6371,0.8315,-0.8419,-1.6448,-1.2259,-0.583,-2.115,-1.6226,-0.2341,0.2559,-0.033,0.3374,0.5246,0.9429,0.9711,0.6718,-0.9983,-1.706,-0.9523,-0.1587,0.6493,0.0714,-0.3686,-0.2408,-0.0604,0.2147,0.3737,0.4673,-0.7435,-0.6239,0.0365,0.6515,1.1296,0.788,0.7274,0.6855,1.045,-0.3977,0.2666,1.0179,0.9258,0.0602,0.334,0.8912,1.0251,0.7624,-0.5973,-0.4285,-0.4328,-0.2544,0.3225,-1.5402,-1.0897,-0.7795,-0.4908,-0.9883,-0.5223,-0.0629,0.3496,0.2534,0.1041,0.4464,0.9757,0.9927,-1.0561,-1.596,-1.661,-0.7643,-1.0386,-1.3373,-1.3293,-0.901,-0.7828,-0.4787,-0.1574,0.3489,0.2228,0.2157,1.292,1.1939,1.7248,1.712,1.6973,-0.0938,0.6871,1.8173,2.022,1.7137,1.2601,1.4643,0.8457,0.211,-1.8614,-3.2707,-1.7868,-1.982,-1.3415,-0.6017,-0.6142,0.901,0.835,0.3721,1.216,1.414,-0.3524,-1.4414,-0.8298,-0.492,-2.2272,-1.6064,-0.6487,0.269,0.0913,-0.3294,1.1164,1.4787,1.9714,1.6555,1.3531,0.392,0.2765,-0.737,-1.1566,0.3913,-0.1799,-0.909,-0.7628,-0.1516,-0.3355
"IC77",-1.2739,-0.7994,-1.5145,0.6124,0.9251,0.8124,1.6216,1.6219,0.4939,-0.0646,0.0948,-1.2619,-1.2527,-0.9327,0.1006,0.5624,1.8223,-0.0877,-0.242,0.8251,0.5555,-0.6426,-1.4413,-1.5016,-0.9075,0.9743,0.9682,0.9696,0.6612,-0.286,-0.7259,-1.0143,-0.5876,-1.0737,-1.0356,-1.499,-0.1992,-0.4376,-0.0775,-0.3503,1.3044,1.6766,1.2823,0.9003,-0.886,1.1467,0.4849,0.8421,-0.768,0.6123,-0.3711,1.2704,0.6758,-0.3101,0.0807,-2.3478,-1.4186,-0.5793,0.4175,1.7263,-0.0019,1.6904,1.7594,1.7692,1.7175,0.0261,-0.6805,-0.5769,-1.5185,0.1307,-0.8115,-2.2329,-0.6578,-0.7565,1.3568,0.1535,-0.055,0.4326,-0.2746,0.1649,-1.5446,-2.2146,-0.6975,-1.1694,-0.3058,-1.6685,-0.2848,-0.1559,0.3141,1.5236,-0.3689,0.9466,0.3075,-0.3328,-0.9229,-0.3821,1.3379,-1.5905,0.4632,0.1775,1.0563,0.6403,0.427,2.0936,0.5442,1.2223,-0.4194,0.1958,0.7994,1.4871,1.568,-0.0992,1.6313,-0.2493,0.539,0.4496,1.5536,-0.1617,-1.2316,-0.2339,-0.9817,-0.1559,-0.7224,-0.9224,-0.3027,-0.2616,-0.9613,-1.3555,-1.0742,-2.1354,-0.4303,-1.5528,-1.2486,-0.3281,-0.9483,0.0938,0.273,1.0497,-1.1399,-0.2789,0.7534,-0.891,1.3419,1.5414,0.0765,0.3632,0.111,0.8637,1.4119,0.6684,0.9399,-0.2207,2.2683,0.2596,-0.209,-0.8164,1.3994,-0.5738,-1.4424,0.6601,-1.216,0.6932,0.0839,1.6746,-0.5768,0.1956,0.7086,-0.8243,-1.6841,-2.0793,0.0113,-0.963,1.5778,0.025,-1.0982,-0.7449,1.312,1.6664,-0.1228,0.4088,-0.9011,-0.2249,-0.6917,0.2003,-0.9326,-0.073,-0.0671,-0.7888,0.4066,-0.3972,0.0183,-0.0245,1.3647,0.7687,0.9646,0.6021,0.461,1.3372,-0.7101,-0.0961,-0.7401,-0.3883,0.5414,-1.8302
