"IC05","0.5705","-0.1586","0.0823","0.4301","0.7792","0.7020","0.3128","0.9643","-0.1761","-0.1934","0.4350","0.7260","0.5084","0.4212","0.1642","-0.6629","0.3490","-1.3634","-2.0746","-1.2487","-0.2209","-1.1355","-1.5986","-0.2788","-1.4283","-1.1448","-0.9140","-0.6821","-0.4002","-1.4302","-1.2579","-0.7407","-0.4276","0.6672","1.9805","1.7132","1.6447","1.5947","0.9649","-1.1808","-1.8606","-1.7261","-1.6577","0.0831","1.1355","2.5921","3.0075","2.0385","2.3095","1.2561","1.8513","1.0408","0.5809","1.9860","1.3412","0.9507","1.0876","0.4909","-0.7298","-0.9930","-0.9931","-1.2848","-0.3093","-0.6629","-0.8045","-1.2600","-1.8631","-1.1837","-1.9185","-0.7732","-0.6813","-0.1731","-0.3910","-0.3374","-0.1292","0.2309","-0.0991","0.0379","0.2733","-0.7953","-0.4727","-0.6352","-0.9081","-1.2514","-0.3933","0.0741","0.5632","0.0851","0.0267","0.3220","0.5699","1.4425","0.6010","-0.5681","0.2504","-0.0191","-0.9772","-0.3059","1.0755","1.8583","0.6565","0.7282","-0.1304","-0.4307","-0.9758","-0.8606","0.0806","-0.0597","0.1232","-0.0212","0.8804","0.3083","-0.4976","0.2230","0.1910","-0.6063","-0.4876","0.8752","0.5042","0.7378","0.7499","0.7497","-0.1488","0.1506","2.0543","0.9186","0.6989","-0.2554","-0.3978","-0.3177","0.0450","-0.2042","-0.4764","-1.8696","-1.6419","-0.8630","-1.0404","-0.6025","1.0429","1.0862","1.4537","1.2654","1.3932","1.4887","1.7096","1.1160","-0.7145","-1.6514","-1.1439","-1.7195","-2.0200","-1.2859","-1.2550","-0.7713","-0.7196","-1.2595","-1.0378","-0.8600","-0.4397","-1.6127","-0.5545","-0.3319","-1.0155","-0.4934","0.5710","0.6008","0.4163","2.0234","1.9700","1.1744","0.6500","1.4442","1.7077","0.3355","-0.8009","0.1156","0.9602","0.2902","0.6263","0.6981","0.0622","-0.0906","0.7850","-0.0296","-0.3272","-0.6779","-0.3106","-0.2899","0.4608","0.0843","-0.1461","0.5834","-0.0228","0.1226","-0.7207","0.2613","-0.0165","-0.2452","-0.4847","-0.5500","0.2447","-0.3200","-0.0077","-0.9016"
"IC08",-1.0689,-1.0803,-1.021,-1.6526,-0.1681,0.7689,1.2688,-0.3969,-0.7233,-0.5496,-0.3661,-0.4803,-0.2585,0.0715,0.4392,0.9397,0.7855,0.6209,-1.0737,-1.3315,-0.5863,-0.6882,-0.0602,-0.2085,0.8538,2.5996,2.1189,1.9063,1.8278,0.74,-0.56,-0.3902,-0.4932,-0.8925,-0.4596,0.9677,0.9734,0.0487,0.8519,0.4223,1.1648,1.7471,0.9881,-0.0822,-0.6453,-0.176,-0.4332,0.9529,0.1814,-2.0275,-1.2893,-1.5983,-1.592,-1.1595,-0.801,0.092,0.198,0.5945,-0.1183,-1.0194,-1.4974,-0.8128,0.859,0.6776,0.7703,0.9178,-0.2626,-1.1164,-0.3358,0.438,0.0714,0.362,-0.6562,-0.2446,1.7213,1.0045,-0.9901,-0.4654,0.3445,-0.6075,-0.1297,-0.5317,-0.4401,0.6061,0.8766,0.1958,-0.6276,-0.5658,-0.562,-1.068,-1.3154,-0.7439,0.5287,0.8392,0.1893,-0.6324,-0.8928,0.2138,0.76,0.8853,2.1117,1.2358,1.0142,0.9986,0.8958,1.3838,0.6166,0.8819,1.3072,1.4035,0.1878,-1.0386,-1.2003,-1.3652,-1.5451,-0.2515,1.8445,1.1914,-0.661,-1.252,-2.0974,-1.3097,1.3318,1.4091,-0.3954,-0.8008,-0.6512,-1.4907,-1.1302,-0.4021,-0.5093,-0.8146,0.4379,-0.278,0.0364,-0.7153,-0.7262,0.1818,0.8289,-0.1406,-0.9921,0.3205,0.8696,0.049,-0.1886,0.8896,-0.4882,-0.0341,0.7663,-0.4517,-0.2573,-0.3446,-0.348,-0.4622,-0.1828,1.3648,1.6524,1.255,0.743,-0.2429,0.8044,0.4128,0.1141,0.8072,0.514,-0.1223,0.2018,-0.0166,-1.4016,-1.8392,-2.0345,-1.5845,-0.378,0.0123,-0.1129,0.0481,0.4616,0.1431,0.5004,0.8966,0.9174,0.6433,0.9921,2.0915,2.4128,1.9091,-0.2706,-1.3529,-1.5145,-1.3624,0.4583,1.9761,0.9369,1.1662,1.0332,-0.004,-1.0574,-1.5782,-1.8534,-1.9082,-1.8664,-0.6477,1.1125,-0.5365
"IC09",-1.5099,-1.0284,-0.8947,-0.1216,1.3069,0.3946,-1.2076,-1.5625,-1.1377,-0.5515,0.8832,1.7266,1.7178,0.9673,1.0264,0.5846,-0.1517,-0.2793,-1.0351,-0.9357,-0.6553,-0.3107,0.153,0.9496,0.8731,0.7947,0.3186,-1.1191,-0.6114,0.1245,-0.9467,-1.1537,0.6909,2.1008,1.7293,2.182,1.4872,-0.8781,-0.3333,-0.5007,-0.6512,0.0734,0.7855,0.4087,0.8955,0.926,-0.1483,-1.3124,-1.0227,-1.3418,-1.1857,-0.4161,-0.3618,0.7338,0.8357,0.8143,-0.2114,-1.8998,-1.7173,-1.6915,-0.1405,0.4597,-0.3087,-0.2376,-0.8873,0.1678,0.3018,-0.7514,-0.4183,0.0799,1.4802,1.5731,1.6276,0.5063,0.6609,0.5061,-0.0679,-0.4311,-0.0532,0.1268,-0.451,0.0302,0.29,1.1557,0.5516,-0.957,-0.3671,-1.0361,-0.6196,-0.1558,0.764,0.7607,0.2803,0.6727,-0.5557,-0.1702,-0.5958,0.8009,0.578,0.7096,1.2936,0.5116,-0.6241,-0.5605,0.004,-0.4676,-0.7614,0.1518,0.6087,-0.8944,-2.2616,-2.4793,-0.9625,-0.1926,-0.1371,0.8027,0.9086,-0.5615,-0.7491,-0.4284,0.914,0.0168,0.6071,0.6239,0.0884,-0.5171,-0.2906,-0.0343,0.861,1.1588,-0.6183,-0.006,1.5348,1.2632,0.8618,0.8117,1.5462,-0.1108,-0.684,-0.875,0.3149,0.8347,0.3358,0.0639,0.3465,0.7841,-1.3441,-1.3555,-0.7002,-1.7372,-0.3119,-1.3277,-0.2421,0.2072,0.1659,0.6153,-0.116,-0.2694,-0.5136,-0.2907,-1.3223,-0.4341,0.3665,0.5783,2.0425,0.8136,-0.7905,-0.5173,-1.8521,-1.1165,0.2697,1.0067,0.6429,1.0103,0.0788,-1.2686,0.2802,-0.885,-0.0277,0.1483,-0.1769,0.7647,0.6121,1.2151,0.4466,0.7089,-0.0516,0.4039,1.0168,1.0645,1.3793,3.4435,3.1371,-0.4528,-2.5568,-2.9223,-1.8952,-1.2755,-0.1877,0.8919,0.6803,-1.4907,-1.6312,-0.4389
"IC15",-0.5255,-0.3399,0.6531,-0.0587,-0.6889,-0.7194,-1.0826,0.3628,0.138,0.5209,1.0131,0.3588,0.2456,-0.736,-1.428,-0.6678,-0.1274,0.2437,1.1179,0.1378,0.1868,0.7435,-0.4631,-0.5948,0.3195,-0.6465,-1.2051,-0.2512,-0.2069,0.4449,1.6778,1.4877,1.7584,1.6189,-0.1453,-0.7362,-0.5221,-0.3368,-0.5816,-0.1704,-0.5434,-0.0413,0.4838,0.9063,0.0603,-0.1075,-0.4807,-1.3428,0.4602,0.874,0.1691,0.344,0.5053,-0.8721,-0.2909,-0.6488,-0.6485,0.3774,0.2025,0.5992,-0.1877,-0.4312,0.0302,1.0969,0.336,-1.2012,-0.1408,-0.5275,-1.8005,-0.3264,0.2439,0.1592,0.1895,-0.1686,-0.4826,0.0473,0.171,1.304,2.0156,0.9997,0.3848,1.3955,0.1022,-0.7819,0.8318,0.2607,-0.9398,-1.2103,-0.7205,0.6384,0.354,-0.9741,-2.0912,-1.0948,-0.6266,0.1137,0.0401,-0.2481,-0.6853,-0.7422,-1.2855,-1.4104,-1.147,0.2268,0.6284,1.0974,3.1067,1.1217,-1.138,-0.419,0.1463,1.5495,2.0869,3.2707,0.9719,-0.9723,-0.8026,0.0113,-0.937,-0.5817,0.6777,0.8212,-0.1139,-0.4711,-0.9562,-1.2861,0.7482,1.4211,0.1792,0.1011,1.4683,1.0266,1.0484,1.8592,0.1224,-1.5102,-3.0021,-1.6518,-1.5537,-0.7348,-0.5317,-1.9522,-1.1429,-0.4783,-1.2604,-1.8042,-0.7905,0.2456,0.2626,1.532,1.3304,2.3126,2.2267,0.8714,0.5393,-0.5696,-0.5583,-0.6912,-0.126,0.6027,0.4429,0.0866,1.5653,1.3969,0.7536,-0.3299,-0.4694,-1.7097,-1.1251,-1.2608,-1.03,-0.4041,-1.2224,-1.7668,0.1036,1.3087,-0.134,-0.0197,0.7809,0.0096,0.7229,0.8506,0.3167,0.2622,1.3611,0.5115,0.8174,1.88,2.3055,1.1323,0.4864,0.0257,-0.8161,-1.1234,-1.1336,-0.2956,-0.471,-0.7388,-0.9203,-1.3234,-0.24,-0.5794,-0.9354,1.059
"IC16",-0.0519,0.1563,-0.1703,0.2154,0.7949,0.5037,0.1109,0.2101,-0.3601,-1.3803,-0.9789,-0.4449,0.3012,0.2199,0.3862,-0.1348,-0.0719,-1.4262,-2.3624,-2.4758,-1.6149,-0.23,1.3105,1.8021,1.8457,1.4516,1.9363,0.8819,-0.1645,0.8547,0.5178,0.2446,1.4803,0.523,1.3069,1.196,0.1554,-0.4625,-1.3579,-0.036,0.0887,-1.0463,-0.4898,-0.445,0.085,-0.3408,-0.4666,-0.4554,-1.1834,-1.5549,-0.5641,-0.3854,-0.1746,1.5249,1.1643,0.4817,-1.2742,-1.2945,-0.8658,-0.7488,-0.5439,-0.6131,-0.1099,0.2839,0.8467,0.8472,0.6483,-0.1263,-0.7553,-0.3409,-0.6171,-0.1115,0.8466,1.1207,0.1526,0.1639,0.2158,0.2073,1.3918,0.7227,1.1257,1.4179,0.6749,0.7399,1.9238,1.1233,-0.4553,-0.6055,-0.6112,-0.7886,-1.0454,-0.3765,-0.0913,-1.0683,-1.6055,-1.9753,-0.9098,-0.8133,-1.0729,-0.7088,-0.4402,-0.3906,-1.45,-0.7921,-0.7958,0.8296,2.1245,1.9538,1.9925,1.7665,0.6317,0.138,0.1436,1.0651,0.4558,0.6349,-0.4622,-0.8096,-2.1216,-1.2621,-1.0689,-0.5929,1.0771,0.2216,-1.7569,0.3723,1.5429,1.0446,1.9532,1.0409,0.2466,-0.3553,-0.3301,0.7725,0.8278,0.2632,-0.4773,-1.5634,-1.989,-0.8147,-1.01,-1.1539,0.0529,1.1085,1.4682,0.4567,-0.1362,0.7585,0.8433,-0.3461,-1.1266,0.1885,-0.7982,-0.6558,0.0723,-0.4802,0.9933,-0.7495,-1.6828,-0.4779,0.6968,0.4915,0.3464,1.2788,0.9136,0.7382,0.5781,-1.3308,-2.4809,-2.005,0.0937,0.4023,0.3155,1.5915,0.9795,0.9274,0.7203,-0.1177,0.0092,0.2017,0.5284,-0.3639,-0.1223,-0.0792,0.1409,0.0247,0.4402,0.7219,0.4864,-0.0708,-0.2291,0.9116,0.6935,-0.4837,-2.6658,-2.1056,-1.3311,-0.9025,0.7157,1.7269,0.9451,0.7112,0.51,-1.3478
"IC17",0.6849,0.5905,-0.1579,0.6899,-0.3053,-0.1871,-0.384,-0.7635,0.488,1.0392,0.6483,-0.3163,0.2999,-0.433,-2.0476,-1.6961,-1.361,-1.6061,-1.6608,0.4906,1.2019,1.0196,-0.4811,-0.1157,0.5706,-0.3358,-0.225,1.1724,0.3741,-0.5342,0.3019,1.6283,1.8827,0.9193,0.6142,-0.1104,-0.3472,-0.602,-0.6487,0.4585,0.2414,-0.2264,-0.4106,-0.2084,-0.507,-0.154,-0.7575,-1.5346,-0.0752,1.8684,1.6216,1.8165,2.0409,1.3218,2.1894,1.176,-0.5238,-1.3279,-0.6885,-0.2139,-0.4863,-0.1905,-0.0773,-0.4449,-0.9561,-2.1247,-1.4819,-1.7325,-1.011,-0.1928,-1.3725,-1.179,-0.702,-0.4594,-1.215,0.2623,-0.2249,1.244,1.2455,1.352,1.8886,1.6084,1.0517,-0.232,-0.0205,-0.0906,-1.0709,-0.113,-0.1846,0.9292,0.3063,-1.4491,-1.5346,-0.1726,-0.9747,0.693,1.0485,-0.4908,-0.1536,0.1974,-0.7689,-2.2712,-1.4245,0.5837,1.292,1.7033,2.5301,2.0048,0.3007,0.5755,1.7154,1.012,0.233,0.8284,-0.0609,-0.1892,-0.8528,-1.8038,-1.2143,0.194,0.3031,0.2987,-0.2165,-0.1395,0.0826,0.2798,1.0582,1.0573,-0.9055,-1.9783,-0.3306,0.1324,0.28,0.3255,-1.259,-1.3991,-1.7762,-1.2582,-0.4136,0.4826,-0.0216,0.016,0.6493,1.0499,1.0687,0.1537,-1.5894,-1.0769,-0.88,0.5987,0.1138,0.8543,-0.2248,-0.0102,0.3125,-0.1236,-2.2255,-0.8344,0.8268,0.4803,0.5013,0.8765,1.8524,0.8099,-0.3876,-0.9208,-0.2379,-0.0004,0.7144,0.185,0.9497,0.493,0.9295,-0.3566,-0.7867,0.8922,0.0886,0.6683,0.9815,0.8831,0.9912,0.4186,1.0623,-1.3891,-1.0275,-0.9502,-0.6657,-0.0524,-0.0467,-0.2215,-1.124,-2.025,-2.3395,-0.8425,0.5716,1.8344,1.173,0.9029,0.525,-1.0787,-0.3527,0.5401,0.0876,-0.168
"IC18",-1.275,-1.2822,-1.0025,-0.5089,-0.4883,0.2694,1.3313,0.7219,0.059,0.3063,-0.3116,-0.2748,0.4758,0.793,0.9007,0.3182,1.1783,-0.2103,-0.1008,-0.9679,-1.1282,-0.2798,-0.3927,0.4391,0.8651,1.3562,1.3991,0.4111,1.0625,0.8131,0.065,-0.7015,-0.6505,-0.1819,-0.1513,0.3002,0.4753,1.8832,0.5335,0.4244,0.7869,-0.4964,-1.6586,-2.1503,-1.688,-1.2762,-0.8134,-0.9968,-0.1515,-0.2724,-0.9124,-1.3532,-1.2295,-0.7322,-0.9516,0.1906,1.1661,1.3449,1.2847,0.3173,-0.0798,-0.4133,0.0545,-0.1225,0.2517,1.6954,2.0462,1.923,0.9976,-0.2856,-1.4179,-0.459,-1.3245,-1.0125,0.1703,0.8984,0.8249,0.058,-0.1865,-0.0728,0.0012,0.0756,0.2698,0.3738,0.1711,1.685,1.2142,-0.6629,-1.4868,-1.1316,-0.4322,-0.4189,0.0935,0.2285,0.9365,-0.0764,-0.1664,-0.9007,-1.8303,-1.2265,-0.3968,1.1165,1.6571,1.3009,0.1472,-0.1168,0.3244,0.7932,1.1021,0.2033,0.9345,0.9832,-0.5886,-1.1963,-1.5121,0.2156,0.1891,-0.3428,-1.5254,-1.2753,-0.988,-1.9119,-0.4166,-0.0797,-0.0042,-0.1888,-0.4968,-0.0985,-0.0677,1.1363,1.366,1.5764,-0.083,0.3873,0.2347,-0.0587,0.3693,0.4549,-0.4128,-0.428,-0.8622,-0.3579,0.5913,0.7707,0.8947,-0.6586,1.2694,1.7084,-0.0523,0.3132,-0.9006,-1.0214,-0.9242,-0.9963,-0.5506,-0.7066,1.1006,0.3182,1.3998,1.5059,-0.0426,-0.2909,-1.1422,-0.0503,0.287,0.5256,1.9203,0.4169,-0.8256,-1.889,-0.2126,-0.8444,-1.6872,0.7174,1.7588,1.7617,0.5573,0.253,-0.9278,-2.6035,-1.892,-1.498,-0.7073,-0.4236,0.4726,1.6363,2.6329,0.8365,-1.7574,-0.4773,0.4681,1.7122,1.9904,0.8205,1.3958,-1.525,-1.9855,-2.1248,-0.8841,-0.1164,-0.47,0.7459,0.8224,0.3567
"IC19",-1.8634,-2.1199,-2.2203,-1.7501,-2.1819,-1.8563,-0.8869,-0.9929,-0.7007,-0.7509,-0.562,0.3696,0.6482,1.0581,1.5788,2.6734,2.24,2.0828,1.1484,1.3229,1.4089,1.6018,1.4486,1.0954,0.5775,1.2939,1.5883,1.3382,1.3602,0.7438,0.9515,0.4912,0.3572,-0.0582,-0.2369,0.2944,0.7434,1.0798,1.3157,0.357,-0.9387,-1.3681,-1.6171,-1.7293,-1.5928,-1.8687,-0.886,-0.4063,-1.9832,-1.728,-1.7503,-1.2284,-1.2163,-1.8235,-1.5566,0.1752,0.1624,-0.2896,-0.0207,0.1027,0.843,0.4603,-0.371,-0.1935,-0.498,0.146,0.3615,0.1522,0.4146,-0.1435,-0.0039,-0.0235,0.0433,0.04,0.6777,0.0517,0.5298,0.4576,0.1478,0.1261,-0.6138,-0.0461,-0.2168,0.5819,0.6871,0.4456,0.5503,0.4053,0.2965,-0.4647,0.0166,0.3507,1.6972,1.2209,1.1073,1.2285,0.2681,0.3516,-0.0474,0.2507,0.5143,0.3917,0.5901,-0.2539,0.3329,-0.1642,-0.3236,-0.6454,0.3248,0.1355,0.1779,-0.1876,-0.3144,-0.0494,-1.0428,0.0126,0.2932,-0.0635,0.2014,0.266,0.6671,-0.3914,-0.428,-0.8134,-0.4907,-0.7095,-0.468,-0.7864,-1.0301,-0.5098,-0.6985,-0.3783,-0.8405,-1.0186,-0.9504,-1.115,-0.3632,-0.2004,-0.4625,-1.053,-0.7754,-2.2483,-1.9769,-1.4771,-0.5705,0.3242,-0.5492,-0.3155,0.1312,1.9885,3.5631,1.9333,1.8218,1.3042,1.1618,1.1554,0.3871,0.2189,0.9212,0.51,0.3253,1.6492,2.0227,0.94,0.9647,0.72,0.5785,0.6152,0.6814,0.6634,0.7583,0.5449,-0.1166,0.7412,0.5321,-0.5604,-0.4949,-0.4549,-0.2438,-0.9373,-1.2402,-1.3833,-1.0967,-0.9125,-0.9337,-0.3546,-1.1403,-1.4847,-0.6501,-0.2941,-0.2468,-0.0029,-0.1949,-0.5328,-0.3084,-0.4789,-0.264,-0.0928,-0.0915,-0.4632,0.1628,1.1383,0.8313,0.7297
"IC20",-1.8954,-1.1304,-0.196,1.0433,-0.0594,0.9488,0.3415,-0.3982,-0.6518,0.8589,0.6061,0.4665,0.7592,0.7977,0.5736,-0.0435,0.5497,-1.9014,-1.9577,-1.9265,-1.3273,1.0215,0.804,1.4337,0.4604,0.2144,0.4533,-0.1993,-0.2462,-1.441,-0.8583,-0.6645,0.6204,1.8304,1.1725,1.6786,1.2059,2.1721,0.1299,-1.6253,-1.9681,-2.6352,-1.5152,-0.2876,0.4554,1.1604,1.9669,1.0336,0.5089,-0.3573,-0.5912,0.4782,0.0298,1.0609,0.0314,0.5572,0.7362,0.3073,0.1338,-1.3841,-0.8175,-0.8181,-0.1923,-0.8214,-1.9032,-0.2813,-0.7095,-0.8061,-1.3374,-0.8184,-0.8689,0.6059,1.4633,1.0067,0.6544,0.2483,0.036,-1.542,0.0203,0.3683,0.6095,1.4475,0.5558,0.9966,0.2775,0.3221,-0.7708,-0.2302,-0.2238,-0.0799,1.7271,0.7454,1.3554,0.3628,1.1359,-0.8908,-1.7233,0.3736,0.5538,1.2906,0.183,-0.6557,-1.13,-1.1837,-2.2918,-1.4315,-0.263,-1.5238,0.7918,0.7693,0.6186,-0.34,-0.4912,0.1017,-1.2198,0.3827,0.1695,0.3363,-0.1058,0.3492,0.8256,0.0705,0.6706,0.2173,-0.2757,-0.4072,1.1717,1.1294,1.2084,0.9708,-0.649,-1.03,-1.474,-0.6161,-0.9749,0.5599,0.5863,1.0961,0.4593,-0.1782,0.4109,-0.3058,1.6418,0.7161,0.7084,0.0552,1.2852,0.4411,-1.0273,-0.9653,-1.8915,-1.6972,-0.6055,-1.3061,-0.6119,0.0312,0.3083,-0.5709,-0.314,-0.8494,-1.3383,-0.8011,-1.3776,-0.501,0.7334,0.0949,0.9469,0.3445,0.0699,0.3809,2.4564,2.0971,0.9209,2.5427,1.4732,0.159,-0.6036,-0.5588,-0.0208,-1.5528,0.4206,0.4647,0.7962,1.1013,0.1558,-0.0868,-0.9317,-1.2365,-1.4276,-0.876,-1.0193,0.4716,0.6886,-0.4001,-0.4963,-1.024,-0.2204,0.7223,2.082,0.9186,-0.1134,0.1688,-1.0481,-1.1189
"IC23",0.1358,-1.0896,-0.284,-0.9068,0.1141,-1.0572,-0.5139,0.5692,1.214,-0.9666,-1.9808,-1.6999,-0.5242,1.5389,0.0818,1.0427,2.0205,0.4347,-1.007,-0.1168,0.9296,-0.967,-0.274,-0.5701,-1.172,-0.8751,-0.8129,1.4398,1.794,1.3102,0.4157,0.672,-0.3194,-0.5535,0.5251,0.2551,1.9551,0.9448,0.8381,1.2689,-0.742,1.242,1.0872,-0.177,-1.5474,0.138,0.101,-0.2718,1.1042,0.2596,0.4677,-1.1359,-0.6695,-0.5843,-1.2001,-0.0253,0.3935,0.5792,-1.1734,-0.0868,0.1703,-1.0857,-0.1974,-0.7613,-0.4546,0.1724,-0.2278,-0.6102,0.1092,0.8267,-0.3457,0.9624,-0.7735,-1.1857,-0.2812,0.6528,-0.8444,0.7775,0.6067,-0.9017,0.5327,-1.735,-0.0441,0.2238,1.0556,1.5115,0.6907,0.0456,0.2793,-0.2537,-1.5215,-0.3123,0.1724,0.9592,0.427,0.5594,0.7965,-2.1913,-0.4991,-0.3181,-2.4295,-1.1236,-0.1889,0.0495,0.2724,0.8568,0.8826,1.2046,0.0907,0.2788,1.2048,2.3353,1.3658,-0.4392,0.3848,-1.1398,-0.9851,0.5763,0.4144,0.2693,-0.8159,-0.3154,0.4306,0.9204,0.2972,0.8122,-0.7418,-0.929,-0.2169,-0.6732,1.7952,1.5648,1.4404,-0.1484,-0.3438,-0.5438,-1.9648,-1.2833,-0.5408,0.5769,0.3885,-0.8922,-2.0875,-1.0362,0.0199,0.2168,-1.2031,-1.0614,1.1412,1.0272,0.7665,1.4847,0.1173,-1.0406,-1.5217,-0.6936,-0.317,-0.8625,-0.409,0.6092,0.7072,-0.6644,-0.4655,-1.1744,-0.4779,1.2027,1.144,0.9624,-0.0502,-0.2882,-2.696,-2.3766,0.7595,1.1669,1.3099,0.6581,1.6303,2.085,0.2547,0.0634,0.7466,1.2112,1.3415,0.0017,0.8014,2.7109,1.9544,-0.2416,-0.0891,-1.076,-0.1415,0.5764,0.1893,0.1482,0.0883,0.2938,-2.1466,-0.852,-1.0859,-1.8322,-0.4061,-1.6013,-0.0389,-0.7053
"IC24",-0.8161,-0.6373,-0.8972,-1.25,-0.2854,0.8508,1.135,1.6993,0.4508,0.0038,-0.2066,0.0735,-0.619,-0.4226,0.6066,0.3761,1.4191,2.1269,-0.754,-2.4144,-0.5865,-0.7617,-0.5333,0.3658,-0.385,0.4461,0.8558,0.9213,1.4148,1.4022,-1.4683,-1.9931,-1.008,-1.5081,-0.2643,0.2974,1.0285,1.727,1.5625,-0.2204,-1.2059,-0.2161,-1.1144,-0.9976,-0.5082,-0.4167,0.8502,0.9854,1.3218,0.0966,0.3073,-0.4378,-0.6209,0.0649,0.7356,1.2528,1.5274,1.6701,1.2488,-0.4314,-0.87,-1.4521,-1.4929,-1.561,-1.0196,-0.3906,-0.2774,1.1441,0.7889,-1.1636,-1.6262,-1.1288,-0.7133,-0.7583,-0.0388,0.8645,1.8456,1.1911,0.5778,-0.0278,-0.635,-0.4424,0.1853,0.0384,0.1384,1.7514,1.8021,-0.3096,-0.918,-0.3366,-1.1659,-1.0103,0.0704,-0.1238,1.0378,1.26,-0.5138,-0.5236,-0.3348,-0.3443,-0.7342,0.2088,1.2478,0.4659,-0.3039,0.0876,-0.7228,-0.5065,-0.2977,0.2586,1.7109,1.5046,-0.6013,-0.7749,0.1175,0.08,-0.1734,0.756,1.2268,-0.7303,-1.1572,-0.4758,-0.8397,-0.4375,0.9965,-0.2592,-0.9374,-0.8233,-0.0179,0.0529,1.6298,2.2527,0.3184,0.3397,0.2908,-0.6123,-0.872,-0.3822,0.751,-0.8419,-1.4504,-1.3206,-1.3653,-1.0193,-1.1936,0.0987,2.6031,2.2728,2.2672,-1.0762,-0.7456,0.3753,-1.3455,-1.2171,-0.4961,-0.051,0.6195,0.7656,1.5753,0.7463,0.1481,-0.9856,-1.0306,-0.3044,-0.3953,0.2796,1.0874,1.1428,-0.403,-1.286,-0.7792,-0.637,-0.2712,0.9912,0.6391,1.6472,2.5279,-0.2317,-1.1213,-0.4517,-0.4763,-0.9551,-0.5869,-0.2627,0.2715,2.064,1.704,-0.3746,-0.3196,0.2688,-0.3579,-0.3889,-0.666,0.1969,0.6396,-1.5747,-1.6382,-1.2785,-0.4102,-0.4712,0.2172,0.9859,1.4079,0.2389
"IC26",-0.7819,0.4158,0.7347,0.5464,1.2187,1.1546,1.4637,0.4994,0.0175,-0.1534,-0.23,-0.4301,-0.5938,0.3125,-0.4675,0.4646,0.8912,-0.9244,-1.5678,-2.5688,-1.5648,-1.0163,-1.5345,-1.0465,-1.1952,-1.2352,0.1713,0.1571,0.0724,0.6323,-0.1146,0.3558,0.3159,0.7435,1.5552,0.9694,1.33,3.0239,0.6794,-1.0269,-1.1922,-1.1249,-0.8308,-0.111,0.1439,0.4837,0.5448,1.3459,1.3793,0.4215,1.0815,0.7756,0.4539,0.8078,1.5438,1.3274,0.7581,-0.051,-1.0674,-0.3299,-2.3073,-2.8633,-1.801,-1.7867,-0.7459,-0.0615,0.1608,-0.724,-1.2547,-1.1168,-2.2712,-0.7283,-0.3314,0.7008,0.9943,2.6205,3.2332,2.1163,0.0943,-0.4337,0.259,-0.0327,-0.9519,-0.4456,1.7428,1.5799,-0.6133,-1.0132,-0.3125,0.4682,0.9593,0.7539,-0.0455,-0.4968,-0.6499,-1.4116,-0.7427,-0.808,0.2138,0.0413,0.6104,1.1912,-0.2554,0.1736,-1.1194,-1.6638,-1.1863,-0.9395,-0.6557,0.6988,0.3815,0.2368,-0.7019,-0.1272,0.0232,-1.3867,-0.5613,0.828,0.504,0.7412,0.5,0.7168,0.3111,1.4552,0.2721,1.6874,2.2639,1.3469,0.2164,0.2922,1.0992,1.429,0.0923,-1.1108,-1.5046,-0.7338,-0.4666,-0.1917,-0.2884,-0.1134,-1.8743,-1.8572,-0.1615,-0.4428,-0.817,0.352,-0.1427,-1.3051,-0.4357,0.1538,-0.5381,0.0283,-1.2102,-0.1995,0.8112,0.4626,0.6935,0.983,1.4142,0.8748,1.7602,0.6411,-1.2836,-1.1727,-0.6914,-0.0446,1.3417,0.5548,-0.2354,-0.521,-0.8356,-1.0635,-0.436,-0.1034,0.0622,1.4235,0.5599,-0.5224,-0.5607,-1.176,-0.0647,0.7429,-0.3032,-0.5522,0.8262,0.409,0.1058,-0.0661,-0.0146,-0.4661,-0.5879,0.3391,0.8017,0.37,0.1868,0.6866,0.3359,-0.3011,0.1872,0.3626,0.592,0.2523,-0.4548,-1.561
"IC27",1.9989,1.2361,1.8615,1.728,-0.5472,-1.8149,-1.4269,-0.7137,0.6898,0.8314,0.1771,-0.1163,-0.1312,0.1269,-1.371,-1.2551,0.6608,-0.1498,-0.5078,-0.8297,0.2928,0.2872,-0.5172,-0.7284,-0.6334,-1.0999,-2.2983,0.1723,0.3774,-0.8389,0.3288,-0.1126,-0.2996,0.0199,-0.5818,0.416,1.2013,0.8691,-0.8617,-0.872,0.2945,0.4795,0.4776,0.7686,0.4211,-0.2499,-0.6621,0.4365,1.177,1.2596,1.8841,1.4637,-0.4963,-0.0529,0.1752,0.1222,-0.0077,0.2331,-1.2579,-1.7637,0.1982,0.0572,-0.2776,1.3353,1.5156,-0.2733,-1.5164,-0.8682,0.3624,1.7723,0.6174,0.8386,0.5138,-1.04,-1.5199,-1.5225,-0.3571,0.7835,0.7164,0.2505,0.6039,0.206,-0.5624,-0.3976,-0.0886,-1.2773,-0.9951,0.4743,-0.311,0.7017,1.978,-1.352,-1.8411,0.0078,-0.8654,-2.148,-0.0311,1.5694,0.3566,-0.0056,-1.1041,-1.1036,-0.2872,0.0145,0.2766,1.1021,1.9193,0.1314,-1.3469,-1.138,-0.1811,1.3269,1.7436,1.3506,0.3671,0.9107,0.4267,-0.6489,-1.8403,-0.1798,-0.0738,-0.4875,-0.3296,0.0015,-0.3832,-0.4829,0.8404,1.5985,1.1041,0.0854,-0.3698,0.5765,1.7772,0.8644,-0.7804,-0.1323,-0.7908,-0.8568,-1.2604,0.755,0.6938,-0.8108,0.9836,0.7945,-0.8829,-0.7352,1.0247,0.178,-0.5642,-0.2649,-0.5187,2.2626,2.0098,0.6117,-1.2365,-1.2343,-1.5927,-2.6941,0.0033,-0.1493,-0.6148,-1.9024,-0.1519,0.5095,-0.5236,-0.2609,0.4468,-0.5665,0.1166,-0.908,-0.132,0.6201,0.8267,-0.7743,-1.2878,0.816,-0.2911,0.8494,2.6672,1.6315,1.2565,0.5544,0.9907,-1.7559,-2.1972,-1.7478,-0.5181,0.7653,0.8009,1.0547,1.3195,0.7366,-0.3513,-0.3538,0.3519,0.8169,0.1332,-0.4344,-1.2367,-1.6383,0.634,0.105,0.3761,0.115
"IC29",1.0877,0.57,0.6842,1.8711,1.6268,1.0587,0.9603,0.7491,0.3798,-0.3138,-0.8026,0.1391,0.5016,-0.4913,-0.6901,-1.0786,-0.9675,-1.5863,-1.9674,-1.2531,-0.896,-0.3069,-0.4688,-0.8418,-1.6328,-2.126,-1.5014,-1.2115,-0.1119,0.0567,0.3295,0.6966,-0.0508,0.5706,0.333,0.8756,1.0913,0.5597,0.8834,-0.1705,-0.23,-0.9123,-0.6601,0.017,1.0932,1.0653,0.6529,1.3888,1.2516,1.3242,1.2671,0.7965,0.8233,1.5179,0.8781,-0.0053,-0.2576,-1.049,-0.9245,-0.8417,-1.2988,-0.6878,0.2031,0.1845,-0.9896,-0.8245,-1.3098,-1.4688,-1.0758,-0.4468,0.0453,0.5578,1.6785,1.3601,1.3438,1.3314,2.4414,1.8546,-0.46,-1.4658,-0.9435,0.5531,-0.2791,-0.2869,-1.1349,-1.8321,-0.3576,0.1761,-0.0189,0.2683,1.8303,0.6151,-0.8547,-1.2786,-0.5556,0.5991,-0.9481,-0.48,0.4879,0.4568,-0.3276,-0.8614,-0.5981,-0.7509,-1.355,-1.0596,-0.2492,-0.494,-0.1274,-0.9074,-0.5385,-0.2554,-1.2016,-0.3571,-0.4876,-0.559,0.0055,-0.1329,1.0381,0.9627,0.6159,0.53,0.7729,0.9886,1.6725,1.8246,2.5629,2.7255,1.6925,1.8353,1.8424,1.6312,0.0962,-1.419,-1.7569,-0.5902,0.5542,0.2534,1.0702,0.5599,0.0877,-0.4642,-0.2896,-0.6464,-0.9885,-0.5127,-1.462,-1.9227,-1.7609,-2.3788,-1.0561,-1.7182,-1.6011,-0.5947,-0.0181,-0.047,-0.6672,-0.2525,-0.4558,0.3216,2.0871,2.2621,0.2022,-1.1586,-0.0133,-0.1118,-1.2124,-0.2148,0.1347,0.6288,0.4556,1.0113,0.5881,0.6835,0.5177,-0.7637,-0.0344,-0.2295,0.2754,0.4784,0.2856,0.4785,0.4376,0.1477,-0.6126,-0.1791,-0.6445,-1.1861,0.3154,0.5333,-0.268,-0.0606,0.5493,-0.4585,-0.8346,0.2297,0.9681,1.1332,0.6088,0.5171,0.0843,0.1078,-0.1077,-1.1511
"IC31",-1.2949,-2.0019,-1.1094,-0.4507,-1.0948,-1.2152,0.731,-0.783,-0.5726,0.388,0.1612,1.071,0.2892,0.3319,1.1179,0.6803,0.3397,1.0383,0.2615,-0.5505,0.1468,0.1411,-0.5208,-0.6851,0.4363,0.6507,1.2393,0.5985,0.4907,0.4403,0.4269,0.6547,-0.4917,0.3507,1.2236,1.9688,0.9885,1.1299,0.8452,-0.4253,-1.8242,-0.5799,0.0817,-0.2435,0.0432,-0.3339,-0.4911,1.0068,-0.299,-0.5931,-0.2195,-0.1346,-0.3515,0.8724,-0.0042,-0.7674,0.0116,-0.3864,-2.2024,-1.0659,-2.1278,-2.569,-0.823,-0.7745,0.6757,1.7439,0.7032,0.2102,-0.3053,-0.9626,-2.2168,-0.7843,0.5445,1.787,2.8245,1.9915,0.4177,0.6862,0.6294,0.4924,0.4923,-0.6985,1.1818,1.0426,0.5517,1.2154,-0.1591,-1.017,-2.0519,-1.9947,-1.077,-0.7244,-1.3353,-0.0932,0.2226,-2.6113,-0.2105,0.6881,0.0065,-0.046,0.6484,1.4074,0.5917,0.2132,0.6326,0.7137,0.9623,0.0968,0.8694,2.4022,0.8164,-0.0967,0.1814,0.0472,0.7009,0.1942,0.1052,-0.0694,-0.9151,-0.8731,-0.0381,-0.1798,-0.7512,0.7047,-2.7489,0.3576,-0.2706,-0.0436,0.5167,0.4191,0.2558,-0.7201,0.5954,1.2157,-0.0032,-0.623,-0.2082,-0.6093,-0.8579,-0.8069,-1.2619,-2.0578,-1.6918,-0.9894,-1.3169,-0.7679,0.7108,0.746,1.1504,1.8233,0.8051,0.2582,0.4684,0.4589,-0.4631,-0.5285,-0.1143,0.5,-0.9097,0.8207,0.842,0.2732,0.3259,-0.6999,1.4399,2.0592,2.2106,0.3099,-1.1725,-0.428,-1.399,-1.0777,-0.1497,0.9178,0.6715,0.0268,-0.2918,-1.4728,0.002,0.2832,-0.1834,0.4598,-0.0893,1.5368,1.228,0.6836,0.4077,-1.1164,0.7742,1.0691,1.2289,2.0499,0.5722,-0.2596,-1.4747,-0.9886,-1.3786,-2.0038,-1.0089,-0.1302,0.3295,-0.1629,-0.5648,-1.1127
"IC33",-0.8762,-0.8502,-0.1211,1.1059,0.0747,-0.7253,-0.7977,-1.1374,-0.4772,0.032,-0.4613,-1.7009,0.0737,-0.1611,-2.6887,-1.3022,-0.1702,-0.1514,0.2418,0.4573,1.0145,0.9987,0.4465,0.9467,1.4594,0.8552,1.1213,0.9452,-0.1128,1.0838,1.3855,0.9312,1.505,1.466,0.972,1.384,0.7278,-0.4041,-0.5057,1.4139,2.2503,1.2829,0.3557,-0.4445,-1.2807,-2.2029,-1.9683,-0.6333,0.629,-0.0453,-0.234,-0.4723,-1.3792,-1.7044,-1.4017,-1.8106,-1.5671,-0.2222,-0.6028,-1.6835,0.0337,0.5185,0.4978,0.2557,-0.1095,-0.158,-0.9099,-0.7248,0.8712,0.7567,1.0279,1.3162,0.3594,-0.5866,-1.0877,0.0859,-0.3205,0.2303,-0.3524,0.2852,0.2696,1.0435,1.4027,-1.1232,-0.7414,1.3499,0.2201,1.0606,0.3466,-0.8663,0.5261,0.5638,0.2058,0.2151,-0.127,-0.1996,0.8995,0.6792,-0.4611,0.8065,0.0452,-1.879,-1.3612,-0.4819,-0.1433,0.069,0.0964,-0.0898,-0.4322,-0.2895,0.2073,0.5563,1.7683,1.325,-0.5199,0.7418,0.3639,0.1288,-1.0062,-0.0313,1.5523,1.1124,0.0431,-0.5862,-1.5287,-0.8992,-0.7277,-0.2663,-0.0676,-1.2476,-0.1012,0.2344,0.7039,1.8047,0.4373,2.1791,0.939,0.508,-0.845,-1.7578,-1.3151,-2.1237,-2.2992,-1.5311,-1.5314,-1.6595,-0.356,0.745,0.2921,1.2776,0.6452,0.0732,0.6014,-0.0358,-1.1554,-0.7847,-1.5854,-0.7593,0.4391,1.2805,1.6271,2.6621,2.2089,1.5069,1.1203,0.0726,-0.8638,-0.2421,-0.609,-0.5154,0.4995,0.9785,0.6902,-1.0757,-1.0855,-0.097,-0.2374,0.0548,0.5812,1.1248,0.3163,-0.4643,0.6197,0.013,0.1091,0.2746,0.9903,1.5286,1.0447,0.7978,1.2455,-0.1515,-1.8173,-1.6415,-0.6944,0.1799,-0.5036,-0.5498,-0.964,-0.9379,0.0396,-1.129,-0.8128,0.411
"IC36",0.3669,0.743,0.1526,0.4411,1.3527,1.8523,1.1477,0.4485,0.3064,0.1473,0.5489,0.2755,-0.4174,-1.3349,0.0139,-1.441,-2.5622,-1.6342,-1.3853,-1.0538,-1.2981,-0.442,0.1861,0.4808,0.971,0.7717,0.9839,0.0745,-0.2741,-0.5245,-1.0486,-0.7675,-0.6816,-0.0238,-0.0658,0.4658,0.9428,-1.2069,-0.7939,-0.2529,-0.5611,-1.2897,-0.1477,0.4746,1.1973,1.8705,0.9618,0.8572,0.5016,0.3352,0.1791,0.8722,1.4364,1.4558,1.553,1.1617,0.1804,-1.2739,-0.178,-0.7527,-2.0338,-0.8831,0.2971,0.9867,1.4119,1.128,0.259,-2.5826,-2.6014,-1.9841,-1.9939,-2.4501,0.0923,1.4545,1.8399,1.3529,0.9721,1.3984,1.4102,0.6939,0.6945,0.9117,0.1894,0.258,0.5079,-0.0989,-1.0267,-1.2898,-1.3367,-1.1399,-1.2045,-1.0203,-0.4404,0.3424,-1.3669,-0.64,-1.0757,-1.1576,-0.0606,-0.6538,0.2544,0.1904,0.022,0.5905,0.5789,0.7386,1.1075,2.4805,2.3781,1.7737,0.2099,-0.7783,-0.9213,-0.9419,0.0298,0.2246,0.4574,-0.7169,0.2239,-0.6109,-1.6591,-0.7889,0.2561,0.924,0.2286,-0.2706,-0.3178,0.547,0.8655,0.6463,0.5296,0.4129,0.9471,-0.1967,-0.1669,-0.1387,0.7423,-0.2008,-0.4973,-0.6162,-1.1021,-0.5157,-0.7272,-0.142,0.2526,1.5536,0.2501,-1.1091,-1.2761,-1.7631,-0.6388,-0.5912,0.0189,0.9144,1.699,1.8478,0.7811,0.7775,-0.2288,0.1263,0.4214,0.4104,0.458,-0.2701,-0.2212,-0.5567,-1.1168,-1.112,-1.0497,-1.1099,-1.0294,-0.3723,-0.9376,-0.4195,1.0862,-0.2357,-0.5068,0.1351,0.2214,1.3589,1.8694,1.3734,0.6848,1.3429,0.6657,-0.748,-0.9973,-0.8767,-0.4311,0.151,-0.4591,-0.8419,-0.8586,-1.4456,-1.4823,-0.0869,0.778,0.497,0.8652,1.8075,0.5614,0.474,0.2168,-0.3361
"IC37",-0.5532,0.3303,-0.105,-0.3817,-0.0915,-1.0471,-0.6059,-0.3111,-0.9247,-1.0816,-1.088,-0.7118,0.0373,1.0581,1.2222,0.5119,-0.3082,-0.3832,0.0297,-0.1325,0.3076,1.1258,1.0702,0.6999,1.7472,2.0022,0.901,0.1425,-0.2081,-0.2792,-0.6968,-0.7881,1.0128,1.6972,1.1536,1.0505,0.841,-0.8377,-1.2182,-0.6778,-0.684,-0.3113,-0.4389,0.1481,0.4628,0.238,-1.0552,-2.194,-2.1498,-1.5062,-0.3271,0.6463,1.0935,1.0766,0.4835,-0.0466,-1.2859,-0.8506,-0.646,-0.399,0.8665,0.8442,0.7105,0.0367,0.5849,0.7259,0.2047,-0.2288,-0.3128,-0.4165,-0.4064,0.0045,0.1544,0.5991,-0.5455,-0.6058,-1.3407,-1.3897,-0.3336,0.2008,0.6752,1.5757,2.0861,1.6295,0.9049,0.497,0.0358,-1.237,-1.8679,-0.5684,-0.559,-0.424,-0.1038,0.4319,-0.8091,-1.2969,-0.5337,-0.6574,-0.1825,0.5259,0.893,-0.0472,-0.3897,-0.2561,-0.1936,1.3903,1.5682,1.7145,1.6894,1.1018,0.2418,-0.4316,0.6317,0.5707,1.0403,1.4998,0.9112,-0.5535,-1.6618,-1.2056,-0.7248,-0.2065,0.9696,0.6251,-1.4374,-1.9549,-1.5385,-0.8531,0.2442,0.2051,-0.6366,-1.7459,-1.2406,-0.0772,0.6963,0.7276,1.2014,-0.0739,-1.2251,-2.1033,-2.585,-0.3401,0.7185,1.7938,2.5856,2.2953,0.9765,0.1453,-1.1107,-1.6553,-0.8218,-0.0363,0.2209,0.4844,0.1723,0.4431,0.2173,-0.188,-1.4505,-1.8711,-1.6166,0.3688,2.0012,1.9101,0.9624,1.7846,1.3702,0.3762,-0.8163,-0.5829,0.0401,0.3949,1.2276,1.4495,0.3022,-0.4668,-0.8417,-0.1436,-0.4946,0.2689,0.6353,0.2009,0.1604,0.6068,0.1912,-0.009,0.0113,-1.5244,-1.7773,0.238,0.7223,-0.5088,-0.9555,-0.6661,-1.9993,-1.6289,-0.438,0.1664,0.8569,1.3896,1.2913,0.4209,-0.057,-0.4191
"IC38",0.3996,0.0893,0.8938,1.2825,1.2995,0.5578,-0.6461,-0.6627,-0.3957,0.1167,0.3518,0.3171,-0.2556,0.429,-0.4118,-0.5051,-0.5431,-1.5591,-1.1612,-1.5666,-1.1111,-0.5635,-0.367,-0.4877,-1.6885,-1.3194,-1.4041,-1.2156,-0.1217,1.0546,1.1425,0.9994,1.5939,1.4285,1.4403,1.2484,1.7355,1.7908,1.2555,1.3212,-0.305,-1.3344,-1.1966,-0.176,0.832,1.0857,1.1562,0.3579,0.9073,-0.0822,0.037,0.3187,0.039,0.5929,-0.39,-0.0494,-0.1348,-0.9711,-0.735,-0.972,-0.7817,-1.4564,-1.5984,-2.2292,-1.797,-1.4198,-0.9573,-0.8798,-0.8468,-0.0366,0.4587,1.748,1.7175,1.3223,0.1403,-0.2046,0.552,0.411,0.2996,-0.8064,-0.4872,0.2189,0.5285,-0.0317,-0.2854,-0.6187,-0.3562,0.8669,1.0239,1.6875,2.7538,2.6487,1.3548,-0.0849,-0.3892,-0.3056,-0.8923,0.06,1.22,1.2378,0.577,-0.0735,-1.728,-1.1016,-1.9673,-1.2196,-1.0653,-1.293,-0.632,-1.4247,-0.6248,-0.782,-0.3437,-0.7432,-1.4817,-0.8907,-0.5498,-0.6414,0.3739,1.6194,1.0877,0.9809,0.4347,0.4692,0.8822,1.2348,2.0634,1.8567,1.5839,0.716,0.2629,-0.4932,-1.0444,-1.7536,-1.5454,0.0306,0.3396,0.4057,0.5059,1.4269,1.1029,0.9189,0.6659,-0.3789,-0.277,-0.0014,-0.1393,-1.3116,-1.5169,-1.0937,-0.4729,-1.3109,-1.1174,-0.3029,0.0127,-0.2783,-0.973,-0.9375,-0.1116,-0.0175,0.8219,0.2195,-0.5527,-0.6763,-0.3548,0.1949,-0.6262,0.9392,1.297,0.9977,2.2007,1.377,1.1458,1.4633,0.161,-0.6704,-0.3541,0.4365,0.0564,0.1592,-0.0217,-0.4344,0.1215,-1.0776,-1.8045,-1.3114,-0.1708,-0.0663,-0.0637,-0.3037,-1.4952,0.0025,0.7618,-0.0935,-0.4714,0.2535,0.6085,1.2211,1.5124,0.7666,0.5941,-0.3126,-1.2117,-0.6784
"IC41",-0.8731,-1.0368,-1.6726,-0.9784,-0.3096,0.4857,1.0331,0.9907,-0.3295,-1.6701,-1.7095,-0.7927,0.1841,-0.1058,0.081,-0.5266,1.1117,0.8062,-0.7365,-1.1784,-1.8799,-0.0936,0.227,0.8624,1.0002,1.8383,1.88,1.3089,2.592,0.8038,0.3468,0.3599,0.5836,1.3299,1.3161,2.0917,2.7313,2.2819,1.5453,0.8411,0.3065,-1.3645,-0.9389,-0.7244,-1.5216,-0.7872,-1.0422,-1.8704,-1.214,-1.1061,-1.7481,-1.6791,-1.6304,-1.2722,-1.7656,-1.1446,-0.6822,0.0261,1.3779,0.3059,-0.1726,-0.9953,-0.2512,-0.1055,-0.0524,1.5579,0.5511,0.6987,-0.512,-1.3478,-1.3201,-0.3557,0.7896,0.5208,0.121,-0.735,-0.199,-0.216,1.5129,1.6622,1.2403,1.2425,-0.3771,0.5882,0.5125,1.1608,0.7404,-0.1642,-0.4368,-0.6589,0.1456,0.2098,0.7301,-0.0928,0.4308,0.4442,-0.8931,-0.6754,-0.4331,-1.0597,-0.6166,-1.214,-0.9997,-0.8592,-0.493,0.2422,0.9095,0.7963,1.7953,1.9165,1.6332,0.0978,-0.4358,1.1601,0.0146,0.0649,0.156,0.1509,0.8266,0.0121,-0.1915,-0.3176,0.8642,0.5257,0.705,-0.0807,-0.3482,-0.4132,-1.1089,-0.9157,-0.727,-1.7061,-0.9493,-0.2274,-0.974,-0.955,-0.5638,-1.4585,-1.265,-1.9576,-1.8129,-1.478,-1.1548,-0.3842,0.3427,0.4362,2.4192,2.4843,1.0619,1.1719,1.2016,0.7727,0.4872,0.0944,0.4475,0.1926,0.2285,-0.4711,-0.3187,-0.2329,0.3031,0.3225,-0.3843,0.1832,1.0022,0.7039,1.4904,0.3337,-0.4497,-0.5593,-0.0072,0.6654,0.0259,0.5989,-0.1754,0.4662,0.5478,0.0861,0.4391,-0.4174,0.3083,0.3286,0.3235,1.2016,0.9598,1.0578,-0.0726,-0.5603,-1.109,-1.6273,-1.3186,-1.3095,-1.0932,-0.7031,-0.5901,-0.6762,-0.204,0.3452,1.3117,0.4784,-0.3713,0.1679,0.1574,-0.8316
"IC42",0.9732,0.5867,-0.1175,-1.1957,-0.2886,-0.5113,-1.7269,-0.4999,0.9253,1.1197,0.6437,0.258,-0.2636,-0.1022,-0.4755,-1.1325,-0.7352,-0.0786,0.1173,1.5922,1.5683,0.2233,-0.6308,-1.8467,-1.535,-1.5273,-1.5675,-0.2551,1.4306,1.6513,1.0616,1.4725,-0.1242,-0.3114,-0.2107,-0.1832,0.1362,-0.9802,0.2001,0.2904,-0.3102,0.1305,-0.1681,-0.0109,0.1941,0.6406,0.4103,0.29,1.2742,1.4758,1.992,1.6174,0.8336,-0.1833,0.3382,0.665,0.2082,0.189,0.5156,0.7385,1.0963,0.4508,-1.9522,-3.3122,-3.1853,-2.6452,-1.5306,-0.6136,0.0142,0.9045,1.3091,0.4694,0.5895,-0.2193,-1.0827,-1.0551,-0.1043,-0.2072,-0.5353,-1.1942,-1.0888,-0.3529,0.3882,0.0003,-1.1177,-1.5554,0.8972,1.9418,2.6219,1.4752,0.2132,0.2956,-0.737,-0.6697,0.0027,0.9826,0.6076,1.0686,0.8967,-0.1894,-0.0924,0.5398,-0.2136,-0.4267,-0.1095,0.4648,-0.4303,-1.4071,-1.7577,-1.544,0.4665,1.2102,1.3294,-0.0003,-0.5099,-0.8065,-0.4471,-0.1465,1.4784,1.8126,0.8522,0.2735,-0.419,-0.597,0.8517,1.3703,0.5338,0.1381,0.5268,0.795,-0.1972,-0.7161,-0.2319,-1.32,-0.7558,-0.8211,-0.3613,-0.0992,0.0315,0.5391,0.5342,0.4386,-0.5726,-0.2328,0.3017,0.8499,-0.5065,-1.4019,-0.5256,-1.1606,0.1708,-0.4195,-0.9877,-1.0926,-1.5369,-0.3598,-0.7732,-0.6711,0.0508,0.8218,0.5845,0.3237,0.0237,-1.0335,-0.6783,-0.1689,-0.5313,0.732,1.9416,2.4973,0.7569,-0.3374,-0.0448,0.2535,-0.2034,-0.6779,0.8978,2.4226,1.9661,1.2114,0.7019,1.4405,-0.0461,0.2146,-0.4172,-0.1453,0.7909,0.4767,-0.613,-1.8962,-1.1492,-0.6774,-0.6569,-0.8902,-1.1244,0.1948,1.042,0.8971,-0.6572,-1.2177,-0.8743,-1.2537,-0.1331,1.6583
"IC43",0.4142,-0.6946,-1.678,-2.0863,-1.5586,-1.7239,-0.8239,0.4029,1.4361,0.1076,-0.1153,-1.1434,-0.6612,-0.244,-0.5581,0.6394,-0.8547,0.2911,1.1811,0.9462,0.2309,0.2711,0.8812,0.2389,1.666,1.0228,0.1166,-0.0072,0.6033,2.1552,1.7965,2.2003,1.1412,0.7657,0.2597,0.0002,0.5938,-0.9948,-0.1781,1.1885,1.6219,0.9797,-0.0301,0.2569,-1.0135,-1.3446,-2.7382,-1.581,-0.6332,-0.0474,-0.2457,-0.5352,-0.4186,-1.3263,-1.3867,-2.2656,-1.2773,-0.216,0.4499,1.6118,0.2196,0.4747,0.4385,0.0351,-0.0487,-0.1909,0.3684,-0.8097,0.0284,0.2982,1.327,0.6272,-0.4931,-0.258,-0.7349,-0.1567,-0.7292,1.2528,1.5967,0.4871,-0.0489,-0.279,0.2251,0.0829,-0.0226,-0.8258,0.3582,0.819,0.3542,-0.6749,-1.872,-0.8536,-1.0606,-0.1252,-1.3774,-0.09,0.727,0.1218,-0.2304,-1.1689,0.0396,-0.8997,-0.5768,0.8135,1.4065,2.2486,1.5939,1.084,0.1158,0.2074,-0.2663,1.9159,2.6647,1.179,0.5566,-0.0857,0.3603,-0.9225,0.0873,0.3151,-0.196,-0.1368,-0.0746,0.021,-1.4812,0.298,-0.4327,-0.1983,-0.2876,-1.1074,-1.3826,-0.9509,0.2129,-0.3716,0.3976,-1.1966,-0.7437,-2.2143,-1.9416,-0.5446,-0.0075,1.9248,0.1164,0.5715,0.8983,0.47,-2.0019,-0.9591,0.2171,1.0091,1.9938,0.2855,0.4551,0.4854,-0.9302,-0.9948,-1.7965,-1.4038,-1.1085,0.3449,0.4629,0.4941,1.1917,0.2276,-0.1253,-0.1521,-0.8085,0.9902,1.4578,1.422,0.1321,-0.0748,0.0884,0.0909,0.5279,-0.8799,0.997,2.607,1.2838,1.4773,0.8869,0.8954,-0.0754,-0.4029,-0.4876,0.8213,1.6272,0.3768,0.5824,-0.936,-1.2549,-0.9071,-0.689,-1.1091,-0.4604,1.2701,0.1252,-0.2909,-1.4309,-1.2082,-0.8354,-1.0694,-0.6327,-0.1613
"IC44",-1.4487,-0.7676,-0.3791,-0.4112,-1.6436,-1.823,-0.734,-1.5803,-0.6416,-0.9285,-0.3567,-0.5091,0.6009,1.4719,1.4909,2.0215,1.5101,1.6647,0.8587,-1.1943,-0.7053,0.8193,0.8369,0.8982,1.8046,1.2164,1.9298,1.2298,-0.1266,-0.5586,-0.8291,-1.1231,0.2481,0.7968,0.8987,0.5528,-0.3646,0.7077,0.3455,-0.1357,-0.063,0.5691,1.4986,0.5443,-0.4995,-0.3398,-0.5772,-0.0099,-2.6845,-1.895,-1.2778,-0.7698,-0.711,-0.4157,-0.6307,-1.5819,0.081,0.4773,-0.9627,-0.1493,-0.1745,0.2655,0.0796,0.0774,0.4879,0.7368,1.1937,0.5805,-0.0054,-0.3799,-0.9879,0.1059,-0.0657,0.0634,0.3563,0.41,-0.5965,-0.6157,-0.795,-0.2048,-0.7311,0.2055,0.202,0.0056,1.0501,1.1949,0.0769,0.3901,0.226,-0.4423,0.2898,0.0627,-0.0609,-0.321,0.0462,-0.8973,-0.667,0.295,-0.1622,-0.3709,0.8255,1.8045,2.0568,0.0167,-0.8043,0.1103,1.4019,0.3288,-0.2909,0.7051,-1.1661,0.36,0.763,1.083,1.5874,1.4534,0.9914,0.6539,-0.2788,-1.7526,-0.6411,0.6553,1.2372,0.5553,-2.5431,-0.6,-1.7647,-1.5338,-0.7434,-0.6475,-1.7262,-1.7399,-1.2285,-0.4645,-0.1963,-0.1278,0.4936,-0.4635,-0.3292,-1.4027,-3.0099,-2.1753,-0.9863,-0.209,-0.0374,0.8311,2.6161,2.3391,1.3059,1.2962,0.3815,0.8987,1.6888,1.1573,1.1648,0.5183,1.4737,0.8747,-1.1004,-0.0424,-1.6188,-1.5789,0.1305,0.9763,1.0914,0.6243,1.6583,0.6844,-0.763,-1.5961,-0.6122,-0.0811,-0.1975,0.2577,0.6593,0.789,0.8094,0.3697,-0.5511,-0.8118,0.1887,0.1088,0.5721,0.8358,0.5621,0.3226,-0.7229,-1.8892,-1.2216,-0.5771,0.1719,0.2651,1.2476,0.9052,-0.6233,-0.6739,-0.5945,-1.1461,-0.5914,0.0327,-0.2177,0.4692,0.4346,-0.8915
"IC45",-0.2012,0.09,0.193,-0.918,0.4408,-0.3348,-0.6986,-0.3636,0.7671,0.0298,0.2688,0.4127,0.1312,1.8864,0.1394,-2.9285,-0.3631,0.5846,0.173,-0.486,-1.1006,-0.3312,-0.7978,-1.7556,0.4027,-0.2211,-1.2066,-0.4395,-0.5887,-1.2196,-0.1406,1.1286,0.647,2.4363,1.5838,0.6711,-0.3957,0.1047,0.8939,0.9811,1.3,0.6959,1.0691,2.3992,1.088,0.0613,-1.3572,-0.6769,-0.1628,0.0957,0.2994,0.8923,0.7406,0.8214,0.3799,-1.6228,-1.021,-0.1666,-1.5974,-0.5196,0.4682,-0.2457,0.6524,-0.0245,-1.298,-0.5761,-0.4579,-1.2799,-0.1309,0.9471,-0.2054,1.0776,0.9416,-0.0715,-1.9552,-0.5135,-2.2347,-1.4847,-0.5082,0.434,2.0934,0.0004,-0.3262,-0.3215,-1.2057,0.3615,0.695,0.185,-0.2389,0.4142,1.0814,0.9202,-0.4582,-0.2899,-0.6799,-0.8154,-0.2472,-0.5017,0.1755,0.3892,0.2257,-0.2602,0.5083,-0.1176,-1.1024,0.5491,1.9117,1.9055,0.5564,-0.5956,-0.7115,-0.6379,1.1486,1.6073,1.66,-0.2114,-0.091,-0.1417,0.4393,0.6809,-0.8136,0.5149,0.9542,0.5055,-0.2507,-0.7579,-2.0273,-0.8294,0.8038,-0.1648,0.4652,-0.2968,0.8275,-0.2031,0.8129,1.0889,-0.8256,-1.6267,-1.006,-0.9771,-1.1629,0.9693,0.9903,-1.1881,-0.026,0.0004,-4.2966,-1.8168,0.703,1.1408,0.8348,0.8878,1.4932,0.263,-0.8403,-0.6351,-0.8696,-1.0211,-0.9892,-0.1534,0.4027,0.4836,0.1902,0.8759,0.8439,-0.9853,-0.471,0.4094,-0.798,0.4772,0.4822,0.8748,0.4938,0.7538,0.17,0.2518,1.3156,1.336,-0.2694,-0.8516,2.0955,2.5031,0.9522,-1.3042,-1.9275,-0.0196,0.4927,1.0415,-0.3687,-0.9151,0.0473,0.4249,-0.0643,-0.7902,0.1168,1.8348,-0.8564,-1.1043,0.8653,0.8308,-0.6776,-2.2454,-0.8221,-0.8551
"IC46",-0.4158,-0.0883,-0.3243,0.0363,0.4847,-0.4333,-0.4203,-0.4245,-0.0209,0.0604,-0.448,-0.1867,0.0957,-0.2527,-0.4615,-0.8577,-0.8315,-0.457,-0.9294,-0.6556,-0.2535,0.2932,0.4337,0.2738,1.4434,1.7693,1.6268,1.2559,0.2019,-0.7101,-0.3745,0.1054,0.1375,-0.1593,0.3133,0.6429,0.3486,-0.3465,0.5939,1.0995,1.3593,1.0689,1.7198,0.7517,0.4928,-0.1149,-1.3196,-1.026,-1.5873,-1.5369,-0.4925,-0.0415,-0.2224,-0.3895,0.3366,0.3157,-0.255,-0.4468,-0.2515,-0.2373,0.6489,-0.4626,-0.1809,0.9764,0.6994,0.9595,0.5478,-0.9636,-2.1273,-1.8489,-1.0857,-1.9015,-1.244,-0.1093,0.1545,-0.0751,-0.5058,-0.0158,1.654,1.9802,2.2242,1.2668,0.4453,0.7838,0.3063,0.0048,-0.3863,-0.5795,-0.8271,-0.6949,-0.6445,-0.9587,0.0581,0.155,-0.9195,-0.66,0.2117,-0.1941,-1.1805,-1.239,-0.735,-0.8419,-0.4345,0.167,0.969,1.4888,1.7557,2.5221,2.8395,3.0403,1.2123,-0.3732,0.6663,0.2819,0.2534,1.0028,0.639,-0.6652,-0.4699,-0.3118,-0.3524,-0.115,0.3478,0.0116,-1.0589,-0.9403,-1.021,-0.942,-0.7878,-1.5064,-2.0657,-2.2514,-0.0532,0.2725,0.2652,-0.1586,0.0296,-0.8571,-1.251,-1.1777,-1.3483,-1.3091,-1.0008,-0.0835,0.4873,1.3971,0.6997,-0.0757,-0.2366,0.9952,1.3531,0.9231,1.9079,1.8521,1.8346,2.5702,0.9637,0.7767,0.6709,0.2261,-0.097,0.4844,0.3039,-0.4858,-0.828,-0.7005,-1.4688,-1.2605,-1.2654,-0.9367,-1.3257,-1.0678,-0.6978,-0.5817,-0.4793,-1.456,-1.7474,-0.2285,0.2327,0.7475,1.5629,2.158,2.2013,2.2388,1.6033,1.2778,0.3628,0.2065,-0.0655,-0.0521,0.0797,-0.7389,-0.4432,0.2732,-0.4998,-0.5489,0.2601,-0.0653,-0.0291,-0.1316,-1.032,-1.2487,-0.527,-0.5432
"IC47",-0.8341,-0.1031,-0.8032,-1.7362,0.2714,-0.2157,-1.4026,-0.3311,-0.0382,-1.3161,0.4733,0.5169,0.3631,0.1806,0.0858,0.5179,-1.7381,-0.2923,0.5571,-0.895,-0.1776,2.5761,2.532,1.871,0.8571,0.3624,0.7978,-0.3109,0.0607,1.0502,0.781,-0.0884,-0.0516,0.2624,0.4034,0.3649,0.2593,0.01,-0.4576,-1.121,-0.2844,-0.4343,0.7098,0.1799,-1.2232,-0.4023,-0.3384,-0.6801,-0.6276,-0.1595,1.4117,1.4705,-0.1481,0.0147,0.4701,1.0054,0.6723,-1.191,-1.7964,-0.3291,0.0362,-1.368,-0.2337,-0.0158,-0.6862,0.678,-1.2113,-2.0152,-1.0882,-0.4528,-1.7565,-0.4225,1.8395,0.9584,0.2024,-0.1298,0.0066,0.7252,1.7121,1.2411,0.0876,0.8354,-0.6368,0.5362,0.2968,-0.4314,-0.8983,0.329,-0.4918,-0.0383,0.1621,-0.2563,0.235,-0.4021,-0.8562,-1.0804,-0.2489,0.6185,0.9189,-0.7802,0.6777,0.6815,-0.9471,-0.5089,0.8965,1.5238,2.2467,-0.0913,-0.7607,0.5909,0.1951,0.329,-0.3555,1.4761,0.1605,-0.6296,0.8348,0.6004,0.1987,0.2228,0.9006,0.4423,-0.3458,0.1407,-0.2143,0.8693,1.0864,0.8064,-0.9231,-1.7075,-1.6641,-1.4252,-1.1204,0.1085,-0.7495,-1.4593,-1.0067,-2.8081,-1.7188,-0.6937,-2.0315,-1.2324,-0.6619,1.0024,-0.33,-0.2071,2.4946,0.4702,0.7586,1.9617,0.4862,0.7177,-0.4419,-0.3312,-0.0657,-0.0294,0.9249,1.2348,0.258,0.1294,1.6445,1.924,0.7451,-0.5692,-0.1528,-0.0836,0.2347,-0.7163,0.4351,0.767,0.5536,1.1533,0.482,-0.16,-1.099,-0.9729,-0.4145,0.1044,0.1099,0.1815,1.412,2.2114,0.5446,0.9962,0.0109,-2.0911,-2.158,-1.689,-1.1268,-1.8449,0.4121,0.0488,-0.9438,-1.2023,0.1925,2.3784,2.4993,1.2705,0.7126,-0.4981,-1.4185,-1.1238,-1.0323,-0.1736
"IC48",0.2026,0.557,-0.1326,-0.2336,0.0143,-1.7285,-2.1482,-1.3721,-0.4584,0.2358,0.1899,1.524,1.6306,1.0588,1.4794,-0.1342,-0.7351,0.0613,0.6138,1.0846,1.1493,1.434,0.6876,-0.3775,0.4565,1.2602,0.7624,-0.9897,-1.1659,-1.2356,-0.7358,-0.9669,-1.2409,0.1213,0.1122,0.3045,-0.994,-1.735,-0.896,-1.3251,-0.313,-0.4574,-0.274,1.0171,1.3763,0.8473,-0.3917,-0.9752,-0.5685,0.8876,1.1939,1.4774,0.6594,1.3058,1.2544,0.7065,0.7043,-0.115,-1.1915,-0.7725,-0.2372,-0.1173,-0.6881,-0.6532,-0.9273,-0.2123,-1.3086,-1.5674,-1.3712,-0.1037,0.3387,0.7247,0.2633,-0.7941,-0.7193,-0.3745,0.7097,1.723,1.6877,0.9006,0.7145,2.0573,1.8415,1.1131,-1.1657,-3.0555,-0.7868,0.0956,0.5956,-0.49,-0.8474,-0.4008,0.2844,-1.5277,-1.2851,-0.8445,-0.649,0.5107,2.049,1.8786,1.6769,0.8182,-0.2816,-0.8947,-1.0797,-0.5769,0.3195,0.5504,-0.2216,-0.2377,-0.2281,1.3942,0.8431,0.1422,0.4879,1.6169,1.5692,0.9405,-0.081,-0.7004,-1.2166,-1.2376,-0.0491,-0.4853,-1.8666,-1.5532,0.1799,0.1398,-0.9676,-1.2465,-1.7494,-1.0848,-0.1517,-0.0757,-0.1086,-0.1399,-0.5617,-0.6338,0.1652,-0.1783,-0.7395,-0.2884,1.385,1.5292,1.7772,2.3934,1.972,0.4202,-0.4472,-0.4627,0.4896,1.0719,1.0964,0.2311,0.1366,0.8794,0.5251,-0.9261,-1.5088,-1.446,-1.5836,-1.1125,0.7916,1.1089,0.6822,-0.7023,0.0917,-0.0745,0.1709,1.0809,0.8498,0.3507,-0.467,0.5953,-0.5643,-1.4484,-1.2719,-0.4565,0.8403,1.1959,1.6978,0.7109,-0.4229,-0.2164,-1.6411,-0.527,-0.1759,-0.9345,-0.91,-0.5027,-0.6139,-0.2204,-1.3058,-1.3217,-0.1562,0.4617,0.5542,0.9991,1.1244,0.9712,-0.4121,-0.3995,0.7646,1.0075
"IC49",-0.6104,-0.5774,-1.4981,-1.3971,-1.1168,-0.6862,-0.8721,-0.2358,0.0592,0.931,-0.3911,0.3628,1.73,1.4222,0.1066,0.1386,1.8046,2.813,1.1478,-0.7082,-0.5755,-0.0392,-0.2348,0.1595,0.5819,0.7653,-0.1518,-0.1523,-0.3974,-0.0866,-0.015,-0.7372,0.0357,-0.2332,-0.4877,0.8857,-0.1618,0.1799,0.628,-0.7967,0.9318,0.8901,-0.24,-0.7807,-0.1934,-0.1259,-0.241,0.0471,0.1752,-1.5371,-1.1687,-0.8185,-1.4922,-0.1797,0.9261,0.3037,1.9893,1.8175,-0.8204,-1.1891,0.0505,-0.3463,-0.3891,0.5674,-0.6623,-0.1254,-0.1621,0.5262,0.4233,0.421,1.307,0.2456,-0.3949,-0.5597,-1.0077,-0.9129,-0.4549,-1.3424,-0.967,0.0665,-0.9479,0.7811,0.9036,0.413,0.4729,0.8018,1.3119,0.4914,0.2963,-1.1087,-0.9607,-0.7355,0.4949,-0.9742,-0.0187,0.195,0.7823,0.527,-0.183,1.5185,1.0309,0.7746,0.2213,-0.6066,-0.7459,-0.2562,0.4572,-0.4187,-1.127,-0.2166,1.2892,1.7832,0.7616,1.0566,0.6772,0.5187,0.1204,0.7747,0.0044,-0.6381,0.1627,-0.7845,0.8375,0.4371,-0.9001,-2.2845,-0.5758,-0.418,-0.4351,-1.0461,-0.9349,-0.2689,-0.8007,0.1791,-0.977,-0.8044,-0.7547,-0.4739,-0.6565,-2.4914,-1.2955,-2.0027,-0.7652,-0.7421,-1.4065,-0.762,2.3165,3.3012,3.3029,2.9537,2.7672,2.9944,1.4509,-0.7274,-0.5078,-0.2457,0.2971,-0.1169,-0.0557,-0.8322,-0.7159,-0.5926,0.2295,1.8413,1.5417,-0.0085,0.1736,-0.1893,-1.2866,-1.8545,-0.9393,0.2066,0.0344,-0.0367,-0.5896,1.2792,1.2432,-0.0845,-0.1747,-1.1083,-0.1113,-0.4052,-0.3463,-0.1386,-1.3496,0.0859,0.2423,0.7528,0.2915,0.1429,1.1589,1.3106,0.1569,0.4045,-0.4687,-1.6857,-1.4357,-1.5242,-0.7231,0.1597,0.4937,-0.0573,0.6014,0.8536
"IC50",0.3201,0.5261,0.3356,1.2607,1.8618,0.7233,-0.9142,-1.2618,-0.202,0.8379,1.471,0.47,0.5787,1.011,0.6693,-1.417,-2.1716,-1.334,-1.4757,-0.8803,-0.5641,-0.1886,0.1054,-0.0033,-1.0044,-1.6307,-0.9212,-1.383,-0.4052,0.3005,0.4879,-0.0574,-0.67,-0.0748,-0.1115,0.4149,1.1896,0.1989,0.1201,-0.6,-1.8621,-1.874,-0.466,-0.0363,0.9785,2.1094,1.6363,1.1737,1.6027,1.5028,1.3983,1.3861,0.6781,1.0331,1.6561,1.622,1.0286,0.143,0.374,-0.8161,-0.8682,-0.5349,-0.4321,-0.7731,-1.2731,-1.0424,-1.1711,-2.132,-1.4155,-1.0811,0.0794,0.136,0.6393,0.3186,0.3233,-0.0476,-0.2541,-0.0718,0.1295,-0.3543,-0.8312,-0.6382,0.1106,0.2297,-0.4943,-1.4516,-0.2791,0.9601,1.2278,0.2658,0.6791,0.8561,0.7995,0.1751,-0.8929,0.3269,-0.3078,-0.5687,0.1841,0.3861,0.4588,-0.0414,-0.1806,0.2063,0.0893,0.4294,0.3265,0.4591,0.4389,0.21,0.4574,-0.4195,-0.8332,-1.5093,-2.1526,-1.3684,-0.7523,-1.109,0.9994,1.1137,0.1341,-0.5354,-0.325,-0.4371,1.2756,1.9278,1.633,2.0242,0.2699,0.8488,0.0022,0.2022,-0.3738,-1.9724,-2.2408,-1.3511,0.0717,-0.6429,0.5217,2.2058,3.3072,2.1474,0.9665,0.823,0.2916,0.5526,-0.1966,-1.4485,-1.2631,-1.2571,-0.7218,-1.5563,-1.5396,-0.7645,-0.6868,-0.3214,-0.6357,0.1937,0.5267,0.7355,1.0024,0.4464,-0.8078,-1.5939,-0.8189,-0.5536,-1.1437,0.0874,1.0271,1.8792,1.3342,0.0175,-0.7681,-0.715,-0.7215,-2.2637,-0.6619,0.3406,-0.3305,0.5394,0.7574,1.0081,0.7804,0.585,0.1101,0.5919,1.2628,1.2409,0.5932,0.4061,-0.9856,-1.4309,-0.2603,-0.8793,0.1891,1.161,1.1113,0.3153,-0.2726,0.1188,-0.5788,-0.2369,-0.4195,-0.4694
"IC51",-0.7926,0.1119,-0.4414,0.1338,-0.8302,-0.4514,-1.823,-2.0911,0.0342,-0.2842,-0.2234,0.7068,2.1012,0.0457,-1.4682,-0.5045,0.3833,1.2555,0.0698,1.1239,0.7892,1.4579,1.1196,2.5074,1.754,0.476,0.1895,0.8013,0.7062,-0.8494,-1.0066,-1.1548,-0.3252,-0.5237,-1.2243,0.0147,-0.838,-1.6986,-0.3195,-0.4809,-0.4723,0.5233,1.0095,-0.7585,0.0369,1.4144,0.3504,-0.7767,-1.4267,0.6251,-1.0066,-0.3626,0.6484,1.0373,2.6104,1.9277,2.5681,0.7666,-0.775,-0.9568,-0.2816,0.6614,0.513,1.3026,-0.9713,-1.8028,-1.1346,-1.6815,-0.7238,-1.521,-0.8732,-1.2771,-0.8471,-1.4651,-1.3384,-0.9392,-1.5945,-0.9494,-1.4764,0.5948,0.2982,1.6338,1.7644,0.9501,0.2511,1.0291,0.3814,0.5586,0.6211,0.1911,1.4406,0.2061,1.5715,1.6336,-0.6571,0.4508,0.0612,0.0948,0.3758,0.8405,0.3849,-0.8669,-0.2376,-0.583,0.1942,0.3181,1.5932,0.7422,-0.9719,0.441,0.5363,1.0327,0.0611,0.358,0.0494,0.6962,-0.1172,-1.7731,-1.5912,-1.3954,0.4456,-0.1744,0.3212,-0.3202,-0.9191,-0.5336,-0.7881,-0.2549,-0.8752,-0.8367,-1.4862,-1.5113,-2.4541,-0.291,0.196,0.7801,0.2851,0.2055,1.474,-0.4222,-0.6145,-0.2855,-0.2029,0.6105,0.1948,-1.0422,1.2459,1.9836,1.4158,2.7611,2.1565,0.7251,0.5183,0.6784,-0.5594,-0.5807,-1.8921,-0.7291,-0.7007,0.3737,-0.7601,-0.6866,-0.2682,0.3226,1.585,-0.7801,-0.9057,0.246,-0.4667,-0.6436,0.7289,0.8158,0.5504,0.3348,-0.0833,0.1012,-0.2516,-0.5013,-0.3794,0.7389,0.7924,1.0029,1.7246,0.4804,-0.8065,0.9223,-0.2769,-0.3335,0.2966,-0.8346,-0.2117,-0.012,-1.1409,-1.057,-0.9295,-1.6582,-0.9895,0.0221,-0.0396,0.6902,0.5192,0.7074,0.2435,0.0972
"IC54",0.4624,1.0707,1.0062,1.0486,1.9289,1.4602,1.1244,0.2791,0.5354,-0.2766,-1.2562,-0.1534,0.1183,-0.465,-0.462,-0.7243,-0.4233,-1.0664,-1.372,-0.5188,-0.6883,-2.228,-2.4659,-1.605,-1.8481,-2.261,-1.4764,-0.1001,0.9818,0.9601,1.0438,1.0999,-0.312,0.6619,1.449,1.5261,1.5438,2.5008,1.9214,1.2493,0.1841,-1.1154,-1.1401,0.3981,0.4218,0.3122,0.1397,-0.0958,-0.5373,0.1113,0.9475,-0.4132,-1.0084,-0.0054,-0.5496,-1.7782,0.0922,0.032,-0.923,0.0921,-0.7938,-1.7215,-1.6835,-1.7946,-1.5207,-0.2657,1.234,1.5218,0.4056,0.2473,0.5968,2.0756,1.7068,0.7816,0.2054,1.3171,1.1604,0.6941,0.3162,-0.8248,-0.9807,-0.5236,-0.2909,-0.5295,0.0823,0.5162,-0.1942,0.0972,1.1074,0.6276,0.9586,2.0116,1.5797,0.0031,-1.4179,-0.5306,0.7379,-0.321,-0.231,0.1377,0.1892,0.125,-1.2185,-1.0635,-1.3819,-1.7975,-1.7436,-1.9051,-2.0896,-1.5075,-1.0189,-0.3522,-0.7134,-0.8694,-0.7018,-0.8904,-0.1869,0.4791,0.5725,0.8577,0.9045,0.8189,1.0162,1.1891,0.2842,1.2537,2.4568,2.4991,1.5955,1.2691,0.3914,0.4781,0.1589,-0.8679,-0.4695,-0.3816,0.1109,0.9154,1.1126,1.4293,1.1044,-0.0782,-0.5433,-0.9452,-1.0669,-0.3347,-1.0639,-1.7499,-0.5894,-0.6906,-0.6516,-0.5979,-0.5432,0.1606,0.2197,0.1646,0.3107,0.2017,-0.6761,-0.6275,0.9177,0.2922,-0.8493,-0.8557,-0.0816,0.2338,0.0864,0.7348,0.2671,0.2488,0.3786,0.3175,0.6979,0.5416,-1.2355,-1.3887,0.1765,0.3787,-0.4132,-0.6415,-0.8032,-0.4981,-0.3925,-0.1826,-0.9305,-0.8739,-0.4682,0.2521,0.3094,0.5953,0.483,0.0703,0.4261,-0.4299,-0.5055,0.8003,0.2287,0.689,1.0772,1.2474,1.152,0.7035,-0.0334,-1.6062
"IC56",-1.3834,-0.3264,-0.4238,-0.1191,-1.0533,-0.0778,-0.2484,-1.2846,-0.4452,-0.68,-0.675,-0.0483,0.9946,0.5229,1.4783,2.1409,2.2507,1.175,0.9046,0.4701,-0.2547,-0.3991,-1.7702,-0.3948,0.2735,0.7829,1.5635,0.558,-0.893,-0.6546,0.4532,-0.3458,0.1281,-0.2579,-0.4014,1.3803,-0.2406,0.7924,-0.271,0.3942,0.3375,0.3348,0.4468,-0.4829,-0.3143,-1.0001,-0.0125,-0.4628,-2.3276,-0.8028,-1.0595,-0.9095,-1.0274,-0.2802,-0.5054,-0.4567,0.765,1.1521,0.23,0.1578,-0.2289,-0.2572,0.5158,0.4243,0.7836,1.0718,0.7354,1.2853,0.4372,-0.1666,-0.8993,0.8291,0.7048,-0.6014,-0.3978,-1.4287,-1.3061,-1.0413,-0.5947,-0.4381,-1.1139,-0.2462,-0.3653,0.3621,1.7447,2.7686,-1.048,-0.6975,0.8785,-0.1349,0.6439,-0.0699,0.8185,0.354,0.3424,-1.3582,-0.3268,-0.0982,-0.2894,1.3905,1.9405,1.9021,0.7714,-0.0424,-0.1865,-0.8031,-0.0695,-1.9926,-0.3331,0.2071,-1.0927,-0.0619,0.4338,0.1448,-0.2302,0.8921,0.6286,0.9438,-0.3027,-0.4471,0.1003,-0.8512,1.2471,0.8153,-2.5336,-0.6056,-0.3892,-0.7426,-0.0205,-0.3211,-1.6052,-0.7655,-1.3193,-0.0867,0.2925,1.0555,0.2343,1.0911,-0.1002,-1.603,-0.8541,-1.9637,-1.3493,-1.8826,-0.2518,-0.091,2.9436,3.3389,1.8606,2.7885,0.7749,0.7256,1.3529,0.0384,0.4182,0.708,0.5812,-1.4836,-2.5293,-1.5184,-1.477,0.3501,0.2839,0.2938,0.9078,1.3649,2.767,0.4239,-0.9718,-1.5606,-0.5162,-0.3693,-0.4008,0.4988,0.1589,0.5707,-0.0226,-0.5579,0.1726,-0.1481,0.2021,-0.7879,-0.4252,-0.1019,0.1047,-0.0907,-1.4469,-1.4652,-0.5511,0.6297,0.9159,1.2553,0.8141,0.1701,-0.6118,-0.3295,-0.2002,-0.9597,0.3807,-0.2631,0.5845,1.0801,-0.1239,-0.7296
"IC58",-0.6672,-0.0091,0.3406,0.1484,-0.7321,-0.3165,2.058,0.7562,0.4951,-0.0478,-1.5075,-1.4653,-0.227,-0.2381,-0.6132,-0.4171,-0.1563,0.7202,0.0855,-0.5897,0.1218,-1.1274,-2.1066,-0.7887,-0.2475,0.3347,1.9333,0.7222,1.5208,1.908,-0.4531,-0.4758,-0.7818,-0.3498,0.6446,1.2421,1.8176,1.3724,1.9881,1.1332,-0.0194,-0.6564,-2.2667,-1.5886,-1.1747,-0.2271,-0.2577,0.8212,1.1126,0.0213,0.6112,-0.4556,-0.7251,0.489,0.5976,0.3487,0.9231,1.0524,-0.2267,0.2064,-1.0847,-2.0899,-1.8916,-1.3795,0.6836,0.6178,-0.212,-0.5163,0.062,-1.3834,-2.4447,-0.7682,-0.0643,0.1036,0.0151,0.7844,0.8225,1.615,1.5222,0.4633,0.4328,0.4964,1.4347,1.0747,0.4412,0.3494,1.0027,0.1216,-0.8526,-1.0625,-0.8439,0.4704,-0.6002,-0.3895,0.457,-0.4925,-0.6349,-0.9579,-1.3319,-1.4275,-1.1141,-0.8695,-0.2371,0.4345,-0.9061,-0.0461,-0.7274,0.5762,1.5978,2.8457,1.9855,1.4347,0.4048,-0.7996,-0.6751,-0.6001,-0.1444,-0.0508,0.3401,-0.0494,-0.6968,-0.793,-0.1908,0.9665,0.2648,2.0973,0.8915,0.6731,0.6642,0.6779,1.0167,0.0953,-0.496,-1.2412,-0.8443,-0.9707,-0.4356,-0.608,-0.0075,-0.3229,-0.7518,-1.1016,-1.4752,-0.3329,0.1272,-0.1821,0.7056,0.5971,1.5268,1.573,0.4786,-0.8812,-1.6908,-1.6109,-0.533,0.0037,-0.9848,-0.5241,0.0569,0.6431,0.2739,-0.7965,-1.478,-1.2151,0.3564,0.5361,0.9142,2.5947,0.5998,-0.467,-0.6692,-0.6315,-0.1763,0.3351,1.4925,1.0176,1.535,1.6013,0.6258,0.7507,-0.4249,-0.1819,-1.0836,0.4018,1.9334,2.1834,0.7878,-1.6394,-1.218,-1.6459,-1.5814,-1.0183,-0.768,0.4245,0.811,0.232,-0.0911,-0.1459,0.3794,-0.3264,-1.4334,-0.1429,1.1165,-0.7051
"IC60",0.6051,0.4756,0.4141,0.5043,1.1306,0.5312,0.0254,-0.3258,-0.4141,0.0158,-0.3375,-1.2559,-0.8047,0.0355,-1.1198,-1.456,-1.3564,-0.1182,-0.9335,-1.5703,-0.718,-1.4213,-2.7227,-1.9006,-0.9083,0.6793,1.3806,1.3935,1.8097,1.5746,0.088,1.012,1.4655,1.418,2.4277,2.3014,1.8428,2.0155,2.0927,0.9945,-0.1069,-0.3412,-0.7245,0.362,0.3575,-0.1779,-0.1293,-0.8071,-0.6079,-1.3838,-0.3751,-1.3492,-1.6971,-0.9538,-0.9487,-0.3397,-0.4119,0.5961,0.2426,-1.1315,-1.1547,-0.7385,0.0573,0.1272,0.5649,0.9999,0.4694,1.0613,0.212,-0.9199,-1.505,-0.0972,0.6523,0.672,0.7016,0.4752,-0.6345,-0.6927,-0.1497,0.2467,-0.4276,-0.967,-0.6469,0.6633,1.6745,1.6657,0.2236,-1.313,-0.7249,-0.5888,-1.4077,-0.2996,1.2197,0.4189,0.9303,1.4363,-0.3857,-1.3534,-0.8177,-1.0361,-1.8605,-0.5135,1.3368,1.9645,1.9533,1.3209,0.2583,-0.4695,0.6629,0.3272,-0.8743,-0.7279,0.0057,0.3762,-0.3874,-0.2166,-0.7101,-0.5765,-0.1426,-0.809,0.0917,1.0803,0.9252,0.3851,0.1722,0.1922,0.6492,-0.1889,0.2944,0.5185,-0.5612,-1.0158,0.7454,0.8379,-0.0494,-0.0909,-0.5369,-0.8856,0.7464,0.2596,-1.2436,-0.1355,0.2105,-0.1353,-0.1139,0.1164,0.3146,-0.1078,-0.5281,-1.2038,-0.3977,-0.0929,-1.3588,-0.4352,0.4129,0.479,1.6076,0.9571,0.6926,-1.009,-2.1275,-0.9014,0.3848,0.6821,-0.5612,-1.0509,0.0706,0.7668,0.5691,-0.4071,0.231,0.1491,0.2779,0.3583,-1.4915,-0.1086,0.7277,-0.2127,-0.4432,-0.8286,-0.5856,-0.5107,-0.0023,1.1814,2.632,2.9234,2.9178,1.6064,-0.1056,0.1744,0.0806,1.0648,1.3152,-0.2251,-0.9851,-1.0747,-1.4,-1.9004,-1.2562,-1.0284,-0.1224,-0.2748,0.0649,-0.6454
"IC62",0.2441,0.8539,1.0457,1.1288,1.1903,-0.0882,-1.4466,-1.0073,-0.0849,-0.1889,0.5645,-0.0576,-0.3706,-0.6098,-1.5496,-1.5027,-0.8007,-1.3131,-1.5088,0.7341,0.1287,-0.1262,-0.5062,-0.9425,-0.6919,-0.1907,-0.0701,-0.2973,0.7429,0.8875,0.9599,1.3318,0.5497,1.0613,0.6518,1.0331,1.9814,1.7429,1.4083,0.2893,-1.3195,-1.7786,-0.3685,1.0903,1.1521,1.2084,-0.2624,-2.4389,-1.4926,-0.2483,0.0494,0.9912,1.3633,1.3589,0.4518,-0.6847,-2.2175,-1.6058,0.5578,0.7788,0.6515,0.012,-0.7424,-0.63,0.0279,-0.0417,-0.9565,-1.8084,-1.0111,-0.2272,-0.3095,-0.377,0.3603,0.152,-0.0891,-0.4642,-0.1409,0.7344,0.8764,1.2084,0.809,1.2869,0.9039,1.3346,-0.0705,-1.3147,-1.0369,-0.1027,0.6725,1.2077,1.1199,-0.4989,-1.3395,-0.3845,-0.1912,0.4085,-1.7897,-1.0685,0.0019,-0.4838,-0.6579,-2.2021,-2.463,-0.9716,-0.5103,-0.1288,1.5904,1.9439,2.0021,1.6015,1.5416,0.3004,-0.5486,0.6255,-0.8315,-0.8033,0.4134,0.2131,1.4342,1.8371,1.737,0.5758,0.5164,0.6066,0.7258,0.2191,-0.3761,-0.4735,-0.7209,-0.3231,-1.5937,-2.5028,-1.6561,-0.9358,-0.6796,-0.5646,0.0086,-0.1805,0.5981,1.075,0.0178,-0.0636,0.3494,1.1989,1.0585,0.1231,0.0357,-1.2309,-1.2188,-0.7852,-0.1454,-1.3142,-0.2653,0.5383,1.0653,1.6157,0.1439,0.3733,0.7102,0.1446,-0.6442,0.2506,-0.7026,-1.8413,-0.6093,-0.4959,-0.0849,0.6478,1.2578,1.0742,-0.1295,-0.1734,-0.1161,-0.447,-1.4098,-1.2841,-0.3492,-0.514,0.1055,0.7244,0.6359,0.4538,0.1637,0.9797,1.4669,2.2094,1.5712,0.2941,-0.8327,-1.4626,-0.6353,1.0472,0.9978,-0.5543,-0.5192,-0.2887,0.2542,1.2112,1.411,-0.3773,-1.2234,-1.2047,-1.2971,-0.8037
"IC63",-0.8989,-0.3753,-0.73,-1.0628,-0.5086,-0.2265,-0.9185,-1.1443,-1.0574,-0.0542,0.3806,0.445,0.8321,0.7597,0.6697,-0.0625,-0.8803,0.1992,0.5661,0.4674,0.3333,1.0289,2.3756,2.5556,2.4571,1.6928,1.478,0.2972,-0.6966,-0.7399,-1.53,-1.7041,-1.5997,-1.9551,-1.4709,-0.385,-0.812,-1.517,-0.3254,-0.1941,0.993,0.8671,0.3067,0.2659,0.3832,0.9958,0.4613,0.3705,0.8918,0.6259,0.3085,-0.0674,0.4342,0.2931,1.1984,1.424,1.8005,1.3406,-0.4729,-1.062,-0.1034,-0.1591,-0.9213,-0.4378,-0.9889,-0.7016,-0.5875,-1.1424,-1.6744,-1.1608,-0.4716,-1.9342,-1.4687,-0.9635,-1.1524,-0.2638,-0.1462,-0.012,-0.3845,-0.1929,-0.3233,1.5916,2.0191,1.6248,1.129,0.2045,0.1723,-0.1516,-0.0605,-0.5747,-1.335,-1.1867,0.705,0.2426,-0.5138,0.1677,0.1242,-0.8467,-0.4484,-0.066,0.3539,0.8777,2.1379,1.7641,1.7594,1.7109,0.9096,1.3257,0.5849,0.4569,0.2353,1.6377,1.2805,0.2011,0.5878,0.7709,0.8571,0.1476,-0.4619,-1.2479,-1.4417,-1.4487,-0.7214,-0.6259,-1.1462,-1.6635,-2.0302,-2.1386,-0.9303,-0.9142,-1.5402,-0.9754,-1.0931,-0.2639,-0.0677,-0.2812,0.6781,0.1577,0.1093,-1.438,-1.4367,-0.4302,-0.3452,0.729,0.7081,1.3219,0.3985,0.3004,0.5984,0.8728,1.4225,1.2533,0.7552,-0.1137,0.177,0.6587,-0.0077,0.8466,1.1635,1.637,1.2956,-0.2453,-0.0134,0.3343,0.0706,-0.7723,-1.0617,-0.7384,-1.7733,-1.7021,-0.6259,0.3806,0.0643,0.6427,1.9408,1.7446,0.047,-0.3871,-0.3492,0.18,0.8448,1.0632,1.1356,0.9382,0.3374,0.8097,-0.3633,-1.0408,-1.0274,-0.7088,-0.5975,-1.4307,-1.9188,-0.843,-0.2112,-0.3742,-0.3692,-0.2233,-0.1897,0.3953,-0.1513,-0.0343,0.6283,1.0209
"IC64",0.5583,0.0285,-0.8537,-2.4183,-0.7731,0.6216,-0.6231,1.0098,0.387,-1.1727,-0.1686,0.3052,-0.9369,-0.6693,0.3623,1.6016,0.6339,0.6201,0.9035,0.73,-0.321,-0.3835,-0.2338,-0.5163,-0.8959,0.1076,0.0877,0.7927,1.7512,0.8179,0.6165,0.3247,-0.914,-0.4595,-0.7965,-1.3684,-0.2621,1.2474,0.9497,0.982,0.9137,0.4649,-0.1322,-0.4665,-1.0223,-0.9476,0.7034,0.5636,1.4603,1.4299,-0.5899,-0.861,-0.8861,-1.0996,-0.8985,-0.01,0.9363,0.3175,1.7584,1.0937,-0.1808,-0.6018,-1.3274,-0.9858,-1.2033,-0.4022,-0.8566,0.2285,0.6228,-0.2382,-0.6205,-0.9205,-1.3938,-1.717,0.1733,0.4663,1.0638,0.9201,-0.0732,0.765,0.575,-0.1916,-0.4198,-0.2638,-0.8128,1.1716,1.0042,0.3469,0.3356,-0.2297,-1.3922,-0.9053,0.2038,-0.1636,0.8625,1.5654,-0.7279,-0.3668,0.3971,-0.9327,-1.2704,0.9577,1.1057,0.6915,1.3354,-0.3397,-0.1894,0.2144,0.0215,0.3061,1.597,1.4689,-0.4167,0.5135,0.292,-0.2254,-0.2959,1.0481,1.9321,-0.8259,-1.2343,-0.7138,-0.6777,-0.5769,2.355,-0.2236,-1.8574,-1.9088,-1.7248,-0.9631,0.9386,1.6832,-0.0978,0.1075,0.0124,-0.3598,-1.8771,-1.0319,-0.2754,-0.5653,-1.3826,-1.5819,-1.4743,-1.1106,-1.6373,-0.7984,2.89,2.5464,1.9132,1.6828,1.8844,-0.2221,-0.6573,-0.2786,-0.5967,-0.1411,1.0619,1.079,1.287,1.1755,-0.0613,-1.1331,-1.1077,-0.9548,-0.1666,-0.2267,1.2652,1.1162,1.0493,0.5824,-1.1014,-1.335,-1.1685,0.6037,-0.1152,0.6728,1.9263,0.6326,-0.2481,-0.5638,-0.6919,-0.4202,-0.7846,-0.3861,-0.0652,1.6416,1.8574,1.0578,0.4717,-0.7858,-1.3556,-0.5465,0.0066,-0.4101,0.8725,0.1836,-1.1853,-1.2665,-1.5231,-0.7518,-0.6271,-0.2266,0.4485,2.0766
"IC65",0.2949,0.4402,0.0849,0.4694,0.87,0.6829,0.0154,-0.2046,0.4035,-0.1599,-0.326,-0.3632,-0.2775,0.2799,0.5303,1.2551,0.8751,0.8691,-0.4043,-0.7359,-0.3084,-1.2252,-1.3283,-0.7223,-1.0004,-1.1764,-0.3137,0.9213,0.8486,-0.1556,-2.2549,-1.3178,-0.947,-1.7293,-1.4019,0.0634,-0.8348,-1.0097,1.0117,0.2526,-0.5307,0.522,0.7752,1.8856,1.3214,1.0274,0.9405,2.6178,2.2894,1.1788,0.2071,0.7658,0.7102,-0.4203,0.2757,0.9767,1.8986,1.1184,-0.0595,0.0411,-1.1373,-1.4807,-1.8221,-1.8289,-0.7619,-0.6804,-0.7641,-0.5552,0.2441,-0.662,-1.3517,-0.5981,-0.4038,-1.4594,-0.5373,0.7924,0.5402,1.093,-0.99,-0.762,-0.2843,-0.4462,0.5711,0.4723,0.0166,-0.1231,0.5982,0.7548,0.0943,0.7303,0.599,-0.2511,-0.2243,0.5173,0.183,0.8905,-0.0185,-0.0281,0.6023,0.6345,0.5765,0.6444,0.9963,-0.0658,-1.0858,-1.2962,-0.7407,-1.0113,-1.4222,0.4909,0.8217,0.4931,-0.9853,0.5769,0.2507,0.1841,0.9574,0.8776,1.0976,-1.2518,-1.2637,0.2295,-0.0337,-0.4238,0.5311,0.0661,-1.3413,-0.9251,-1.1202,0.5103,1.5908,0.6469,-1.2716,-0.7013,-0.223,0.4005,0.4013,0.8262,1.029,-0.2429,-1.5874,-1.5903,-0.1466,0.7179,0.9094,0.6515,2.3205,1.7731,1.5732,-0.2468,-1.2587,-0.067,-0.9304,-0.5886,-0.2077,-0.1433,0.0617,0.1785,0.2106,0.3028,-1.7429,-2.4654,-1.4488,-0.5683,-0.8522,-0.4416,1.1005,0.8312,0.7254,0.6116,-0.3801,-1.1576,0.3221,1.1019,0.5424,0.3009,1.2906,0.4607,0.0095,1.2867,1.0706,1.2151,1.522,-0.5629,-1.489,0.3498,-0.3366,-2.0022,-2.318,-1.9795,-1.505,-0.2117,0.7674,0.4547,1.4833,0.9233,-0.0498,0.284,-1.5455,-1.8669,-1.1976,0.1407,2.3967,2.5285
"IC66",-0.2542,-0.5417,0.3006,0.0866,-0.1871,0.4371,-0.3612,0.2912,0.0518,0.8115,0.155,0.4301,0.9204,1.2841,1.2072,0.0652,-1.2228,-1.4048,-0.8159,-0.6899,-0.5054,-0.0694,-0.875,0.0001,0.0377,0.7638,0.6317,-0.0588,-0.7949,-0.6481,-1.4545,-1.757,0.6285,-0.1498,-0.6224,0.4546,0.8177,-1.0094,-0.9101,-0.2949,-1.1955,0.0675,1.0333,0.042,0.6065,0.9043,1.5461,0.9115,1.261,0.6968,-0.0618,1.0646,0.7166,1.0049,1.5932,2.9009,1.3452,-0.282,-0.2691,-1.2261,-0.245,-0.9303,-0.2181,-0.0079,-0.0279,0.4241,-0.0998,-1.6135,-2.5485,-2.2656,-1.9359,-1.4847,-0.7758,-0.3252,0.2158,-0.0046,0.0139,-0.4425,0.7561,0.4082,0.2214,0.8083,1.2977,1.7437,0.6809,0.1107,0.0642,-0.2882,-1.7328,-1.1522,-1.1675,-0.6867,0.6237,0.9029,-0.0643,-0.1404,0.051,-0.1457,-0.4704,0.0644,-0.3831,-0.4938,-1.2201,0.3305,0.7069,1.4807,2.1627,1.7186,2.6936,1.8788,0.6884,-0.9527,-0.2066,-0.1959,-0.2273,0.9535,0.2584,-1.3346,-1.3679,-0.9298,-0.8642,-0.507,0.2737,-0.3172,-0.1338,-1.6,-0.8939,-0.8161,0.1173,0.197,-0.0418,-0.1278,0.18,1.1294,0.4077,0.4978,0.194,-0.4102,-1.1027,-1.281,-1.9299,-0.3885,1.6673,1.0307,2.1945,2.9487,1.5142,-0.5734,-1.372,-1.36,-1.1313,-0.4031,-0.7482,-0.4679,0.3311,1.0789,0.52,0.2521,0.9263,-0.1633,-0.1172,0.9455,-0.5332,-0.0311,-0.2273,-0.3902,-1.0999,-1.3422,-0.4182,-0.687,-0.3952,-0.5117,-0.3301,0.3847,0.848,-0.8966,-1.5828,-0.1236,-0.6321,0.814,2.0987,1.826,2.4174,2.5868,1.9933,0.3115,-0.0533,-1.4219,-1.6782,-0.5381,-0.4133,-0.4216,-1.4848,-0.332,0.0319,-0.1419,0.2533,0.5515,0.3253,-0.8668,-0.8685,0.0849,-0.1044,0.7616
"IC67",-0.5387,0.3867,-0.2854,0.4038,1.1613,0.2976,-0.7899,-0.7402,-0.4558,0.6707,0.4842,0.3809,0.6452,1.5077,1.5614,0.5209,-0.5063,-0.5091,0.1771,0.1806,0.6762,0.6113,0.1385,-0.0173,-1.1674,-1.4094,-0.8325,-0.9217,-1.4997,-0.8844,-0.7721,-0.9976,-1.769,-1.5921,-0.3878,0.2571,0.6782,0.7397,-0.5848,-1.7802,-1.3589,-1.4859,-1.1445,1.2166,2.2324,2.2375,2.1559,0.9554,1.3465,1.6943,1.6877,0.8619,0.7256,1.9637,2.4257,2.3968,2.1333,-0.3593,-1.9054,-2.1794,-2.2338,-2.5162,-2.3374,-1.3657,-0.9902,-0.1627,0.8567,-0.6727,-1.8187,-1.1919,-0.8563,-0.6857,-0.0123,-0.0088,0.5519,1.8349,1.4818,1.0192,0.4294,-0.4018,-0.6079,0.1891,1.0019,0.3864,0.0066,-0.6447,-0.9866,-0.4207,0.2847,0.0981,0.5072,0.1957,-0.0538,0.1759,-0.2772,-1.0726,-0.2305,0.4017,1.3911,1.8027,1.1028,1.7013,0.7851,-0.48,-0.6194,-0.826,-1.0866,-0.4495,-0.2678,0.3943,-0.1428,-0.0323,-0.6006,-1.4071,-0.896,-0.1315,-0.0422,-0.4209,0.5735,0.2142,-0.2112,-0.4168,-0.3223,0.3568,0.1759,0.2858,0.9055,0.1223,-0.8285,-0.6946,-0.7343,0.0126,-1.3702,-1.056,-1.235,-0.7355,0.6712,1.5058,1.6423,1.8502,2.1524,0.9183,1.1935,0.1315,0.2452,1.8529,1.2272,-0.6605,-0.7365,-0.951,-0.4326,-1.0146,-1.4262,-0.5646,-0.233,0.0317,-0.4118,0.8639,0.3292,-0.2811,-0.5283,-0.785,-0.872,-1.4213,-0.8564,-0.4128,-0.145,0.5738,0.1705,1.1512,1.3114,0.689,0.431,0.5895,1.0006,-0.2195,-0.863,-0.4651,-0.0817,-0.2312,0.1356,1.1121,0.2439,-0.2939,0.0321,-0.3538,-1.3553,-0.8878,-0.0625,0.3077,-0.86,-0.6702,-0.2394,-0.7262,-0.5619,0.2252,0.7181,0.1402,-0.1788,0.0796,1.0591,1.3224,0.3743,0.1728
"IC68",-0.2355,-0.5543,-0.797,-0.6279,-0.4995,-0.4545,-0.6546,0.3712,0.8685,0.4985,-0.2416,-0.5227,-1.2245,-0.9071,0.2935,1.923,0.6322,0.3684,0.269,-0.1618,-0.2727,-1.4664,-1.8674,-1.1852,-1.3422,-0.2331,-0.3171,0.0014,0.6391,0.9747,0.1955,0.4805,0.5623,-0.0336,-0.3625,1.0084,0.7321,0.2766,0.58,0.9805,1.7492,2.0618,1.401,1.7095,0.6064,0.437,0.8378,2.1954,2.4238,0.7831,0.472,-0.317,-0.2293,-1.3676,-2.168,-1.1232,0.043,0.6471,-0.0353,-0.9453,-0.9785,-0.6435,-0.6234,-1.4743,-1.0854,-1.1793,-1.454,-0.0394,0.1069,0.151,0.2283,0.2359,-0.7263,-0.7554,0.3352,-0.441,-0.1346,-0.3945,-1.7858,-1.9399,-1.4598,-1.777,-1.2585,-0.3416,-0.1428,0.0563,0.6826,0.907,1.5492,1.0433,0.9255,0.4569,-0.0167,-0.1397,0.4852,0.7248,0.6071,0.5153,0.7487,1.2417,0.4661,0.197,1.0237,0.8877,0.8472,1.2653,0.3765,-0.5364,-0.2107,-1.0304,0.031,1.4271,0.6334,0.115,-0.0772,0.4935,0.568,0.3106,0.5523,-0.2956,-0.6829,-0.3542,0.1758,-0.5871,0.1473,0.8155,-0.4762,-1.1222,-1.0979,0.0374,1.158,0.9293,-0.5569,0.3134,0.0082,-1.2018,-1.8733,-0.4292,-0.1999,-1.6834,-1.6918,-1.6877,-2.0138,-1.9827,-0.9162,0.9595,2.3624,1.625,0.8231,-0.142,0.0104,0.608,-0.2235,-0.3234,-0.5445,-0.6381,0.2543,-0.848,-0.279,0.2484,-1.1369,-0.9094,1.4179,1.3459,-0.8011,-0.1168,0.9417,0.2358,1.2218,1.3555,0.0486,-1.2551,0.1941,0.7377,-0.298,0.1324,1.2573,1.8668,1.6163,1.4948,1.0216,0.2876,1.0399,0.3937,-0.1054,1.0432,0.5611,-0.6441,-1.2482,-0.6358,-0.2188,0.4337,0.4978,0.6178,1.9968,0.1166,-1.2643,-0.8458,-2.305,-3.5571,-2.0195,-0.6725,0.4275,0.6801
"IC69",-0.0666,-0.0435,0.1722,-0.3097,-0.9211,-1.1081,-0.679,-1.8886,-1.1936,-1.7162,-0.7095,-0.9926,0.6614,1.6607,1.2831,1.3484,0.906,2.1313,2.7121,1.7858,-0.8794,-0.0875,0.2061,-0.6109,0.2039,0.223,0.3096,-0.1108,-0.249,0.7369,-0.0919,-0.2393,0.6862,-0.4578,-1.1213,-0.1238,0.4469,-1.2539,-0.1888,1.134,0.5646,0.8403,1.6144,0.1939,0.324,0.3478,0.4673,-0.0603,-2.0593,-1.5132,-2.3319,-0.7442,-0.2688,-0.8434,1.216,0.387,-0.0916,-1.4581,-0.4734,1.5297,0.0208,0.5368,-1.3226,-1.418,-1.277,-0.8979,1.8093,0.3484,0.4706,0.3962,1.963,0.6614,-0.4382,-1.0051,-0.9716,-1.1247,-0.1258,0.481,-0.2828,0.705,-0.6289,0.0328,0.6491,0.4307,0.1472,-0.5876,0.901,-0.0932,0.8003,0.8057,0.7163,0.6009,-0.9338,-0.8138,-1.1283,0.4343,0.3249,2.0451,1.128,0.2512,1.581,0.7842,-0.7727,-1.2469,-2.0113,-0.5274,0.98,0.2509,-1.0122,0.4975,-0.7134,0.6411,0.5955,0.0536,1.0606,0.9251,1.3655,-0.3144,0.5834,-1.1385,-1.0216,-0.2285,-0.0815,-0.069,-0.8402,0.3295,-2.0103,-0.7864,0.0347,0.7778,-1.1991,-2.8037,-2.8326,-1.6852,0.4697,0.5574,1.5378,0.1765,0.1686,-0.764,-1.7369,0.6463,0.0987,0.0893,1.0057,1.4564,0.1236,1.3403,1.6223,0.9888,2.2068,0.9029,1.9579,1.1339,-0.238,-0.112,-0.9604,-0.0554,-1.294,0.0493,-1.0879,-2.0359,-0.7432,0.2545,0.9393,0.6962,-0.1182,0.3107,-0.9026,-0.464,-0.8295,-0.0582,-0.1881,-0.6062,1.2109,-0.2154,0.0837,0.9729,0.3471,1.0245,0.7879,2.2477,0.5306,-0.4032,-1.359,-1.3761,-1.6083,-1.1255,0.3196,0.0825,0.5626,0.0425,-0.0295,0.3299,-0.9109,-0.4671,0.3264,0.1861,-0.8112,0.4664,0.6532,0.4278,-0.1225,-0.6935
"IC71",-0.388,-1.1904,-0.304,0.2131,0.2472,0.6398,0.4631,0.5854,0.3486,0.4045,0.0426,-0.1396,-0.6875,0.0005,0.4398,0.116,-0.1693,0.1992,-0.6763,-1.7894,-1.4689,-2.7273,-2.4721,-1.7299,-1.5112,-0.7811,0.3467,1.3217,1.3542,1.0404,-0.5565,-0.0294,1.132,1.1777,0.8944,1.5023,1.6356,0.5185,0.8683,0.8735,1.2495,2.6591,2.2444,1.7017,0.39,0.4206,0.4356,1.3792,1.6242,-0.4588,-0.7049,-1.6772,-1.0798,-0.8288,-1.7902,-0.9326,0.4676,0.816,-1.2491,-1.7294,-0.7336,-1.5392,-0.7673,-1.0356,-1.0864,-0.3511,-0.3935,0.2608,0.3614,0.8874,0.2588,1.0931,1.0889,0.2915,0.1853,0.3914,-0.8644,-1.3379,-1.7462,-1.993,-0.6219,-1.6068,-0.303,1.0342,1.2242,0.5476,0.7621,0.6822,0.3154,1.1241,0.5174,0.3258,0.0004,-0.0592,0.2864,-0.2782,-0.3375,-0.0885,0.1478,0.977,0.0173,0.4127,0.1567,-0.5628,-1.2113,-0.8994,-0.2689,-0.2878,-0.322,-0.1002,0.9237,0.3018,-0.3829,0.1583,0.0529,0.4771,1.1958,1.5533,0.832,-0.2508,-0.5884,0.5794,0.6562,0.5871,0.8147,-0.2096,-0.6877,-1.0912,-0.6931,0.5383,2.5598,1.3899,-0.2252,0.2836,0.5185,-0.0075,-0.9569,-0.2761,-0.4678,-1.1348,-1.0456,-1.941,-1.1693,-0.7216,0.1953,1.1959,0.4721,-0.1225,-0.0289,-1.6176,-1.6427,-0.1998,-0.7149,-0.5562,0.0073,-0.0415,0.0609,-0.5042,-0.3382,-0.1155,-0.1113,-0.5806,-0.77,0.6262,0.0886,0.2476,0.3813,0.9138,0.4912,0.2896,0.1924,-0.2251,0.3767,0.6628,0.413,0.1135,0.4889,0.4254,0.6831,0.1303,0.2149,0.699,2.2487,1.3774,0.3016,0.4102,0.5629,-0.5216,-0.7054,-0.4144,0.24,1.2364,1.8964,2.4862,1.7273,0.0904,-1.6068,-1.7499,-2.0324,-2.9422,-1.871,-1.7492,0.1498,0.2564
"IC72",-0.5189,0.0519,0.0703,1.1701,-0.3415,-1.1691,0.0245,-1.1291,0.1952,0.7804,0.2762,-0.1549,1.6833,1.7166,0.6908,0.5147,-0.9935,-0.2768,0.1465,0.384,0.6138,1.3504,0.5818,0.4055,-0.5509,-1.7585,-0.5241,-1.1179,-1.4214,-0.7768,-1.0206,-0.9876,-1.0871,-0.1988,0.0649,0.2119,-0.4342,-0.3727,-1.0836,-2.0165,-2.3092,-1.4181,-0.3767,0.6023,1.5513,2.2295,1.1538,1.5943,1.6347,1.6497,1.2559,1.1115,1.1398,1.9905,1.8868,0.9947,1.1794,0.9218,-0.4019,-0.7033,-1.9395,-0.4673,-0.9453,-0.9513,-0.5004,-1.1038,-1.3068,-1.62,-1.1932,-0.8752,-0.7,-0.034,-0.221,-0.2114,0.1938,0.9368,0.9502,1.7989,0.5137,0.1061,-0.7841,-0.1426,0.19,-0.7481,-1.0902,-1.6064,0.1785,0.4692,0.7192,0.0313,0.1249,0.1563,0.0258,0.4383,0.5718,-0.5821,-0.0662,0.5525,0.882,0.1781,0.7525,0.3782,0.3063,0.3202,-0.5124,-0.0228,0.2651,-0.6004,-0.6161,0.5586,-0.3128,0.4801,-0.4308,-0.9283,-0.1001,0.1067,-0.2816,0.0954,-0.082,-0.6146,-1.0784,-1.5772,-1.4651,-0.0031,-0.7733,1.4308,1.1977,1.3391,-0.3048,-0.2828,-0.1248,1.3002,0.7153,-0.2077,-0.8186,-0.4926,-0.0242,-0.4677,1.0361,1.6646,0.138,0.5515,2.192,1.9582,1.2471,2.1776,1.5689,-0.6853,-0.8018,-0.7283,-1.1671,-1.5176,-1.9237,-0.9707,-0.7203,-0.7987,-1.4734,-1.2079,-1.0756,-0.9733,-1.8049,-1.6885,-0.2513,-0.2268,0.4452,-0.0662,0.4986,1.3085,1.9266,1.6776,1.0459,1.5281,1.6106,-0.7134,-1.5323,-1.0775,-0.4499,0.1249,0.3628,1.4009,1.5453,0.6708,0,0.5247,0.2064,0.1473,0.3421,-0.5532,-1.2073,-1.6433,-0.8782,-0.9085,-1.6888,-0.2592,0.7052,1.1262,1.0899,0.9793,0.1577,-0.5321,-0.9343,0.2529,0.9168,-0.4057
"IC73",-0.0737,1.1018,-0.0049,-0.8893,0.087,0.1515,0.546,-0.3297,0.2902,1.106,-0.6701,-0.9748,0.4413,0.6016,-0.697,-0.9711,-0.8561,-0.1551,-0.1737,0.5096,0.3791,0.2779,-0.1059,-0.6516,1.8225,1.0978,0.5563,0.0086,-0.6921,-0.7587,-0.7424,0.4258,-1.2994,-1.4316,-1.411,-0.2189,-0.9862,-2.3077,-0.8353,-0.41,0.8581,0.5684,0.7158,1.4923,0.4995,0.904,0.2747,1.7222,1.608,1.1286,1.3051,1.5352,0.6887,-0.3318,1.1829,0.3644,0.7293,0.9586,-1.0345,-0.3564,-0.2497,0.4569,0.2181,0.022,-1.1384,-0.3154,-1.0499,-1.2313,-1.0483,-1.3644,-0.1436,-1.7302,-1.0699,-0.0697,-1.2505,-0.4101,-0.6979,0.1684,0.1444,0.4042,0.3695,0.8946,0.3351,0.8236,0.3935,-0.3319,0.0627,-0.4784,0.223,-0.8164,-1.1797,-0.9232,-0.0647,0.3652,0.7012,-0.022,-0.4269,-1.3119,-0.8394,-0.7581,0.3112,-0.4057,0.9493,1.1392,1.4031,2.1991,2.3926,2.4193,1.2642,0.7494,0.719,1.7607,0.9165,0.0195,-0.3521,-0.3393,0.5788,0.3821,-0.1736,-1.0905,-1.2699,-1.6325,-0.9746,-1.3711,-2.2345,-1.6071,-0.5316,-0.2843,-0.5737,-0.4345,-1.2473,-1.3735,0.5148,1.4543,1.0223,-0.4712,0.0282,0.5086,0.4259,-0.8465,-0.6778,-0.3476,-0.1115,0.1081,-0.1646,0.8599,-0.2864,0.1094,0.6121,1.0425,1.9022,1.2645,0.3119,-0.6208,-0.6772,1.2405,-0.0638,0.1012,0.7242,0.8966,0.4162,0.5104,0.8689,0.0059,-0.41,-1.6932,-1.2765,-1.4238,-0.9272,-0.5413,-2.1495,-1.0648,-0.4087,-0.7233,0.04,-0.0689,-0.9056,0.0497,1.1972,0.2998,1.6044,3.2249,1.8865,2.0757,1.3631,1.8055,0.1629,-1.02,-0.9547,-0.4938,-0.0699,-2.2949,-2.7396,-0.8487,-0.3407,0.1985,0.5887,0.4121,-0.2706,0.0287,-1.0568,-1.0703,1.2898,1.3257
"IC74",-0.8127,-0.3745,0.5743,0.7784,-0.393,-0.9294,-0.2442,-1.4908,-1.2579,-0.2113,-0.8577,-0.1679,0.6779,0.9674,1.6023,1.6788,0.9469,0.8536,1.0939,0.4165,-0.4228,-0.062,-0.5758,-0.7034,-0.4203,1.4204,2.6115,1.4522,-0.4814,-2.0159,-1.9787,-1.6208,-1.0118,-2.3367,-1.309,-0.0125,-1.487,-0.3247,0.559,0.428,0.192,0.8565,1.2834,0.1494,0.3273,0.9301,1.8449,1.7514,0.5266,0.2391,-0.2495,0.3782,0.7344,0.5331,0.2941,1.5941,1.0365,0.1586,-0.9915,0.2798,-0.34,-1.1644,-0.5701,-0.4033,-0.1881,-0.0161,-0.9086,0.5208,-1.4718,-1.6548,-2.2669,-1.0946,-1.4872,-0.4002,0.3182,-0.3286,0.6407,0.513,-0.3409,-0.1687,0.3821,-0.1591,0.1313,0.0119,0.0583,1.3078,0.6068,-0.5198,-0.1383,-0.3665,-0.1898,0.1113,0.316,-1.3593,0.9578,1.2592,1.0375,0.071,-0.1102,0.0572,0.7064,1.4769,1.0866,0.4087,-0.0418,0.5175,0.7493,-1.4921,0.025,0.706,-0.7856,-1.0329,-0.155,0.0441,1.1041,2.0988,1.3128,1.5357,0.0126,-0.0112,-0.4489,-0.973,-0.0153,0.2347,-1.7053,-0.5819,-0.2337,-1.9776,-1.3444,-0.8698,-1.1761,-1.4671,0.0135,0.2561,-0.977,-1.0541,-0.6509,-0.3191,0.1684,-0.6036,-1.8211,-1.6806,0.1007,-0.9457,0.6194,2.057,1.6793,1.6301,1.7183,2.7294,0.7072,1.3254,0.8629,1.0207,0.907,0.197,1.6251,0.1759,-0.0848,-0.3611,-0.1939,0.0001,-0.949,-1.3445,-1.2653,-0.6573,0.5723,-1.2199,-0.7814,-1.0527,-1.5653,-0.8551,0.4372,1.057,-0.51,0.0073,-0.8781,-0.727,-0.2237,0.0675,1.7767,1.9581,2.5463,1.7843,0.5197,0.2387,-0.7621,-1.3214,-1.0117,-0.2931,0.0801,0.1537,-0.6863,0.5389,-0.5334,-0.2893,-0.016,-0.1443,0.0622,-0.728,-0.6677,0.6736,0.5487,-0.4299
"IC75",0.0219,-0.3809,-0.0884,1.0002,1.2665,0.6365,0.4293,-1.8941,-0.5694,-0.0672,-0.2897,-1.0998,0.7586,0.7286,-0.382,0.7134,0.6908,-0.1656,-0.7841,-0.8,-1.1833,-0.9294,-0.8601,-0.8793,-0.6286,-0.8714,0.2969,0.7332,-0.5914,-1.7882,-0.1744,0.7714,0.6586,0.8226,0.6421,1.1125,-0.1036,0.6823,1.4342,0.4939,0.7126,1.0775,1.7755,0.7615,0.2054,1.3908,1.5611,1.7817,0.3181,0.1286,-0.5906,-1.4061,-1.6407,-1.3807,-1.382,-0.9606,-0.5042,-0.1136,-1.1163,-0.5772,-0.4341,-0.3669,-0.8218,-1.1431,-1.1137,0.005,-0.0528,1.3689,0.9135,1.1175,0.7638,1.6562,1.7447,1.5091,1.3659,-0.4976,-2.0938,-1.634,-1.953,-1.1558,-0.5652,-1.8884,-1.032,0.2557,0.1423,0.5722,0.5537,0.2792,0.5316,-0.2898,0.1303,0.7022,1.2698,-0.5107,0.3035,-0.4538,0.063,0.9123,1.6001,1.9946,2.2954,1.7182,0.2296,-0.7077,-1.204,-2.068,-1.2429,-1.791,-1.3561,-0.6744,-1.3588,-1.2356,-0.1466,0.4867,-0.4182,-0.0825,1.1242,1.1905,-1.2224,-0.108,1.2928,1.7369,1.0945,-0.3014,-1.0945,0.191,-0.4508,-0.5683,-0.1057,1.8699,2.8793,0.049,-0.8315,0.2264,1.0885,1.1741,0.3697,0.3556,-0.2338,-0.8589,-0.6818,-1.5724,-1.0397,-0.1535,-0.0364,0.9185,1.444,0.1558,-1.0315,-0.2925,-0.7173,-0.4176,-1.2112,-1.2254,-0.452,-0.2036,0.8816,-0.0262,-1.3024,-1.4339,-0.6737,-0.1624,-0.8356,0.0703,-0.2511,-0.1343,1.102,0.3381,0.2757,0.517,0.1766,0.4682,0.3618,-0.2607,0.0833,1.91,1.2433,0.295,0.4752,0.1965,0.8813,0.6788,0.4491,-0.0612,-0.6682,-0.1455,-0.9347,-0.4547,-0.8033,-0.403,1.4153,2.2284,1.7039,1.3121,-0.1578,-0.7841,-1.6648,-1.1353,-1.1724,-1.4333,-0.6714,0.3685,0.8741,-0.6831
"IC76",-0.0744,-0.1065,0.2286,0.4915,0.3727,-0.9162,-2.2642,-2.5836,-1.3611,-0.4337,0.158,0.6552,0.9034,0.9299,1.2582,1.7578,-0.4408,-0.4762,0.4372,0.4561,-0.0522,0.0612,-0.5819,-1.4881,-1.1799,0.027,1.3292,1.5932,1.0102,0.3756,0.3076,-0.4428,-0.1509,-0.5084,-0.7511,0.4953,0.1425,0.0502,-0.4342,-0.4203,-0.3076,0.001,1.248,1.6426,1.9783,1.0708,0.4081,0.4092,-0.0362,0.1415,0.5098,0.2401,-0.6021,-0.0609,-0.0745,-0.4977,-0.4182,-0.1316,-0.3772,-0.7578,-0.0453,-0.1167,-0.6336,-0.568,-0.1858,-0.1174,-1.0516,-1.0001,-0.1568,-0.1792,0.571,1.1504,1.133,0.6429,0.5885,-0.856,-1.5904,-1.3187,-1.2617,-1.4586,-1.2364,-0.6459,0.3267,0.423,-1.4144,-2.4358,-0.5468,0.3776,0.7083,0.8169,0.3833,0.3882,1.1525,0.9597,0.1135,-0.5848,-0.4965,1.076,1.6866,1.7047,2.2725,1.9091,0.9889,0.2148,-0.2329,0.2342,0.7005,-0.1557,0.5486,0.962,0.1254,-0.326,0.082,-0.6126,-1.215,1.0097,1.3269,0.6856,0.3658,-0.29,-1.0132,-0.8005,0.523,-0.1778,-1.4399,-1.8178,-1.8202,-1.245,-0.4759,0.3892,-1.7539,-3.5283,-2.7641,-1.2739,0.3863,1.1608,1.1119,0.6862,0.0842,0.1397,-0.5862,-0.123,0.9158,1.6745,1.7899,1.6054,3.1446,1.6499,0.294,-0.8569,-1.3036,-1.1897,-0.6405,-0.1066,-0.3227,-0.1533,0.8085,0.4998,-0.3037,-1.3157,-2.2447,-0.8987,-0.1441,0.346,0.5288,1.0479,1.3064,0.4621,-0.2621,0.3101,0.9707,0.521,0.4047,0.6408,-0.6053,-1.6213,-1.1832,-0.2966,-0.2756,0.2374,0.7115,0.523,0.4371,0.9097,0.9615,1.2796,1.8605,0.0056,-1.982,-0.8838,0.2926,0.7156,0.9273,0.0464,-0.2831,-0.57,-0.8529,-0.3836,0.1501,-0.3043,-0.7713,-0.1876,-0.4406,-0.9129
"IC77",-1.2546,-2.3192,-2.4569,-1.1328,-1.6413,-0.5019,1.0939,0.3903,-0.8784,-0.7371,-0.4188,0.7915,0.4033,0.2842,0.5171,1.4706,1.7532,0.2476,-0.7963,-0.3384,0.4476,0.2386,-0.5666,0.3327,0.4265,1.7629,1.7983,1.2692,1.5106,-0.1199,-1.0355,-0.2009,0.4142,0.1124,0.4285,1.5825,1.3397,0.4605,0.1763,0.025,-0.3993,0.3424,0.954,-0.1013,-0.265,0.5334,0.2691,1.1729,0.8067,-0.9272,-0.4636,-1.0991,-1.2402,-0.1559,-0.8866,-1.7314,-0.6629,-0.5601,-0.515,-0.8239,-0.6144,-0.5596,0.3802,0.3886,0.6134,0.5336,-0.4566,-0.7578,-0.1781,0.6093,0.0049,0.3212,0.3859,0.4529,0.714,-0.4255,-0.3461,-1.0087,-0.5346,-0.393,-0.555,-0.7365,-1.3054,-0.6217,0.1048,-0.0326,-1.3424,-1.54,0.545,1.6264,0.7026,0.1307,0.5891,-0.2041,-0.687,-0.0658,-0.6742,-0.4611,0.4125,0.8161,0.6254,1.7533,2.1006,1.9738,1.7201,1.0478,0.9561,0.9879,1.3129,0.645,-0.3288,-1.5078,-1.9438,-0.0898,-0.1464,0.1247,1.0955,0.6043,0.5002,-0.1936,-1.4555,-1.0921,1.336,1.4668,-0.8004,-0.6677,-0.1609,-1.6907,-1.1286,0.0512,0.6201,-0.4976,-0.9586,-1.0394,0.2961,-0.1904,-0.6025,-0.7378,-0.006,-0.4872,-1.2653,-0.8422,0.2805,0.1254,0.4839,1.3024,-0.2134,-0.8462,-1.2735,-1.5208,-0.4443,-0.8781,-0.7515,0.3106,1.2223,-0.0267,-0.063,0.4918,0.3027,-1.075,-0.4205,-0.389,-0.3642,0.541,1.2952,0.6381,1.5078,2.4458,0.8766,0.1105,0.3157,0.1677,0.5696,0.8419,0.3681,0.5224,1.6403,1.6262,1.253,0.3651,0.6547,-0.3519,-0.5923,0.0518,0.916,-0.0535,-0.9403,-1.9508,-1.2876,-1.332,-0.7257,1.0114,2.4473,2.6952,1.9913,0.7235,-0.6717,-1.6737,-1.7322,-2.1795,-2.3718,-0.7652,-0.0217,-1.5207
