"IC05","-3.0889","-2.6063","-1.8933","-0.0902","0.4547","0.3391","1.6148","0.7914","0.4785","0.0411","-0.1244","-0.6873","0.0118","-0.4363","0.0509","0.7441","1.2571","0.6191","0.6166","0.8615","0.6806","0.5783","0.8897","1.2934","1.2895","2.0853","2.3084","2.0874","0.8111","-0.7440","-3.0652","-0.9353","-0.7241","-0.1770","-0.6727","-0.7585","-0.6247","0.1785","-0.2678","-0.4224","0.1183","0.1486","-0.6920","-0.9827","-0.9907","-0.9142","-0.5786","0.2003","0.2301","0.0505","-0.9129","-1.0206","-0.5733","-0.4963","-0.2677","-0.6908","-0.4356","0.0096","-0.2373","-0.6023","0.4901","1.0541","1.1892","1.0286","1.9762","0.9335","0.7353","0.6368","0.2976","-0.0138","-0.2437","0.4885","0.1663","0.0475","0.4018","-0.1036","-0.5776","-1.5978","0.9431","-0.6793","0.0087","-0.4355","-0.5008","-0.8823","-0.7233","-0.9946","-0.7407","-0.7484","-0.6769","-0.5499","-0.3307","0.4084","0.3404","0.1498","-0.3216","-0.7030","-0.2543","0.0748","0.1516","0.2840","0.3378","1.3751","1.1042","1.7377","1.7714","1.7234","0.9633","0.6147","0.6153","1.6437","0.1958","0.0757","0.2789","0.3568","-0.1319","-0.0358","-0.1237","0.2138","-0.1991","-1.8187","0.6028","0.6397","-0.2174","-0.2223","-0.4028","-0.9793","-1.3574","-1.1122","-1.4789","-0.5025","-0.6749","-0.8299","-1.0992","-1.0576","-0.6401","-0.5462","-0.9031","-0.5871","0.4086","0.2059","-0.1806","-0.9411","-0.7511","-0.4871","-0.7929","-1.3203","-1.1120","-0.5350","-0.1269","0.2745","0.4151","1.1147","2.1223","1.6852","1.2025","0.1291","0.1572","0.6257","2.3808","2.6806","0.5027","0.8239","1.6913","2.3252","3.4751","1.2394","-0.6815","-0.3516","1.4251","2.0019","-0.3643","-1.2422","-1.9792","-1.8692","-1.1582","-0.8104","-1.0278","-1.5367","-1.6181","-1.3972","-0.3059","-0.2827","-0.2486","-0.4337","0.1955","-0.5052","-0.6172","-0.2665","-0.0410","0.1992","0.1418","-0.5927","-0.3905","-0.2069","0.3640","0.2310","0.1299","0.6413","0.5587","-0.5580","0.1711","0.1741","0.1480","0.7057"
"IC08",-0.1486,-2.0938,-1.2926,0.1037,0.3675,1.0548,-0.352,-0.3276,0.0913,0.4403,0.332,-0.0973,-0.28,0.7006,-0.5254,-0.7646,0.2429,1.6861,1.3249,1.1411,0.1051,-0.7348,-0.6973,-0.5674,0.0784,0.0913,-0.6202,-0.4899,-0.6884,0.0897,1.0381,1.8785,0.5978,0.3508,0.0581,-0.1229,0.8327,0.0718,-0.0798,0.067,-0.8898,-1.1696,-0.0527,0.3361,0.2078,-0.3261,-0.1234,0.0801,-0.5553,-0.3566,0.3962,0.5672,0.0729,0.6625,1.5647,0.884,-0.2293,-1.0694,-1.4051,-1.7216,-0.6078,-0.0825,-0.4464,0.0924,0.8098,-0.0903,-0.6028,-0.5009,-0.1553,0.034,-1.3633,-1.7736,-0.1913,0.7632,0.2419,0.8857,0.8752,0.57,0.6225,0.6272,0.2149,0.6879,0.2028,-0.9847,-0.4043,0.1893,0.3733,0.9324,1.5527,0.9288,0.6325,0.7438,-1.3894,0.1587,0.4537,0.0382,-0.9039,-1.1596,-1.1418,-1.1468,-0.635,0.2445,0.266,1.1555,0.8892,-0.1897,-2.4787,-2.8175,-1.5803,0.6041,1.3663,1.4957,1.317,-0.2204,-1.4173,0.0045,0.36,0.3424,0.1399,0.3246,-0.5574,0.556,0.7854,0.399,1.1246,2.3573,1.1078,-0.4363,-0.1589,-0.316,1.1408,1.6949,0.5834,-0.35,-1.1642,-1.758,-1.4385,-1.2399,-1.1087,0.3196,-0.0867,0.0071,0.4937,0.5584,0.5748,-0.0517,-0.166,0.2426,-0.6244,-0.4333,-1.1275,-1.6393,-0.4449,0.3091,-0.7197,-2.0352,-1.2261,0.0167,-1.0391,-2.1179,0.6043,0.22,-0.3416,1.1822,1.141,0.4154,1.1498,0.4794,-0.0705,1.7554,3.1774,1.4263,1.3974,2.6193,1.915,0.3267,-0.034,-0.9808,-0.4326,0.0462,0.4088,-0.2318,-1.208,-1.4893,-0.0313,0.9626,0.3529,0.1411,0.0538,-0.8526,-1.2132,-0.4866,-0.9335,-0.9093,-0.8342,-0.4528,-0.8173,-2.2366,-1.3566,-2.2301,-0.081,1.7424,2.0261,3.0569
"IC09",-0.9272,-0.9435,-1.227,-0.3029,1.5827,2.4356,1.4861,0.2785,-0.1349,-0.2558,-0.3886,-1.0399,-0.8964,-0.6057,-0.0664,-0.275,-0.0679,-0.4989,-0.7982,-0.5747,-0.0766,-0.3926,0.3832,0.7162,0.7869,1.0705,1.1197,0.2693,-0.293,-0.4121,0.0131,2.8362,3.0359,2.7683,1.1502,-0.6451,-1.7651,-1.5183,-0.4517,-0.5192,-1.1855,-1.2625,-1.3075,-1.0016,-0.012,-0.0324,0.1146,-0.1944,0.1073,0.3555,-0.4342,-0.945,-0.7757,-0.7304,-0.3422,-0.0667,0.0227,0.43,0.4566,-0.1211,0.0663,0.3354,0.3228,-0.0199,0.1153,0.2311,-0.1583,0.0279,0.3494,-0.1213,-0.5052,-0.9674,-0.523,-0.1607,0.209,0.1035,0.2349,-0.8434,0.4198,2.8155,2.7826,2.5963,0.6093,-0.722,-1.7931,-1.2205,-0.8119,-0.1371,-0.0933,-0.6066,-1.003,0.1665,0.1369,-0.6616,-0.3717,-0.729,-0.2515,0.1212,0.2269,-0.0552,0.1175,0.2273,-0.0962,0.4158,0.9772,1.0216,0.4168,0.149,-0.1745,0.3041,0.4658,-0.3091,-0.945,-0.5266,-0.4842,-0.0376,0.1591,-0.7205,0.0361,-0.0623,1.7792,3.1575,2.6096,1.5483,-0.1837,-0.7659,-0.8263,-0.4639,-0.4449,-0.1401,-0.8257,-1.2808,-0.8865,-0.7913,-1.3377,-1.7637,-0.6655,-0.8449,-0.5911,-0.7431,-1.1137,-1.047,-0.3373,0.0083,0.0624,0.0377,-0.0166,-0.2535,0.1633,0.2651,-0.1289,0.7461,1.8937,0.8899,0.6568,0.6452,0.9328,1.0843,0.2417,0.5483,0.0788,0.4418,0.5558,0.1618,-0.4082,0.3715,0.1389,-0.2008,0.291,0.147,-0.5784,1.1316,2.4712,2.7174,1.6931,0.391,-0.8738,-1.3999,-1.1828,-0.8769,-0.8137,-1.1857,-1.5276,-0.7415,0.1163,0.3006,-0.0422,0.0073,-0.8285,-1.2578,-1.2858,-1.2355,-1.2965,-1.2354,-0.6395,-0.0771,-0.4098,-0.541,-0.3683,-0.0713,0.4141,1.8568,2.8211,2.1725
"IC15",-0.996,-0.0608,-0.4856,-0.4917,-0.5269,-0.7044,0.2592,-0.235,-0.2292,-0.105,0.0117,1.2213,0.3798,0.462,0.8877,0.7356,0.9517,0.4448,-0.3462,-0.8345,-0.2743,1.303,-0.3752,-1.2053,-0.3806,1.1641,1.5157,1.3328,1.4853,1.1938,-0.1831,-1.7319,-1.1469,-1.3034,-0.8186,0.1474,0.1017,0.0671,0.2664,-0.186,0.169,-0.6989,-0.3206,0.3839,-1.1108,-0.1604,-0.4447,0.2521,0.8256,-0.5498,-0.5417,-0.0869,-0.3979,-1.1444,-1.609,-0.5393,0.7844,1.8144,1.8456,0.8363,-0.4083,-0.0104,-0.1111,0.3471,0.2777,1.0728,0.3488,-0.573,0.4208,0.7986,-0.1023,-1.1488,-0.886,-0.7138,-0.1828,-0.1986,0.6722,1.2813,-0.4996,-0.392,-0.7433,-0.6588,-0.001,-1.5272,-1.0926,0.1616,-0.2918,-1.7962,-1.6542,-0.4087,0.2729,-0.3192,1.3208,1.4243,1.2221,0.6668,0.7606,0.6937,0.8725,0.8543,0.638,0.9148,0.6428,0.134,-0.1089,0.5247,2.2124,2.2567,0.8599,1.8111,1.1763,-0.3669,-1.6877,-2.4196,-2.0761,-0.9144,0.048,0.0856,-0.2305,-1.7913,-1.6038,-1.6805,-0.637,-0.8074,-0.382,0.4581,1.0331,0.7988,0.2449,0.1483,1.6782,0.6586,-0.6336,-1.8766,-2.2765,-1.4067,-2.3788,-1.8158,-1.6539,-0.4433,0.1272,1.234,0.6519,0.5616,1.4867,1.0068,1.9978,1.4176,1.4236,0.4899,-0.4268,-0.6306,-0.2673,0.9197,0.3505,1.6292,0.9713,0.7515,-1.2014,-0.0329,1.0176,1.1088,0.6165,1.0936,-0.1891,0.1289,-0.7809,-0.0086,2.1975,1.4522,-0.6678,-0.0065,-0.1987,-1.3204,-2.0037,-1.8484,-1.9552,-1.383,-1.1467,-0.2718,-0.4058,-0.0912,0.1222,-0.3994,0.1791,1.3414,0.4338,-0.6707,-0.3052,-0.5738,-0.368,-0.4344,-0.5153,0.4629,0.3604,0.4717,0.8884,1.4719,1.1938,1.7841,-1.0872,-0.7948,-0.1714,-0.6872
"IC16",0.4001,0.627,0.5862,-1.2858,-0.3505,-0.963,-0.1377,0.0303,0.9146,0.0156,-0.0665,-0.5097,-0.3525,-0.725,0.0938,-0.3216,-0.2759,-1.5223,-0.4915,0.0776,1.3102,2.0535,0.9578,0.9065,0.8269,0.7679,0.869,0.2012,-0.9257,-0.8811,-1.0571,-2.1821,-0.2297,1.2212,-0.4661,-0.077,0.101,1.0697,0.9743,0.3329,-0.2689,-0.2856,-0.7649,-0.18,-0.1429,0.1852,-0.1139,1.1111,0.469,0.1098,-0.1292,-0.4378,-0.8778,-0.7924,-0.2646,0.0023,0.5592,0.8515,-1.1406,-1.4687,0.5795,1.8223,1.6537,0.0379,0.7097,0.3456,0.5805,-0.3716,-0.3727,-1.0615,-2.649,-1.6632,-0.9078,0.2139,0.1766,-0.6811,-1.278,-0.6649,-0.1005,2.2754,1.834,1.4131,1.6455,-0.5165,-0.1414,-0.9788,-0.8577,-0.3072,-0.0614,-0.3967,0.7916,1.6622,0.2588,1.6801,0.7595,1.4761,0.365,-0.199,-0.9673,-1.9079,-2.5058,-0.7697,-0.7343,0.1785,0.3332,0.9662,-0.6392,-1.049,-2.0348,1.1616,0.1081,1.0632,1.5849,2.1899,1.4601,1.1521,-0.2666,0.1025,0.2463,-0.3585,-1.6677,-0.291,-0.0997,-2.3185,-1.0711,-0.8595,-1.0041,-0.2277,0.3548,0.8584,0.5169,0.9489,0.8317,-0.2274,-0.8044,-0.2669,-1.3222,-1.0829,0.3147,0.9566,0.27,0.9304,0.4513,-0.1161,-0.5892,0.0831,-0.3474,0.3376,0.1029,0.4709,-0.1597,0.2745,0.3108,-0.2312,1.0381,0.6787,0.4223,-0.192,1.6915,-0.4476,-0.5524,0.6883,1.094,-0.4127,-0.3576,-2.1747,-2.0039,-1.3377,1.0691,2.2826,2.7821,0.473,-0.6975,-1.0024,-0.7445,-1.9946,-1.983,-1.5488,-1.3414,-1.3488,0.4865,-0.2354,-0.1589,0.4069,1.339,2.3697,1.3274,1.141,1.2055,1.142,0.6721,-0.0471,0.3067,-0.6918,-0.2095,-0.0708,-0.8003,-0.0443,-0.1855,-0.3374,0.0457,-1.3754,0.0201,-0.0355
"IC17",0.6701,0.2916,-0.7181,-0.3574,-0.2751,-0.2656,-1.0265,0.0479,-0.4684,0.2487,0.1612,0.818,0.2426,0.3235,-0.1111,-0.1314,-0.6026,1.4643,0.5049,-0.2753,-1.3835,-0.0254,-0.3798,-1.873,-1.2765,0.1516,0.9395,0.8736,1.2978,1.6101,0.3648,-1.086,-0.0019,-0.7333,-0.1649,0.7032,0.9751,1.161,1.8344,1.3885,0.5249,-0.0576,0.2022,0.3552,-1.0283,-0.8739,-0.8217,-0.8139,-0.2418,-1.875,-0.6952,1.1724,0.9026,0.0993,-1.4361,-0.9328,-0.3726,-0.5063,-0.0145,2.0475,0.9042,0.2304,-0.1535,1.1911,-0.0977,-0.7351,-0.8818,-0.3153,-0.0828,-1.2081,-1.1304,-1.4366,-0.8674,-0.9654,-0.5606,-0.5366,0.211,1.5976,0.5169,1.3704,-0.3402,-1.752,0.2303,0.2653,0.0633,0.6815,0.3582,-0.4943,-0.4087,1.1292,-0.1911,-1.5616,0.6622,0.9353,1.0934,0.7163,1.1287,1.3286,1.4833,1.3942,1.3328,0.6178,1.0047,-0.2801,-0.4236,-0.577,1.2589,1.219,0.5401,0.3756,-0.8347,-1.5037,-1.7096,-2.0917,-0.7721,-0.392,0.3495,0.1436,-0.2635,-2.4497,-1.2417,-1.3771,-0.4307,-0.0016,-0.6314,0.3167,1.2279,-0.1387,-0.0177,-0.3989,0.7504,0.0568,-0.485,-1.5533,-2.1925,-1.307,-1.2621,0.5685,-0.5101,0.1911,1.5865,1.9628,1.4207,0.6071,1.4068,1.208,1.5149,1.0945,1.1994,0.3531,0.1146,0.4945,-0.7497,-1.4332,-1.3152,1.2758,0.9445,-0.8728,-3.3058,1.2742,1.3982,0.6287,-0.2017,-0.1951,-0.4761,-0.4417,0.0224,2.0182,1.6751,0.3181,-2.5739,0.7606,1.4037,-0.0607,-1.3096,-1.5953,-1.6574,-0.3583,-0.3803,-1.2107,-1.3416,-0.0687,0.1741,0.0704,-0.1833,0.8004,1.504,1.2828,0.864,0.1452,0.3794,0.3299,-0.5733,0.1799,-0.1793,-1.1037,-1.0236,-0.8715,-0.5219,1.0334,-0.7413,0.7635,1.1261,-0.0201
"IC18",-3.4169,-3.3834,-2.4391,0.9015,0.6672,1.5096,1.1003,0.1997,0.7491,0.0024,-0.2491,0.6887,0.6671,0.9421,0.7521,-0.1396,-0.3136,0.3966,0.3506,0.6423,1.2952,1.444,1.6468,0.9254,-0.3562,0.2524,-0.2264,0.5885,0.6737,0.7137,-0.5538,1.425,-0.1967,-0.4871,-0.4858,-1.2557,-0.8704,-0.4088,-0.4998,-0.0927,-0.8099,-0.7671,-0.3999,-0.0039,0.0535,0.0824,-0.176,-0.3347,-1.3785,-1.0738,-0.4159,0.4538,0.6065,-0.1186,0.4665,0.2067,-0.0439,-0.7939,-1.2491,-0.71,-0.4004,-0.4881,0.1175,-0.1074,0.2531,-0.0619,0.8126,0.2573,0.7218,1.0633,-0.2444,-1.0096,-0.692,0.3585,0.1588,0.5647,0.1534,-1.0217,1.4993,1.2578,1.8476,0.0665,-0.6559,-0.9407,-0.6048,-0.5463,-0.3916,-0.1504,-0.2032,-0.2327,0.7885,0.5974,-0.2336,-0.1492,-0.2242,0.3333,0.3355,0.3275,0.1011,-0.1296,0.2693,0.1118,0.127,0.8822,0.5123,1.4574,0.9921,0.8944,0.9199,0.2567,-0.5758,-0.1439,0.377,0.0335,-0.1312,-0.0383,-0.8152,-0.2619,-0.3126,-2.2927,-0.1415,-0.4363,-0.3711,-0.7347,-0.0069,-0.1606,0.6619,0.4199,-0.9258,-0.8369,-0.0107,0.4131,0.1358,-0.1896,-1.2421,-2.1139,-1.4144,-0.8201,-0.625,-0.5687,0.0965,0.2101,-0.4015,-0.7091,-0.7823,-0.527,-0.436,-0.2065,0.131,0.1238,0.6314,0.6309,0.8102,0.7249,1.0795,0.5125,1.2238,1.6682,1.0655,1.372,1.9765,1.8419,1.8485,1.5159,1.562,0.3962,1.2805,2.3976,2.4688,2.4398,-0.7598,-2.1937,-1.5754,-1.7187,-1.5261,-2.8826,-2.8311,-1.967,-0.8436,-1.4651,-1.0945,-1.3369,-0.9793,-1.562,-0.2896,-0.0955,0.3728,0.2235,0.7455,0.4196,0.5101,0.4798,0.6747,0.4771,0.6167,-0.5516,-0.381,-0.5313,-0.6772,-0.9588,-0.3243,1.406,1.5808,0.9171
"IC19",1.5486,1.9513,1.2157,-0.7361,-0.8906,-0.827,-1.0941,-1.8584,-1.1454,-0.6483,-0.7153,0.3565,0.7191,0.2976,-0.6549,-0.6079,-0.4437,-0.7686,-0.0621,-0.9499,-0.6938,0.1871,-0.1233,0.2624,-0.3821,0.1643,0.5423,0.2376,-0.341,-0.2387,0.7492,0.322,0.3023,0.7421,0.6149,0.4079,0.6148,0.9491,1.3432,0.9239,1.5355,0.72,-0.3654,-0.7024,-0.5082,0.1469,0.3463,0.3685,0.404,0.0731,0.1011,0.1049,0.6283,0.4254,0.2285,0.6609,0.7982,0.78,0.4111,0.6823,0.6351,0.9086,0.7397,0.5733,-0.9295,-1.7623,-1.0373,-1.4861,-1.5307,-1.0867,-0.0338,-0.5137,-1.7001,-2.5483,-1.8411,-1.5167,-1.2608,-1.5956,-1.4295,-1.6599,0.4101,0.6766,0.2913,0.0089,-0.7374,-0.3623,-0.2233,-0.9725,-0.0911,-0.0416,0.2544,0.4753,0.1353,1.5492,1.046,0.5775,1.5173,2.4614,2.7966,3.1268,3.453,2.3915,1.5387,0.64,0.7385,0.3384,-0.0404,1.0633,0.6379,-1.0918,0.267,0.0824,-0.0091,-0.0393,-2.4231,-2.765,-2.5996,-1.5718,-1.8965,-1.1179,0.6989,-0.0281,-0.4101,0.4633,0.2867,-0.6438,-0.7979,0.0738,-0.4536,-0.9181,-0.9019,-0.4636,-0.4913,-0.699,-0.4977,0.0131,0.3226,0.6455,0.7134,0.0229,0.3211,0.6863,0.0372,0.8136,0.5333,-0.2805,0.612,0.4071,0.69,-0.6814,-1.4295,-0.4628,-0.1837,0.455,0.663,1.3584,1.3172,-0.005,0.3581,1.1825,0.1576,-0.0772,-0.3449,-0.0262,-1.6451,-1.9653,-1.9553,-0.9963,-1.0281,-0.6477,0.9531,0.7107,0.3777,0.9301,0.7768,0.8967,0.3194,-0.0663,0.0719,1.3718,1.0962,-0.8787,-0.4769,0.5728,0.669,0.8832,1.0315,0.7342,0.4793,0.4531,-0.6127,-0.674,-0.3815,-0.1139,0.266,0.1146,-0.0433,-0.0992,-0.0793,0.3623,-0.3147,-1.505,-1.2226,-0.9296
"IC20",-1.547,-0.6588,-0.651,0.0347,0.3998,0.2462,0.9829,-0.0431,-0.1279,-0.3015,-0.4377,-1.4018,-1.3478,-1.3575,-0.6166,0.0037,0.8083,0.8206,1.2336,0.2118,-0.1429,-0.057,1.1355,0.8955,1.1734,1.3249,1.8598,1.3918,0.3709,-0.166,-0.6026,-1.8949,-0.451,-0.1322,-0.4089,-0.2554,-0.694,0.5583,0.5602,0.1881,0.836,1.2988,0.863,0.3113,0.2723,0.4073,0.5419,0.3916,-0.2668,0.2594,-0.0731,-1.3164,-1.109,-0.9441,-0.8984,-2.5372,-1.7033,-1.1007,-1.675,-1.4799,-0.3859,0.3727,0.941,0.64,1.4665,1.3369,1.1926,1.7456,1.1304,0.5472,-1.2534,-1.0582,-1.5814,-1.1408,0.1123,0.1595,0.3763,0.7245,1.4635,0.5695,-0.0027,-0.7177,-1.3313,0.2165,0.2661,0.4013,0.2461,0.6425,0.5621,1.1712,0.5304,2.5735,2.1711,-0.4909,-0.9745,-0.603,-0.9137,-0.9813,-1.4634,-1.6578,-0.8613,0.0609,-0.3398,-0.3222,-0.4276,-0.486,-0.6409,-0.5176,-0.4429,3.0187,-0.099,-1.1848,-0.2271,0.5127,0.2822,0.452,1.0434,1.2749,0.5712,2.3327,1.9892,-0.8296,-1.542,-1.4844,-0.294,-0.5124,0.1264,-0.6444,-1.7832,0.0882,0.0296,-0.901,-1.1707,-1.3282,0.0131,0.1816,1.0659,1.2036,1.5639,1.3402,0.894,-0.0849,-0.7145,-1.1583,-0.4894,-0.4869,-0.2904,-0.3396,-0.2872,-0.6588,1.4176,1.6811,2.0201,0.7658,0.0497,-0.744,-1.1517,-1.3616,0.3986,1.2567,-0.823,-1.6781,-0.283,-0.1355,2.6077,0.6995,-0.7407,-0.5395,-0.4562,0.1485,-0.1503,-1.3188,-1.1691,-1.0875,-0.1143,-0.4046,-0.0416,0.0217,0.424,0.4037,-0.2984,-0.6961,-0.0923,0.2092,1.9116,1.2792,1.321,1.0606,1.074,1.1575,0.5793,0.0522,0.4156,0.0088,1.1034,0.0506,0.1532,-0.5282,0.2225,-0.824,-1.253,-0.9706,-1.405,-1.7072
"IC23",-1.6187,-1.7442,-0.4976,-0.4084,1.597,1.8313,0.2319,0.1215,0.6754,0.3186,-0.4054,0.0473,0.0807,0.9144,0.3958,0.8333,1.0381,-0.1087,-0.1719,-0.4347,-0.5721,-0.4011,-0.752,-2.3991,-2.1574,1.0536,0.6166,2.3238,1.4108,0.5418,1.1029,-1.0066,-1.3982,0.4286,0.6049,-0.1703,0.2958,0.355,-0.3562,0.2611,0.7709,0.3555,0.0949,-0.8566,-1.6348,-0.279,-1.0143,-0.5779,-0.7299,-0.3071,-0.1283,0.6187,-0.5375,-1.5631,-0.8293,-0.1555,-0.0583,0.6399,0.8371,0.79,-0.4129,0.6961,0.7,0.6081,1.2984,0.4365,1.3284,0.1092,-0.5433,-0.512,-0.5746,-1.1889,-1.5781,-0.8018,0.4399,0.7976,-0.1443,-0.2237,-0.7246,0.385,0.8051,0.8336,1.056,-0.3095,0.6074,0.7729,0.3285,-0.3749,-0.4353,-0.4912,1.3917,0.223,-1.3906,0.847,-0.5725,-0.4725,-0.6458,-0.1159,-0.3254,-0.2543,-0.7231,-0.493,-0.1894,0.3907,0.795,1.1994,0.7214,0.2078,-0.506,0.4703,-0.1681,-0.3431,0.9069,-0.2835,-1.8815,-0.7149,-0.9831,0.6075,0.4805,1.0853,-0.3682,0.9246,0.2342,-1.105,-0.4603,0.5413,1.1099,0.3671,-0.5714,0.2163,0.8048,1.5816,1.7327,0.5524,0.0288,-2.5613,-2.9167,-1.6935,-1.9578,-1.389,-0.7824,1.7574,0.7336,-0.1259,0.6623,0.0453,0.9131,1.0052,0.6056,0.4966,-0.1328,-1.5946,-0.6722,-0.7829,-0.2293,-0.7982,-0.1014,0.7982,0.0088,-0.2115,0.4357,0.4215,1.1412,0.7888,0.9188,0.1553,-0.2366,-0.5525,0.2603,1.0504,2.7723,0.8731,2.2977,0.7466,0.6258,0.038,0.1905,-1.6822,-1.8956,-1.5315,-0.3536,-1.0329,-1.0099,-1.9664,-0.6113,0.5498,1.2753,0.3396,1.2512,0.2101,-0.5047,-2.0642,-0.7904,-0.9305,-0.7791,-1.0436,-1.302,-1.4414,-1.0166,0.1016,1.5877,0.5596,3.1499,2.2744
"IC24",0.2698,-0.3764,-0.2105,-2.0575,0.7196,3.014,0.4873,0.6979,0.2853,-0.3915,-1.4939,-0.2155,-2.0637,0.1353,-1.565,-1.2544,-0.1887,1.9979,0.3271,1.7379,0.1954,-0.0302,0.0207,0.9836,0.0177,-0.3825,-1.0896,-1.4422,-0.3232,-0.6667,-0.5603,-0.4903,-0.4175,-1.9634,0.0042,0.208,2.4011,0.8579,0.8945,0.9685,1.1309,0.6401,0.741,0.1356,0.5312,0.6714,0.2009,-0.3256,-0.5168,-0.4631,1.563,0.1098,-0.7694,-0.8147,0.1344,0.3416,-1.0327,-0.4251,-0.9133,-1.0732,-1.3752,0.8351,0.9268,1.399,1.4918,1.1567,0.7616,0.1872,0.3743,0.0611,-0.2725,-1.5163,-0.0699,-1.4422,-1.0549,-0.344,-0.1843,-0.9488,-2.3213,0.4355,0.7583,0.4369,0.7847,-0.7504,0.5388,0.7167,0.6496,-0.4219,0.1334,-0.806,-0.1077,-0.2214,-0.8094,1.0744,-0.5483,-1.2744,-0.0198,-0.0811,0.4196,0.1004,0.3049,-0.8828,0.2226,-0.3913,0.0471,-0.0045,-0.2751,-0.0424,0.1209,2.1783,1.0245,0.7257,1.5624,-1.0589,-0.4653,0.7238,0.3773,0.3913,-0.2845,-0.041,-0.4292,0.3893,0.377,0.2948,-0.8319,0.6331,-0.9073,-0.0449,1.5385,0.0775,1.5557,1.3504,0.7286,0.0707,-1.398,-1.6245,-1.5053,-0.6921,-1.6213,0.1062,-0.6821,0.1709,0.1872,-0.0694,-0.1326,0.407,0.213,0.107,-0.3369,0.3309,0.0808,0.4898,0.0677,-0.748,-2.5039,-2.0419,-1.5659,-0.3411,1.7418,-0.0348,-1.9924,-1.2125,0.0353,1.1047,3.0414,1.3121,2.3766,0.9157,-0.2651,-0.0604,1.6309,-0.3823,-0.9602,0.4759,0.0766,0.7615,-0.1528,-0.1426,0.3625,0.3693,-1.1505,-1.4305,-1.223,-0.5831,-0.3262,1.8434,0.3635,0.9182,0.3877,0.7286,0.3779,1.1696,-0.0808,0.6007,0.2798,0.8085,0.041,-0.5841,-1.2236,-2.6101,-3.0768,0.5397,0.5375,1.1801
"IC26",1.1508,-0.2281,-1,-0.0277,-0.2908,0.8378,-0.0831,-0.0295,-0.5999,0.8143,-0.1338,0.1646,0.3799,0.1329,-0.4982,0.6897,0.4498,1.744,0.6983,-1.0962,-0.7372,1.3984,1.427,0.3331,-1.2644,-1.5256,-0.555,-0.3671,-1.1238,-1.4692,-1.2177,-1.5133,0.6697,-0.0774,0.0384,-0.9202,-0.8207,0.2978,0.4859,0.526,-0.0036,-1.2015,0.4315,0.7407,2.2174,1.0481,0.4233,-0.1843,-0.9978,-1.9156,-0.3587,-0.3862,0.0644,1.2724,0.2308,1.0437,0.6215,0.5817,0.2203,1.6402,1.1498,1.4944,1.871,1.0889,-0.5833,-0.7718,-1.3052,-0.8758,-0.3043,0.0254,-0.4878,-1.1374,-1.0435,-1.6141,-1.0599,-1.3411,-1.4025,-0.6074,1.7012,0.794,0.9543,-0.2958,-0.7413,-0.2499,0.1134,0.3174,0.9966,-0.4274,-0.2061,0.4984,0.9365,-0.5756,-0.1158,-1.0127,-1.0715,-0.8208,-0.0139,0.1567,0.5288,0.1743,1.3606,1.2697,2.3389,1.1448,1.5959,1.6287,1.5544,0.5197,0.9642,-0.0687,-1.8369,-3.0248,-0.6143,-1.0343,-0.0153,-0.2854,-1.3777,-1.8378,-0.5858,0.6154,0.7066,0.5048,-1.1284,-1.2148,-1.5705,-1.429,-0.0253,0.4256,1.2208,0.903,-0.4877,-0.0152,-0.488,-1.4532,-1.4906,-0.1899,-0.8131,0.481,0.6772,1.6354,1.1565,0.2163,0.0213,0.7911,0.8589,0.9868,0.9771,1.1849,0.7349,0.4328,0.782,1.7729,0.6489,0.0577,0.8074,1.3297,0.0264,-0.0331,-0.1881,2.0589,-0.9927,-1.5216,-0.8145,-1.2231,-0.6559,-1.8106,-2.2457,-1.4079,-1.0387,-0.7108,1.0558,0.2212,-1.6465,-1.4505,-1.0227,-0.1025,-0.8812,-0.6261,-0.3503,0.0874,-0.1093,0.3407,0.1264,1.2844,0.9038,1.488,1.4727,0.7622,0.0967,0.3104,-0.5546,-0.0833,-0.2241,0.3682,1.2082,1.6398,0.9839,0.6517,-0.5506,-0.4521,0.455,-0.0631,-1.3297,-1.6557
"IC27",-0.4624,0.7838,-0.4897,-0.8931,-0.2436,-0.0086,1.3219,1.856,1.9741,0.9802,-0.4733,-0.1538,-0.3465,0.035,1.0821,-0.0492,-0.915,-1.2044,-0.6888,-0.395,-0.0403,-0.6019,-2.4093,-1.5562,0.2636,1.5108,1.2925,0.7018,0.0867,0.8163,0.8236,-2.4138,-1.1657,-0.5185,-0.4649,0.4422,-0.4736,-0.1729,-0.2529,-0.2329,1.0022,-0.5172,0.1902,0.6991,0.8722,-0.3997,-0.1957,0.6588,0.7265,0.0171,-1.0411,0.6766,1.1737,-0.3765,0.0031,-0.201,1.2732,1.4239,-0.0975,-0.5568,-1.9262,-1.6813,-0.9806,-0.5308,-0.124,1.0741,0.2897,-0.0554,1.134,0.6032,-0.9235,0.2412,1.1124,0.383,0.8774,-0.3371,-0.1282,0.161,0.0753,-0.2221,-0.8974,-1.276,-1.4594,0.7795,1.1904,1.4402,-0.0175,-0.0659,-0.5483,-0.7974,-0.4097,-3.3647,-0.5655,1.6881,1.0698,-0.1355,-0.5794,-0.1565,-0.4358,-0.9015,-0.7061,-0.1489,0.5569,1.5663,2.5297,2.2122,2.0279,1.8342,0.8725,-1.6993,-1.1293,0.3124,-0.3669,-2.2697,-0.6569,-0.6813,-0.5501,0.3357,1.2264,-0.4062,-1.4568,-0.5882,-0.4537,0.2249,0.2016,-0.383,0.3233,0.568,0.0529,1.2322,1.0512,0.5771,0.6805,0.5361,-0.8716,-2.4221,-1.9779,-0.9404,-0.4459,-0.7671,-0.2881,0.8256,0.3101,-0.5078,0.2248,-0.3194,-0.7012,-0.4444,0.931,1.3269,1.1388,0.3653,0.6298,1.1422,-0.0792,0.4158,-0.0481,-0.8913,-1.6552,0.5033,1.6546,0.8154,0.5793,1.4396,-0.8952,-0.3034,-0.4817,-0.4092,1.4823,1.1527,-1.8909,-0.5698,1.7241,1.1915,0.1481,0.4084,-1.5518,-1.1445,-1.7316,-0.9097,-0.6068,-0.313,0.1818,-0.8813,1.2375,1.3485,-0.8571,-0.926,-0.2666,0.1261,-0.1069,-0.4653,-1.0302,-1.3659,-1.0736,-0.9578,-0.25,0.7413,0.1554,1.431,0.1195,1.0482,1.3918,1.4572
"IC29",1.1714,1.1529,0.7822,0.8249,0.6178,-0.1495,-0.5682,-1.6846,-0.7488,-0.8271,-0.3828,-1.3015,-1.7247,-1.2894,-0.9385,0.5666,1.7223,1.2121,1.3119,0.0278,-0.1378,0.1744,0.7531,0.7133,0.0283,0.282,-0.5943,-0.8668,-1.4121,-1.6616,-0.9877,0.2822,1.1315,1.3373,0.8808,0.8658,0.2268,1.05,1.1693,2.1067,2.4112,1.316,-0.2462,-1.4729,-1.6133,-1.1946,-0.5792,0.2282,-0.8477,-0.2756,-1.7422,-2.0079,-1.0079,-0.6682,-0.226,-0.9833,-1.7378,-1.8058,-1.5931,-1.1876,-0.0206,1.5544,1.3741,0.874,1.6109,0.363,0.0678,-0.1354,0.7376,1.489,1.765,1.442,-0.9637,-0.0901,0.2707,0.0682,-0.0509,-0.1669,0.9963,-0.0869,0.9364,0.3307,0.2574,1.4603,0.48,0.5885,0.9985,0.224,0.1769,0.8737,1.2279,1.3468,-0.6228,-1.6622,-2.6753,-1.2122,-1.7107,-1.4015,-0.8523,-0.2443,0.2725,0.5387,0.1448,-0.3053,-1.2934,-1.2542,-1.8587,-1.8417,-0.9531,1.5576,1.3446,1.2329,1.1484,0.1939,-0.5955,-0.3995,-0.2266,0.0154,-0.3731,0.9509,1.2775,0.896,-0.2979,-0.4246,0.0813,-0.6911,0.0523,-1.1914,-0.7811,0.3297,0.2527,1.1903,0.0701,-0.0747,-0.2509,-0.4757,-0.4315,-0.4149,0.5709,0.971,0.2299,0.9801,0.4603,0.9359,0.6507,0.1733,-0.1992,0.3973,1.4683,1.1711,0.6349,0.4485,-0.2306,0.0603,0.1597,-0.0987,-1.0263,0.7237,0.5187,-1.2344,-1.4568,-1.4816,-0.5855,0.2238,1.0444,0.3945,-1.0793,-0.2707,-0.5588,-0.1541,0.5763,-0.9836,-1.7272,-2.0419,-1.0427,-0.2301,-0.6649,-0.7435,-0.8674,0.2238,-0.498,-0.5662,0.6123,0.7615,1.1131,0.5474,0.8984,1.8102,1.7321,1.1567,-0.7726,-0.641,-0.3126,0.1987,1.2414,0.9955,1.2381,0.8324,0.5244,-0.3517,0.0319,-0.5141,-1.4962,-1.7973
"IC31",-1.3994,-1.2001,-0.3555,-0.7448,-0.6018,-0.5566,-0.7163,-0.443,0.0114,0.8457,0.1851,-0.1215,0.3731,-0.0357,1.4597,2.1292,0.67,-0.7553,-0.4513,0.4529,0.6646,0.8346,0.4346,0.424,0.3317,0.3277,0.5331,0.954,-0.339,-1.0777,-2.0165,-1.3629,1.1298,2.7636,1.1869,0.3017,-0.0104,0.0281,0.3116,-0.4696,-0.8081,-1.1821,0.3928,0.6983,0.9514,0.8546,0.4475,0.0203,-0.5146,-1.7173,-2.0904,-0.9618,-0.4535,0.0483,0.2804,0.5127,0.6393,-0.0389,-0.5769,-0.6996,0.7044,1.4075,1.1546,0.1503,-0.6289,-1.0266,-1.1619,-1.1484,-1.7157,-1.1504,-0.98,-0.1967,-0.1039,0.9928,0.9157,-1.3155,-1.898,-1.8779,-0.8886,0.7104,1.1489,1.4273,1.3719,0.8957,1.5703,1.091,0.982,0.8009,0.384,0.5527,0.9303,1.3464,0.1003,0.5086,1.1438,0.5551,0.0023,-0.1369,-1.5191,-2.8991,-2.4017,-0.5534,0.2031,0.5697,1.0551,0.7629,-0.3997,-1.1699,-1.3406,-0.4194,-0.7696,0.4304,1.511,1.5764,1.7201,0.5043,-0.5712,-0.3755,0.8722,0.121,-0.4623,1.7183,0.4645,-0.5264,-0.4599,-0.4518,-0.7141,0.0164,-0.0392,0.4283,0.0136,0.5805,0.0101,-2.0653,-1.9,-0.3745,-1.3912,-1.292,-0.0447,1.1662,0.1434,-0.1302,-0.5842,-0.8309,-1.1713,-0.7722,-0.3151,0.3547,-0.7835,-0.4819,-0.7919,0.2781,0.4894,-0.5816,0.4432,0.7018,0.6027,0.6723,1.3741,2.0784,1.6991,2.663,1.7246,-0.0982,-1.2973,-1.6209,-0.9939,0.2094,2.0918,2.2253,0.9627,-0.5461,-0.3501,0.3414,0.914,0.1349,-0.4815,-0.6022,0.2691,-0.1881,-0.6299,-0.875,-0.7854,0.4084,0.1905,0.1484,-0.2962,-0.7383,-0.7292,-0.3482,-0.2667,-0.4212,-0.2331,-0.2278,-0.738,-0.7439,-1.2181,-0.2412,-1.3323,-0.9631,0.1016,0.5227,1.977,1.9878
"IC33",-1.2306,-0.0129,-0.6979,-2.2368,-1.5441,-0.0323,0.4357,0.8064,1.1283,1.2453,0.2195,0.1132,0.3202,0.5692,2.0185,1.8823,0.759,0.4017,0.4251,-0.3715,-0.7684,-0.5536,-1.173,-1.6783,-0.6643,-0.5275,0.8121,1.2579,0.6193,1.3571,0.699,-1.0688,-0.0287,-0.8369,0.149,0.9552,0.0296,-0.4768,-0.7126,-1.3291,-0.7518,-1.6062,-1.1085,-0.2885,-0.6811,-1.9834,-0.1964,1.6051,2.2123,0.9538,-0.1683,0.437,0.8159,-0.4112,-0.9463,-0.7877,1.0995,2.0459,1.5399,1.1333,-0.0862,-0.6959,-0.4453,0.5691,-0.1182,1.0411,0.176,0.0344,0.6687,0.7905,0.2617,-0.7764,-0.5095,-0.7521,-0.5301,-1.2024,-0.905,-0.8944,-0.7292,-1.192,-0.5297,-0.8481,-0.9685,-0.2937,-0.803,-0.3128,-0.3729,1.4067,1.1962,0.7372,-0.1337,-0.4778,1.0564,0.366,1.2547,0.4124,-0.4458,-1.0594,-1.1868,-0.1503,0.8398,0.1456,0.2906,0.3778,1.5173,1.333,1.4367,1.5216,2.0183,0.828,-0.2629,-0.1057,0.0846,-1.7058,-1.1888,-1.2173,-1.3799,-0.7774,-0.2513,-2.1334,-0.4357,0.2074,-0.1596,0.8265,0.7826,0.779,1.102,1.8861,0.4723,-0.1267,1.1684,1.9702,1.31,0.2052,-1.1395,-1.9528,-2.9104,-2.5456,-2.1424,-2.3961,-0.955,0.2056,-0.032,-0.9431,-0.193,-0.4307,-0.4518,-1.0746,-0.5497,-0.5308,1.4479,1.5474,1.9404,1.9566,1.9847,1.9949,0.8072,0.0249,-0.5756,0.5992,0.8642,0.8104,-0.0723,0.0317,-0.2067,0.0572,-0.517,-0.183,1.1012,1.0993,-0.4792,-0.1772,-0.1687,0.1064,0.3986,-0.3139,-1.1243,-1.0208,-1.4718,-0.0691,-0.3943,-0.3209,-0.3703,-0.45,0.1789,0.7184,0.7862,0.6222,0.3784,-0.4405,-0.0569,0.1503,-0.6808,-0.8706,-0.6007,-0.8071,-0.5866,0.2144,0.0899,0.6799,-0.3058,0.3326,0.6236,0.6757
"IC36",1.0981,0.8934,-0.9451,-0.2101,-0.322,-0.8598,-0.8526,0.74,-0.1788,0.1742,0.5252,1.0997,0.3283,-0.2763,0.0508,0.8053,1.2944,-0.2461,-0.666,0.4379,0.6203,-0.4158,-0.1197,-0.5426,-0.5913,-0.8687,0.6509,-0.6577,-1.0857,-1.4178,-0.1069,0.3219,0.6424,-0.1216,-0.415,-1.252,0.3451,0.0552,1.9316,0.4956,0.9272,-0.1421,-0.5277,-0.441,1.1914,1.5656,1.4222,-1.4986,-1.8094,-2.0872,-1.0366,-0.8776,-0.0398,-0.9722,-0.5264,0.0671,0.4119,0.3621,0.3887,0.6814,0.1272,-0.0302,-0.0963,0.4569,-0.2155,1.1581,-0.0695,0.9696,0.5132,0.6816,0.8529,-0.3612,-0.7464,-1.4285,0.3995,-0.0376,1.6109,0.5133,0.4171,0.5007,-1.4918,-0.1469,-1.2333,1.4436,1.1459,2.4075,1.8424,1.33,-0.4248,-1.254,-2.3257,0.1278,-0.1017,-2.1803,-0.8747,-1.5819,-0.6445,-1,-0.4064,-0.7308,0.6912,0.3836,-0.2783,-1.2951,0.1653,-0.226,0.6363,0.217,2.0589,1.8196,1.092,-0.271,-0.8269,-0.6267,-0.5803,-0.6166,0.0914,-0.9579,0.0878,0.6596,0.7367,-0.1141,-1.5988,-0.0872,0.6336,1.0996,0.6893,1.4415,-0.4877,1.1514,1.517,-0.3098,-1.4925,-1.4578,-1.8603,-2.7121,-0.8545,0.0797,0.6256,0.4606,0.8735,1.272,2.2254,1.2526,1.7673,0.1279,0.1111,-0.9205,-0.3012,-1.3817,-1.1456,-1.4719,-0.5187,0.3312,0.9886,1.3761,0.8959,1.449,0.4826,0.1265,-0.8258,-0.7797,-0.8195,0.8608,1.7021,1.0994,-0.4929,-1.1817,-0.7815,-0.906,-1.043,0.3006,-0.5432,-1.0481,-2.0406,-1.205,-0.6312,0.0142,-0.3872,0.4701,0.3442,1.8963,0.087,-0.0092,0.9444,1.3064,0.0754,0.6207,1.105,-0.3636,-1.6784,-1.8505,-1.2761,-1.5974,-0.0221,1.3866,1.3167,1.0868,0.0159,1.6692,0.5026,0.4591,-0.6808,-0.8586
"IC37",1.0407,0.6568,1.038,-0.6427,-0.6748,-0.6773,-1.5576,-0.1169,-0.9329,-0.378,-0.7341,-0.4489,-1.036,-0.5583,-0.2895,0.6868,0.3129,1.0134,0.0298,1.1812,-0.2642,-1.4717,-2.5433,-1.5363,-0.9569,-0.0609,0.8414,-0.1189,0.4318,0.307,2.7334,1.8881,1.2242,0.3311,1.568,1.4863,2.2947,1.3261,1.7439,0.7451,1.0366,0.6984,0.2546,-0.857,-0.6701,-0.8911,0.3505,-0.0461,0.1933,-0.2648,-0.1401,-0.16,-1.3171,-1.3461,-0.9123,-0.4609,-1.631,-0.6364,-1.493,-0.6425,-0.2394,1.4411,0.9404,1.2161,0.2947,0.2096,-1.0562,-1.2312,-1.1778,-1.7154,-1.7199,-2.0292,-0.4884,-0.6445,0.0607,-0.0537,-0.0686,-0.4801,0.9211,0.7035,0.414,0.299,0.017,0.1463,-0.7224,-0.6887,-0.5745,-0.183,0.2232,-0.8833,0.2651,-0.0519,2.9226,2.5338,1.5682,0.6365,1.2547,0.983,1.4243,0.7509,1.1817,0.5013,0.8529,0.2555,1.8053,0.8035,0.1478,-0.054,0.5021,-0.3914,-1.0428,-1.321,-0.169,-1.4021,-0.4634,-0.7697,0.12,-0.681,0.1373,-1.5013,-0.9666,-0.0732,-1.0478,-0.0569,-0.6748,0.0281,-0.7777,-0.153,-0.4273,-0.815,-0.5867,-0.5157,-0.2987,-0.1057,-1.0944,-1.0282,-0.9871,0.218,-0.6647,0.0631,0.3571,1.6536,2.0338,0.4871,0.5988,0.3026,0.0339,0.203,1.2287,0.7228,-0.8208,-1.2674,-1.4697,-0.0764,-0.631,1.2761,0.809,0.5392,-1.5457,3.0243,1.164,0.9603,-0.1013,0.1254,-0.8312,-1.3548,-0.8622,-0.1068,1.5196,0.5415,-0.7084,2.0448,1.632,0.9331,-0.8786,0.4176,-0.6368,0.3723,-0.6638,-0.2516,-1.2841,-0.7238,-0.8482,0.3361,0.3092,0.6513,-0.6449,1.499,0.8686,0.498,-1.0745,-0.7707,-1.3687,-1.1359,-1.0343,0.1188,-0.2015,0.64,0.0427,1.9382,-0.0185,-0.2648,-0.8679,-0.1489
"IC38",0.2977,-0.0463,0.3242,-0.1908,-0.0876,0.2114,0.9905,-0.0307,0.2939,0.0291,0.2623,-0.7697,-1.2076,-1.8537,-0.3994,0.4239,1.51,0.7954,0.9341,-0.1103,-0.4408,-1.0734,-0.9241,-0.9482,-0.0413,0.8048,1.3288,1.4082,-0.5183,-0.6566,-0.1052,-0.2683,-0.2921,0.3645,-0.0096,0.0876,0.4131,1.2998,1.6818,1.8679,1.448,-0.2144,-2.2172,-0.9377,-0.7057,-0.8383,-0.9381,0.2676,0.9981,1.6937,0.4671,0.2911,-0.7296,-2.1795,-2.7706,-2.8905,-2.3403,-1.556,-1.221,-0.6831,0.3038,0.8272,1.4157,1.6505,1.5603,1.3525,0.6574,0.2901,0.9425,1.0712,0.2305,-0.9034,-1.4035,-0.4513,0.0572,1.0333,1.353,1.3559,0.975,0.3226,-0.0464,-0.6084,-1.1943,-0.988,-0.4091,-0.3717,-0.204,0.787,0.472,0.1002,0.3412,2.7684,1.9894,0.5723,-1.5868,-1.3216,-0.934,-0.6371,-1.2328,-0.6032,-0.1362,0.4918,-0.2057,1.3241,2.0049,1.3997,0.1173,-0.8097,-0.9574,2.5357,0.1082,-1.7832,-2.3289,-1.1698,-0.8704,-0.8612,-0.8284,-1.0155,-1.0444,-0.0559,-0.0735,0.1538,0.0847,-0.4727,0.354,0.2009,1.1135,1.0577,0.3586,0.1288,-0.0645,0.4596,0.079,-0.2509,-0.8433,-1.5603,-1.5258,-0.1354,0.153,0.2497,-0.2444,1.1949,1.4093,0.9143,1.1116,0.419,0.2565,0.1373,0.0393,0.3796,0.4054,0.9493,1.3315,1.0874,0.9647,0.1917,-0.1732,1.0355,-0.051,0.8853,-0.4162,-1.8247,-0.934,-0.3825,1.414,-0.6833,-1.8924,-1.3997,-0.7893,0.2124,-0.1459,-0.2042,-0.2311,-0.6518,-0.5919,-0.7718,-0.8085,-1.0585,-1.2418,-0.7223,0.0635,0.2748,0.3677,0.2052,1.4373,1.8105,1.3505,0.6157,0.5369,-0.3153,-0.8306,-0.8596,-0.9204,-0.8008,0.4109,0.4567,0.0234,-0.0306,0.5262,1.0171,1.2774,-0.3315,-0.2829,-0.3367
"IC41",0.0735,-0.784,-0.3217,0.3191,0.6696,-0.6901,-0.7238,-0.8791,0.2897,-0.4487,-0.4561,-0.5841,-0.1569,-0.0336,0.1997,1.0754,1.6869,0.2555,0.4365,1.1708,1.6894,0.0404,-1.3828,-1.3119,-0.4521,0.0832,-0.1334,-0.0875,-0.5479,-1.4792,-0.3141,0.7384,0.8777,1.3732,0.5392,1.2864,1.726,1.218,0.3879,-0.0316,-0.5177,-1.4078,-0.3696,-0.9037,-1.2748,-1.0736,-0.6765,-0.2045,-0.8805,-0.6268,-0.3607,0.3027,-0.0354,-0.105,0.7778,0.5367,0.8043,0.4391,-0.3504,-0.5786,1.1079,2.2499,1.4153,0.3272,1.0528,0.1685,-0.4529,-1.3513,-1.9018,-1.1015,-2.169,-1.0536,-1.1337,0.1351,0.4854,-0.0131,0.2656,0.0367,0.5649,1.6916,-0.2222,0.4834,1.1554,0.0625,-0.5433,-0.1648,0.2153,0.286,0.3126,0.0939,-0.1931,1.6886,-0.8646,1.3558,-0.0394,0.7243,0.1391,-0.4934,-0.8352,-1.9651,-1.8511,-1.0497,-0.6188,-0.2186,-0.3258,0.2568,-0.9174,-1.3217,-1.3816,2.633,1.4045,1.6233,2.1011,1.6857,0.37,0.0048,-1.2457,-1.1318,-0.1349,1.071,-0.7997,1.4154,1.3563,-0.0384,0.2423,-0.3787,-0.8007,0.0971,-0.4458,0.6596,0.0605,0.5866,0.4639,-1.0809,-1.4587,-1.6283,-1.2747,-1.453,0.2397,1.0934,0.8311,2.1019,1.2653,-0.0379,-0.1745,-0.8164,0.1517,0.4558,-0.0702,-0.2847,-1.462,-2.5698,-1.9904,-1.6384,-0.1754,-0.3875,0.2947,0.3801,2.4934,-0.1719,-0.1308,0.2657,0.7389,0.6194,3.0083,-0.4321,-1.3825,-0.4296,-0.1033,1.5184,2.3592,0.6132,1.0016,0.1285,0.3527,-0.5495,-0.7078,-0.9881,-0.9943,-1.1135,0.0971,-0.3074,0.0674,0.1457,0.8706,0.8202,0.0848,0.3914,0.6123,0.6957,0.8847,-0.4183,-0.2651,-1.2602,-0.2628,-0.9526,-0.7913,-0.779,-1.2058,-1.167,0.1153,-1.1342,1.3043,2.3429
"IC42",0.2115,-0.0755,-0.3972,-0.8155,0.1039,0.8461,0.132,-0.3165,-1.0618,-0.0023,-0.3184,-0.4521,-0.7917,-0.5245,-0.7577,0.6649,0.9173,1.1599,1.2158,0.4395,0.0177,-0.0621,-0.0951,1.0922,0.8938,0.0019,1.1543,0.3549,0.0854,-1.1754,-1.2082,-1.5484,0.0509,-0.1514,0.8936,0.8053,1.3444,1.1817,1.5419,0.2857,0.4721,-0.2504,0.3278,-1.9958,-2.6239,-2.1221,0.1196,-0.2143,0.4419,-0.2138,0.2954,-1.1102,-1.4985,-1.3677,-1.1381,-0.6534,-1.2601,-0.3582,0.2886,0.2538,0.2567,1.2289,1.5789,2.3824,1.8107,1.8082,0.1607,0.8502,0.063,0.1249,0.5461,-0.2808,-0.0891,0.093,0.8295,-0.2991,0.6852,-0.2,-1.1614,-1.2899,-1.1377,-0.0812,-0.8232,-0.1346,-1.3657,-0.8621,-0.1664,-0.2952,-0.2268,-0.4641,-0.7551,-0.9869,1.4167,-0.6156,0.0647,-0.6322,-0.1871,-0.7563,0.7143,1.2469,2.3912,1.5236,1.7238,0.3782,1.3536,0.1968,0.605,0.2949,1.0072,-0.1941,0.8086,0.579,0.5059,-1.406,-1.6253,-1.6094,-0.7115,-0.9973,-0.1614,-0.9534,-0.2697,1.0247,0.1665,0.5156,0.2677,0.4781,-0.2055,-0.5384,-1.7809,-0.009,0.7884,0.9291,0.464,-0.8708,-2.3084,-2.6322,-1.8946,-1.4808,-0.9562,-0.1915,0.3366,0.3225,1.5332,1.523,1.2589,0.2652,0.9882,1.0423,1.5683,0.9091,0.3781,-0.3905,-0.509,0.8479,0.5161,1.5407,0.2913,-1.5768,-0.6565,1.1407,-0.9545,0.4087,0.2455,0.0618,-0.7725,0.5336,0.8996,0.6209,0.6336,0.261,-1.6856,-0.8519,-1.1374,-0.4897,-0.7414,0.9197,0.0435,0.0343,-1.4346,-0.0298,-0.9663,0.6031,0.7247,1.4934,1.0084,0.8596,-0.222,0.0732,-0.8677,-1.3172,-1.8616,-1.6329,-1.297,-0.9779,-0.5219,0.6983,1.341,2.458,1.9499,1.7012,-0.8487,-0.9746,-0.8857,0.2786
"IC43",0.8122,-0.1632,-0.4978,-1.9981,-1.1412,-0.3979,-0.3815,0.6186,0.3494,0.4043,0.2323,0.5261,0.5443,-0.0459,0.6834,1.2356,0.9683,0.5647,-0.6002,-1.0543,-1.6027,-1.7727,-1.6272,-0.4259,-0.5799,-0.2602,0.5686,1.0069,0.8634,0.4375,0.9331,0.7653,1.0083,1.1759,1.5555,1.3716,1.5857,0.9299,0.5202,-0.1276,-0.9636,-0.9155,-1.1406,-0.1578,-0.5061,-1.2838,-0.5939,-0.0551,0.9954,0.5995,0.1857,0.0372,-1.3065,-0.6893,-1.4119,-0.8937,-1.691,-0.4718,0.1908,0.9562,1.0127,1.6113,1.8171,2.0443,0.4268,0.1855,-0.7073,-1.5186,-1.6695,-1.8755,-1.0677,-1.3682,-0.4518,0.2398,0.1263,0.6016,0.6881,0.2354,0.177,-0.3354,-0.0914,0.0195,-0.2563,-0.8078,-0.5044,-1.2951,-1.1221,-0.6911,0.1422,-0.8041,-0.2274,-0.6515,1.5206,1.0414,1.3909,1.6692,1.2583,0.7674,0.5575,0.4689,0.6303,0.5798,0.8695,1.2986,2.7639,1.9311,1.3983,0.7442,0.8116,-0.9022,-1.5882,-1.4996,-0.9635,-0.6193,-0.394,-0.8514,-0.6792,-1.8521,-1.0538,-1.5823,-1.1198,0.6913,0.1463,-0.3171,-0.3538,0.0461,0.7744,0.5704,0.7837,0.5266,0.5325,1.0703,0.0089,-1.0201,-1.8511,-1.5181,-2.1912,-1.086,-1.1296,-0.4138,0.3351,0.8949,0.8986,0.1914,-0.5986,-0.1524,0.3919,0.7274,0.6141,0.1245,-0.9519,-0.6017,-1.2221,0.3903,0.3212,0.7997,0.4842,1.278,-1.1921,1.9921,2.1032,1.907,0.8287,0.4192,-0.451,-1.1973,-0.9071,-0.2338,1.6659,1.8419,-0.0486,2.1327,1.0835,0.6324,-0.333,-0.2551,-0.9907,-1.0074,-2.1007,-1.3226,-0.6559,0.4026,-0.2616,0.4568,0.1751,0.5138,-0.913,-0.4254,0.0187,-0.0772,-0.9008,-0.7191,-1.4604,-0.7127,-0.8706,-0.1197,-0.777,0.1127,0.3846,1.68,0.1799,0.2452,0.6949,0.9199
"IC44",0.6762,0.2847,-0.8227,-1.1977,-0.8857,-1.1175,-0.9975,-0.2944,-0.3173,0.1228,0.1762,-0.2407,0.5431,0.8545,1.2859,0.6763,-0.1402,-0.6378,-0.7554,0.4659,0.9116,0.9471,0.8945,-0.4351,-0.4034,-0.8111,-0.5846,0.4276,0.736,0.6595,-0.0081,-0.8012,0.1708,0.7261,0.8182,0.4103,-0.5598,-0.4569,-0.8534,0.0457,-0.0967,0.4794,0.7775,-0.3324,-0.4871,-0.1875,-0.0146,-0.0815,0.5372,0.9706,-0.114,-0.6375,0.9037,2.4613,2.4603,1.3985,0.4167,-1.01,-0.6582,-0.7199,0.5703,-0.3574,-0.2252,-0.4572,-1.0273,-0.4575,-0.7378,-0.9332,-1.6998,-1.9237,-1.6329,-0.4858,0.1715,-0.5166,-1.2023,-1.5231,-0.7757,-0.0857,-0.1152,1.6156,1.8814,0.4088,0.6188,1.0149,0.7507,-0.2118,-0.3083,-0.19,-0.2841,1.8561,0.8358,1.6871,-0.6862,-0.1948,1.0197,1.1197,0.585,-0.9574,-1.6157,-2.05,-2.0835,-0.8967,-0.3505,0.8917,0.1942,-0.9604,0.0553,-0.9214,-0.9395,2.0532,-0.5038,0.6142,2.1954,3.0899,2.3373,1.3075,0.7424,0.8338,1.1428,1.97,0.4946,-0.1817,-0.4007,-0.7251,-1.2198,-1.2567,-1.2163,-2.191,-1.6208,-0.5478,-0.2238,-0.4376,-0.6169,-0.9563,-0.3641,0.7774,0.6786,0.6143,0.2549,1.0066,0.8585,-0.8344,-1.051,-1.2886,-1.2944,-0.7347,-0.2618,-0.6321,-1.6582,-1.558,-0.8711,-0.0376,0.2254,-1.031,-0.5524,-0.2255,-0.4248,0.0366,2.0434,2.6204,1.1305,0.9187,0.2201,0.1117,2.4957,0.7696,-0.3373,-0.0296,0.4925,0.2409,1.8919,0.8957,0.6501,0.61,1.1487,0.969,0.2702,0.151,0.8179,-0.7377,-0.891,-1.3127,-1.3202,-0.9669,-0.813,-0.5326,-0.2843,-0.8463,-0.8248,-0.0382,0.7945,0.3262,0.8461,0.5293,0.0689,-0.6413,-1.1282,-1.4724,-0.7948,-0.0849,1.8064,0.5883,-0.1785,-0.5365
"IC45",-1.1807,-0.7081,0.3023,0.3187,0.7632,0.6378,-0.4846,0.1958,0.0237,-0.9462,-0.918,-0.0988,-0.2599,0.6197,0.2787,-0.124,-1.0858,0.1441,0.8757,0.9457,0.1146,-0.0028,0.1331,-1.1708,-0.8772,-0.1926,0.2186,0.6793,1.5624,0.6296,0.9494,-0.0892,-0.362,-0.732,-0.7269,-0.9548,1.3383,1.2326,0.9943,0.124,0.3416,0.1123,0.6235,0.8473,-0.0838,-2.1334,-1.3465,-1.2452,-0.355,-0.2948,1.2661,0.4252,-0.9875,-0.8436,-0.1054,-0.6769,-0.0269,0.7506,0.1321,0.1044,0.0935,0.881,0.9032,0.5759,-0.0107,0.9367,0.9944,0.7273,-0.2552,-0.7479,-0.1339,-0.5041,-1.2057,-1.6271,-0.6027,-0.2911,-0.0982,0.0886,0.3731,0.3318,0.4829,1.5122,1.0548,0.3658,-0.8411,-1.4793,-1.5211,0.3533,0.1522,-0.8999,-0.5486,0.5049,1.1494,0.4074,-0.2419,-0.774,-0.0609,-0.1977,0.2265,-0.1393,-0.5407,-0.7774,-0.082,0.4446,1.4698,1.2529,1.1235,1.1723,-0.3373,-2.5577,-0.6225,0.038,0.9675,1.6317,0.1198,-0.5594,-1.38,-1.3763,-0.4217,0.0199,-0.2816,0.0614,0.611,0.4462,1.3444,0.9581,-0.2521,0.7539,0.0976,-0.1347,-0.5983,0.0105,1.3432,0.8575,0.837,0.6741,-0.2422,-2.6192,-3.3063,-2.4131,0.2686,0.8378,1.3905,1.1041,1.5312,1.8903,1.2019,0.1558,0.1017,-0.4183,-0.7192,-1.9009,-1.5604,-1.0785,-0.2577,-0.6426,0.4799,0.7753,-1.1666,-2.1079,-0.6937,-0.6986,-0.2307,0.2185,0.4934,0.1379,0.079,-0.9009,-1.699,-0.4764,0.4963,1.5964,1.1143,2.1466,2.819,1.9421,1.4937,0.9571,0.5649,-0.0672,-1.2262,-1.3909,-0.9132,-1.0566,-0.5393,0.1782,0.8616,1.3868,0.8483,1.0435,0.8084,1.2612,1.2578,-2.0033,-2.0421,-2.3279,-1.3293,-0.8498,-0.3965,0.1569,-0.3668,-1.3497,1.2563,1.216
"IC46",-0.2066,-0.2993,-0.6902,-0.7811,-0.7061,-0.639,-0.5283,0.4915,0.71,0.6798,0.854,1.2136,1.3349,1.6015,1.1974,0.8899,-0.713,-1.2048,-1.0718,0.3006,0.6453,0.5444,0.7357,0.3757,-0.8742,-1.4947,-1.4425,-0.9657,-0.4916,-0.4505,0.2995,0.0523,0.2411,-1.0453,-0.3884,0.0347,0.3592,0.2603,0.3742,0.2468,-0.1486,-0.9525,-0.5105,-1.8499,-1.3544,-1.5815,-0.4423,-1.3977,-0.6579,1.5966,1.3067,1.3177,1.2044,1.5199,1.675,1.8736,1.3911,1.4514,2.063,2.5395,1.4797,1.3148,-0.1751,-0.3072,-0.4102,-0.0166,-0.7373,-0.2868,-0.9244,-1.8174,-2.2266,-2.1504,-0.7878,-0.3007,-0.4248,-1.0042,-0.565,-0.6328,-0.3006,0.2347,0.2381,0.298,-0.4425,-0.4798,-1.9461,-1.428,-1.9066,-2.0334,-0.9698,-0.5545,-0.3276,-0.1684,0.9719,-0.0629,1.1197,1.3137,1.1243,0.9543,0.7345,0.5256,1.6956,1.147,1.406,0.7985,1.7685,0.652,1.2853,1.418,1.0336,0.3725,-0.4671,-0.9002,0.4999,-0.2614,0.0657,-0.0135,0.6716,0.0641,0.5314,0.1314,-0.9866,-0.0945,-0.0086,0.6312,0.0636,-0.1848,-0.342,-0.7272,-1.1402,-1.1313,-0.6293,-0.3311,-1.26,-1.8882,-2.5054,-2.2616,-1.5887,-0.6671,-0.3782,-0.0044,0.8068,1.2539,0.8857,-0.2031,-0.6118,0.1249,0.8568,0.0849,0.4759,-0.3854,-0.4043,-1.0909,-1.0348,0.3402,-0.2514,1.0959,1.7231,2.6423,-0.1772,1.4501,1.8177,1.6573,1.5675,0.7613,0.0424,-0.5512,-0.6885,0.0019,0.087,0.3675,-0.5479,-0.1305,0.7215,0.7453,0.1765,0.602,-0.0951,0.4972,-0.5271,0.0855,-0.6889,-0.913,-1.1643,-0.7802,-0.6875,-0.9778,-1.5054,-1.5695,-1.0945,-0.223,-0.4961,-0.0684,-0.0799,-0.2382,-0.0309,-0.2611,0.3936,-0.0327,0.5503,1.5455,1.2941,0.8631,-0.3639,0.4769
"IC47",-2.1494,-0.1092,0.1465,-2.6308,-1.868,-0.1013,0.1871,0.6767,1.9402,0.5958,0.5985,0.3511,-1.2498,-0.7019,1.4013,1.3367,1.0416,-0.5092,-0.9966,-0.8831,-0.3599,1.75,1.6925,1.133,0.8883,1.0754,0.6797,1.1018,-0.0842,-0.5256,-1.5039,-3.2669,-0.7276,2.0264,1.0218,0.3957,0.4962,-0.1219,-0.5726,-0.3432,-0.0731,-0.8246,-0.8064,-0.2497,-0.1223,-0.2113,0.2547,0.9058,0.1038,-0.4127,-0.928,-1.4768,-1.0045,-0.7412,0.8493,1.1161,0.6283,-0.1767,-0.526,-1.1997,1.0494,2.1284,1.1458,0.3673,-0.2362,-0.3078,-0.0632,0.0011,-0.0215,0.1241,0.1765,0.0811,-0.5826,0.5211,0.5435,0.4362,-0.1907,0.0689,-1.0364,0.3964,0.0183,-0.3196,0.3335,-1.1982,-0.5843,-0.1327,0.0858,0.9259,0.4234,-0.6852,-0.6038,-0.7347,-1.9269,1.4678,1.0118,0.8821,-0.6411,-1.1229,-1.8044,-2.3377,-2.1233,0.6238,0.2713,1.4482,1.1862,0.9162,-0.0916,-1.4114,-0.9831,1.0583,0.0007,1.31,2.478,0.9737,0.9982,1.2238,0.9755,1.2923,1.9158,1.7751,0.2823,0.2844,-0.3015,-1.6885,-1.0424,-0.5941,-1.0963,-1.2089,-0.6647,-0.6619,0.4325,0.7534,0.1989,-1.2822,-2.1294,-0.5452,-0.0632,0.4336,1.1527,1.2137,0.9908,-0.2808,-1.8937,-1.3272,-1.2977,-0.9657,-0.593,-0.2643,-1.2606,-0.9058,-0.8269,-0.6706,0.1413,0.5651,1.541,1.008,0.0784,-0.3765,1.3895,-0.8334,0.223,1.0761,1.0078,0.7363,1.1529,-0.2237,-0.8278,-0.5672,0.5693,1.3165,2.1335,-0.0837,-1.2612,0.0232,0.5222,0.4941,0.2666,0.1923,0.0017,0.9495,0.58,0.4046,0.5199,-0.2726,-0.3853,0.8239,-0.6726,-0.6657,-1.641,-1.252,-0.8999,-0.2062,-0.2344,0.0628,0.4533,0.7806,0.6476,0.9739,0.3255,-0.9422,-0.9911,-0.8943,-0.4734,0.1338
"IC48",-0.1686,0.2005,0.3842,0.6136,0.5896,0.4175,-0.0214,-1.0071,-1.16,-0.99,-0.525,-1.5223,-1.9601,-1.7814,-0.5415,0.6116,1.5054,0.9263,0.5166,-0.3453,-0.0965,-0.3377,0.2981,0.3361,0.2472,0.3934,0.3275,0.3869,0.0852,-0.3204,-0.6818,0.1481,0.9503,1.317,0.9161,0.7893,1.9318,2.4691,3.0007,2.2153,1.4627,1.024,0.0685,-0.7839,-0.922,-0.6753,0.1767,0.014,0.0396,0.2642,-1.1336,-1.459,-2.6866,-2.6585,-1.8341,-2.5858,-3.1562,-2.8233,-2.3958,-1.7682,-0.2242,1.2735,2.3285,2.1187,0.9397,0.608,-0.4923,-0.7255,-0.8235,-0.7376,-0.4662,-0.0714,-0.3577,0.5313,1.0864,1.7849,1.952,1.1585,-0.2598,1.407,1.1507,1.0449,0.1897,0.7469,0.7065,0.842,0.648,0.4341,-0.1377,-0.336,-0.1698,0.4027,0.6601,-0.9876,-0.5794,-0.1043,-0.1104,-0.2602,-0.1171,0.763,1.031,0.7662,-0.308,-0.9628,-0.8004,-1.2652,-2.0716,-2.3632,-2.19,-1.3266,-0.5399,0.538,0.5966,0.7495,0.919,0.7246,1.2893,1.3814,1.7975,0.9394,-0.575,-0.1208,0.0373,-0.9156,-0.6433,-0.6028,-0.9578,-1.5035,-1.6267,-0.377,0.1004,0.5421,0.7676,0.6102,-0.4024,-0.4007,0.6875,0.5662,0.7975,0.3482,-0.0907,0.7598,1.3971,0.7618,0.202,0.0903,-0.1074,0.0471,0.2976,-0.489,-1.1368,-0.8154,-0.2345,0.1099,0.1281,0.0452,0.1219,0.1004,-0.4284,-0.4423,-0.2592,-0.7001,0.2544,0.5903,-0.5361,-1.0255,-0.7481,0.112,0.3895,0.5072,-0.17,0.4043,0.5096,0.7454,0.8267,0.4947,0.7755,0.8084,-0.0241,0.0633,-0.3325,-0.4738,-0.3148,-0.5527,-0.176,0.3181,0.265,0.2834,0.5371,0.4122,-0.6713,-0.448,-0.3042,-0.5891,0.1872,0.5184,0.1601,-0.4974,-0.1376,0.6609,-0.4056,-1.2908,-0.2958,0.4743
"IC49",-0.9291,0.2479,-0.2724,-1.3224,-0.0768,-0.127,-0.5056,-0.5659,0.3768,-0.3765,-0.6317,-0.1225,-0.0503,-0.2032,1.1492,0.8029,0.529,-0.4531,-0.0076,-0.4951,-0.6412,-0.8491,-0.1198,-0.8759,0.0983,1.3301,1.8175,1.3015,0.5976,0.4105,0.3296,0.4695,0.5196,-0.2688,0.6567,0.9905,0.5427,0.919,1.442,0.4533,-0.2775,-0.7428,-0.4483,-0.0149,-0.0783,-0.1999,0.5917,0.9883,1.3237,0.4366,-0.3224,-0.2442,-0.7344,-0.9953,-1.0311,-2.2972,-1.2742,-1.1863,-0.647,-0.7547,-0.0471,-0.3127,-0.3419,-0.1078,-0.2988,0.4953,-0.2855,-0.3863,-0.6317,-0.7621,-1.0583,-0.0764,1.6728,0.2477,-0.2372,-0.7465,-1.0248,-1.4456,-0.7509,0.6498,2.1182,1.5063,0.117,1.3258,1.6288,1.6431,0.2334,0.6294,-0.8554,0.216,0.2884,2.2693,0.3446,1.2815,1.6367,0.6753,-0.5037,-1.8292,-2.4313,-2.1488,-1.7681,-1.0778,-0.3739,0.0677,0.1886,-0.7035,-0.7565,-1.3873,-1.8716,1.6726,0.19,1.1196,0.5636,0.9181,0.5112,0.6881,1.3864,2.1959,1.3655,0.5594,1.0162,0.9436,0.3839,-0.1913,0.094,-0.0056,-0.654,-0.4906,-0.2693,0.751,2.523,1.4404,-0.1304,-2.014,-2.3615,-2.3931,-1.6133,-1.0618,-1.0776,-0.8538,-1.1375,-0.1349,-0.2925,-1.6413,-0.9683,-0.7894,-0.5273,-0.8475,-0.7974,-1.5266,-0.3531,0.2109,1.3234,-0.0247,-0.8304,-0.6852,-0.2839,1.561,1.3659,2.5121,2.3569,1.2999,0.8766,0.4631,0.9315,1.0449,0.6646,1.094,0.8722,0.9558,0.3341,0.2316,1.1254,1.0009,0.6063,-0.0418,-0.4137,-0.3747,-0.0882,0.078,-0.6824,-1.0707,-0.6963,-0.2562,0.6636,-0.1812,-0.7038,-0.9667,-0.3287,-0.5862,-0.7751,-0.8288,-0.3326,-0.9455,-0.6768,-1.0844,-0.7544,-1.245,-0.4426,-0.0382,0.5552,1.3159,1.865,0.6423
"IC50",-0.1105,0.1699,-0.0366,1.0386,0.9451,1.6963,1.6671,-0.3547,-1.413,-1.033,-1.0696,-1.4842,-1.4969,-1.812,-1.7074,-0.3045,0.6156,0.9315,1.6807,0.4252,-0.0406,0.12,1.136,0.8462,0.5166,0.4813,0.14,-0.1536,0.0983,-0.2136,-0.9401,-0.2826,0.5987,0.4319,0.6277,0.5335,-0.1348,0.6309,1.1049,0.2515,1.1578,1.1392,0.3651,-1.2835,-2.0906,-1.4682,-0.2139,0.4948,1.0576,0.5672,-0.4355,-2.126,-1.7112,-1.7013,-1.458,-1.1415,-1.427,-2.1278,-2.1693,-1.2181,-0.1537,-0.1227,0.7882,0.6757,1.702,2.0469,1.9253,2.3401,2.2862,1.8741,0.8332,0.6436,0.3888,-0.0344,0.7919,0.1358,-0.4589,-0.0968,0.5016,0.5402,0.6235,-0.081,-0.8349,-0.6906,-0.6383,-0.6322,-0.1811,-0.3826,-0.97,0.5196,1.0946,1.8983,0.7204,-1.3534,-1.567,-1.504,-1.191,-1.4465,-0.4469,-0.3034,0.4046,0.9262,1.4382,0.0179,-0.4603,-0.4339,-0.9535,-1.1271,-0.8077,0.7876,1.183,-0.198,0.2601,0.9995,0.3144,-0.3944,-1.1247,-0.7567,-0.5663,0.3595,1.8262,1.4949,0.1435,-0.2061,0.1371,0.3717,-0.492,-1.3527,-2.0101,-0.0697,0.7867,0.7941,1.0414,0.0006,-0.3258,-0.4842,-0.5565,-0.1636,0.2099,0.6672,0.1944,-0.3954,0.0619,-0.2741,-0.2625,-0.8728,-0.1545,-0.3704,0.1905,0.6477,1.9398,2.4225,2.347,1.3627,0.7031,-0.3727,-1.1248,-1.1887,0.3232,-0.0951,-1.865,-1.1383,-0.0373,-0.5286,-0.1523,0.6788,0.6835,0.8949,0.717,-0.0473,-0.0362,-2.0026,-1.8511,-1.138,-0.6379,0.1643,0.3044,0.0248,0.1262,-0.4047,-1.477,-1.5239,-0.7118,0.2651,0.6197,0.709,1.2716,0.9737,0.5849,0.0296,-0.1388,-0.7877,-0.0519,0.1422,0.6241,0.5502,0.633,0.9431,1.4144,0.1349,-0.0456,-0.3257,-0.7048,-1.1959
"IC51",-0.7316,0.8519,0.2159,-0.8195,-0.3256,-0.0988,-0.6649,0.2543,0.4351,-0.2951,-1.0574,0.7569,0.1591,0.0925,-0.3592,-1.0149,-0.6901,-0.1095,0.1073,-0.6615,-0.7128,-0.8961,-0.7722,0.1713,0.98,1.2008,2.0014,1.4801,2.5851,1.8463,0.6374,-2.7069,-0.5623,-0.5136,1.239,1.3911,0.0342,-0.8597,0.2717,-0.1503,0.2781,-0.297,0.569,-0.1711,-1.0411,-1.5486,-0.0579,0.8375,-0.2256,-2.1531,-1.3198,-0.7966,0.1842,-1.0768,-0.1534,-0.5297,1.0766,1.8766,0.5855,0.9353,1.0896,0.0668,-0.1264,0.4901,0.9261,1.145,0.5213,1.536,1.1454,0.6991,-0.8784,-0.8273,-0.077,-0.6832,0.3093,-1.5903,-1.6821,-2.606,-1.7853,-0.7049,-0.2154,0.6097,-0.7121,1.265,0.6382,0.8275,0.1726,0.3018,-0.627,-0.5411,-1.1518,-1.0953,-0.2061,-0.5535,1.2917,1.6591,1.2752,-0.1943,0.3605,-0.5582,-0.2616,-0.8411,-1.0422,-0.8089,-0.7726,-0.0612,0.6252,-0.2135,0.2956,-1.1026,-1.158,0.6623,1.3845,0.8417,0.4008,0.8029,1.6979,2.7591,2.4611,0.9459,1.2589,0.3899,0.2688,-0.4632,-0.4531,0.2007,0.1735,-0.474,-1.6808,0.3349,1.0813,-0.4145,0.4207,-0.036,0.131,-1.3173,-0.7975,-1.1674,-0.3925,-0.8066,-0.2362,-0.058,-0.6843,-2.1932,-0.4874,-0.815,-0.3972,-1.1943,-0.2195,-0.5993,0.1482,-1.237,-0.7158,-1.0641,-1.9004,-0.9235,-0.1718,-1.2667,0.1415,1.1877,1.5074,3.0567,2.1662,1.9629,0.5443,0.6541,0.3197,0.1711,0.9779,0.7267,0.1719,1.0435,1.3049,1.755,-0.0948,-0.4466,-1.0838,-0.534,-0.7788,0.3996,0.5541,0.6727,0.5639,0.0416,0.6468,-0.7981,-1.1018,0.6254,-0.4114,-0.8585,0.3085,0.1445,0.7997,-1.2307,-1.5867,-1.8105,-0.7522,-0.2382,-0.9743,0.3915,0.3366,0.4101,0.6545,0.4068
"IC54",0.024,-0.0308,-0.5475,-1.3724,-0.8622,1.5464,1.3486,0.7663,0.5504,0.2812,0.6542,-0.0554,-0.6733,-0.9544,-0.4176,0.6157,0.5115,1.335,1.1784,0.3904,-0.2665,-0.7931,0.0463,-0.512,0.5986,1.4043,0.6365,-1.1409,-3.0708,-1.8883,-0.146,-0.8809,-0.0329,-0.4974,0.0361,-0.4663,1.0245,0.8901,0.9987,1.8709,1.5279,0.6821,-0.686,-0.1845,1.3929,0.5744,0.0325,-0.593,-0.9567,-1.2473,-0.9715,-1.3721,-1.3325,-1.1318,-1.5155,-2.437,-2.083,-1.4854,-0.8929,-0.4334,0.2618,0.6848,-0.3273,0.0968,1.1635,2.0722,2.2058,1.8555,2.3544,1.822,1.0992,-0.0485,-0.7874,-0.5457,0.9188,1.226,0.1538,0.2231,0.3122,-0.9615,-0.348,-1.094,-0.4999,0.2,0.7318,1.7108,1.4025,1.7832,-0.0937,-0.5259,0.2483,0.2933,1.4563,-1.0056,-2.15,-2.0617,-1.5333,-0.6623,-0.8523,-0.7448,-0.7752,0.4808,1.1591,0.3216,0.8434,1.0808,0.9759,0.1131,-0.8517,0.0328,-0.1977,-0.554,-0.866,-0.5716,-0.5308,-1.5395,-1.1856,-1.544,-1.6031,-1.3537,0.8439,1.5535,-0.5771,-0.8819,-0.2745,0.8975,1.3662,0.417,0.9098,0.3507,0.4956,-0.0217,-0.26,0.5157,-0.4731,-0.2973,-0.6865,-0.1374,0.6413,0.1042,0.0414,0.7739,0.9594,0.7067,0.7844,1.2607,0.5558,0.9816,0.039,0.5598,1.2647,1.3446,1.4021,0.7571,0.4819,-0.0846,-0.694,0.1949,0.073,0.1842,-1.4471,-1.4295,-0.4485,-0.964,-0.9104,-1.2492,-1.1154,-0.3796,-0.2293,0.3547,-0.0213,-0.7513,-1.8745,-1.2548,-1.1055,-0.8209,-0.1214,-0.5946,-1.0279,0.1303,0.2049,1.1471,0.531,0.3693,0.6682,0.7388,0.3552,0.7291,1.6554,0.9597,-0.6745,-1.0999,-1.3975,0.84,0.367,0.3364,0.6412,0.2359,-0.2076,-1.9362,-0.3092,1.3763,0.8344,0.3674
"IC56",-1.1405,-1.0572,-1.6587,-0.9224,-0.1852,-0.5087,-0.2358,-0.7045,-0.2745,1.105,0.4474,0.5988,0.6461,0.8801,0.119,0.2209,1.0809,0.2256,-0.2967,-0.374,0.6621,0.8909,0.1148,-0.4458,-0.4995,-0.2298,0.4086,0.6123,0.3908,0.0583,-0.6348,-1.1205,0.9116,2.1034,1.1343,1.134,-0.981,-0.7395,-0.5383,0.4678,0.8279,-0.7228,0.9932,0.7192,0.9385,1.3437,0.9799,0.6005,-0.6433,-1.275,-1.5153,-1.1764,0.657,0.8719,0.6062,-0.6502,-0.2033,-0.4098,-1.3323,-0.5566,0.0178,0.0464,0.4595,-0.3832,-0.1551,-1.2167,-1.4145,-1.1044,-1.5318,-0.8864,-2.3387,-1.376,-1.0131,-0.006,0.5616,-0.5646,-0.0528,-0.5645,0.1266,1.948,0.7338,1.0438,0.9962,1.3738,1.2435,1.1337,1.6827,1.4882,0.8187,0.6118,-0.1849,1.7161,0.6915,1.2067,0.8415,0.7262,-0.1922,-1.2221,-1.87,-2.7037,-1.6252,-1.4095,-0.4319,0.6891,0.4676,0.6465,-1.2676,-2.3281,-2.4735,1.1152,-0.5771,-0.0599,1.8408,1.8444,1.713,1.3084,0.2801,0.5954,0.5715,0.934,-0.3621,0.2513,0.6731,-0.5124,-0.4908,-1.3864,-0.6457,-0.2705,-0.7105,0.8453,-0.3024,0.0277,0.3454,-0.2479,0.5904,-0.304,-0.1419,-0.3635,0.2768,1.359,0.3785,-0.5495,-1.2506,-1.2467,-1.0618,-1.4654,-0.6764,-0.9837,-1.5317,-1.975,-1.0969,0.2553,0.1494,-1.0611,-0.1464,0.1104,0.7126,0.0763,1.9879,1.3082,1.7268,1.4445,0.5165,-0.208,1.1205,-0.095,-1.1472,0.126,2.3934,2.4449,2.3165,-0.3853,0.0365,0.4894,1.3071,1.2918,-0.0453,-0.3751,-0.4292,-1.4815,-0.1144,-0.3599,-0.1559,-1.2371,-0.6264,0.1759,0.4971,0.2286,-0.0785,0.0894,-0.0576,-1.0148,-0.08,-1.2656,-0.8711,-1.1521,-1.1779,-0.5551,-0.715,-0.1948,0.6559,0.9858,1.0136,0.1592
"IC58",2.2154,0.571,-0.5123,-1.3075,0.6949,0.6489,-0.0432,0.3376,-0.3426,0.781,-0.3503,0.2874,-0.211,0.0762,-0.8618,0.655,-0.2563,-0.3954,-0.9317,-0.3996,-1.6718,-1.0056,-0.3294,0.7186,-0.7293,-0.9367,0.4117,0.0875,-0.6835,-1.0152,-0.3719,-1.232,0.3579,0.7482,1.6136,0.485,0.7997,1.0961,1.5342,0.8383,0.3952,-0.5542,-0.6218,-0.8705,-0.5702,-0.389,0.9678,0.6131,0.7848,-0.5617,1.0286,1.0759,-0.1096,0.371,-0.0003,0.2021,-0.4701,-0.2243,-0.8063,-0.3365,-0.8342,0.053,0.2168,0.9673,-0.8455,-0.7061,-0.9158,0.5229,0.5704,0.424,-0.0001,-1.0955,-0.6669,-1.5786,0.8911,0.2065,-0.1733,0.442,-0.7884,-0.6281,1.0744,1.5316,0.7536,-0.8256,-0.5019,-0.2857,-0.4258,-0.9073,-0.179,-0.4338,-0.1204,-0.8769,2.6923,1.122,1.7638,0.718,1.5212,0.441,0.5832,0.9249,-0.1453,-0.739,0.1564,-0.7529,0.6298,-0.6099,-0.0938,0.0321,-1.6867,-2.1484,-1.1048,-0.5683,-0.2291,-1.9631,-0.9872,-0.7403,0.1378,-0.3068,0.2789,-0.7839,-0.6608,1.2616,-0.1563,0.5709,-0.2778,0.1979,0.3577,1.3333,0.2863,-0.2431,1.3065,2.0642,0.7283,-0.1364,-0.7083,0.0627,-0.8997,-0.325,-0.1922,0.3226,0.3718,0.8347,1.784,1.6949,0.6455,0.463,0.447,1.1945,0.9016,0.6674,-0.6962,-0.9353,-0.2878,0.9014,0.9178,1.1611,-1.0048,-3.2779,-2.542,1.1227,-2.6615,-1.2501,-1.5872,-2.2036,-2.5664,-1.4762,-0.9946,-0.2635,1.5113,0.149,1.0324,2.5113,0.9581,0.031,0.5851,0.9395,0.0692,-0.7407,-1.7027,0.322,-0.3144,0.0771,-0.4026,0.7318,0.6295,1.3061,1.1827,1.8429,1.3732,1.0168,0.1173,-0.0044,-0.9025,-0.2612,-0.5118,0.8832,0.1573,0.5539,-0.6929,-0.9049,-2.254,-1.9231,0.0733,2.0072
"IC60",1.036,0.8293,0.3119,-0.1844,1.1989,1.1318,1.2419,-0.1076,-0.2442,-0.9628,-0.1415,-0.4322,-1.4297,-1.6477,-1.0512,0.0022,1.8116,0.5072,-0.0176,0.4561,0.5311,-0.0851,0.6089,-0.3417,-1.0122,0.1538,-0.5362,-0.0104,-1.6132,-2.5531,-1.1358,-1.6522,-1.3086,0.5578,-0.4599,-0.2316,0.3008,1.5777,2.0802,2.4083,1.7807,0.9088,-0.074,0.3033,0.5742,0.796,-0.5686,-0.1306,-1.1498,-0.1252,-0.7902,0.1098,0.1358,-0.326,-0.1888,-0.9685,-0.6215,-0.9495,-1.2963,-0.6701,0.0242,1.4318,1.1178,-0.0964,0.3643,-0.9417,-0.3001,-0.0837,0.9262,0.2422,-0.9228,-0.8838,-1.6208,-0.4438,0.1172,2.0055,1.4968,0.8886,1.1953,1.273,1.1368,0.1102,-0.6468,-1.1606,-0.2274,0.3087,1.1743,0.2589,0.1459,0.3574,1.9949,1.6638,-1.0131,0.1475,-2.3649,-1.6423,-2.3084,-1.0051,-0.52,0.0694,0.2491,0.73,0.3626,0.6638,-0.394,0.2723,-0.9317,-0.6126,-0.195,0.9281,0.2086,-0.0442,0.2315,0.3852,-0.0265,-0.0739,-0.3234,-0.1887,-1.9827,0.788,0.3892,0.3347,0.292,-1.6535,-0.8016,-0.4518,0.235,0.9907,1.5083,-0.7734,-1.7384,-0.6972,0.0503,0.2127,-1.1604,-2.0361,-1.0205,-0.2732,0.0845,1.41,1.0911,2.3647,1.8574,1.4396,0.7216,0.7021,0.8451,1.3256,1.2015,1.4965,0.7061,1.3359,0.7958,-0.5417,-0.3803,-0.7424,0.1633,1.377,0.5557,-2.0414,-1.902,-2.6192,-0.8342,-0.4518,0.2097,-1.5248,-1.9402,-0.8481,-1.156,-0.2693,1.432,-0.6746,-0.5967,-0.9318,0.3625,0.701,0.1637,0.155,0.1422,-0.3435,0.1552,-0.4871,-0.4386,-1.727,-1.2695,0.4495,1.3431,1.47,1.0263,0.7287,-0.1048,-0.5452,0.2457,0.2102,0.6786,0.8445,0.7297,-0.0329,0.0764,-0.375,-0.6273,0.0953,0.7416,-0.0871
"IC62",0.3879,-0.0843,0.9296,1.1127,-0.4383,-1.1484,-1.6534,-1.6959,-1.4011,-0.1067,0.4375,-0.1305,-0.7773,-0.8399,0.4698,1.5154,1.2155,1.0579,0.0388,0.2125,0.0945,0.811,1.0634,0.7008,0.6724,0.121,0.2677,-0.6733,-0.4156,-0.8359,-1.8435,0.6812,0.8562,0.7766,0.2048,-0.544,-0.0903,-0.2422,0.8989,0.2762,1.1414,0.5905,0.304,0.1793,-0.56,-1.3243,-0.671,-0.3765,0.2322,-0.7618,-1.1331,-1.1617,-0.7004,-0.549,-0.5283,0.2542,-0.0353,-0.129,-0.3223,-0.3636,0.638,2.1896,1.9221,1.155,0.2723,0.0771,-1.3133,-0.6107,-1.3512,-0.4688,0.4786,-1.0542,-1.4743,-0.2273,1.6117,1.9673,1.1296,0.7238,1.1258,1.9824,0.3929,-0.3868,-0.8015,-1.1352,-1.2572,-1.9409,-2.1805,-1.4617,-0.3766,0.1037,1.0318,2.284,2.2613,-0.7653,-0.914,-0.5425,0.1323,-0.9325,0.2621,0.5884,1.0914,0.9775,0.3799,-0.4355,-1.2226,-1.2847,-0.8353,-0.9893,0.0744,0.9116,2.11,0.544,0.3929,0.5028,0.7405,0.7908,0.8312,0.0595,0.8424,0.4886,-0.219,-0.103,-0.3117,-0.0844,-0.5125,0.2131,-0.5994,-0.2726,-0.4212,-0.7581,-1.1613,-1.2886,-1.2976,-2.2827,-1.8949,0.3787,0.8031,0.964,0.2557,0.337,-0.0479,-1.517,-0.6588,-0.4543,-0.566,-0.8249,0.1552,0.9682,2.154,2.4727,1.3741,0.564,-0.4833,-0.5379,0.2397,1.0062,1.3823,2.2127,0.3867,-1.1567,-0.7612,0.2919,0.4448,0.5735,0.81,0.343,0.3992,0.602,-0.0253,-0.2406,-1.4007,-1.1172,-1.355,-1.3012,-1.223,-0.2726,-0.245,-0.1588,-0.2168,-0.5736,-1.2375,-0.6744,-0.3428,1.3203,0.6779,-0.0398,-0.4952,-0.0364,-0.5815,-0.5576,0.102,0.7357,0.4089,0.9196,0.7921,1.4202,2.2331,2.5263,1.0224,0.0667,-0.9031,-1.8405,-1.9552,-1.621
"IC63",0.862,0.2905,-0.5751,-0.837,-0.7098,-1.3464,-0.4993,0.7276,0.5106,-0.0545,0.2008,1.0263,0.8506,0.88,0.6256,-0.2484,-0.8505,-1.2113,-0.8094,-0.2858,-0.7535,-0.7593,0.135,0.7916,0.2612,0.2649,1.759,2.0721,2.5727,1.9528,-0.2733,-0.4882,-0.3829,-0.7907,-0.4301,-0.7813,-0.3227,-0.4868,0.2119,-0.7469,-1.6335,-1.5508,-1.0123,-1.5524,-1.5041,-0.8879,0.6433,0.2674,-0.641,-0.8603,-0.2495,-0.2717,-0.096,0.5922,1.3457,1.8574,1.5274,1.7759,2.229,1.2092,0.1269,-0.09,-0.7853,-0.4897,0.2425,1.059,1.0038,1.6818,0.8268,-0.1958,-0.2369,-0.9102,-0.3568,-0.6656,-0.7546,-1.4281,-2.0025,-2.4164,-2.676,-0.5723,-0.7108,0.0741,0.2336,1.3096,1.0668,0.7861,0.8946,1.1866,1.5194,0.8177,-0.6951,-1.0679,-1.0356,-0.6406,0.3723,0.7171,1.1509,0.2117,-0.2292,-0.8411,-0.7954,-1.2706,-1.2471,-1.5192,-0.3879,0.7348,1.3407,1.0184,0.7877,-0.215,-0.0753,0.2347,0.0965,0.1957,0.3646,0.0413,0.6357,0.3286,0.9406,0.5446,-0.6721,0.6038,0.8887,1.5075,0.9855,1.4471,0.8275,0.9211,0.4471,0.1367,0.2046,-0.5978,-1.2065,-2.6839,-3.1412,-2.5857,-1.2154,-0.6889,-0.5031,-0.5297,-0.0892,0.3638,0.3867,-0.0734,0.1121,0.0815,-0.0644,-0.52,0.6003,0.0824,-0.8882,-0.3974,-0.6328,-0.6464,-1.4459,-0.2932,0.1352,0.0669,0.11,1.4299,1.2191,2.3474,2.6293,2.0358,0.8034,1.4389,1.3306,0.8722,0.8684,0.3023,-1.3953,-0.0854,0.147,-0.134,-0.1595,-0.5298,-1.8498,-0.9513,-0.295,-0.7406,-1.3129,-0.9247,-0.7072,0.2984,0.3857,-0.1457,-0.9947,-0.7784,-0.7586,0.1484,0.4376,0.1345,-0.1937,-0.2193,-0.3313,0.089,0.3353,0.7313,0.7099,0.7918,-0.1735,0.1345,0.0277,0.2252
"IC64",-1.3671,-0.0256,0.0438,-0.0325,-0.1416,0.471,-0.6571,-1.004,-0.3397,-0.5941,0.0448,0.9443,0.3696,0.9874,0.2244,-0.2416,-0.1981,0.7294,0.2619,-0.2575,-0.3941,-0.4263,0.8293,0.7681,-0.2803,-0.8296,-0.3631,1.0924,1.6412,0.5342,0.0216,-0.144,-1.0782,-0.0246,1.1425,0.1069,-0.8781,-1.5443,-1.9993,-0.6912,0.1163,0.8287,0.0827,1.3433,0.9162,0.4981,-0.7608,0.1834,0.2931,-0.3098,0.1846,-1.6702,-0.1481,0.4571,1.6729,1.7501,-0.411,-0.1612,0.6462,-0.1158,-0.675,-0.47,0.7419,0.4293,1.312,0.8159,-0.0294,-1.3556,-1.4,-0.0468,1.0496,0.1124,-0.6636,-0.2298,-0.1731,0.5145,0.9308,-0.1665,-0.7973,0.3593,-0.488,0.2919,0.426,-1.5383,-1.9892,-1.1332,-0.3658,-0.2746,-0.498,-0.407,-0.914,1.3748,2.5543,-1.8658,-1.9327,-0.0246,-0.3342,-0.4839,-0.0182,-0.6136,-1.0597,-0.291,0.0879,0.2782,-0.3367,0.7895,1.8079,0.2581,-0.1777,2.9841,1.3864,-0.1296,1.5533,1.9536,0.665,0.76,1.7513,1.0061,0.5886,0.1481,-0.4581,-1.6101,0.5102,-0.16,-0.6109,-0.2211,0.4868,-1.4052,-0.5115,-0.3333,-0.4938,-0.1666,0.0248,-0.2489,0.1514,-0.6807,-0.7188,-0.5343,-1.3528,-0.2981,0.5777,-0.5538,-0.9458,0.4629,1.186,0.7484,-0.8412,-1.5923,-1.1756,-1.3513,-0.5882,-0.9286,-1.1298,-0.5318,-0.2539,0.0571,-0.0891,-0.5832,1.9187,-0.5552,-0.7146,-0.1825,-0.7136,-0.0934,3.7193,4.8434,2.0847,-0.5041,-1.8443,-1.354,1.4908,1.3664,0.3555,1.3464,2.1368,1.605,0.7041,-0.3471,-0.5736,-0.6081,-0.4758,-0.1266,-0.3004,-1.5165,-1.697,-0.0648,0.6048,-0.8933,-0.4983,0.1965,0.0927,-0.2064,0.4286,-0.2323,-0.3346,0.3495,-0.2042,-0.5461,0.3199,-0.9966,-0.527,0.9951,0.2574,-0.6867
"IC65",-1.0195,-0.9964,-0.0086,-0.8271,1.9007,0.7961,-0.6461,1.5206,1.5392,-0.5083,-0.9313,-0.4409,0.3873,1.2156,-0.2865,-0.9004,-0.5979,0.7684,0.07,1.2832,1.2904,1.9752,2.092,1.3288,1.089,1.2884,-0.7797,-2.7774,-1.9617,-1.2456,-0.9156,-1.603,-0.8757,-1.3353,-1.7335,-1.3748,0.6098,-0.0132,-0.3395,0.3104,-0.5957,-1.0481,0.4739,-0.1541,-0.5093,-0.613,-0.2822,-0.9543,-2.5494,-2.1884,-0.0572,0.932,1.6645,2.2042,2.1742,2.1492,1.3885,2.1479,0.7004,0.2695,-0.078,1.219,0.6782,-0.187,1.082,0.4818,0.5793,0.5622,-0.5126,-0.7111,-2.0651,-1.9307,-0.1535,0.1608,0.0607,-0.3755,-1.1061,-1.3133,-1.4473,0.8875,0.8159,-0.1232,0.8258,-0.1065,-0.5092,-0.3598,0.5129,0.1223,-0.0296,-0.2411,1.4157,2.0366,0.2627,0.2203,-1.0013,-1.7013,-1.9753,-1.141,0.5308,1.0853,0.4209,-0.2061,0.434,0.511,-0.4529,-0.8685,-1.7354,-0.2464,0.4763,1.24,1.2253,0.7856,1.7416,-1.0416,-0.6651,0.716,-0.2647,-0.3206,-0.3772,1.1368,0.8868,0.4857,-0.6757,-0.5579,-0.0901,0.7211,0.2289,-0.7196,-1.4288,-0.7664,0.2424,0.0852,-0.7895,-1.3322,-1.4021,-0.9691,-0.9947,-0.284,-0.4457,1.6826,1.617,-0.1621,-0.4829,0.3201,1.4434,1.004,0.1225,-0.058,0.0026,0.7116,0.1631,0.2519,0.8248,1.1157,0.6843,0.2676,0.4373,0.7099,-1.0867,-1.2966,-0.6036,-0.2797,-0.4784,0.8222,1.8254,0.5348,1.774,0.5851,-0.452,0.3534,0.1614,-2.0908,-1.4319,-0.0052,-0.6514,-0.2664,-0.6942,-0.5461,-0.1769,-0.7858,-0.8843,-0.1323,-0.3595,-1.3172,-0.9206,-0.3917,-0.4998,-0.0476,-0.4656,-0.0136,-0.0767,0.4152,0.3447,0.8146,0.5778,0.0064,0.4961,0.8923,0.5561,0.2259,0.4932,0.0224,0.2827,0.4417
"IC66",-0.4015,-0.0332,0.5779,0.6907,1.1976,0.4476,0.5425,1.0215,0.6766,-0.7432,-0.5586,-0.6442,0.5952,0.7592,-0.0759,-0.9515,-0.7247,-0.9114,-0.9605,-1.0593,-0.1846,1.105,1.8166,0.5301,-0.1751,-0.1881,0.1058,0.5534,-0.8407,-0.3795,0.2402,-1.001,-1.3147,-0.3467,-0.5386,-0.356,-1.5649,0.4686,1.2115,1.3642,-0.8966,-0.0622,0.7992,0.6098,-0.5382,-0.3384,-1.0451,-0.5535,-2.3022,-2.2556,-1.499,-0.9768,-0.5465,0.8132,1.1461,1.5465,2.1036,2.2329,1.187,0.3225,0.4464,0.2854,0.5777,0.1275,1.603,1.2323,1.7729,1.9671,2.2801,0.5359,-2.5698,-2.007,-1.5718,-0.3035,-1.0101,-2.0472,-3.1276,-1.5448,0.5934,1.0114,1.5123,0.0047,0.1794,-0.0322,0.6611,1.0799,1.393,-0.4972,-1.5411,0.4818,0.5895,0.88,-0.9418,-0.9574,-0.0509,0.3066,-0.2823,0.226,-0.3621,0.4686,-0.4934,-0.4536,-1.3672,-0.7405,-1.4668,-0.6474,-0.5455,-0.1256,0.4081,1.3757,-0.558,0.0926,0.6464,0.2235,-1.2367,-0.2645,0.4061,1.5646,0.8703,2.2198,2.6896,-0.0019,-0.1354,-0.5487,-1.5184,-1.1719,0.8053,-0.6658,-0.2779,0.429,0.7583,0.64,-0.5248,-1.3188,-1.229,-0.7417,-0.6774,-0.1167,0.2685,1.9666,1.3628,0.4037,0.3048,1.3206,0.7428,0.7111,-0.827,-0.4358,-1.3513,-2.0995,-1.0119,0.2961,0.5543,0.0276,-0.0521,0.4465,0.8585,0.4463,-1.048,-1.3496,-0.9408,0.4124,1.1993,0.9592,1.6898,0.0633,-0.6237,-0.6613,-0.9151,0.1743,1.4723,0.0347,0.1439,0.7274,0.2329,-1.0208,-1.0659,-1.6642,-0.6344,-0.7323,0.0541,-0.3566,-0.3024,-0.3677,0.4907,0.1201,1.3879,0.3588,-0.7143,-0.5077,-0.198,-0.0759,0.1675,0.1614,-0.0189,-0.1996,-0.4828,-0.2704,0.2397,-0.7326,0.4435,0.8715,1.1712,1.0065
"IC67",-0.0351,-0.42,0.0743,0.7192,0.7189,-1.3683,-0.3485,0.0461,-0.1465,0.9869,-0.4158,-0.6216,-0.4004,-0.7544,-0.5889,-0.2115,0.1762,-0.915,-1.0036,0.5921,0.2934,0.488,0.6635,1.9847,1.9359,2.2676,1.9069,-0.0518,-0.406,-1.1435,-0.5107,-1.2866,-1.9157,-0.8352,-0.3797,0.2318,1.4058,1.6039,2.2598,1.4867,0.7853,-0.6181,1.2769,-0.9378,-2.6184,-0.757,1.3049,1.3487,0.093,-2.3364,-2.8018,-1.6364,-1.4532,-1.9967,-1.8416,-0.33,-0.7294,-0.4907,-0.6721,0.407,1.4681,1.5611,0.9505,1.0282,1.0782,0.7002,0.0303,-0.1768,-0.1143,-0.1477,-0.9953,0.0504,0.8919,0.1443,0.8147,-0.5134,-0.5988,-0.6205,-0.1965,1.0155,0.3084,0.4392,0.2737,-0.3681,1.2558,1.9054,1.1179,-0.2371,-0.0964,0.3512,1.109,0.5497,-0.1209,0.835,0.6362,0.3766,0.5208,-0.4657,-1.3362,-2.2559,-1.9543,-0.6205,0.4996,-0.77,-0.8806,-1.2023,-1.3074,-1.48,-1.0821,-0.148,-0.076,0.6171,1.8749,0.9744,0.6978,0.4706,0.5124,1.002,1.2514,0.5626,0.1546,1.1891,0.1208,0.2322,-0.3852,-0.1995,-2.0619,-1.011,-0.4815,-0.8722,-1.1662,-0.6553,0.3414,-0.0211,-0.7874,-0.8746,-0.6886,0.4417,0.8475,1.4363,0.4977,1.3687,1.1898,0.5972,0.2283,-0.8926,-1.0248,-0.8491,-0.5807,0.5414,-1.2111,-0.8747,0.4134,1.0837,0.8479,0.7902,-0.6772,-1.4253,0.9523,0.9586,-0.4177,1.4531,1.9613,2.5633,1.0285,0.1949,-0.404,-0.5226,0.2253,0.1139,-0.3359,-2.2715,-0.5937,0.443,-0.7759,-0.5121,-0.7489,-0.7413,-0.6912,-0.7104,-0.2554,0.0502,0.0249,0.0245,-0.7238,-0.8718,-0.7488,0.571,0.6149,0.3807,0.981,-0.2621,-0.3997,0.5727,0.0673,-0.0379,-0.6241,1.2027,-0.1426,0.2174,0.2166,-1.6196,0.4013,1.4202
"IC68",-2.1472,-0.8,-0.16,0.6247,-0.8272,-0.5187,-0.2853,0.1374,-0.1253,0.9897,0.9979,0.4038,0.7669,0.6417,0.0312,-0.0122,0.5929,0.7373,0.4124,0.5137,0.1412,0.389,0.0493,-0.3432,0.2855,0.6791,0.5202,0.0395,-0.1413,0.005,0.2465,0.5771,-1.0303,-0.6422,-0.3877,-0.8434,-0.658,-1.6563,-1.4421,-0.2484,0.1503,-0.2045,0.2393,0.3434,0.2361,-0.2561,-0.5322,-0.3902,-0.4156,-0.7553,-1.0682,-0.5937,0.3181,0.9894,1.5411,1.2212,0.4761,0.3417,0.505,0.1552,-0.0937,0.242,0.0062,0.9007,1.1304,0.0423,-0.5862,-1.0396,-0.1049,0.6265,0.192,0.1289,0.2971,-0.0596,0.3052,0.9891,1.6344,1.3725,1.5887,0.4758,0.1445,-1.0822,-2.5341,-1.8102,-1.1507,-0.6067,-1.2339,-0.2703,0.5904,0.4859,1.23,1.0909,-1.2407,-1.6946,0.0024,-0.5569,-0.7445,-1.1598,-1.899,-2.1489,-2.151,-0.5987,-0.035,0.6425,0.6024,0.3579,-0.0696,-1.0158,0.4543,4.3945,2.4391,1.3862,1.0184,0.9927,0.5933,0.2975,0.3445,0.5536,0.3973,0.0223,0.6264,0.2879,-0.6025,-0.3783,0.0419,0.8475,0.7764,0.0764,-1.1596,-0.4924,0.7574,1.2106,0.477,-0.474,-1.302,-1.3036,-2.1449,-2.2444,-1.424,-0.3696,0.3925,0.2132,1.1083,1.1964,0.8151,-0.2574,-1.0304,-0.8448,-1.134,-0.7697,-1.1777,-1.4772,0.0571,1.6349,0.965,-0.0468,-0.7891,0.1305,1.5688,0.1996,-0.0422,-0.3253,-0.2464,1.8044,1.6198,1.2592,-0.6899,-2.0877,-1.6763,0.3318,1.4545,1.5002,0.9884,1.5678,1.534,0.2909,-0.4112,-2.1711,-2.2991,-1.1679,-0.0338,0.626,0.1546,-0.1656,0.9782,1.18,0.6063,0.0804,1.2734,0.5553,-0.1746,-0.3167,-0.368,0.0407,-1.0714,-1.6047,-1.3886,-0.8006,-0.4982,-1.0307,0.2361,0.9623,0.5192,1.1458
"IC69",-0.152,-1.5278,-2.4649,0.6675,0.1874,0.2253,-0.9058,-0.8005,-1.0689,0.062,0.243,0.7408,1.4029,1.9863,0.6178,0.6332,-0.7739,0.7522,0.7741,-0.7522,-0.0316,0.1425,-0.3353,-1.4551,-2.0253,-2.745,-1.1546,-0.2429,1.2229,1.1544,-0.0828,1.0212,2.6335,0.9426,1.7394,1.1136,0.4119,1.03,0.6841,-0.4629,0.0507,0.0225,0.5968,-0.4497,0.4152,-0.1511,0.6107,-0.2584,-0.1898,0.3592,0.9415,0.0728,0.6097,0.5109,-0.1713,-0.5832,-0.6546,-0.9455,-0.4353,0.9812,1.871,0.8125,0.0069,-0.6925,-1.5616,-1.7057,-2.5931,-1.5884,-1.5111,-1.4002,-1.9196,-1.3286,-0.0868,0.4242,0.2625,-0.7107,-0.0953,-0.5588,0.5541,0.0518,0.5648,1.0369,0.0085,1.434,-0.1588,-1.0179,-0.5399,-0.1083,-0.3155,-0.0891,-0.0645,-0.1152,1.1181,-0.0016,1.9171,1.091,1.904,1.5463,1.6323,0.5562,1.0177,-0.0571,0.9253,0.77,1.2657,0.1285,-0.2856,-0.7173,-0.2706,-1.9477,-2.2072,-1.5799,0.2381,1.4542,1.1921,0.5318,0.493,0.2231,0.9065,-0.9354,-1.0435,-0.1184,-0.5838,-0.3367,-0.3815,0.0064,0.7537,0.3786,-1.1564,-0.0332,0.3154,-0.2903,-1.1018,-1.5202,-0.0415,-0.0367,-0.6366,-1.3104,-0.1436,0.1469,0.5099,-0.4665,-0.1695,-0.5921,-0.3074,0.3396,0.8159,0.3736,-0.2107,-1.9499,-0.5792,-1.1587,-1.1202,-0.6612,0.0428,0.8783,1.0969,-0.1534,0.2063,2.0083,1.3819,1.8382,0.3584,-1.4581,-1.6978,-1.1136,-0.6854,0.3616,2.1248,2.2509,1.653,1.7576,0.9762,1.7022,1.7797,0.8541,-0.0925,0.0623,-0.0641,-0.4606,-0.8415,-0.3818,-0.4707,0.1784,-0.0919,-1.1176,-0.4059,-0.3913,-0.1366,-0.0737,-0.7267,-1.3974,-0.2442,-0.5772,0.0113,-0.5469,-0.3999,-0.4698,-0.7826,-0.8945,-0.3469,0.374,0.4538,1.4686
"IC71",-1.2037,-0.6795,-0.4505,-0.2047,0.3649,0.4161,0.6391,1.3839,1.2302,0.9136,1.0545,1.1741,1.5171,1.8451,1.1988,0.3061,-0.1981,-0.5266,-0.4227,0.3603,0.2285,0.0179,-0.1937,-1.3203,-1.6934,-0.9655,-1.5868,-0.7249,-1.0549,-0.8783,0.1875,1.0499,-0.7772,-0.9883,-1.659,-1.0733,0.0267,-1.1135,-1.4167,0.7645,0.314,-0.5199,-0.8172,-0.8282,-1.2707,-0.7331,-1.6004,-0.84,-1.1911,-0.4054,0.5029,1.5354,1.261,1.8129,2.0785,1.4447,1.8023,2.076,1.9382,1.4164,0.3832,0.053,-0.9383,-1.0016,0.1157,-0.0159,1.5761,1.2869,1.6972,1.2594,-0.0174,-1.1333,-0.9756,-0.4936,-0.1275,0.2586,-0.2917,-0.082,0.7871,-0.2249,0.3873,-0.4632,-1.1467,-1.4944,-0.6453,-0.2647,-0.5913,-1.0628,-0.7103,-0.3341,0.648,-0.7768,-3.0493,-1.4388,-1.1517,-0.6364,-0.5679,0.4604,0.565,0.2104,0.0654,0.8436,1.1383,0.8281,0.2042,1.1755,1.7238,1.7055,1.2764,1.6269,1.9473,1.0631,0.0015,-1.2105,-1.8518,-1.2407,-1.5194,-0.7767,-1.4289,-0.681,-0.0607,-0.8082,-0.4594,0.0583,0.112,0.7657,1.0944,0.3588,0.0119,-0.7493,-0.0737,0.0954,-0.2888,0.0158,-0.6448,-1.1662,-1.6577,-1.3448,-1.1055,-0.0055,0.529,2.2403,2.432,2.3936,1.5068,1.6963,1.558,1.0896,0.4148,0.6428,-0.0354,-0.773,-0.9633,-0.2778,-0.5875,-0.1138,0.3396,0.6186,-0.7948,-0.5923,-0.6065,-1.179,-0.2012,0.308,-1.4633,-0.5354,-1.0007,-0.7101,-0.5394,-0.2667,0.5116,0.5319,1.1321,0.4079,-0.1118,-0.0293,0.0344,-0.5569,-0.2648,-0.332,-0.1526,-0.6599,-0.6498,-0.9662,-0.111,-0.0749,0.2342,0.0848,0.6228,0.3673,-0.3937,-0.3589,-0.33,-0.0788,-0.4695,-0.7451,-0.0108,-0.6254,-0.1279,-0.2459,0.7777,1.8242,1.6188,1.4037
"IC72",0.1959,-1.0272,0.031,0.636,0.1568,0.8978,0.6502,-0.2654,-0.127,-0.5049,-0.7449,-0.9711,-2.0048,-1.2667,-1.5077,-0.4053,0.3987,1.0575,0.3356,-0.2166,-0.7337,-0.078,-0.4423,0.0035,1.2867,3.5896,3.4599,2.148,0.5827,-0.5047,-0.2733,-1.2266,-0.6809,0.0441,0.3103,-0.0695,1.0147,1.9367,1.9871,0.2992,-0.3673,-1.5228,-0.1715,-0.8306,-0.3198,-0.9353,-0.9263,-0.3934,0.3925,-0.0422,-1.1972,-1.4946,-1.5566,-1.8614,-1.2451,-1.2431,-1.1571,-0.2749,-0.9629,-1.8482,-0.925,0.9074,1.2052,2.6242,2.2307,2.3247,1.87,0.7671,1.0275,0.5737,0.4063,-0.1629,-0.4946,0.4735,-0.2578,0.0622,0.2512,-0.1844,-0.5008,-0.5146,-0.6585,-0.334,-0.1163,-0.737,-0.5378,0.3249,0.3313,0.1482,0.77,0.0185,0.4373,-0.1478,-0.3618,0.2265,0.7546,0.191,-0.0883,-0.5655,-1.0078,-0.6556,-0.4685,-0.6845,-0.3944,0.7256,1.9067,1.074,-0.6619,-1.1063,-1.0492,-0.6096,-0.1961,-0.6955,0.0524,-0.8335,-0.7925,-0.166,0.5635,0.6469,1.4554,1.3658,0.8448,1.3157,0.3046,-0.555,0.2094,0.5644,-0.3833,-0.3664,-0.5435,-0.1584,0.9013,2.0015,0.6075,-0.9724,-1.7224,-1.1257,-0.3525,-0.5142,-0.5846,0.5433,0.459,0.6381,0.4015,0.0399,-0.0362,-0.3502,-0.9259,-0.3549,-0.6361,-0.9654,-1.7976,-1.2592,0.0246,1.8254,1.2322,0.3491,-1.0976,-0.1327,-0.1471,-1.1432,-0.2968,0.5652,0.5695,2.1805,2.161,0.6144,0.1908,-0.7797,-0.9594,1.2809,0.6433,-1.018,-0.8957,1.7861,0.9674,-0.2174,-1.2131,-0.9267,-1.1182,-0.1482,0.3476,0.9746,0.9019,0.7127,0.1594,1.2865,0.7299,1.0349,-0.2286,-1.3713,-2.0091,-0.8648,-0.889,-0.5684,-0.5815,-0.1709,-0.4481,0.7633,-0.0562,0.0686,-0.5689,-0.6904,0.2229,1.9008
"IC73",0.7417,-0.8818,-1.1633,1.1637,-0.573,-0.8201,-0.2894,0.7161,0.4814,0.2337,0.6659,1.7113,1.6466,1.0195,-0.0609,-0.2964,-0.507,-0.3656,0.3392,0.9893,0.5943,-0.1518,-0.0571,-0.4986,-0.8303,-1.2528,-1.0921,-1.3924,-0.3602,-0.3271,-0.4996,0.8073,-1.1742,-1.9963,-0.666,-0.7011,0.7963,0.3111,1.3577,0.831,0.032,-0.5059,-0.1803,-0.4848,-0.3386,-0.6869,-0.1025,-1.3802,-1.1318,-0.5714,1.012,1.4411,0.3188,0.1331,0.6462,1.5964,1.9964,1.7367,2.201,1.453,0.1111,-0.4012,-1.0975,-0.0917,-0.6136,0.8051,1.1641,1.4565,0.8574,0.096,-0.7016,-2.031,-1.4041,-0.8696,-0.3484,-0.1723,0.2214,-0.4412,-0.427,-0.4016,-1.1145,-0.0584,-0.3801,-0.1589,-1.1457,-0.3549,-0.6511,-0.9101,-0.3131,-0.7921,-1.5132,-1.2487,-0.3304,-1.5149,-0.0145,-0.3437,1.0609,0.6823,1.3212,1.6451,2.0856,0.9926,0.369,-0.5233,0.8872,1.2372,2.0876,2.1149,1.6541,-0.193,1.6687,0.5595,-1.1059,-1.1749,-1.1403,-1.1309,-0.4455,-1.0978,0.0317,-0.0748,-0.5516,-0.068,-0.4067,0.6824,-0.0483,0.8936,0.7674,1.5223,0.0651,-0.9623,-0.7734,-1.4078,-0.7873,-0.7112,-2.455,-2.6235,-1.3057,-1.0321,-0.3314,-0.3271,0.651,1.4106,1.9866,1.7354,1.5496,1.143,1.0504,-0.2185,0.6803,-0.3207,-1.9506,-2.3203,-1.4182,-0.3183,0.1428,1.2639,1.7855,1.7418,0.2849,0.3747,0.2759,0.151,0.1514,0.6739,-0.4686,0.1366,-0.7279,-1.0332,-0.3249,0.2056,-0.2787,0.5976,0.1884,1.2189,0.3164,0.1527,-0.0674,-0.0644,-1.2479,0.0812,0.5219,1.2449,-0.3944,-0.7358,-0.0274,0.3033,-0.3169,-0.6201,-1.1601,-1.4951,-1.63,-1.2015,-0.6881,-0.6791,-0.4952,0.3274,0.4437,0.6957,0.7591,1.802,1.1473,0.2127,-0.6465,1.2914
"IC74",-0.3617,-0.1592,0.1339,-0.3893,0.5288,0.4124,-0.5349,-0.3575,0.7011,-0.5074,0.4128,1.354,0.707,0.8218,0.0839,-1.2924,-0.4444,-0.3736,-1.4018,-0.2496,1.4902,2.1673,0.7656,-0.755,-0.0752,-0.2885,-0.6788,-1.0238,-0.7098,-0.7032,-0.1411,1.3389,-1.2296,-0.2623,-0.8814,-0.7186,0.5591,0.3955,0.3685,0.653,-0.0485,-0.5324,-0.234,0.2868,-0.7541,0.3887,0.0136,0.3661,-1.237,-1.5234,-1.3033,-0.8637,0.3736,0.3429,1.4326,2.2436,3.0037,2.8848,1.4636,-0.76,-0.3776,0.431,0.7503,-0.4162,-0.5475,-0.736,0.229,0.3937,-0.2122,-0.4196,-0.9485,-1.523,-1.04,0.522,-0.6177,-0.1153,-1.0824,-1.4954,-0.3854,1.3255,-0.6961,-0.6616,0.8018,0.2019,0.4803,-0.754,-0.1255,0.4615,0.4316,-0.0945,0.2306,2.6628,1.1015,-0.4061,-0.5655,0.6744,0.2455,-0.8483,-0.8523,-0.4784,-0.8841,-1.2308,-1.8889,-0.6053,-1.7677,-1.5455,-1.6497,-0.7547,0.8838,2.895,1.2399,0.6268,1.7016,2.2811,0.4588,0.9834,1.0955,1.0428,0.3107,1.4007,1.2948,-0.0507,0.5408,-1.0406,-0.5349,0.3149,-0.3168,0.0571,1.0325,-0.0751,-0.8705,-1.1938,-1.0908,-0.43,-0.9932,-1.6662,-1.5456,-1.3516,-0.6067,0.7889,1.1136,1.1766,0.3293,0.2079,-0.3032,0.2467,-0.2844,-0.2143,-1.1598,-0.6312,-0.6176,-0.8472,-0.8721,-1.3916,-0.4917,-0.345,0.2108,1.2635,2.4066,-2.2878,0.4073,2.4026,1.7017,0.713,0.9788,-0.4875,-0.775,-0.8973,-0.4024,1.2759,2.7988,1.3816,0.0851,0.9825,0.5747,-0.1286,-0.5604,-0.6942,0.3015,-1.0176,-0.4447,0.1915,0.3422,0.06,-1.4757,-0.3787,-0.2237,-0.4374,-1.0474,-1.1492,-0.4639,-0.2734,-0.1273,-0.6492,-0.5067,0.0663,-0.3785,0.2414,0.3846,-0.3163,-0.1441,1.4201,1.263,0.5987
"IC75",0.2885,0.1321,-0.0661,-0.7932,-0.1049,0.6807,0.8755,0.437,1.4899,-0.4767,-0.4068,0.4288,0.7813,0.713,0.7491,0.5422,0.6524,-0.3234,-0.6045,-1.0979,-0.8468,-0.4678,-0.0575,1.0466,1.4459,1.9747,0.1383,0.0735,-1.1768,-1.3789,-0.0828,-1.1846,-2.0282,-0.1224,-0.5568,-0.5047,-0.7209,-0.0791,-1.3834,-1.736,-1.7113,-0.9303,-0.762,-0.0675,-0.5755,0.2478,-0.0779,1.5632,-0.4751,-0.7271,-1.1676,-0.7523,0.2538,0.3396,1.6365,2.4342,2.7675,2.0302,1.1496,0.5233,0.5047,-0.0415,-0.5918,-0.6697,-0.0783,-0.5476,1.4189,0.9897,1.2669,1.6864,0.0873,-0.9388,-1.7764,0.3768,0.6576,1.403,-0.2788,-1.4506,0.4064,0.0237,-1.9538,-0.78,0.0922,-0.7453,-0.182,-0.6051,0.8288,1.2858,0.6507,-0.4447,-0.674,0.1314,-1.7345,-0.4368,-1.0517,0.5558,-0.6037,-0.4985,-0.7198,-0.5521,-0.7076,-0.7435,-0.5001,0.6407,0.2945,0.861,-0.1532,0.8363,1.8051,2.5838,0.2887,-0.6204,0.2877,0.2889,-1.3438,-0.7743,-0.4799,0.687,0.0091,-0.8584,-1.6771,-0.6133,0.6273,-1.5905,0.0101,0.4949,1.0583,0.9742,2.1834,1.239,0.0564,0.4247,-0.5367,-1.598,-2.0454,-1.7211,-0.8462,0.2568,0.3537,1.7375,0.6785,1.7499,0.5915,1.3525,0.0246,0.4224,0.3829,-0.102,-1.4581,-1.0216,-0.6565,0.5704,0.7788,0.9921,0.7251,-0.525,-0.2368,0.9443,1.2628,-2.0543,0.0841,0.1462,0.1431,0.3747,1.1368,-1.3959,-2.1509,-1.2361,-0.5447,0.2831,0.4316,-2.2568,0.0943,0.8853,0.3555,-0.3072,-0.3302,-0.4994,0.1134,0.3303,0.9806,0.253,0.8647,0.1145,-0.0694,0.416,0.4295,-0.6145,-1.9393,-1.6485,-1.2217,-0.6319,-0.269,-0.215,0.1792,0.5949,-0.0241,-0.3835,-0.5932,-0.5708,0.9544,2.8315,1.4489,0.887
"IC76",-1.4095,-0.0292,0.6562,0.5502,0.5094,-0.1823,-0.649,-1.794,-1.0765,-0.0832,0.199,-0.5626,-1.75,-1.7073,-0.4071,-0.2734,0.2312,0.7101,0.6254,0.1378,0.2523,0.776,0.6167,0.5957,0.4797,0.5739,-0.2556,-0.5468,0.297,0.2642,0.8305,1.397,1.3776,2.5027,1.7377,1.6767,0.4735,1.2812,0.979,0.438,-0.0483,1.4106,2.1606,0.3819,-2.3556,-1.2885,-0.0241,0.8709,0.5988,-0.8646,-2.3769,-2.1686,-1.5759,-0.6686,-0.6958,-0.5926,-2.0993,-2.9768,-3.0244,-2.2537,-0.085,1.4012,1.6925,0.5627,0.3933,0.2129,-0.8209,-1.5033,-1.2045,-0.4678,-0.56,-0.4903,-1.257,0.0133,0.3237,0.7205,0.36,0.2488,1.1757,1.4248,1.7543,0.9282,1.2009,0.8331,1.4847,1.2223,1.1424,-0.0055,-0.1891,0.3223,0.8251,1.857,1.8087,0.669,-0.1464,0.759,-0.3199,-1.3517,-1.2252,-0.5014,-0.2213,0.2865,-0.5366,-0.8267,-1.4399,-1.0546,-1.2279,-1.5562,-1.0238,0.1856,-0.4227,0.3669,1.8512,1.6785,0.5003,0.5454,0.9405,0.8555,1.1174,0.0313,0.2276,-0.7506,-0.9646,-1.1762,-1.4605,-1.6359,-1.7943,-2.542,-0.567,0.1708,0.3199,0.8619,0.8946,0.3871,-0.0124,0.2672,-0.0457,0.5803,0.4569,0.9433,0.4337,0.4688,-0.4225,0.0948,-0.2812,-0.617,-1.5656,-0.5095,0.3018,0.2457,0.3606,-0.159,-1.5384,-0.8609,0.0098,0.3985,-0.0461,0.3802,1.1773,0.8101,0.7907,0.9288,0.2422,0.3066,0.9351,0.3771,0.3192,0.5622,0.3728,0.9676,1.6422,-0.1368,-0.564,0.1408,0.7767,0.296,-0.0661,0.0628,0.1272,-0.5583,-1.505,-1.7657,-0.9107,-0.4849,-0.4434,-0.3463,-0.4859,-0.1994,0.7018,0.8228,0.1207,-0.1518,-0.1378,-0.1918,-0.0592,-0.2029,0.0244,0.2012,0.6066,0.531,-0.5031,-0.9614,0.0389,-0.171
"IC77",-1.4846,-1.5399,-1.42,-0.5469,0.4923,0.4635,-0.4874,-0.801,-0.5808,-0.2587,-0.3083,-0.8909,-0.5813,0.1802,0.0229,0.1567,1.4087,1.5443,0.9894,0.1355,-0.4219,-0.8875,-0.2486,0.5089,1.7936,2.6935,1.9743,1.4944,0.706,1.6298,1.9042,0.8531,-0.5247,0.8148,-0.1958,-0.5646,-0.4478,-0.7928,-0.9873,-0.6929,-1.6943,-0.7817,-0.6619,0.4943,0.5765,0.41,-0.1181,0.6939,0.2115,0.2357,-0.2089,-1.1167,-1.2063,-1.0942,-0.4032,-1.3982,-2.1494,-1.765,-0.8739,-0.6664,-0.4818,0.1895,1.3403,1.2628,1.1956,-0.8308,-1.2026,-1.4984,-1.0865,-0.2238,0.7401,1.4012,1.1433,1.1778,0.1749,1.0951,1.3923,1.6942,2.1349,0.9029,-0.8626,-1.7588,-1.2436,-0.591,-0.493,-0.2262,1.3004,1.8389,2.0238,1.7202,0.6602,-0.2506,-1.9279,-1.3025,-1.1437,0.1982,0.4056,0.7447,0.0365,-0.0046,-0.4594,-0.1433,-0.4023,0.5378,-0.6309,-0.8421,-1.6372,-1.5438,-1.0144,0.3534,-0.3453,-0.5327,-0.4619,-0.1705,0.3524,0.6762,0.0512,1.0199,0.2656,0.4375,-0.1676,-1.8513,-0.773,-0.2977,1.1759,2.088,1.911,0.5059,0.602,0.3323,1.4733,1.6771,1.0345,0.2249,-0.6183,-0.7739,-0.6928,-1.2246,-0.8255,0.1272,-0.9405,-1.5432,-1.1259,0.1051,0.1607,-0.4653,-0.8408,-0.2058,-0.5666,-0.7059,-0.5508,0.2677,0.7788,0.9558,0.2813,-0.6849,-0.2458,0.2111,-0.24,-1.4018,-0.2494,-0.2527,0.0405,0.0323,1.199,1.215,0.308,0.4155,0.4511,1.2257,2.7733,0.9354,-0.7534,-0.7169,-0.2795,-1.2503,-0.7654,-1.0695,0.3185,0.8008,1.2515,0.7383,0.5353,-0.0516,0.8998,1.7681,1.7519,0.4248,-0.5281,-0.7325,-1.2468,-0.0969,-0.2017,-0.4515,-0.4378,-0.3224,-0.3435,-1.5808,-1.0686,-1.3003,-0.0933,1.4791,0.0881,-0.7706
