"IC05","-0.3775","1.2256","0.8248","0.6482","0.7883","-0.5129","0.0073","-1.0535","-1.1341","-2.9478","-2.4906","-1.3047","-0.4188","-0.5823","0.2895","-0.2515","0.5921","0.9035","2.3170","1.2617","0.7949","0.5168","0.1518","-0.6896","-0.4722","-0.2758","-1.0854","-0.7672","-0.1573","-0.8901","-0.4187","0.7206","0.0479","0.2980","1.2692","1.1436","0.7065","1.4632","0.6889","0.3079","0.1243","-0.2158","1.0016","-0.6886","-0.7531","0.7729","0.4629","1.7913","1.3648","0.6800","0.4214","0.5066","-0.1896","-0.8319","-0.3101","-0.0698","0.1684","-0.1002","0.0462","0.0386","-0.3527","0.0480","1.0364","0.5254","-0.4120","-0.2400","0.3901","-0.3586","-1.0848","-1.1687","-0.9791","-1.1548","-1.4096","-1.1029","-1.8649","-1.6004","-0.9337","-1.3988","-1.1744","0.4403","-0.1615","-0.8332","2.0563","-0.6659","-1.1813","-0.2362","-0.6485","-0.4107","0.3417","-0.2631","0.0837","1.0573","1.8326","1.2465","1.1784","1.5049","0.3188","0.2179","0.7290","1.8257","0.9457","0.0933","-0.1056","-0.1026","0.8121","-0.0887","0.2050","3.2361","1.6007","1.5325","1.0141","-0.5596","-2.3522","-1.6529","-1.2686","-0.8656","-2.1930","0.3142","2.2401","1.0380","0.1349","-0.2938","-0.3486","-0.1442","-0.4591","0.0489","-0.5195","-0.1000","-0.2187","-1.0520","2.1012","1.6363","-0.6311","0.0861","-1.0761","0.1992","-1.7593","-1.3655","-1.6660","-1.2499","-0.3714","0.7125","-1.0820","-1.6628","-0.1948","-0.6526","-0.4385","-0.1177","-0.9203","-0.9664","-0.3731","0.3132","0.6148","1.1373","1.8623","0.4785","-0.0685","1.0665","0.3371","-0.3202","0.7147","-0.0584","0.5242","-0.0864","-0.5314","0.7119","-0.1995","-0.5637","-0.4703","-0.0894","0.9641","2.0153","1.3777","-0.0174","0.9249","1.4869","1.0769","1.9743","0.3437","0.6321","0.8481","-1.6156","-1.5551","-0.2528","-0.4549","-0.2955","-0.2213","-1.3485","-1.1204","-0.3382","-0.6992","-0.4844","0.0131","0.4697","0.3860","-0.0607","0.7483","0.9346","0.3299","0.4161","-1.0249","-1.9877","-0.2732","-0.2177"
"IC08",-0.2256,1.4509,0.8131,1.3522,1.2992,0.3446,-0.2647,-0.5026,-0.4082,-1.406,-1.5802,-0.9113,-0.8308,-0.3309,-0.3625,0.1936,0.0885,0.6307,0.999,0.8486,-0.2002,-0.0927,0.4504,-0.5619,-0.6675,0.2695,-0.7512,-0.3879,-0.2001,0.0909,-0.3574,0.6395,-0.0006,0.5938,1.5746,1.2661,-0.1749,0.2476,-0.8231,-1.6528,-0.2977,-1.1275,0.4167,-0.6965,-0.692,0.8033,0.6511,0.5105,-0.145,0.9123,0.4932,-0.0555,-0.702,-1.9133,-1.4171,-1.0446,-0.6708,-0.8349,-0.1993,0.1216,0.0399,-0.6934,1.3597,1.1292,0.7826,0.6455,2.3258,2.3971,2.2489,0.5496,0.2304,-0.6608,-1.4991,-1.2271,-1.52,-1.5278,-0.6891,0.0606,0.7629,2.0391,0.6125,0.1148,0.3588,0.7719,0.5595,1.0793,0.7233,-0.1572,-0.6946,-1.0158,-1.5279,-0.5375,-0.0491,-0.4328,-0.9096,0.465,-0.4912,-1.2427,-1.1648,0.1337,0.2363,0.162,0.3852,-0.0739,0.6759,0.3492,0.7044,-0.2695,-0.3046,-0.6948,-0.358,-1.0957,-1.9804,-1.1802,-1.8622,1.0863,0.8231,1.24,1.4564,-0.1851,-0.1714,-0.1122,-0.0562,0.1547,0.205,0.8935,1.1693,0.6039,0.9883,1.2814,2.6546,1.651,1.3628,0.3108,-1.2529,-0.5244,-1.1519,-1.9588,-0.8289,-0.189,-0.8716,0.8971,-0.2298,-0.9038,0.357,-1.0095,-0.7496,-0.9942,-0.6508,-0.3407,-0.282,0.2991,0.3586,1.3044,1.1685,0.8017,-0.5465,-0.0506,-0.8364,-0.7106,0.4774,0.1902,0.505,0.2029,-0.1813,-0.3149,-0.1237,0.4291,-0.6283,-0.432,-1.0005,-0.7508,-0.1951,-0.0201,0.8077,0.6436,0.6394,1.683,1.9354,2.2981,2.2641,-0.928,-2.4282,-1.4095,-1.7637,-1.4649,-1.6369,-1.6913,-2.2654,-0.458,0.1699,0.4823,-0.4456,1.4273,1.003,0.4255,2.3018,2.1046,0.9777,-0.3564,-0.1548,-1.4789,-0.3948,0.479
"IC09",-0.3639,0.6291,0.5945,0.0542,-0.8566,-0.7182,-0.5192,-0.4828,-0.6338,-0.2083,-0.3997,0.1584,0.2571,0.1785,-0.1237,0.4137,0.615,0.9269,0.8292,1.3604,1.0536,-0.3144,-1.222,-0.9096,-0.9988,-0.869,-0.3711,0.2593,-0.2886,-0.209,-0.7908,-0.5049,0.3527,-0.0429,0.3556,0.4261,-0.0991,0.2893,0.4178,1.0534,1.1077,1.0201,0.1341,-0.5448,-0.2841,-0.1704,-0.0015,0.0406,0.5228,1.7338,0.5496,-0.179,-0.7778,-0.9605,-0.1156,0.4944,1.2669,0.0768,-0.8404,-0.4537,0.5536,0.2084,0.0581,-0.005,0.2676,0.8282,0.587,0.6467,0.1346,-0.5889,-0.5062,-1.0005,-1.2609,-0.9692,-0.6049,-1.1044,-1.299,-1.4129,-1.2357,-1.3341,-0.8141,0.0672,-0.7438,-0.1784,-0.6126,-0.4022,0.0151,1.1603,1.1322,1.0271,1.5577,1.2871,1.2706,1.1833,0.8174,0.7334,0.5764,0.5812,0.3969,-0.125,0.396,-0.3623,-0.2673,-0.0156,0.7138,0.4439,1.4294,0.2024,0.9454,1.0364,-0.595,-1.8764,-2.1339,-2.3584,-2.2848,-1.5932,-0.8275,-0.1866,-0.1623,0.2378,0.3925,1.0311,0.8253,1.1894,1.1574,0.1978,1.406,1.8495,1.1844,0.7249,0.0186,0.048,-0.7123,-0.1236,-0.8742,-1.502,-1.252,-0.5053,0.5397,-0.1266,-0.2175,-0.7266,-1.4734,-1.5728,-0.8276,-0.1132,-0.4432,-0.9392,-0.0789,-0.1906,0.3787,1.02,2.0252,1.6241,-0.3481,-0.4396,-0.2987,-0.1176,0.8256,0.7323,0.0694,-0.0401,-1.1407,-1.0292,-0.907,-0.5496,-0.1698,0.2095,0.4611,1.5086,1.737,0.6956,0.5895,1.1851,1.3664,1.6988,2.1714,2.3363,0.9231,-1.4577,-3.0464,-2.5412,-2.4725,-2.2673,-1.887,-1.5859,-0.9095,0.0396,0.5255,0.631,0.9165,0.9392,1.2735,1.497,1.5734,1.7798,1.7412,0.0893,-1.5015,-1.7648,-1.2453,-0.2802,-0.3944,-0.607
"IC15",-1.0395,-0.2298,-0.1287,-0.5055,-0.9848,-0.7956,-0.4965,-0.6778,-0.3521,0.0492,2.0956,1.5017,0.8737,0.6925,1.4796,0.6697,-0.1309,0.1186,0.3937,0.7556,1.7804,0.7257,0.0722,0.5751,-0.1113,-1.1834,-0.9127,-0.5492,-0.7896,-0.9447,-0.7366,-1.0919,-1.3857,-0.8231,-0.5109,-0.2732,0.0448,0.1412,-0.1703,0.1103,-0.8769,-0.8127,-0.0296,-0.3107,0.3261,0.7993,0.82,1.579,0.7053,-0.4039,0.1938,1.158,0.8781,0.6538,0.6313,1.1816,1.1371,0.6155,0.231,-0.3206,-1.4287,-1.3979,-0.7671,-0.7009,-1.2026,-0.4185,-0.9056,-0.4731,-0.4552,-0.4147,-0.0906,-0.3224,0.1595,0.4713,0.4581,0.9245,0.423,-0.6167,-0.4202,-0.2529,-0.5233,0.1424,1.021,0.1014,0.569,0.1021,0.183,0.7649,0.8043,0.0762,-0.0293,-0.299,0.1137,0.2395,1.4962,1.2354,-0.3619,-0.6863,-0.7495,-0.1266,-1.1039,-1.0154,-0.538,-1.7297,-0.9791,-0.5438,1.0458,0.6545,1.496,2.6538,3.4742,1.5868,-0.9436,-1.2999,-1.4873,-1.4162,-1.2093,-0.7155,-0.266,-0.3699,-0.6797,-0.6705,-0.1133,0.4568,-0.1906,-0.5677,-0.3706,1.3363,0.4942,-0.2748,0.4512,-1.3825,0.4045,2.0531,1.4282,0.2476,-1.1967,-0.6541,-0.5988,-0.4681,-1.0152,-1.4313,-0.41,0.0326,-0.4379,-0.2249,0.0963,0.3633,0.6623,0.7457,1.4229,1.4896,1.2858,0.8939,0.4724,0.3705,0.5817,0.7334,0.3862,0.2454,0.3795,-0.2515,-1.2739,-1.914,-0.9824,-0.7202,-1.5844,-1.1511,-0.3687,0.3992,0.6415,-0.1395,0.2042,1.3568,1.2385,1.8768,2.1836,1.3113,-0.0784,-0.968,-2.0487,-1.8871,-2.0616,-2.3551,-2.4744,-0.7889,-0.9923,-0.0777,0.7371,1.0975,1.1931,1.7983,1.6585,0.1824,0.7295,2.6515,1.5896,-0.6717,-0.1305,-0.9374,-1.7344,-0.5265,0.2659,-0.6909
"IC16",-0.5512,0.6508,0.2222,0.9135,0.5091,-0.3532,-0.8356,0.0595,-0.2086,-1.0989,-1.6892,-0.433,-0.0907,-0.1907,0.1601,0.2351,0.4851,0.354,0.4193,0.9526,0.0283,0.3797,0.1119,-0.1015,0.1899,0.3624,0.1792,0.5224,0.7303,0.4447,0.0281,-0.0708,-0.7131,-0.8832,-0.4264,-0.8766,-0.2494,0.5984,0.9731,1.1165,0.8964,0.5796,0.2616,0.1516,0.602,0.3924,-0.413,-0.2803,-0.7833,-0.6357,-0.6967,-1.0848,-1.0744,-0.2999,-1.0241,-0.6346,-0.0088,-0.2154,0.2464,0.0353,0.044,0.4111,0.3253,0.5355,0.5573,-0.6998,-0.4854,-1.4497,-1.7119,-1.8199,0.0619,0.4022,-0.0904,-0.7027,0.1366,0.23,1.3029,1.7702,1.5289,2.1616,2.2224,1.1997,0.7746,0.9536,-0.3846,-0.823,-0.712,-0.3398,-0.3859,-0.1076,-0.688,-0.3094,-0.1892,-0.5857,-1.2217,0.0411,-0.2123,0.3119,-0.1445,0.7044,0.742,1.2814,0.6428,0.2683,1.095,-0.1705,-0.0612,0.3844,1.6973,0.7874,0.581,-3.1258,-4.4886,-3.5636,-2.6528,-1.6868,0.8398,2.8839,2.6442,0.6929,-0.88,-0.3932,-0.0441,0.3202,-0.2781,-1.4718,-0.9395,-0.6175,0.4689,-0.8398,1.3539,3.3694,0.6453,1.1083,-0.7291,-0.5906,-0.3405,-0.3236,-0.7714,0.6021,0.5947,1.2401,0.4159,0.5745,-0.1151,-0.185,-0.2785,0.0768,-0.4737,-0.0662,0.1575,-0.2529,0.2271,-0.2175,-0.1127,0.2149,-0.4529,0.1899,-0.5113,-0.4357,-0.2868,0.5495,0.17,-0.5624,-0.1909,-0.0521,2.115,2.1682,0.6377,0.3241,-0.5353,0.1017,0.518,-0.3602,-0.8103,0.1659,0.2725,-0.6336,-1.772,-1.5193,-1.3096,-2.4752,-1.5917,-0.9636,-0.0349,0.7112,1.7356,1.2461,0.9154,0.8033,0.6015,0.0362,-0.1903,0.8271,0.5725,1.2746,0.5728,-1.0045,-1.443,-0.2585,-0.1915,0.1148,0.5977,-0.3555
"IC17",-0.4278,1.3836,0.0806,-0.0963,1.1229,-0.2921,-1.2661,-0.1387,0.2561,0.097,1.3356,0.9698,-0.4517,-0.279,0.5841,-0.362,-1.5121,1.5955,1.8777,0.2585,-1.4282,-1.3848,0.3189,0.8439,-0.0114,-0.7056,-0.0268,-0.428,-0.2184,-0.9782,0.8811,-0.6098,-1.2387,-0.2402,-0.2416,-0.9634,0.2513,0.7912,-0.8146,0.3985,-0.9182,-0.5558,1.578,0.4425,1.0862,0.3405,-1.0035,0.3666,0.0614,-0.5506,0.0978,0.3614,-0.7459,0.1078,0.1574,0.8759,-0.3491,0.2052,0.5669,0.769,-2.0342,-0.9487,-0.4687,-0.3032,-2.0516,-1.9546,-0.9535,-0.2488,0.1769,0.3867,1.0412,0.4588,0.6349,0.3976,0.4699,0.7222,1.0611,-0.5937,0.5026,1.3638,0.0231,1.4561,2.5883,0.8077,1.1718,1.2582,0.0384,-0.2168,0.2934,-0.6021,0.1741,-0.236,-0.452,-1.2856,-1.0261,0.5634,-1.013,0.4834,0.0847,1.3946,-1.4661,-0.6901,-1.1862,-1.362,0.177,-0.3252,1.5503,1.2023,1.0265,0.1611,-0.5144,-1.3934,-3.3008,-2.8888,-1.4813,-2.3915,-0.2179,-0.2316,0.1647,0.3672,0.4838,-0.3489,1.4761,0.6168,0.8943,0.6317,-0.8209,-0.4445,0.678,-0.3389,1.3744,0.9516,0.4753,2.904,1.514,0.6711,1.2475,2.0589,-0.7035,-0.8613,-0.6983,-1.3747,-0.832,0.6944,-0.2241,-0.7047,-0.9888,-0.1762,0.482,-0.8627,-0.2665,0.2802,-1.1676,-1.1271,-0.1714,0.4176,0.6427,2.1624,0.9463,1.3259,1.1366,0.3767,0.5216,-0.924,0.3707,0.8976,-0.7308,0.5368,0.6198,-0.0957,-0.9534,-0.1959,-1.062,0.9978,-1.2426,-1.8984,-0.9532,-0.4636,-1.524,-0.9005,-0.3238,-1.4433,-0.4185,-1.9436,-0.9039,0.1308,-0.3566,-0.3547,0.5902,0.8739,0.9324,2.3547,0.0924,-0.2397,0.4377,2.1591,0.596,-1.3705,-0.3026,0.8182,0.0776,0.9093,0.2003,-0.0335
"IC18",-3.1715,-0.2798,1.2724,0.7473,-0.4312,-1.3001,-0.1772,-1.3924,-0.1443,-0.7707,-0.2702,-0.4984,0.2846,-0.6139,0.2124,0.0735,1.1464,0.664,0.6801,0.3022,1.1213,0.4237,0.3312,0.5291,-0.337,-0.0379,0.6647,0.1263,0.1081,0.5275,-0.7383,-0.2313,-0.0726,0.3938,0.0978,0.3774,0.0764,-0.2585,1.2076,0.3179,0.5303,1.0197,-0.2929,0.3858,-0.2085,1.2751,-0.0577,0.3106,-0.2279,-0.0011,0.9499,-0.678,-0.3911,-0.5016,0.7277,0.1831,0.0447,-1.0269,0.6779,-0.1009,0.5355,0.0803,-0.1931,0.4289,-0.0689,0.0323,-0.4875,-0.3545,-1.0824,-1.4097,-0.9439,0.0683,-1.0261,0.0099,-0.3757,-0.024,-0.4946,-0.1837,-0.3839,-0.7582,-0.509,-0.4159,0.2692,-0.0263,0.161,-0.9201,-0.8982,-0.9792,-0.2239,-1.1587,0.109,-0.4363,0.7472,0.1581,0.3662,0.7844,0.9657,0.194,0.5293,-0.2537,0.1401,-0.8089,0.0489,-1.212,2.0607,0.9827,0.5383,2.9504,2.3158,2.9513,1.0634,0.2437,0.1608,-0.1869,-0.5742,1.1673,1.2954,0.8069,1.7572,0.49,-0.9969,-0.2223,-0.6772,0.3812,0.3144,0.6588,1.0046,0.3311,-1.8105,-4.2261,1.1066,-1.4834,-3.4292,0.3977,-1.498,-2.9492,-3.6565,-1.3688,-2.498,-1.5969,-0.5432,2.1347,0.4396,-1.0689,-0.0785,0.1394,0.3125,0.0804,0.4945,1.1185,0.1948,0.6592,0.3334,1.3352,-0.53,0.0718,0.6133,-0.7311,0.4746,0.3679,0.7643,1.2211,1.0867,1.2883,0.1545,1.3836,0.5405,0.7172,1.446,0.547,1.242,-0.901,0.3017,0.0202,0.4327,-1.1044,-0.1127,0.6714,-0.0228,0.6834,-0.9843,-0.4043,-1.7415,-0.2752,-0.326,1.2486,0.1119,0.8253,0.085,0.2126,-0.089,0.3312,-0.1891,-0.8477,0.8375,-0.0419,0.6548,-0.8389,-0.3508,-1.9793,-0.3308,-1.0647,0.5146,-0.9184
"IC19",-0.6766,1.7442,2.1808,2.113,0.2237,-0.1617,-0.2454,-0.5519,-1.311,-0.9976,-1.0155,-0.5264,-1.2094,-1.0303,-0.5389,-0.5068,-0.4577,-0.6231,-0.6984,0.0003,-0.447,-0.0968,0.1202,0.081,-0.1859,0.5943,0.3632,0.2955,0.2212,-0.0291,-0.0026,0.6585,0.4566,-0.8655,0.492,1.0924,0.9939,1.606,1.3296,0.7114,1.0907,0.1031,0.1187,0.0079,-0.2955,0.3663,0.0216,0.387,0.5014,0.3362,-0.2766,-0.2663,0.1094,0.0464,0.1853,0.1534,0.2222,-0.2016,-0.1857,-0.979,-0.4439,-0.5491,-0.223,-1.1771,-0.587,-0.7653,0.1557,-0.2026,-0.771,-0.696,0.0059,-0.8848,-1.3424,-0.7479,-0.5623,-0.9178,-0.3969,-0.5579,-0.9827,0.0478,-0.4921,-0.5226,-0.8556,-0.3421,-0.3488,0.6961,0.688,0.331,0.7832,0.5857,0.3232,0.49,0.3669,0.4943,0.0497,-0.0171,0.105,0.4162,1.0083,1.8708,1.7081,1.333,1.8167,1.6756,2.5725,2.192,3.6072,1.3215,1.5393,1.6061,-3.4584,-2.1137,-0.9361,-0.4718,-0.9644,-2.6032,-0.5913,-0.0242,-0.4479,-1.4428,-1.4803,-1.0663,-1.0122,-0.9086,-0.3896,-0.5592,-0.1752,-1.2305,-1.7795,-0.6408,-1.1007,-0.1187,0.9796,1.6401,-1.1716,-1.8498,-1.3252,-0.124,1.1226,0.6932,0.0862,-0.4582,-0.1508,-0.2455,0.3141,-0.2818,0.147,0.0216,0.2128,0.4329,0.2889,0.5955,-0.5804,-0.7698,-0.2828,1.2058,0.3967,1.1345,0.7552,0.8375,1.783,1.6272,1.4503,1.3319,1.1309,1.5043,0.47,0.9522,0.9848,0.8936,0.6588,0.4027,0.2556,-0.682,-0.4185,-1.1859,-0.4444,-0.7217,-0.6385,-1.6825,-2.0916,-2.1741,-1.9326,-1.0163,-0.8986,-1.2858,-0.9912,-0.4949,-1.3,-0.4193,-0.6966,0.4092,0.6524,0.6381,0.8927,0.6974,1.4197,0.4543,0.3881,0.0898,-0.2291,-0.1309,1.1242,1.1654
"IC20",0.9767,1.2805,-0.2005,-0.4254,0.2576,0.0547,-1.433,-1.3265,-1.592,-1.9025,-1.1965,-0.4293,0.7099,0.6161,0.5883,0.6759,1.02,0.4707,-0.2355,1.0789,0.5774,-0.6611,0.1861,-0.0886,0.443,0.6277,0.4573,0.2195,-0.481,-0.8641,-0.9973,-0.9811,0.3477,0.5483,1.008,1.3903,0.2199,0.0887,-0.0494,0.1811,0.4092,0.4908,-0.3651,-0.6929,-0.2793,-0.4182,0.9811,1.1266,-0.4339,0.4593,0.8136,0.2774,1.1367,1.0794,-0.6153,-0.5345,0.1018,0.1402,-0.1813,-0.4408,-0.7089,-0.8825,-1.6576,-0.7694,-0.8021,-0.628,-0.7107,0.3854,-0.3522,-1.0126,-0.1473,-1.0608,-0.931,-0.0627,0.4298,0.1079,-0.2109,0.6823,0.3135,0.0789,0.4591,-0.3978,0.3304,-0.3802,-1.1726,-0.8525,0.4853,0.1665,-0.2165,0.8976,0.6297,-0.3956,1.0412,1.1917,1.1819,1.9098,2.6166,2.521,2.0144,2.208,1.5117,0.371,-0.721,-0.0862,1.1202,-0.1534,-1.5899,-3.4041,-4.4005,-4.943,0.0881,-0.6449,-1.9289,-2.1946,-0.6472,-1.0836,1.3539,1.8244,1.0614,0.0862,0.0303,0.4375,0.8448,0.7497,0.3998,1.0644,0.4856,0.3066,-1.2049,-0.3117,0.0476,1.6898,-0.0733,1.3533,-0.7126,-1.7257,-0.4035,1.2842,-0.1142,-0.5778,-0.9418,-0.0958,0.4037,0.3197,-0.2765,1.2425,1.465,0.8938,0.1192,-0.0647,-0.0732,-0.4911,0.5258,-0.2615,-1.1197,-0.5368,-0.4703,-0.7925,-0.5558,-0.2964,-0.4882,-0.5288,-0.9022,0.6215,0.3526,-0.6966,0.8673,0.4674,-0.8537,-0.0738,0.3524,-0.1411,0.7002,0.4867,-0.4831,0.906,-0.1065,-0.7011,0.038,0.6934,0.9556,1.3684,1.511,0.8307,1.0116,0.7974,-0.0621,-0.8192,-0.4632,-1.1425,-0.2426,-0.7539,-0.0482,0.1344,-0.8374,-0.7944,-1.1396,-0.3818,-0.1504,-0.0359,0.6856,0.1541,-0.281,0.4955
"IC23",-1.3314,-0.2666,-0.8674,-0.0471,0.3594,0.3068,1.5905,0.8247,-0.085,-0.2545,-0.2283,-1.9086,-0.662,-1.1354,0.221,-0.0645,0.9429,0.5401,0.5361,0.6377,0.5009,0.1289,-0.385,0.0122,-1.2548,-0.2933,-0.7634,0.4623,0.7658,1.6064,-1.0602,-0.0761,-0.4109,0.2618,0.056,1.5546,1.2493,-0.4044,0.8066,0.1821,0.7797,0.0898,-0.0127,-1.055,-0.6294,1.1545,-0.6831,1.1667,-0.5839,0.8136,0.9919,-0.638,0.1431,-1.7312,-0.662,-1.668,-0.2229,-0.7316,0.4601,0.0079,0.8223,-0.5283,1.0117,-0.049,0.5241,1.3271,0.3144,0.1007,0.289,-0.0699,-0.4321,-1.0892,-1.7565,-1.3271,-0.7163,1.0562,-0.601,0.3168,-0.5375,0.0454,-1.0491,0.3439,1.2409,-0.4839,1.346,-0.3351,-0.6852,-0.7031,-0.6997,-0.7901,0.1642,-0.3785,0.7058,-0.2812,1.017,0.4141,-0.1543,-0.4817,-0.5177,-0.3592,2.0554,1.8071,2.6607,-0.624,0.4841,-1.1162,0.5201,1.4821,1.8448,2.6881,1.8494,0.4111,-1.5138,-2.4649,-2.0876,0.1467,-2.4531,-1.159,0.2728,-1.0022,-1.0465,-0.9592,0.3852,0.0305,0.1858,0.7301,0.935,-0.848,-0.6551,-0.2142,1.9694,0.7082,-0.1056,-0.1277,0.6601,-0.4248,-0.8282,0.0648,-0.9602,-0.159,-0.626,0.6082,0.7162,-0.4236,0.182,-1.1613,-0.2883,-0.9497,-2.0983,0.1896,1.0771,0.1563,-1.2643,1.0021,-0.2024,1.4981,1.1731,0.1089,-0.1583,1.5049,1.4168,0.3475,0.0736,-0.7471,-1.129,-0.008,-0.8884,0.9964,-0.5768,-0.5145,1.2328,-0.3257,0.2877,-0.9621,0.1798,-0.1982,2.3013,0.7908,1.3534,1.6425,0.0275,0.2779,-1.3387,-0.0094,-2.3576,-0.0662,-1.5016,-1.1668,-1.0693,0.0059,-1.777,1.0866,-0.8224,0.7405,1.9875,1.004,2.2921,0.3725,1.4814,-1.1924,-0.0007,-1.1522,-0.4151,-1.9165
"IC24",2.7611,2.4805,-1.7487,-0.046,1.5367,0.0517,-0.8402,0.1854,-0.2074,-1.216,-0.8373,-1.1732,-1.073,-1.643,-0.8979,0.4435,0.2705,0.0013,0.922,0.4308,-0.0064,0.7783,0.5732,-1.1622,0.3558,0.7846,-0.914,-0.6442,-0.3995,-0.395,-0.3879,0.457,-0.0503,-0.7673,1.1951,0.5605,-1.7923,-0.5985,-0.9383,1.1132,1.1861,0.0385,1.6464,0.0776,-1.3921,-0.146,0.466,0.6684,0.282,1.0082,0.1642,0.5151,0.5591,-0.9615,0.1826,-0.1313,0.3762,-0.4484,-0.2798,1.538,1.2109,-0.3496,0.7969,-0.057,0.1968,-0.6754,0.5265,0.1746,-0.8986,-0.6632,-1.3284,-1.8694,-0.1694,0.2901,-1.1064,-1.1087,0.346,0.0729,-0.8625,0.4985,0.8696,-0.6717,0.2508,0.2826,-0.3001,-0.3992,-1.033,-1.0246,-0.1142,-0.3842,-1.5007,0.3482,1.4178,0.3439,0.2703,1.6633,1.2348,0.5094,1.2529,1.6815,-0.057,-0.4696,1.9002,1.9282,0.9365,-0.3963,-0.7226,-0.3162,-1.0747,-0.3756,3.2283,-0.0459,-0.9136,-0.1765,-2.0983,-3.1533,-2.8086,-0.745,-1.178,-0.0456,0.9953,0.0931,-0.0515,-0.4072,1.0818,0.8722,-0.4246,-0.7854,-0.9123,0.6674,2.3953,2.7504,1.1562,0.4158,-1.3036,0.8153,0.1939,-1.3255,-1.6342,-0.351,-0.6957,1.1018,-0.2873,-0.727,0.7162,-0.5746,-1.5446,-0.5409,0.5019,-0.555,0.4727,0.042,-0.4095,-0.0501,1.4018,1.2114,-1.1818,0.5176,1.2293,0.0904,0.853,-0.3463,1.5194,0.5121,-0.7089,0.1636,-0.1584,-0.0927,0.5241,0.6022,-1.6896,-0.0682,0.3802,-1.446,-0.4081,-0.3501,-1.3384,-0.7195,-0.6544,-0.0696,2.1696,0.1764,-1.0317,0.8247,0.1124,-0.6154,0.9274,0.6825,-1.1801,0.5488,-0.3454,-0.6216,-0.5474,-0.6159,-1.2171,0.0626,0.8844,0.9311,0.8131,0.5525,0.0163,-1.3725,1.0542,0.676
"IC26",-1.3505,1.0641,-0.2733,-0.2505,-0.5306,0.0645,0.8146,-1.2751,-0.3073,0.1042,0.9575,0.607,0.3795,0.517,1.8071,1.1603,0.5275,0.0121,0.9801,1.3466,-0.7232,-1.142,-0.5581,0.4373,0.2243,0.7176,-0.6951,-0.675,0.2104,-0.5312,-0.5411,-0.085,-1.5634,-1.782,-1.9824,-0.2954,0.2838,0.3234,-0.9939,-0.9308,0.1545,-0.0553,-0.0715,-1.0856,-1.0435,-0.1688,0.3205,2.2279,0.4533,0.6089,-0.1544,-0.9001,1.2606,1.3858,0.8378,-0.0656,1.2779,0.4145,1.736,1.3958,0.9601,0.5035,-1.4196,-2.2888,-1.0725,-1.2133,-0.0006,-1.6941,-1.4564,-1.1207,-0.1821,-0.4813,-0.5767,1.245,1.6753,0.9509,1.138,1.9293,0.9025,0.7289,-0.1758,-0.465,-0.0915,0.8242,-0.3802,0.0722,1.0115,0.2511,0.2535,0.4972,0.257,-0.7986,-0.6712,-0.4418,-0.5573,-0.3856,-0.8123,-0.9891,-1.6204,-0.1361,-0.1002,-0.7231,-0.1836,-1.2878,0.646,-0.205,0.3291,1.5412,1.5863,0.7257,-1.801,-1.6529,-1.4191,-1.7636,-1.4914,-0.2085,-0.2468,0.4715,1.8728,1.7849,1.4696,0.3037,0.1718,0.48,1.0063,0.71,1.1982,-0.192,1.9846,0.0378,1.9637,0.3619,-0.3792,2.4759,-0.4606,-1.6442,-1.0418,-0.2713,-2.7556,-0.9935,-1.0515,0.9212,-0.12,-0.0185,0.6956,-0.4844,-0.8687,-1.3786,-1.44,-1.6534,-2.2114,-0.2595,-0.5776,-0.2461,0.1763,1.8233,0.7225,1.5317,0.8863,1.0209,1.2765,0.7339,0.386,0.3174,1.1754,1.398,0.3525,0.5188,-0.5421,0.0824,-0.572,0.1466,1.6794,-0.5438,-0.7282,-0.6867,0.4976,0.2407,-0.4939,-0.5835,-0.8756,-1.5786,-1.3872,-0.7096,-0.7759,-0.9136,-0.1876,0.8241,-0.9991,0.5595,-0.4889,0.0473,-0.9221,-0.5317,0.0399,-0.231,1.1459,-0.2724,0.964,1.7298,1.1635,-0.0986,0.5339,-0.21
"IC27",-1.5388,-0.724,-0.4995,-0.663,0.008,0.5876,0.835,0.2471,-1.1943,-0.7777,-0.1368,0.6567,0.2472,1.0851,1.366,1.1406,0.2122,0.6607,-0.4873,-1.1294,-1.1394,-1.0371,-1.5317,-0.8428,-1.4818,-1.257,0.4618,0.9909,1.004,0.2136,0.8305,0.7931,1.4911,2.0424,1.528,1.027,0.5854,0.1879,0.5355,1.2278,0.2895,-0.9189,-0.1424,-0.6849,-0.3263,-0.6133,-0.467,0.993,0.153,-0.6631,-0.4178,-0.2312,-0.319,-0.4705,-0.3009,-0.3025,-0.4046,0.4045,-0.0655,-0.0451,-1.0572,-0.3696,0.2828,-0.1961,0.0639,0.8998,1.4663,0.5772,-0.1165,-0.4277,-0.6941,-0.6437,-0.2897,-1.3447,-0.5589,-0.498,-0.6981,-1.4514,-0.6123,0.0348,-1.2831,-0.2639,-0.1484,-0.6125,-0.6409,-0.0309,0.3671,0.8543,1.43,1.4471,1.3853,1.1995,0.4009,0.8836,0.418,0.0864,-1.1533,0.6027,0.7211,1.4634,1.0763,1.512,1.3243,0.758,0.2161,0.7356,0.8808,0.4425,0.5849,-0.9489,-2.9781,-3.3953,-2.8012,-2.3377,-2.7266,-0.669,-0.4824,-0.9074,-0.3882,0.5732,1.5859,1.3753,2.7938,2.3698,2.4946,0.5099,-1.4261,-0.4477,1.2957,0.4257,0.1752,-0.5307,-0.9419,-0.5554,-0.7328,-1.7592,-1.2048,0.2381,0.1892,1.6971,0.6033,-0.8391,-1.164,0.383,0.1562,-0.9489,-1.1087,-0.6345,-0.0897,0.341,0.8335,1.0222,0.5391,-0.225,-0.9918,-1.0584,-0.0109,0.3797,0.2496,0.1852,0.0584,0.2774,-0.0681,-0.6247,-0.1385,0.259,-0.5734,-0.0123,0.4674,0.8556,0.7516,0.4162,0.0136,1.3984,0.488,0.9451,1.8627,1.2101,0.246,-0.883,-0.852,-1.2378,-0.6979,-1.5179,-1.2525,-0.0439,-0.2912,-0.2448,0.1456,0.6337,0.6096,1.0928,1.2968,0.5662,0.9184,1.3206,0.6781,-0.5392,-0.5906,-1.2998,-2.0283,-1.1385,-0.3734,-0.2303
"IC29",-0.6911,-0.422,0.8056,1.1759,0.9534,0.8745,0.6615,0.3686,-0.041,-0.2868,-0.028,0.2382,0.1117,0.0503,0.7228,1.1155,0.8168,-0.4604,-0.0025,0.8487,1.5239,-0.095,-0.7302,-0.3783,-0.9511,-0.5285,0.2361,-0.3305,-0.9824,-1.356,-1.6468,-1.6345,-1.079,-0.3344,-1.647,-1.024,-0.6715,-0.6922,-0.6011,-1.6399,-2.0392,-1.6679,-0.5055,0.3194,0.374,1.498,1.8843,0.75,0.334,0.8235,1.311,0.6142,0.3099,0.1971,0.0769,1.3854,1.0951,1.0971,1.3923,1.3317,0.6951,0.2375,-0.6275,-0.4289,0.5422,-0.0753,-0.6751,0.4567,-0.4772,-0.2713,-0.5046,0.2926,0.234,0.8443,0.9049,0.1985,-0.3668,-0.6721,-0.1421,0.1841,-0.5048,0.0366,-0.6523,-0.6719,0.1668,0.6622,0.9369,-0.1558,0.5077,0.5624,-0.1974,-0.0522,-0.3301,-0.105,0.4829,-0.0508,1.0051,0.6616,1.3387,-0.663,-0.9422,-1.7966,-1.343,-1.1562,-0.9429,0.726,-0.28,-2.7443,-3.6412,-2.6842,0.1367,-0.3019,-0.9728,-1.7069,-2.0395,0.255,0.5599,0.3369,0.3748,0.5959,1.1362,0.7202,-0.4157,0.7388,0.7034,0.4484,0.7901,3.0867,1.6284,2.0741,2.1346,1.5444,2.4989,0.9027,0.9807,0.583,1.4605,1.0892,0.7215,0.755,0.8271,1.2057,0.3046,-0.9466,-1.5565,-1.1009,-0.4129,-1.4261,-1.4194,-1.0657,-2.0759,-0.7991,-0.8524,-0.5404,-0.9383,-1.511,-0.3932,-1.4714,-1.0298,-0.8351,-0.8739,-0.9331,-1.7303,0.1156,0.3115,0.0747,0.3463,-0.7841,-0.2831,-0.2101,1.4281,1.5943,0.3973,0.7332,0.5534,0.1002,0.3128,1.1628,1.1529,1.4591,0.1747,0.4126,-0.1472,-0.0866,-0.0596,0.5582,-0.2234,-0.4565,-0.5651,-1.1129,-0.9106,-0.5893,-0.1681,-0.5078,-0.4789,-0.869,-0.1573,0.0987,0.0745,0.17,0.9816,0.5805,1.034,1.1857
"IC31",-0.8723,0.3083,-0.5652,-0.6278,-0.9905,0.137,0.005,-0.8247,0.2446,0.1665,0.4137,-0.1597,0.6943,0.2135,0.0269,0.0923,0.58,-0.2894,-0.45,2.0813,1.8936,1.3327,1.3111,0.2567,-0.6839,0.6345,-0.2967,-0.5508,-0.7522,0.0952,-0.5241,-0.746,-0.8193,-0.8688,-1.3969,-0.3403,-0.8923,-1.0101,-0.4819,-0.9047,0.6385,-0.0742,-0.0521,1.0367,0.4018,1.0199,0.7536,0.708,0.4342,0.7001,0.1064,-0.8359,0.1114,-0.5177,-0.1042,-0.1559,1.021,0.1325,0.2892,-0.0629,0.7253,-0.1082,0.3934,1.2295,0.7785,0.3581,-0.4435,-0.313,-1.2796,-1.1457,0.2136,-0.4186,-1.0238,-0.1097,-0.7081,-0.1917,-0.6702,0.5549,-0.5591,-0.6234,0.8124,-0.0798,0.3219,0.6169,-0.5968,-0.7053,0.7179,-0.264,-0.6494,0.2489,0.1983,-0.7372,0.3795,1.0904,0.5937,0.2942,0.9255,0.3177,-0.38,-0.4869,0.5044,-0.8215,-0.4865,-0.6758,0.9887,0.6671,0.9436,-0.6967,-0.0335,0.864,1.4827,-0.6589,-2.3597,-3.0975,-2.029,0.876,0.3495,1.1202,1.0634,-0.4437,-0.8768,0.4733,0.6029,1.0385,1.0862,1.8054,2.4134,1.726,1.4127,0.039,1.614,1.5092,-0.4119,-0.4944,-1.8065,-2.6975,-2.129,-1.7114,-1.3438,-0.3282,-1.8367,-0.316,0.0318,-0.8455,-1.1516,-0.4685,-0.4736,-1.3104,-0.6102,-0.9518,-0.9799,0.4541,1.6477,2.549,1.1153,1.0813,0.2882,0.4279,1.0433,0.095,0.2896,0.5905,0.1311,0.8807,-0.5231,-1.0702,0.0795,-0.1944,-0.7685,0.8205,1.1883,-1.1083,0.7666,0.5205,1.1021,1.8263,2.015,1.8874,1.2322,0.3641,-0.6487,-1.0604,-2.9562,-2.5146,-2.1313,-1.9602,-1.7538,0.476,-0.3753,0.4211,0.7802,-0.2264,-0.3538,0.4335,0.2526,0.8212,2.3925,0.54,-0.5982,-0.5257,0.0885,-0.2781,-0.1578,-0.2293
"IC33",-1.2164,-0.8757,-0.2932,-0.4109,-0.6029,-0.7073,-0.9031,0.2579,0.699,0.7717,0.1826,0.5654,-0.2702,-0.1202,0.6165,0.7112,-0.1971,1.1984,1.509,1.8147,0.9104,0.234,-0.5359,0.315,-0.0886,-0.6751,-0.2367,-0.0421,-0.6582,-1.557,-0.4851,0.5643,-0.0595,-0.2521,-0.1621,-0.9172,-0.1802,0.4453,-0.3981,-0.7979,-1.4734,-0.3305,1.4607,0.9009,0.752,-0.0361,-0.9389,0.3836,0.6449,0.2822,0.1677,-0.3751,-0.5065,0.4209,0.3424,1.0005,0.7808,0.3441,-0.362,0.2228,0.3387,1.0371,1.6601,0.3938,-0.5179,-0.5499,-0.549,-0.7296,-0.119,-0.5132,-0.035,-0.4556,0.1629,-0.4302,-0.5771,-0.623,-0.4051,-1.1881,-0.9803,-0.029,-1.4079,-0.3585,-0.0464,-0.4702,-0.1695,0.0616,-0.5151,0.5356,0.596,0.3973,0.7722,1.0563,0.5864,-0.0417,-0.7291,-0.0379,-0.5412,0.6442,-0.0391,0.3744,-0.7866,-0.166,-0.2197,-0.0783,0.3413,-0.4375,2.1407,2.9958,2.5851,0.547,-0.3758,0.2109,-0.4948,-0.0959,-0.4415,-0.4933,1.0099,0.16,-0.6215,-1.2782,0.2798,0.1504,0.4616,-0.0392,0.7761,0.2435,0.2302,1.3303,-0.0092,-1.2401,-1.5379,-2.3025,-1.9108,0.023,-0.5818,-1.4739,-0.7744,0.8689,-0.3143,-0.8569,-1.1179,-1.8407,-0.9868,-0.0477,-0.1588,-1.0786,-0.4686,0.463,1.0457,0.9901,2.1388,2.6555,1.7866,0.4834,0.0695,0.3169,0.3443,1.0841,0.4465,1.359,0.4825,0.2515,-0.7451,-2.3942,-0.9908,0.0935,-0.1735,-0.1926,0.228,1.0114,0.7318,0.6321,-0.2925,1.2101,0.3145,0.8223,1.7018,1.7756,0.7533,-2.021,-2.9168,-3.0422,-2.4406,-1.9901,-1.4029,-0.6485,-0.3117,-0.2337,1.1902,1.6084,0.9856,1.6263,1.7846,1.7245,1.2842,1.5659,0.4195,-1.2909,-2.1642,-1.5314,-1.5553,0.1294,0.3388,-0.0284
"IC36",0.4537,1.407,0.2539,-0.2339,-0.7168,0.8517,0.2603,0.0616,-0.6317,0.7536,-0.8214,-0.1527,0.1713,0.2815,-1.1617,-0.1878,-0.3287,0.4412,-0.306,1.768,0.4241,-0.567,-0.7995,0.4538,1.0431,0.4892,-0.3477,-0.5866,-0.7891,0.5868,0.3121,-0.025,0.0659,-1.3994,-0.8352,0.4665,1.2844,-0.0683,-0.9533,-0.6581,-1.2513,-0.3821,-0.9261,-0.8369,-0.9617,-1.2151,0.9829,0.4018,-0.4324,0.188,-0.8321,-0.1149,-0.1529,1.46,0.597,0.8249,1.0174,1.2564,0.7832,0.7639,1.3235,0.0559,-1.0131,-0.6685,-0.1874,-0.023,-0.951,-0.2228,-0.3221,-1.3785,0.2194,0.3181,0.6279,-0.2538,0.9318,0.5581,-0.1953,0.2979,0.1,-0.6649,-0.378,0.4359,0.346,1.2189,0.8154,0.7242,0.3163,1.1441,0.0973,1.371,-0.0383,-0.8435,-1.3974,-0.8516,-0.6282,-1.1387,-0.6632,-0.2938,-1.3981,-0.2461,-0.4995,0.7619,-0.2227,0.0921,1.3032,1.12,2.3987,2.3719,1.1926,-0.9853,-1.2586,-2.0609,-2.7461,-3.3653,-2.6872,-3.2367,-1.3516,-0.232,0.7391,-0.1014,-0.311,-0.6111,0.701,1.7238,1.7863,1.4645,2.2916,2.1442,1.465,1.6481,0.9581,1.7929,0.6718,1.4015,-0.3378,-0.616,0.4686,0.5992,0.3185,-0.1045,-0.078,-0.3639,-0.4511,-0.5433,-1.8269,-1.2791,-1.3675,-1.5544,-0.957,-0.5588,-0.8305,-1.6679,0.3063,-0.2814,-1.0069,-0.007,0.1323,0.9463,0.3136,1.3497,0.3203,0.4226,0.1091,1.0008,1.8357,0.5361,1.5953,1.1154,-0.3307,1.0838,0.0964,0.1065,-0.9475,-1.0397,-0.8258,-0.1402,0.5143,-0.0282,0.2788,-1.2166,-2.0039,-0.8346,-0.8527,-1.3868,-0.6707,-1.3318,-0.6034,-0.6592,0.4714,-0.164,0.3931,0.9462,0.0509,0.9902,0.1488,0.3364,-0.0779,1.036,0.9921,0.4525,1.2009,0.6875,-0.9571,-0.1856
"IC37",-0.8288,1.9724,1.5855,1.1654,0.9705,0.383,-1.301,-1.6256,-0.732,-1.0463,-0.7505,0.1059,0.5212,0.6752,-0.1008,0.0021,0.451,-0.4888,-0.6922,0.4072,-0.0922,0.2997,0.0672,1.0395,-1.3587,0.0804,0.0793,0.9156,0.953,-0.1847,-2.0102,-1.0259,-0.7022,-0.2101,-0.9844,-0.339,-0.6861,-0.7018,0.1669,-0.5824,0.2502,-0.7474,-0.4255,0.7506,0.6738,1.9946,1.0868,0.3725,-0.7114,0.0356,0.6746,0.5797,0.3971,-0.2107,0.7166,1.5664,2.129,1.0702,1.1446,-0.3977,0.2553,-1.0132,0.26,-0.6167,-1.6239,-1.966,-2.2407,-1.589,-0.1151,-0.8002,-0.6095,-0.9691,-1.111,-0.6604,-0.2563,0.7614,0.9466,0.8823,0.1848,0.513,0.8471,2.273,2.0289,1.6933,1.3586,1.3443,0.757,0.1501,-0.4663,-0.0831,-0.2349,-1.669,-2.0417,-0.7601,-0.3143,0.1376,0.1105,-0.1348,0.1677,-0.467,0.3446,-1.166,-1.6437,-2.2038,0.525,-1.162,0.9037,2.4457,0.6269,0.2227,-0.4653,-0.1234,-1.8857,-2.5077,-2.2655,0.0601,0.2111,0.6422,2.5297,0.6402,0.4683,-0.2398,0.0193,0.0941,1.1321,0.9913,1.6186,-0.7555,0.097,-1.2325,-0.2589,0.1473,0.1364,3.8788,0.5822,-1.5244,0.7289,1.7885,-0.9756,-0.1137,-0.2322,-0.2827,0.0579,-0.7756,-0.1202,0.6643,2.4213,0.8446,0.3805,-1.138,-1.7808,-1.1856,-1.3948,-0.1476,-1.7694,-0.9869,-0.1784,0.6204,0.5202,-0.0526,-0.3455,-0.492,-0.6605,-0.0121,-0.2674,0.0917,-0.0124,0.488,0.1673,-0.3685,-0.3482,-0.8463,-0.1084,0.3752,0.7586,0.2169,0.957,0.1164,0.0681,0.2565,0.4957,1.2548,0.6057,1.2814,0.3659,0.1478,-1.0979,-1.1985,-1.0751,-0.391,-0.7375,-0.0892,-0.9554,0.223,0.7261,0.2643,0.6374,-0.5475,-0.2382,-0.3302,0.7738,0.282,0.2267,0.2897
"IC38",0.341,-0.2822,-0.3774,-1.3307,-1.287,-2.0146,-1.7348,-2.6291,-1.7921,-0.7229,0.1162,0.2966,1.3153,1.7669,1.9698,1.286,1.2443,0.3919,0.8009,0.3411,0.4904,-1.6424,-0.6442,0.4118,1.0131,0.6016,1.0295,0.4247,0.8832,0.486,-0.517,0.2216,0.6876,2.0184,2.1941,1.7982,1.6457,0.7153,1.0965,0.517,-0.1479,-0.0537,-1.4776,-0.4075,-1.9255,-1.4289,-0.8727,-0.7694,-0.3971,-0.7334,-0.6754,-0.9954,0.6827,0.4155,0.5651,0.288,0.0726,-0.0319,-0.3625,-0.2062,-0.0184,-0.5496,-1.9761,-1.2384,-1.7188,-0.8165,-2.0905,-1.5256,-1.6061,-0.5939,-0.8803,-0.1662,-0.3204,0.6774,0.6675,1.3523,0.9153,0.7005,2.1105,0.6887,0.5371,-0.9588,-1.1064,-0.2359,0.0514,-0.6026,0.6802,0.7653,1.6046,1.7163,2.6022,1.1016,0.2355,-0.4599,0.1104,-0.6169,0.8171,0.5488,1.3642,0.2362,1.3833,1.0146,0.6317,0.9908,1.3587,1.0921,-0.1277,0.3232,-1.7228,-1.4343,0.4168,-0.0628,-0.6935,-1.6843,-2.2389,-2.0931,-1.9138,-1.5769,-0.9287,-0.0265,-0.6895,-0.4379,-0.5769,-0.1414,-0.4364,0.1713,-0.2157,0.4445,-0.1609,0.007,-0.4815,1.1873,0.8213,0.6977,1.0717,0.7814,0.4306,0.2486,0.3162,-0.5751,-0.8463,-1.5435,-0.5349,0.2289,0.6974,1.6103,1.3659,-0.1778,-1.1609,-0.886,-0.7294,-1.0912,-0.986,-0.1472,0.0051,0.3687,0.7793,-0.4077,0.6201,0.3419,0.554,0.8633,-0.4316,0.8046,0.0284,-0.1075,0.8206,-0.1539,0.2191,-0.3009,0.9798,0.9572,1.4527,1.1661,1.4494,1.3117,0.7326,0.5037,0.6009,0.1657,-1.9755,-0.6095,-0.7191,-0.2051,-0.2083,-0.3314,-0.9426,-1.0285,-0.9667,-1.4195,-0.5268,-0.5337,0.4569,0.568,0.5201,-0.4459,-0.2957,0.6801,1.0191,-0.6258,-0.3217,-0.6381,-0.5148,0.1013
"IC41",0.3287,1.0354,0.1153,0.5412,1.3992,0.0734,-1.4715,-1.2333,-0.8938,-1.3669,-1.0494,0.0661,0.4867,0.9336,0.3683,-0.0949,-0.4734,-1.1833,0.3843,-0.5504,-0.5939,0.0472,0.9343,0.896,0.4041,0.2123,-0.5857,0.4066,0.8543,0.0882,0.3975,0.6697,-0.4385,-0.3107,0.7815,1.068,-1.1785,-0.6004,-0.043,0.7939,0.8714,-0.0263,0.8161,0.0605,-0.0978,0.2634,0.4088,0.0456,-1.2186,-1.2323,-0.0906,1.2114,-0.0215,0.0409,-0.4569,-0.6295,-0.1492,0.0394,0.4258,0.3877,0.1288,-0.5535,-0.2311,-0.83,-0.5107,-1.2227,-1.2996,-1.5491,-1.1166,-0.9967,-1.2957,-1.0972,-0.367,0.7052,1.1491,0.6707,1.4311,0.6762,0.6414,1.2153,1.4626,0.3065,-0.7026,0.9967,0.4993,1.4505,0.9036,0.9713,1.0864,0.8814,-0.1908,0.2158,-0.7631,-0.637,-1.5691,-0.2678,-0.1081,-0.5783,0.3314,1.2127,1,0.5238,0.2658,0.7888,1.3669,0.1691,-0.4708,-0.4218,-0.5289,-0.0014,1.9351,-1.4168,-3.8395,-2.7269,-3.2849,-3.0186,-1.8949,-0.1392,1.1162,0.2098,-0.0584,-0.3626,0.0915,0.0309,0.1207,0.3683,0.4203,1.0773,0.3687,0.7646,2.682,4.1632,1.2215,0.7818,-0.5289,0.2958,-1.3225,-1.5517,-1.7433,-1.7192,-0.2739,1.2343,0.4817,0.842,1.7689,1.4083,1.2058,0.8309,0.4947,-0.7041,-0.5204,0.0636,0.0661,-0.1837,-0.0591,-0.1728,-1.2359,-0.8721,-0.8107,-1.1619,-0.9749,-1.219,0.0829,0.3379,0.238,0.7888,0.2705,-0.0559,0.0381,-0.6216,-1.6641,-0.2236,-0.1512,-0.2256,-0.1,-0.5374,-0.4737,0.298,0.0772,1.0238,2.3918,0.692,0.5788,1.722,1.6263,0.2882,-0.0712,-0.6317,-0.3881,-0.1235,-0.6405,-0.4229,-1.224,-1.0689,-1.068,-0.7577,0.2367,0.5405,0.1072,0.2627,0.1438,-0.1534,0.6581,0.3441
"IC42",-0.5746,0.3053,-0.34,-1.1313,0.1453,0.5546,0.2676,-0.0458,-0.8455,-0.3339,-1.4671,-0.8801,-1.209,0.7926,1.3072,1.3641,1.1397,0.6623,0.7077,1.0399,0.744,0.7734,-0.3693,1.0866,0.5099,0.3875,-0.526,-0.3661,-1.4552,-2.6056,-2.8939,-0.7133,0.1043,0.2376,0.1018,0.5935,0.0947,-0.024,0.0002,-0.5372,-0.7701,-0.5997,0.2425,0.6459,0.1944,0.7805,0.8605,0.924,0.4962,0.421,0.5414,0.6675,-0.0306,1.2294,1.8626,0.5953,-0.0326,0.8006,0.5726,-0.2704,0.3702,0.0842,0.1128,-2.174,-0.9467,0.1163,-0.6157,-1.6904,0.196,0.8912,1.1212,0.531,-0.3123,-1.1036,-0.1644,-0.4834,-0.8179,-1.2273,-1.3475,-0.406,-0.7664,-0.6113,-1.667,-0.3567,0.2988,0.3362,-0.4748,1.0552,0.1898,0.4261,0.9934,0.7579,-0.2068,1.2524,0.7779,0.9813,-0.0905,-0.2533,-0.0216,0.0678,-0.1955,-0.5445,-0.9789,-2.0127,-1.2434,-1.6207,1.8071,1.5831,1.3271,1.4998,0.1041,-1.2059,-1.6108,-1.4119,-0.7467,0.7924,0.1918,0.6922,1.8672,2.078,2.022,0.7131,0.5492,0.1143,1.8036,1.0115,2.1418,-0.4602,0.5873,0.6785,-0.6425,-2.6243,-2.5387,1.157,-1.0463,-0.3047,0.4953,0.2105,-2.0966,-1.3371,-1.0467,-1.5487,-0.6725,-0.8291,-0.5407,-0.3957,0.6178,0.3777,0.6121,-0.3911,-1.0982,-0.9397,-0.4916,-0.141,-0.0113,0.4764,-0.5086,0.0828,-0.4995,-0.213,-0.1816,0.1128,-0.1129,-0.3073,1.1331,1.5881,0.4762,0.6597,0.7873,0.6477,-0.6865,0.48,0.6384,0.2641,0.5976,1.1741,0.3421,0.7738,2.2331,0.8466,0.4746,0.1744,0.3573,0.7808,0.9466,0.4445,-0.7021,-2.7806,-2.4972,-0.9166,-0.3198,0.3512,0.7647,0.491,-0.7926,-1.9275,-1.9739,-1.0284,-0.4845,0.664,1.2213,-0.1051,0.3066,0.8839
"IC43",-0.7675,0.247,0.4747,0.7738,0.7998,1.5364,0.3479,0.2629,-0.192,-0.3137,-1.7142,-1.1855,-1.24,0.0059,-0.5135,-0.1484,-0.9116,0.4186,-0.0803,0.4272,-0.3618,0.6374,-0.0682,1.289,0.5423,0.4997,-0.5676,-0.277,-0.1817,-0.0451,-0.5697,-0.498,-0.2615,-0.3707,-0.1882,0.4269,-0.1141,0.3259,0.1753,0.1164,0.9132,0.7331,1.1268,0.2171,-0.1201,0.5013,0.0023,0.3239,-0.4868,0.1331,0.0667,0.661,-0.4217,-0.399,-0.5395,-1.0147,-0.2901,0.5453,0.5925,-0.3796,0.817,-0.4173,0.7581,-0.2893,0.069,-0.5496,-0.7322,-1.2793,0.074,-0.508,-0.4004,-0.2854,0.3676,-0.544,-0.0092,-0.1665,-0.6106,-0.4799,-0.2069,0.267,-0.3057,0.9653,-0.1074,1.0921,0.9826,1.2091,0.0845,0.9022,0.1895,0.1583,0.0438,-0.0453,-0.9749,-0.368,-0.8463,-0.3541,-0.4029,0.0376,-0.8961,-1.3941,0.6374,0.9169,0.0531,-0.7338,0.9266,1.0819,3.1227,1.6959,1.3784,2.2818,-0.1327,-0.5187,-1.1274,-1.9988,-2.6126,-4.1645,-3.539,-0.637,2.1409,0.7999,0.6059,-0.7144,-0.0314,0.5712,2.5654,1.182,1.7792,0.9263,0.6283,-0.7412,-0.3713,-0.4186,-0.2873,2.2113,0.3162,-0.7301,-0.7045,-1.4222,-2.5053,-1.6808,-1.1115,-0.9404,0.7418,0.7776,0.5515,-0.1223,0.8196,-0.4382,-0.1124,-0.4456,0.0896,-0.77,-1.1914,0.8967,1.1418,1.4435,0.5034,1.3378,-0.4867,0.1636,0.2652,0.295,1.2996,0.4442,1.2702,0.3303,-0.1519,1.7116,-0.3715,-1,-0.8937,-0.8184,-1.9169,-1.3572,-1.1825,-1.7596,-0.7108,-0.8417,1.3627,1.7807,1.6845,1.4253,1.0864,0.3845,0.2352,-0.0399,-0.3495,-1.8177,-1.8451,-0.4176,-0.7233,0.267,-1.0113,0.4276,-0.2416,-0.0527,0.5465,1.5678,1.5662,1.0211,-0.3871,-0.2407,-0.5601,-0.6243
"IC44",1.1156,0.4922,0.239,1.1248,0.7966,1.2692,0.6644,0.3979,0.4279,-0.3678,-0.1106,-0.0762,-0.5884,-1.0956,-1.3676,-1.085,-0.7905,-0.0624,-1.2617,-0.5974,-0.682,0.3216,2.2382,0.1591,0.0504,-0.145,-1.0051,-0.5333,0.4217,-0.0493,0.2301,-0.1725,-0.2699,-0.706,-0.081,-1.0005,-0.7473,0.8533,-0.0689,0.224,1.1801,2.1282,1.671,0.4683,1.0181,0.4225,-0.1709,-1.4993,-1.6685,-0.569,-0.5579,-0.3213,-0.3783,-0.137,-1.6375,-1.5086,-0.8843,-0.4442,1.0588,0.8267,-0.4904,0.8434,0.872,1.5805,0.355,-0.6775,0.2685,-0.7819,-0.7027,-0.9642,0.5916,-0.3776,-0.9856,-0.7198,-0.7188,-0.3315,0.7668,0.7881,0.0364,0.6467,1.1329,0.3927,1.0276,1.8499,0.3413,0.2951,0.6304,0.213,-0.8189,0.8581,0.3263,0.0107,0.982,0.1621,-0.9475,-0.6694,-0.9001,-0.77,-1.0204,1.9309,1.2352,1.3099,0.1943,0.2376,0.8371,0.2081,-0.3273,-1.7013,-0.3897,0.3932,1.5319,0.9835,-1.496,-2.3903,-2.0594,-4.0869,-1.7522,-0.0032,0.8742,-0.6209,-1.2877,-0.5484,-0.9403,-0.9891,0.2118,0.2974,-0.1867,1.0225,1.4912,0.5389,0.9273,2.2521,1.1411,2.7262,-0.8986,-1.7343,-1.2691,-0.8721,-0.3997,-0.6169,-0.2894,2.1444,1.2721,1.0485,0.7049,0.708,-0.0181,0.2422,0.5889,-0.5951,-0.8249,-0.1364,0.9652,0.4691,0.9038,1.0042,-0.1586,0.7794,-0.0202,0.1331,-0.2027,0.5355,0.8396,0.4917,-0.0958,-0.8399,0.5445,0.2301,-1.0613,-0.0006,-1.4831,-1.4923,-1.3302,-1.6716,-1.5134,-1.032,-0.5178,-0.1486,0.0049,0.8004,2.0174,1.0116,-0.4068,-0.7978,-0.2374,-1.178,-0.3103,-1.2029,-0.8942,-1.0012,-0.6032,-0.5093,-1.1016,0.1279,-0.6607,0.095,1.8035,1.6889,0.807,1.5376,0.8447,0.3674,0.1092,1.4863
"IC45",-0.3228,-0.623,-0.182,0.8202,-0.5878,-0.1812,0.3681,0.0747,0.5247,0.4977,-0.1118,-1.3446,-1.9623,-1.8051,0.1852,-0.8341,0.3323,0.4581,0.5346,0.1372,0.0312,0.8692,0.4612,0.4946,0.4172,0.0226,-0.0351,0.2227,0.3298,0.6968,-0.5304,0.2687,-1.6771,-0.4376,0.4261,-0.2853,0.4338,0.5409,0.4769,0.5701,0.4327,0.4585,0.8404,-0.3388,-0.2577,1.4352,-0.2484,0.3973,-0.0585,0.7421,0.172,0.8831,0.6941,-0.8601,0.632,-0.1871,-1.3554,-0.6092,1.5513,0.137,0.2076,-0.4323,0.4048,0.0021,-0.4406,-0.4377,-0.4371,-0.2958,-1.1063,0.01,-0.5568,-0.8793,0.3769,0.1937,-0.2247,-0.2617,-0.451,-1.0793,-1.5553,0.9066,-0.3896,0.6836,1.3374,-0.055,0.3001,0.6024,0.2257,-0.0971,0.4362,-1.1557,-0.8485,-0.2753,-0.419,-0.9272,0.3699,-0.72,-0.7512,-0.8964,-0.3387,-1.0283,-0.1214,-0.3083,0.2545,-1.7548,-0.6246,-1.2976,0.8369,3.3602,3.4076,2.2709,0.653,2.2084,1.4695,-0.5888,-1.2401,-0.6836,-1.5648,0.402,2.8912,2.1429,0.2276,-0.3054,0.6066,1.9418,1.5186,1.0856,-0.354,-0.726,-0.0072,-0.7456,0.8152,-2.6205,-0.8904,-0.2636,0.2857,-0.9943,-0.8675,-1.1758,-3.211,-1.5347,-0.8769,0.6514,-0.387,0.0733,0.719,-1.0486,-1.0238,-0.5496,-0.8816,-0.87,-0.0592,0.5639,-1.8427,-0.3494,0.6927,0.3154,-0.0655,1.1824,-1.2632,-0.2103,1.5671,0.2176,0.6788,-0.7009,0.5244,1.6898,-0.125,1.5159,0.5121,-0.9508,-0.2291,0.2968,0.3523,0.1097,2.1972,-0.4986,1.2131,1.2729,1.3306,1.8717,0.6982,1.5425,0.4669,0.24,-1.4867,-0.0351,0.2039,-1.1164,-1.9089,0.8178,-1.8665,-1.3149,-1.5271,-0.2029,0.9476,0.8128,0.1388,0.3355,0.6281,-1.3019,-0.3511,-0.7431,0.5069,-1.3297
"IC46",-2.1965,-1.2448,-0.6591,-0.0527,-0.0689,-0.2639,-0.9283,-0.2863,-0.0719,1.1498,0.5038,0.7853,-0.0577,0.5175,0.3682,0.7657,0.6873,0.4632,-0.1052,-0.1149,-0.5798,1.0728,1.1465,2.1154,0.6985,0.8848,0.1471,0.0803,-0.2496,0.3763,1.2737,0.398,-0.6798,-1.0635,-0.9454,0.5483,-0.1259,-0.2349,-0.1194,0.0175,0.2808,-0.0603,-0.3197,-0.2363,-0.3317,-0.2922,-0.7559,-0.8916,-1.7598,-1.0127,-0.4229,0.0782,0.5085,0.3947,0.2309,0.4193,0.498,0.512,0.0407,-0.5809,-0.4107,-0.8439,-0.7122,-2.1935,-1.8991,-1.6803,-0.9411,-0.2399,0.7325,0.5961,0.2699,-0.1004,0.2302,0.9077,1.607,1.1006,0.5878,0.3366,0.6874,0.48,-0.2091,0.9301,-0.376,0.7319,0.8943,1.1389,1.6689,1.9192,1.1757,1.5913,0.8796,0.2062,-1.5582,-1.3956,-2.62,-2.8511,-1.3486,-1.087,-1.3418,-1.0697,0.3982,0.8274,0.747,0.2249,1.4644,1.1794,2.2323,0.9765,0.9088,1.4142,1.4673,-0.508,-1.4925,-1.8819,-1.8216,-1.0548,-0.6029,-0.297,0.171,-0.5196,-0.0577,-0.4693,-0.2077,-1.0442,-0.1311,-0.0853,0.907,0.1827,0.1026,-0.8571,-0.3281,-0.3177,-0.1987,3.2076,1.1913,-0.9501,-0.0729,0.1477,-1.1998,-1.5966,-2.3758,-0.8758,0.0381,-0.2463,0.4131,0.0329,-0.0073,-1.7283,-0.755,0.498,0.2695,-0.3324,-0.3271,1.0785,0.9105,1.6136,1.5084,0.9262,0.9227,1.3024,0.6637,1.4019,1.2678,1.4001,0.1,0.2126,1.7997,2.094,0.7254,0.1837,-0.626,-1.4092,-1.3769,-0.1965,-0.5729,-0.1812,0.1318,-0.4138,-0.1205,-0.4557,-1.2904,-2.0277,-1.9053,-1.8615,-1.2916,-0.7314,-1.3313,-0.3625,-0.3907,0.2569,0.7832,1.4115,0.5934,-0.0839,-0.2228,0.0862,0.0203,0.5619,0.5757,-0.121,0.0392,1.0046,0.6938,-0.0007
"IC47",0.0595,0.8874,0.9223,0.2784,1.6975,0.8623,-0.3242,-0.9091,-0.626,-0.2236,-0.4048,-0.1523,1.3009,2.5451,0.9682,0.0009,-0.81,-2.0248,-0.5234,-0.3373,-0.1265,-1.1269,-0.6021,-0.3283,-0.8363,-0.3952,-0.1485,-0.8582,-0.7218,-0.7377,-0.339,-0.2127,0.541,0.4894,-0.281,0.1286,0.3758,-1.0072,0.0064,-0.3083,0.1212,1.0591,0.2566,0.5251,1.7252,-0.1365,-0.1736,0.6164,-0.5406,-0.511,0.8406,0.4553,0.704,1.9611,-0.3367,-1.0274,0.4597,0.4683,-0.8396,-1.6261,-0.9722,-0.1017,-0.9532,-0.3508,-0.4784,-1.3247,-1.1909,-0.5178,0.7226,0.4353,0.7599,1.2058,-0.2219,-0.0652,1.0713,-0.2064,-0.4153,0.3804,1.1724,0.1218,0.1291,0.9246,0.1783,-0.6676,-1.1412,-0.1825,0.8592,1.1732,1.1518,1.9521,0.7409,-0.728,-0.6134,-0.0912,-1.1351,0.0306,0.5962,0.7126,0.7969,1.4423,0.1827,0.4407,-0.1522,-1.0215,0.4762,-0.3607,-1.5077,-1.7744,-0.5687,-1.4863,1.4307,-1.791,-3.1998,-1.3369,0.1728,-0.5199,2.1711,1.5776,0.576,-2.0345,-3.6958,-1.6253,-0.1526,0.1158,-0.6896,-0.8412,-0.0542,0.5191,-0.2415,2.0413,0.5869,3.7664,1.8551,0.8681,1.2357,0.495,-0.0468,0.2358,0.6851,0.5664,0.0321,1.9386,1.4027,0.2268,-0.7523,-0.8125,-0.2999,-0.1652,-0.2551,0.2453,-1.5729,-1.4252,0.5777,1.2605,-0.0534,0.1022,-0.6777,-0.8539,-0.0929,1.036,0.0221,0.1491,0.2947,-0.467,1.0127,-0.2038,-0.9106,0.4264,-0.7536,-0.9193,-1.9834,-1.321,-0.0195,-0.1089,-0.9487,0.2061,-0.1048,-1.2086,-0.255,1.6308,1.8423,-0.6326,-1.058,-0.5457,0.4156,0.4245,-1.0116,-0.7768,0.0404,-0.4217,-0.5766,1.5397,-0.1811,0.7414,0.7132,-1.7462,-0.5224,0.992,1.2157,0.7801,0.9951,0.837,-0.1202,-0.1396
"IC48",-1.1574,-0.1243,0.026,-0.419,0.3722,0.4725,0.5335,0.4208,0.0207,0.449,0.1225,0.9395,1.1122,1.5313,0.3747,-0.4218,0.4363,2.0869,0.5851,0.1211,-0.0046,0.0293,-0.4445,-0.3149,-0.6535,-1.3969,-0.7273,-0.6937,-0.5729,-2.2376,-3.1222,-2.53,-1.3061,-0.6741,-0.4272,0.5594,0.3022,0.1288,-0.2814,0.3112,0.5747,0.6926,1.0521,0.1534,0.2987,0.3285,1.3046,1.3814,-0.3563,0.0735,0.9862,0.9662,0.625,0.957,0.1663,-0.039,0.2688,0.9406,0.4332,0.3097,-0.3782,-0.6,-0.5703,-1.7028,-1.0563,-0.2603,1.3133,-0.1219,0.1055,-0.0192,-0.2828,-0.0654,-0.0536,-0.5975,0.1516,-0.2909,-0.6649,-1.1404,-0.9589,-0.5757,-1.2647,0.9968,-0.0418,-0.0417,0.7408,1.1138,0.3009,0.6749,-0.362,0.103,0.1938,-0.3865,-0.237,1.31,1.07,1.3418,1.826,2.6824,0.6239,-0.0383,-0.0469,-0.6122,-1.9692,-1.7483,-1.1274,-0.0146,1.7039,-0.0016,-0.784,-1.0928,-0.0291,-1.0625,-2.6766,-2.8632,-3.1326,0.0923,0.569,1.0869,1.1185,0.7433,0.8616,-0.5496,-0.008,-0.192,1.2494,-0.0755,-0.7405,-0.1728,1.719,0.4869,0.5279,0.1912,0.162,2.2323,0.3713,-0.1448,1.2708,1.618,0.5775,0.9955,0.5983,-0.1335,-0.4934,-0.7768,-1.2188,-1.196,-0.3855,-1.6268,-1.8393,-0.7578,-0.299,-0.1274,0.4608,0.8816,0.1249,-0.0582,-0.1794,-0.1011,-0.802,0.6153,0.4797,0.3816,0.7516,1.1101,2.0986,0.5219,-0.2892,0.0738,-1.7504,-0.7864,-0.5036,-0.3815,-1.3683,-0.4235,-0.5593,-0.5626,0.5363,0.7212,2.2205,1.8335,0.9406,0.0457,-0.1721,-1.0959,-1.6593,-0.7513,-0.2634,-1.8789,-1.9663,-1.6248,-1.2258,1.1144,0.5825,0.3698,0.5162,0.3501,1.4907,1.7889,0.0468,-0.1564,0.046,0.2429,0.0521,0.5043
"IC49",-1.1658,0.4344,0.4344,0.605,0.1541,-1.0181,0.0225,0.1175,-0.3926,-1.0027,-0.689,-1.3948,-0.3236,-0.077,0.0058,-0.0378,0.5904,1.5989,1.0494,0.069,0.8093,1.1776,0.8468,0.3591,-0.2313,-1.0937,-0.2965,0.2625,-0.3853,-0.0766,-0.9715,-0.997,0.202,0.712,-0.2781,-0.6802,-0.0529,0.046,0.1446,0.192,0.3339,1.4814,1.1337,1.1966,2.1282,0.5321,-0.4828,-0.5323,-0.8292,-0.1929,-0.4201,-1.2235,-0.9159,-0.373,-0.4087,-1.3667,-0.4676,0.317,0.4078,0.0648,-0.3192,0.7258,1.2552,0.8874,1.1377,0.7402,-0.3289,-0.038,-0.2123,-0.8379,-0.8388,0.1602,-0.972,-1.4837,-1.2009,-0.8497,-0.8048,-0.3739,-0.2646,-0.6236,-0.1759,1.3506,0.8502,0.9022,1.23,-0.4509,-0.2875,0.7218,0.191,-0.6041,0.7743,1.0543,1.4044,0.4082,0.2619,-0.4022,-0.64,-1.2518,-1.0249,-0.1659,0.2354,-0.3718,-0.524,-0.9498,0.4508,-0.0024,1.8114,1.0823,1.6314,1.6634,2.0249,-0.0944,-1.8827,-2.8841,-3.232,-1.6021,0.1884,0.7377,0.154,0.0842,0.1018,0.7914,0.6718,1.8659,1.9848,0.8842,1.0924,1.7091,0.3798,-0.0009,0.155,-0.4513,-0.7076,1.0724,-1.0386,-2.2158,-2.0715,-0.7789,-1.8167,-1.2924,-1.2879,-0.8652,-0.15,-0.347,-0.5223,-0.3502,-0.0429,-0.4169,-0.2158,0.0166,0.0051,0.5181,2.0162,1.7863,0.2824,0.3611,0.3645,-0.0385,0.5641,1.4346,0.3235,-0.239,-0.6855,-1.1153,-0.3112,-0.0485,-0.6643,-0.3043,-0.62,1.0302,0.899,-0.0164,0.5808,1.4665,1.2903,1.3944,2.1053,2.1612,1.1895,0.4304,-1.8448,-1.9532,-1.897,-1.4364,-1.4162,-0.928,-1.7191,-0.5014,-0.3557,-0.4127,-0.1028,1.1641,0.6391,-0.1625,0.9226,0.8584,1.8696,0.4503,-1.1371,-2.4839,-0.1351,0.5405,0.6969,-0.4459
"IC50",0.3494,1.0371,-0.9492,-1.8173,-1.5555,0.3333,0.4081,0.2088,-0.8418,-0.9584,-1.4652,-0.2962,0.366,0.8554,0.6806,1.5648,0.8293,0.9174,0.5353,0.8485,0.2629,0.3657,-0.157,-0.224,-1.1156,0.0169,-0.8481,-0.7134,-1.7801,-1.3218,-1.125,-0.6964,0.3212,0.748,1.4912,2.5577,0.8581,0.6539,0.0347,-0.8034,-0.77,-0.927,-0.2481,-0.5194,-0.2814,0.5269,1.0839,1.4149,1.3544,1.6947,0.1838,0.0138,-0.2844,0.3153,1.0197,1.0951,1.0787,0.73,-0.2213,-0.5169,0.2476,-0.8789,-0.6184,-0.757,0.2095,-0.2245,-0.5862,-0.1837,-0.2304,-0.6636,-0.0181,-0.338,-0.1104,-0.09,0.5426,-0.3304,-1.5186,-1.3838,-1.2952,-0.116,-0.0855,-0.7819,-1.3491,-0.8928,-1.3299,-0.8608,-1.0206,0.0217,-0.1201,-0.1542,-0.1003,0.7709,1.41,1.9385,1.2099,1.3748,1.1175,1.6966,1.2407,0.5839,0.1195,-1.01,-1.4528,-2.0883,-0.8381,-0.9373,0.9796,1.718,1.7371,0.8474,0.005,-1.3413,-2.2309,-2.6123,-1.3841,1.9675,1.5678,2.1587,2.6118,1.3142,0.4548,0.012,0.0804,0.4396,0.0912,0.3522,1.601,0.3542,0.4959,0.0725,1.0866,-0.4135,-1.2091,-0.2785,-0.4752,0.04,0.254,0.1914,-0.5866,-1.3896,-1.5232,-1.3066,-1.1869,-1.4177,-1.3687,-0.7811,-0.3719,-1.5395,-1.3085,-1.4637,-0.8316,-0.5703,-0.0504,0.4871,0.5214,0.4664,-0.6755,-0.079,-0.4692,-0.1171,0.2102,-0.0986,-0.0036,0.3321,1.1931,1.2801,0.6556,0.8996,0.1878,1.0327,1.2908,1.6504,1.6051,1.4588,1.6292,1.7196,1.3376,1.3054,1.2623,-0.2274,-1.1783,-1.4899,-0.9601,-0.8582,-0.3494,0.0841,-0.284,-1.0123,-1.3145,-0.7829,-0.1747,0.3586,0.2714,0.9522,0.0712,-0.2969,-0.7955,-0.3815,-0.6416,-1.2513,-0.1668,-0.0695,0.1543,0.031
"IC51",-0.753,-0.6272,-1.07,-1.139,-0.1254,1.0574,0.8778,1.878,0.9768,1.3902,0.3679,0.1426,-0.4513,-0.2801,-0.5916,0.4569,-0.2376,1.672,1.8014,2.2819,0.6332,-0.9439,-0.8407,-0.4213,-0.5748,-1.405,-1.3597,-1.4969,-1.5907,-1.4175,0.4933,-0.7243,-0.727,-0.2708,-0.3647,-1.0306,-0.3131,0.3417,-0.3433,0.0459,-0.9372,-0.3309,0.6756,0.4902,1.5248,0.3713,0.4073,0.9116,0.4647,0.6506,0.2765,-0.652,-1.2284,-0.1798,-0.7008,0.2657,-0.4023,-0.0306,0.0583,1.5282,0.9553,0.9889,0.0766,1.1132,1.3767,0.3479,0.3782,1.3339,1.5915,0.6403,0.5873,-0.3566,-0.205,-1.2769,-0.8069,-1.0547,-0.715,-1.4288,-1.319,-0.41,-0.7479,-0.274,-0.2182,-0.1613,0.2942,0.216,-0.4821,-0.3048,-0.5768,-0.132,0.2367,0.8242,0.1403,-0.1395,0.3926,1.2833,-0.0475,0.6914,-0.9099,0.0717,-1.2676,-0.1746,-1.0197,-0.3716,-0.8832,-1.1829,1.4204,1.0062,0.6119,-0.6963,0.7304,-0.3634,-1.8131,-2.3294,-0.604,2.0994,0.9113,0.3109,-0.4826,-0.9387,0.4647,0.9931,1.9757,1.1085,0.6451,0.7228,0.6759,1.3653,2.2557,2.0669,0.1975,0.8895,0.1452,-0.365,-0.6276,-1.54,-1.6669,-0.3898,-0.0259,-0.533,-1.0137,0.0132,-0.2564,-0.5544,-1.9702,-2.0034,-2.1543,-1.3499,-0.0665,0.198,0.3203,0.2633,0.9056,0.7641,0.8747,0.5647,-0.2193,-0.0847,-0.0893,0.7437,-0.0183,0.8222,0.172,-0.7752,0.0998,-0.531,-0.4904,0.0896,-0.3724,0.4646,0.8183,0.8578,-0.2759,1.0405,-0.0242,1.3514,1.6208,1.8001,2.4064,1.0648,-0.2428,-1.5363,-1.7169,-3.5028,-1.9967,-1.6255,-1.7773,-1.408,0.4088,-0.8457,-0.2558,1.0628,0.5418,1.0305,0.8623,1.5972,0.5846,0.5235,-0.3155,-0.3687,-0.9885,0.8848,0.0158,0.2875
"IC54",0.5215,0.736,-0.1807,-0.6839,-0.0133,0.5959,-0.1996,-1.6148,-1.6532,-0.9467,-0.101,-0.7858,0.2626,0.5486,0.4407,-0.0926,0.9703,1.1805,0.088,-0.9509,-1.486,-1.3813,-1.1087,-0.7261,-0.2938,-0.4977,0.367,1.5678,1.7879,0.989,-1.0418,-1.3611,-0.704,0.8669,1.2184,1.1813,0.682,0.5474,1.5294,2.0766,1.3482,0.1823,-0.1354,-0.7084,-0.9219,0.2052,0.7136,0.6113,-0.0763,-0.3184,0.1529,0.9629,0.9737,-0.219,-0.1667,0.2017,1.0421,0.9593,0.7463,0.4471,-0.0117,-1.035,-0.6842,-0.5914,-0.2665,-0.0632,-0.9988,-1.4897,-2.0623,-0.776,-0.4234,-1.0689,-1.2914,-0.8922,-0.3437,0.1432,-0.462,-0.5865,-1.1108,-0.7441,-0.523,-0.7469,0.0662,-0.7957,-1.4586,-0.7986,0.5186,0.9012,0.5829,1.0249,1.4753,0.7986,-0.0471,0.3858,1.8633,1.3405,0.9214,0.6259,0.9809,1.1296,1.4797,0.5672,1.1735,0.4928,0.4307,1.3685,1.483,0.8413,-0.0485,0.6701,1.088,-1.9296,-4.0072,-3.6714,-3.3469,-0.8892,0.1162,0.4391,0.5886,1.2379,0.7,0.4187,-0.5339,-0.4886,-1.0145,-0.5974,-0.9976,-0.9807,0.4816,-0.3023,0.795,2.0833,0.4068,0.3613,1.4035,0.7909,-0.6632,-0.2693,0.3616,1.8594,1.1546,0.0737,-0.7391,-1.2355,-0.4284,-0.1734,-0.2055,-0.0904,-1.2576,-1.6856,-1.2842,-0.4054,0.2591,0.1159,-0.4877,-0.6407,-0.4168,-0.2236,-0.1791,-1.2823,-0.9223,-0.1846,0.2402,0.8351,0.7094,0.3656,-0.8982,-1.046,0.3693,0.841,0.6743,0.2751,1.3764,1.0976,1.786,1.099,1.0129,1.4825,0.9593,0.4247,0.1942,-0.1479,-1.0148,-0.8172,-1.4889,0.1814,1.1104,1.1859,-0.0479,-0.159,0.2436,0.1702,0.7219,0.3162,0.3094,-0.5645,0.1022,-0.0805,-0.0329,-1.6412,-1.1653,-1.4977,-0.3796,-0.5831
"IC56",0.0882,0.0441,0.362,0.3302,-0.2008,0.1647,-0.203,-0.3112,0.3742,0.5667,-0.2147,0.4907,-0.3407,-1.0717,-0.4702,-0.8447,-0.738,-1.4695,-2.0227,0.5855,-0.2809,0.2384,0.8111,0.2587,-0.2047,0.0047,-0.3296,-0.0731,0.8845,0.5526,0.7338,0.9227,0.9272,0.4911,-0.0037,-0.0211,0.7529,1.9384,1.0456,0.4904,1.5922,1.2977,1.1626,1.6338,0.4086,-0.7041,-1.5872,-1.1364,-0.991,-0.3523,0.0075,-1.3625,-0.2038,-0.6458,-2.1845,-1.435,-1.6023,-1.6455,-0.3331,-0.2576,-0.6946,0.8684,1.1766,1.6326,0.4684,-0.4807,-0.0445,-0.3452,-1.7857,-1.7969,0.1565,-0.5478,-0.4367,-0.1026,-0.311,-1.2356,0.2282,1.7725,0.9661,1.1014,0.7967,0.9657,0.9682,1.4259,0.2233,0.2151,1.5178,-0.1068,-0.089,0.8454,-0.0981,-0.4473,-0.8431,-1.0696,-1.5226,-0.295,0.5826,-0.316,-1.3564,-0.0322,1.0082,1.3295,0.5402,1.396,1.3233,0.555,-0.1581,0.3421,0.4268,0.636,4.4712,0.6951,-1.2468,-1.9373,-0.6422,-1.9836,-2.4227,-0.8593,-0.1352,-1.1259,-1.1954,-1.606,-1.0805,-0.996,0.4345,1.7925,0.2472,0.0548,-1.3228,-0.8414,0.1933,1.9073,-0.4809,-0.1278,0.6641,-0.9721,0.2647,-0.1673,-0.9262,-0.4461,-1.2646,0.7552,1.7768,1.7037,0.8767,0.5971,0.1633,0.2992,0.3999,0.1147,-1.1108,-1.2606,0.0434,1.1012,1.1943,1.1851,0.5068,-0.3263,-0.5935,-0.315,-0.3997,1.307,-0.049,0.6,-0.2528,-1.3221,2.2391,0.975,-1.4739,-1.0823,0.0223,-0.6139,-0.5756,-0.5753,-2.1983,-0.0589,0.1951,0.2836,0.8059,0.5111,1.6989,0.8373,-0.0327,0.2679,0.8576,-0.2473,-0.4929,-0.9005,-0.6494,-0.7983,0.1603,-1.8196,-1.0626,-0.2526,-0.7991,1.0464,0.9859,0.3413,-0.4935,1.8352,-0.0958,0.2159,-0.1769,-0.0903
"IC58",0.1339,1.1312,-0.0672,0.5092,1.0273,0.3425,-1.4741,-1.4333,-1.0431,0.3113,-0.621,-0.1199,-0.0402,0.8076,-0.0045,0.1378,0.7233,0.4996,-0.2193,0.2015,-1.028,-0.5107,-1.0269,-0.2211,-0.9429,-0.903,-0.2499,0.1046,0.2069,-0.2955,-0.5654,-0.3877,0.6706,1.68,1.9669,1.3267,0.0715,0.4497,0.9136,0.8105,0.6337,0.103,-0.118,-0.0643,0.1414,0.0311,-0.3247,1.2345,0.2772,-0.4134,0.039,-0.1655,-0.1336,0.4133,-0.2724,-1.0072,-0.7465,-0.1897,-0.1612,0.3688,0.0717,-1.7691,-1.0419,-0.806,-1.4731,-0.6807,-0.0634,-0.6857,-0.7943,-2.0993,-1.9461,-0.8142,1.6371,1.0178,1.1819,1.2198,0.5147,0.6774,0.6875,1.1746,-0.2716,-0.7081,0.9173,0.5736,0.2768,1.7541,1.0923,0.4982,-0.6898,-0.3534,-0.1204,-0.6498,-1.0406,1.3315,0.0585,-0.0165,0.2331,1.1748,0.8075,1.3813,0.5955,0.0034,-0.9102,-1.0696,1.0549,-0.6851,1.479,-0.0235,1.1661,1.6318,1.9111,-1.3442,-3.6351,-4.3206,-3.2783,-1.7626,-1.4777,-0.9231,1.626,0.8613,-0.1765,-1.5051,-0.203,-0.9052,0.629,0.131,0.5764,0.3501,-0.0273,0.6822,-0.1696,2.9315,0.948,0.4878,1.187,0.2594,1.3283,1.6054,-0.0388,-0.911,-1.252,-1.5535,0.9077,1.2185,-0.1185,-0.1321,0.9403,0.8894,-0.3203,-0.4512,0.3868,-0.3732,-2.3038,-1.7878,-0.2193,0.5556,-0.2865,0.2796,-0.9558,-0.5784,0.4834,0.1076,0.5506,0.628,0.9141,1.0393,1.3774,1.6642,-0.5122,-1.3829,-0.8224,-0.8442,-0.0474,-0.46,-0.813,-0.4405,-0.4549,-1.2149,-0.4673,-0.1934,0.7817,0.9429,0.4511,-0.6015,-0.5533,0.4634,1.1553,0.0492,0.1207,1.0732,-0.4745,-0.5645,0.3814,1.2829,0.2084,0.0655,-0.6264,-0.2408,-0.6112,0.8293,0.2892,-0.3902,-1.159,0.3158
"IC60",0.3904,1.1026,0.3055,-0.2324,-0.0319,-1.2393,-1.4519,-2.8937,-2.3225,-2.3616,-1.389,-0.6659,0.6528,0.6735,1.582,0.4335,0.8584,-0.2234,0.554,-0.4276,-0.2378,-0.184,1.1056,0.7849,1.2304,0.6162,0.6157,0.6193,1.7816,1.187,0.3806,0.8083,-0.0161,0.1329,0.5203,0.6467,1.2024,1.7192,2.4607,1.8325,0.9752,0.1488,-0.5706,-1.1052,-1.0002,-0.1517,-0.3746,-1.0069,-1.2224,-1.1579,-0.5073,-1.1163,-0.7639,-0.6097,-0.6323,0.5109,0.6521,0.1236,0.3498,0.3846,-0.5957,-0.4501,-1.455,-1.4266,-1.5688,-0.9253,-0.577,-1.2353,-2.7301,-1.0462,-0.6502,-0.4693,-1.0807,0.3221,0.0792,-0.2781,0.9237,1.5675,1.0283,1.2871,0.9623,0.3076,1.5932,0.6872,-0.0074,-0.0461,0.5354,-0.0108,0.6702,0.4113,0.7712,0.5515,0.4249,-0.5359,0.1212,-0.1997,-0.7725,-1.3188,-0.4385,1.3712,2.302,2.5171,2.19,1.0778,1.0731,1.2875,0.8427,0.0195,0.2177,0.612,0.6277,-0.9199,-2.5786,-2.45,-2.9684,-2.3033,-1.0662,0.0695,-0.1697,0.5981,-0.7261,-0.058,0.0079,0.1351,-1.0395,-0.1807,-0.8688,-0.5369,-0.8209,-0.3389,0.7849,1.005,0.2152,0.1855,-0.5723,0.3514,-0.4077,0.156,0.0969,0.2608,0.3917,0.2592,-0.2195,0.0296,0.2039,-0.13,-0.4858,-0.3247,-0.8288,-1.1323,-2.4057,-0.6502,0.7532,1.0554,1.6825,0.748,0.307,0.1261,0.2427,0.4463,0.9163,0.9853,0.2596,0.6823,0.1785,0.921,0.5331,-0.4007,0.2007,0.2715,0.5266,0.259,0.5443,-0.3815,0.6461,1.0541,0.5407,1.392,-0.2484,-1.0026,-1.2848,-2.0104,-1.4383,0.5048,0.3752,0.3249,0.3064,-0.0423,-0.0864,0.0675,0.1149,-0.1795,-0.8432,-0.6389,0.9335,0.992,0.7479,-1.2064,-1.5033,-0.6944,-0.5776,-0.708,0.6022,0.4276
"IC62",0.7524,0.9558,0.1386,-0.7257,-0.5406,0.5848,0.1782,-0.6011,-0.4879,0.7908,1.0199,1.4287,1.3405,0.8595,0.5148,-0.2478,-0.1062,0.0394,0.08,0.9135,0.1451,-0.8743,-0.5721,0.2226,0.1716,0.241,0.2418,-0.5926,-1.028,-0.9781,-2.2303,-2.0465,-1.6011,-1.4461,-0.759,-0.1187,-0.7525,-1.4026,-1.3447,-0.4888,-0.6402,-0.0964,-0.0059,-0.345,-0.4246,0.3452,1.5512,1.762,1.0853,0.9413,0.4964,0.4572,1.1754,2.3013,2.3668,1.8194,1.2866,0.6852,0.0958,-0.1338,0.0236,-0.9743,-1.7777,-2.4049,-1.6796,-1.467,-1.1558,-0.4035,-0.1727,0.1441,-0.1106,-0.1115,0.5115,1.2298,1.6236,1.1759,0.4708,0.4663,0.5877,0.4095,0.2304,0.6307,-0.2062,-0.2115,0.311,0.5385,0.6401,0.8149,0.5928,0.9154,0.4872,-0.7859,-0.8388,-0.5718,-0.6201,-1.242,0.2454,0.6226,-0.5597,-1.1741,-0.8555,-1.2882,-2.1376,-2.7672,-1.2806,-0.3437,0.7777,0.8576,0.009,0.1737,0.1867,-0.5804,-1.2573,-2.0418,-1.8663,0.3515,0.1987,0.9022,1.2956,0.97,0.6781,0.3615,0.7171,0.8222,0.2621,-0.6056,-0.9627,-0.0202,1.5058,1.0381,1.7002,1.3063,1.7333,2.6883,1.7918,1.2107,1.2781,1.065,0.323,0.2337,-0.3425,-0.7051,-0.6624,-0.6683,-0.4224,0.1856,-0.1772,-2.1852,-3.0521,-2.2314,-2.2575,-1.6422,-1.2218,-0.5231,-0.6868,-0.1464,0.1706,0.8567,0.4181,1.0917,0.6614,0.3287,0.2813,0.5875,1.4979,0.4621,-0.1351,-0.2533,-1.4677,-0.0756,0.6872,0.3499,0.0414,0.1721,0.278,0.1864,0.8886,0.1925,0.5893,-0.1292,-1.3008,-0.0665,0.141,-0.2928,-1.1004,-1.1497,-0.6603,-0.638,-0.1614,-0.4096,-0.4553,0.3336,-0.0643,-0.0991,-0.4402,-0.3689,0.005,0.4263,0.2292,0.3535,1.0778,0.5676,0.7736,1.3247
"IC63",-1.3295,-0.3193,0.2302,-0.0391,0.1939,-0.4526,0.2066,1.9261,1.6412,1.3993,-0.1279,-0.5402,-0.9731,-1.1955,-1.8741,-0.8062,0.1608,1.3637,1.8061,1.8675,1.6577,1.2476,0.3792,0.4827,0.9393,0.051,-0.7688,-0.853,-0.329,-0.0017,-0.0389,-1.136,-1.0974,-1.285,-1.771,-1.3526,-1.3839,-0.8429,-1.147,-1.245,-1.1205,-0.4218,1.1595,1.3449,2.2721,1.2746,1.2586,-0.4441,-1.86,-1.4642,-0.8462,-0.2009,-0.8111,-0.2627,-0.7826,-0.2154,-0.2497,1.1157,0.5263,0.5784,1.0709,1.9662,3.1699,2.6045,0.9954,-0.7363,-0.4911,-0.182,-0.2363,-0.4776,-0.348,0.1087,-0.0611,-0.9188,-0.3644,-0.5627,0.0428,-0.7613,-1.4089,-0.9641,-0.34,1.1348,0.4631,0.128,-0.0504,0.2736,0.4858,1.2473,0.7717,0.8097,0.6446,1.5308,0.9377,0.5217,-0.6083,-0.4363,-0.966,-0.831,-0.823,-0.5728,-0.4156,-0.4064,-1.2544,-0.2235,-0.1049,-0.1478,0.524,-1.272,-1.397,-1.0358,-0.3268,-0.3077,-0.5908,-1.0977,-1.4792,-0.1724,-0.1358,0.2212,-0.0674,0.1112,0.4916,-0.0721,1.1765,1.0853,1.9029,1.3748,1.7756,2.5279,2.1932,1.1005,-0.0274,-0.4494,0.6718,1.0257,-1.3121,-1.3256,-0.6064,-0.2311,-0.3347,-0.4695,0.0151,-0.6885,-0.2916,-0.0738,-0.7273,-1.1739,-0.7616,-1.2516,-0.6167,-0.5876,-0.4558,-0.3697,0.3374,0.3059,0.3446,0.5156,0.3136,0.3235,-0.2428,0.767,0.4629,-0.1579,0.1305,-0.0792,0.1623,0.1118,0.7342,1.1639,0.6349,0.9715,0.116,-0.0436,-1.2703,-0.334,-0.3909,0.4098,1.0177,1.2655,1.7305,1.5434,0.7148,-0.7561,-1.2961,-2.457,-1.8115,-2.1337,-1.6845,-1.4258,-0.9154,-1.0011,-0.6087,0.236,-0.471,-0.2226,0.4858,0.9203,0.5943,0.4365,-0.2342,1.0791,1.2267,1.0523,0.7045,0.5279
"IC64",0.0199,-0.8036,-0.8109,-2.0987,1.4162,1.5033,0.4795,0.1748,1.009,0.4275,-0.9572,-0.9132,-0.5087,0.3973,0.3891,0.7641,0.1216,0.2106,1.9515,1.2336,0.8323,0.0783,-0.1163,-0.2664,0.3966,-0.3306,-0.0893,-0.9812,-0.8294,-0.831,0.1235,-0.5069,-0.6925,-0.5816,-0.4757,0.5448,0.2952,-1.349,-0.3921,-0.7212,-1.1563,-0.9422,-0.3813,0.134,-0.9221,0.0572,1.3534,1.0465,1.0034,0.0126,0.6691,0.931,-0.4452,0.148,-0.1373,-0.5548,-0.9005,0.5883,-0.4514,0.6014,1.3929,0.442,0.2526,1.2574,-0.8358,-0.6796,-0.288,0.682,0.7894,1.8082,0.3808,-0.3615,-0.9976,-0.8196,-0.3059,-0.49,-1.1161,-1.476,-0.1056,-0.7324,0.1833,-1.3453,-0.5361,0.2527,-0.562,0.8685,1.2487,0.6246,0.4146,0.9236,-0.4466,0.2745,-0.1887,0.2906,0.5484,1.8626,1.4711,0.6014,1.1524,-0.2522,-0.1402,0.5268,0.1175,0.3354,-0.5061,0.3922,-1.2203,0.2958,-1.1034,-0.8127,1.7542,0.2935,0.0574,-0.3787,-2.0671,-2.3153,-3.796,-3.0856,-0.8975,0.4922,-0.0187,-0.1914,-0.244,-0.8347,-0.738,-0.8634,0.3393,1.2346,-0.6876,1.8077,-0.3044,4.0736,1.874,0.3403,2.0955,1.5485,1.1679,1.2326,1.5896,-0.0295,-0.7525,-0.7632,0.4334,-0.4473,-0.2855,-0.1323,-1.2852,-1.0295,-1.1119,-0.18,-0.061,-0.4395,0.1896,0.7469,1.2744,0.8929,0.7677,0.0787,0.0121,-1.2228,-0.7119,-0.0162,-0.42,-1.2701,-1.4079,-0.3318,-0.85,-0.7439,0.6252,-0.1004,-1.2062,-0.4941,0.0612,0.3391,-0.1757,0.9558,0.6661,1.2616,0.2637,1.2135,2.6236,1.1047,0.5181,-0.8626,-0.0751,-1.3503,-1.763,-1.5233,-0.7063,-1.6714,-0.4828,-0.5489,0.1883,0.6938,1.0244,-0.7406,-0.4627,2.3294,0.4468,-0.2794,0.402,0.8759,-0.5222,0.1546
"IC65",-0.7337,0.2738,-1.3513,0.5243,1.1012,0.4919,0.2092,-0.1621,0.8079,0.1448,0.1675,-0.6998,1.0163,-0.1289,-0.2281,-0.1892,0.7209,0.0085,0.5435,-0.4238,-0.1563,0.2524,0.2638,-1.1713,-0.8663,-0.0182,-1.2086,-0.7034,-0.0617,0.4435,-1.9488,-0.2238,-0.0506,-0.1336,1.923,1.9476,-0.1986,-0.3418,0.348,-0.6955,-0.1135,-0.5372,0.4607,0.4764,-1.215,0.3776,0.1727,0.3484,-0.2804,0.1255,-0.3952,-0.6874,0.9426,0.3774,1.6907,-0.4876,0.6891,-1.1195,-0.0909,1.085,1.6854,-0.5752,0.6082,0.987,-0.3588,-0.7662,0.7692,1.4642,0.2849,-0.2351,-1.571,-1.8802,-1.0243,0.3191,-0.8863,0.0266,-0.4929,-0.2403,-1.3895,-0.703,-0.6046,-1.8493,-0.4076,-0.001,0.5346,-0.181,0.2574,-1.0626,-0.5786,-0.0752,-0.1886,0.1559,1.7147,0.5875,1.4922,1.2673,2.0842,1.1687,1.4225,1.1814,1.4655,-0.4892,0.8281,-0.3513,0.7914,-0.6914,-0.2801,-1.6493,-1.4938,1.7477,2.1752,-1.4803,-1.8521,-1.4136,-1.3753,1.4131,0.6213,0.7201,-0.8632,-1.8874,-1.5102,-0.1414,-0.8786,-0.748,0.0141,0.2509,-0.2873,-0.29,-1.2824,-0.0254,2.1187,2.9901,0.9269,-1.5064,-0.316,0.9615,-0.7829,-0.9069,-0.6568,0.2638,-0.3591,1.143,1.0402,-0.7372,-0.1225,-0.9979,-1.2814,-0.9896,-0.4565,1.4092,1.767,0.9645,0.1925,0.949,0.3958,0.6534,-0.5444,-0.5903,0.5245,-0.0433,0.9164,0.1719,1.0021,1.011,-1.4958,-0.0444,-0.0215,-0.7376,-1.104,-0.368,-0.4096,-0.7331,0.1,-2.3363,0.477,0.0896,0.6304,1.615,1.843,2.0018,0.8811,0.5716,-2.0672,0.044,-1.8071,-1.3667,-1.0769,-0.6161,-2.236,-0.2184,-0.7117,-0.139,0.3337,1.0386,0.7271,-0.4733,1.4852,0.9229,1.6076,0.3471,0.3306,-1.9968,0.0709,0.4429
"IC66",-1.5054,-0.7725,-0.4756,1.2953,0.4727,-0.2054,0.3588,0.2993,1.3821,0.0238,-0.0586,-1.5171,-0.8662,-0.691,-0.4623,-1.1985,0.8232,1.4131,1.6847,0.6914,0.7703,-0.5904,-1.1882,0.2531,1.0939,0.4713,-0.6887,-1.5367,-1.2722,1.2892,0.2346,-0.2023,-1.342,-0.0117,0.9018,1.0953,0.9965,0.2468,1.3986,0.0782,-0.4982,-0.2534,-0.3185,0.1097,-0.3194,0.7928,0.2943,0.589,-0.0754,-0.3199,0.0306,-0.3133,-0.5265,-0.8247,-0.4419,-1.5429,-0.775,-1.1896,0.3162,0.1609,1.0782,0.3197,-0.5576,0.7572,0.513,0.9478,0.1278,2.353,1.913,0.3631,-0.2506,0.4164,-0.9382,-0.1149,-1.4332,-1.3731,-2.0584,-1.3755,-0.7064,-1.6555,-1.5105,-0.7716,-1.6774,-0.294,1.6072,0.2509,1.2963,0.4578,0.8038,-0.2801,0.5982,-0.0079,0.0832,0.0166,1.5056,0.3627,1.3948,-0.1587,0.157,-1.0035,0.8739,0.1786,0.4625,0.01,1.6991,1.6522,1.2333,0.0328,0.4349,0.5771,0.1304,0.2699,-0.2054,-1.6554,-1.9682,0.5107,1.0803,1.5134,0.4446,-1.3132,-1.6785,-0.4128,-1.5753,0.7289,-0.7223,-0.7201,0.2832,0.9265,-0.3892,-0.7616,0.1017,-0.4728,0.357,-0.7109,-0.041,0.1499,-0.9513,-1.6599,-0.2183,-0.0373,-1.0617,0.1072,0.0857,-1.149,-1.2911,-1.578,-0.5446,-0.8286,-0.1864,2.6117,2.4277,1.2357,0.4315,2.2726,0.231,-0.2129,0.8885,-0.6888,0.3712,0.3198,0.1513,0.7374,-0.0731,0.5254,-0.3061,0.4604,1.5624,1.079,0.1436,-0.6943,0.9513,-0.1736,-0.9987,-1.4004,0.6257,-0.3245,1.6061,1.8614,1.0543,1.8091,-1.2983,-1.0119,-2.549,-1.9996,-2.5859,-1.1099,-1.8552,-0.6102,-0.6023,-0.1203,0.1012,0.8017,1.1032,0.9037,0.9234,-0.1149,0.6901,-0.5028,0.5684,-1.224,1.0334,0.4535,0.503,-0.4333
"IC67",0.3748,0.3741,-0.8855,-0.9723,0.2112,0.1021,-0.2941,-0.9098,0.2855,0.4734,0.8516,0.8634,1.402,0.1806,-0.1592,-1.1036,1.2036,1.3612,1.4492,0.4089,0.2286,0.2401,-0.3272,-1.2548,0.024,0.3143,-0.6272,-1.5443,-1.0682,-0.3332,-0.3693,-0.2588,-1.8301,-0.2844,0.8255,0.8865,0.5842,0.0404,-0.4554,-0.8874,-0.1128,0.0048,0.1872,-0.0452,-1.1038,0.2509,0.0145,-0.2148,0.2521,-0.7674,-0.5683,-0.6529,-0.2985,-0.6714,0.9961,0.7328,0.5533,-0.078,-0.7982,0.5185,1.6519,0.053,0.2859,1.4394,-0.2648,0.2004,1.0295,2.2672,0.3619,0.87,0.2264,-0.4691,-0.6722,-0.1435,-1.3972,-0.6702,-0.8597,-0.0656,-0.591,-0.2466,0.3992,-1.6364,-1.4805,-0.5775,0.3768,-0.1404,0.3948,-0.7135,-0.9904,-0.6368,0.4995,0.5027,0.6704,1.1845,1.0971,0.9195,2.1498,1.1708,0.9475,0.8568,-0.1799,-1.2567,-0.5326,-0.2389,-0.3194,-0.242,-1.0091,-0.918,-0.9912,-0.0757,0.5873,-0.6732,-1.9736,-2.0107,-1.1255,1.609,1.2171,2.4593,1.473,0.2662,-0.1888,-0.4093,-0.8691,-0.1555,-0.3946,0.3271,-0.1641,-0.203,-0.3581,0.123,1.1362,0.9943,0.6411,-1.039,-0.2646,0.8784,1.0029,0.1341,1.119,0.6841,-0.7728,-0.0368,-1.1988,-1.7694,-0.9681,-1.5114,-2.4348,-1.8412,-1.3073,0.0931,-0.3516,0.3913,0.4768,1.2941,1.5012,0.7546,0.6639,0.0571,0.5804,0.6488,2.2334,2.1124,1.4395,0.7144,-0.6678,-0.3582,0.2475,-0.8295,0.0402,-0.6252,0.0967,0.1863,1.0483,-0.3838,0.5192,1.0532,1.3324,1.4907,1.056,-0.0594,-1.7194,-2.0629,-3.0166,-1.7507,-3.0886,-2.8828,-1.4043,-0.3687,-0.7772,0.0702,0.2149,-0.6873,0.9973,0.8244,0.2324,1.3003,1.8983,1.1213,-0.2642,-0.8454,0.8878,0.5198,0.7848,0.7229
"IC68",-0.0294,-0.6292,-0.8552,1.3299,1.5646,0.938,1.0205,1.7934,-0.5226,-0.7453,-0.1082,-0.7274,-0.4678,-0.3307,-0.1758,0.497,0.6643,0.9737,0.2044,-0.3915,-0.0068,0.061,-0.8448,-2.1462,-1.7029,-0.9643,-0.763,0.4345,0.0143,0.0375,-0.804,-0.9173,-0.1174,0.3686,2.2427,1.9932,1.1538,0.4995,-0.4896,-0.2243,-0.5569,-0.5658,-0.0528,-0.8332,-0.4651,0.3414,-0.2748,-0.2606,-0.0203,1.273,0.8878,-0.952,-0.4513,-1.04,0.5429,-0.2318,-0.2547,-0.8643,-0.6371,-0.3745,-0.6388,-0.8632,0.0054,-0.9414,0.4239,0.92,1.0609,0.7612,2.4491,1.8331,-0.0039,-1.3039,-0.9897,-0.6405,-0.3793,0.3555,-0.4621,-0.2003,0.6767,1.0877,0.2076,-0.4913,0.4651,0.7932,1.4401,0.6884,-0.8078,-0.7515,-0.6201,-0.152,-0.2789,0.7889,1.3658,0.5284,1.0895,1.0599,0.0271,-0.7573,-0.0133,0.6895,0.5404,0.4854,0.6365,-0.3293,-0.591,-0.8298,-1.7967,-1.2725,-1.5147,-1.868,0.737,-0.7218,-0.9229,-0.1383,-2.0674,-1.0895,0.5143,-0.1091,-1.7896,-1.7265,-0.5654,-0.6219,-0.4789,-0.4863,0.4677,0.1996,0.6901,0.8271,1.0366,1.3176,1.0834,2.8975,2.1091,0.2336,1.2688,1.809,0.3654,-0.7763,0.7095,1.3613,0.763,0.8267,0.2484,-0.8276,-0.7589,-0.9638,-1.3219,-0.4233,-0.6593,0.1503,1.0042,0.0696,0.095,0.7046,0.0474,0.6268,-0.478,-1.3289,0.1894,0.1937,1.0386,0.255,-0.3479,-0.9846,-1.7465,-1.2211,-1.4472,-1.4394,-1.1921,-0.2186,-0.3444,-0.252,0.3989,-0.4542,0.0457,1.1032,2.2146,1.9604,1.9164,1.3414,0.5587,-1.3761,-1.8357,-0.9056,-2.6373,-1.9865,-0.8225,-0.3549,-0.6991,0.1576,-0.4865,0.2389,0.2684,0.3022,1.4088,2.2501,2.4948,0.7765,0.449,-1.3725,-0.0219,-0.41,0.0078,0.1599
"IC69",-0.2421,0.0166,0.6231,0.5225,-0.5926,0.4098,-1.4355,-1.8291,-0.8706,0.5031,-0.6587,1.3789,0.8395,0.9896,-0.4774,-0.7147,-0.1591,-0.6851,-0.7679,0.2194,-0.2683,1.4304,0.8534,1.8612,-0.3536,0.1563,-0.2625,-0.1829,-0.1619,0.0899,-0.428,-1.1401,-1.0281,0.1088,-0.0205,0.9491,0.642,0.6824,1.137,1.2614,2.4165,1.4636,0.5623,0.0772,-0.2733,-0.3709,-1.518,-1.6743,-1.7951,-0.7046,-0.1394,0.5788,-0.174,-0.4042,-0.1958,0.8053,0.9976,0.9314,-0.7933,-0.9705,-0.0293,-1.8835,-0.9358,-1.2672,-0.2116,-1.3843,-1.7327,0.5621,-0.3414,-0.0958,0.6033,0.9278,0.9851,0.5074,0.7399,-0.1017,0.0414,0.2179,0.8432,1.5729,0.5028,1.5146,-1.0741,1.3298,1.2686,0.4738,0.1588,0.113,0.527,1.0039,0.002,-0.7294,-2.3624,-0.956,-1.4777,-1.1883,0.3318,-0.7824,-1.5478,-2.4549,-0.2268,-0.4092,-1.3194,-1.0155,-0.7181,0.8669,1.7561,1.3064,2.7597,3.0373,1.9626,0.817,-0.5493,-1.6579,-0.6961,1.854,0.449,1.5608,0.9757,-0.6818,0.4525,-0.0811,-0.2024,0.292,-0.0777,-0.5851,-0.5444,-0.0172,-0.303,0.3188,-0.5408,-2.3492,-1.3439,-0.5424,0.4289,-1.2795,0.2982,-0.84,-0.5509,-0.6394,-1.534,0.9288,-0.144,-0.6951,0.8786,0.7917,1.0755,-0.9876,-0.2745,-0.8199,-1.7182,-0.861,-0.0772,1.3035,0.1753,-0.231,1.2845,1.3268,1.4451,1.5791,-0.0699,0.8798,0.5407,1.2171,0.3402,-1.1341,0.4937,-0.1116,-0.9256,-0.0596,1.6191,0.2909,-1.1912,0.8413,0.8401,1.2788,0.6014,0.0749,0.5594,-0.4677,-1.7191,-1.2093,-0.7419,-1.0517,-0.9845,-0.8292,-1.2231,-0.5113,-0.0276,-0.4416,0.4655,-0.4162,-0.1758,1.6942,0.2439,0.5805,0.4672,1.4792,-0.2597,-1.0908,-1.0879,0.7976,0.3987,-0.2715
"IC71",0.4406,-0.103,-1.12,0.6597,2.1527,0.552,-0.3805,-1.3539,-0.3935,-1.045,0.2144,-0.7409,-0.1669,-0.3318,0.2975,0.2757,-0.1406,-2.4877,-1.0998,-1.0713,0.3337,0.4751,1.3457,-0.2958,1.4833,1.6504,0.9993,1.5001,1.8593,0.9762,0.9019,2.4605,-0.401,-1.06,-0.4894,-0.3827,-0.2758,-0.6295,-0.6268,0.1641,-0.2134,-1.1239,-0.2268,-0.9619,-0.2892,0.2443,-1.5833,-0.6948,0.0954,-0.8511,-0.9389,-0.1131,0.0797,-0.7888,0.0839,-0.8446,-0.2663,0.179,0.801,1.3206,0.4847,0.01,-0.5874,0.6042,0.1793,-0.3155,-0.9916,-1.1814,0.3215,0.9878,0.5447,0.4432,-0.4923,0.4922,-1.0587,0.119,0.5036,0.3173,-0.9916,0.2527,0.9926,-0.1416,1.9096,0.3981,0.4275,0.6582,-0.2325,0.0817,0.3862,-0.2108,0.756,1.4094,1.8238,0.2008,-0.4312,-0.3062,-1.4801,-1.7383,-1.1802,0.5015,-0.136,0.0236,1.1673,1.4072,0.6319,0.0148,-0.7215,-0.7301,-1.0249,-1.5207,-0.6632,-0.6516,-1.3407,0.196,-1.1157,0.0153,1.1395,0.3342,0.1114,-0.2667,-0.9044,0.1673,0.3055,-0.304,-1.2823,-0.4938,-0.8408,0.1793,0.8044,0.4981,0.44,0.3962,0.7984,-2.1989,-1.5054,2.4336,-0.0012,-1.6648,0.8174,0.8979,0.6633,1.4195,0.9718,1.0632,0.9871,0.2094,-0.0223,0.9948,0.6759,0.6253,1.4871,2.0469,0.1779,-0.0983,0.5465,-0.4209,-1.8196,-1.538,-1.3711,-1.5208,0.0288,-1.7296,-1.7352,-3.0173,-2.6992,0.4317,-0.1442,0.8773,2.7546,1.901,0.5049,0.8226,0.9932,-0.8459,0.5562,0.2022,1.3009,1.833,-0.8099,-1.3353,-0.2394,-0.4277,-1.3969,-0.9743,-0.9845,-0.3474,-0.2965,-0.4165,-0.5782,1.2275,0.3399,0.7666,0.4809,-0.4818,0.7209,0.6864,1.9912,-0.1811,-0.8541,-1.1479,0.701,-0.8047,-0.1446,0.4607
"IC72",-0.1615,-1.106,-1.0234,0.0787,0.8309,0.3512,0.1756,0.2002,-0.6927,-0.6772,0.1054,0.5727,0.9076,0.8256,0.3898,-0.0878,0.7744,1.2002,0.5367,0.9303,0.8303,-0.1576,-0.5674,-0.8916,-0.542,-0.9381,-1.8873,-2.055,-0.9556,-0.967,-0.193,-0.7002,0.1506,0.4859,0.651,0.402,-0.2953,-0.2063,-0.6279,-0.1081,0.0118,0.4135,1.4069,1.047,0.6277,0.0744,0.6443,1.4423,1.6079,1.0539,0.2258,-0.4214,0.1009,0.073,-0.6738,-0.8869,-0.7052,0.0167,0.3653,0.8246,-0.4427,-0.3021,-0.728,-0.4723,0.6588,0.4637,1.2123,0.5834,0.5788,0.0805,-0.1912,-0.254,-0.7866,-1.6382,-2.2221,-1.7958,-1.2015,-0.672,0.4513,0.5721,0.2282,-0.1671,0.1341,-0.4095,0.2028,0.6699,-0.612,-1.7924,-1.3159,-0.8483,-0.3818,-0.3594,1.0243,2.6712,3.439,3.1358,3.0109,2.7568,1.4037,0.6861,-0.6035,-1.3235,-2.3708,-1.1243,-0.0893,-0.3558,-1.7519,-2.52,-2.0339,-1.6941,0.5041,-0.9064,-2.057,-1.9396,-0.3717,0.4321,2.6377,2.5723,1.4355,0.4866,0.3614,1.0209,0.9122,-0.2861,-0.0188,-0.0264,-0.0669,0.4495,0.2263,0.9271,0.1787,0.7046,-0.0918,-0.0926,-0.4657,0.6364,0.7756,-0.4008,0.3261,0.3008,-0.4835,-1.1344,-0.5449,-0.668,-1.0679,-0.3029,-0.104,-0.858,-1.6634,-1.0912,-0.6034,0.1254,0.4119,0.2948,0.5962,-0.0261,-0.6442,-0.6499,-0.1969,0.477,1.0883,0.9413,0.4551,0.4315,0.7328,0.2538,0.1001,-0.5422,-1.3278,-0.3576,0.1179,-0.3814,-0.2544,-0.0742,0.5945,2.0599,0.9155,0.8003,1.5579,1.5768,0.7278,-0.6912,-0.8556,-1.1622,-0.8659,-1.0801,-0.703,-0.5961,-0.3917,-0.4486,0.0595,0.679,1.0754,0.6654,-0.0039,0.0248,-0.1446,-0.4168,-0.9901,0.0942,-0.1646,0.4294,-0.1772,-0.0933
"IC73",-1.3172,-1.0346,-0.0879,1.699,0.8254,0.7129,-0.8592,0.4162,0.6252,1.0722,0.6379,1.808,-0.4702,0,0.1706,0.3768,-1.2759,1.0681,0.6986,0.312,-1.0866,-0.0542,-0.4568,0.1853,-0.2784,0.3058,-0.5573,-1.043,-0.7644,-0.3937,-0.2264,-1.2123,-1.9036,-1.9648,-1.4001,-0.7967,-0.4157,0.9592,-0.1095,0.1885,-0.2864,-1.1502,0.5466,-0.3858,1.4001,0.4211,0.1732,0.1738,0.0847,0.3073,-0.2638,1.7122,0.6721,1.0801,-0.3058,0.3304,-0.2311,1.0764,1.1139,1.4533,-0.2098,-0.3856,1.5259,-0.298,-0.4002,-0.4458,1.8966,1.0441,0.6493,0.2872,0.5771,-0.5867,0.2206,-1.2286,-0.4208,-1.2404,-0.04,-1.66,-1.733,0.4591,-1.2992,1.002,0.6277,0.6403,0.6211,1.7054,0.588,0.9824,0.5088,0.7917,-1.1567,-0.693,-1.4207,-0.5976,-1.2193,-1.0163,-2.6347,-1.1922,-1.6784,-0.6093,-1.9449,-0.7068,-0.4937,-0.1876,-0.5917,0.4959,3.6958,1.7545,1.5198,1.2671,-0.9662,-1.0441,-1.6678,-1.0348,0.7497,3.1751,0.3963,-0.5527,-0.4848,-0.7541,2.1084,-0.6311,-0.305,0.0443,2.5572,0.6442,0.0885,0.9076,1.9508,1.1887,1.0892,-2.6101,-0.1357,0.765,-0.7982,-1.0073,1.5871,0.9783,-0.6491,0.1444,-0.0451,0.4237,-0.5504,-0.5552,-0.7069,-1.2901,-0.8546,0.0905,1.6877,0.0209,-0.4245,0.7018,-0.0157,-0.9975,-0.4295,-1.3212,-1.4951,-0.1121,-1.5952,-0.3683,-0.5395,-1.4444,-0.8242,-1.197,0.4915,0.5626,0.5182,1.3509,0.9403,1.3174,-0.1472,1.3454,-0.7007,0.2399,-1.0392,-0.324,0.3781,-0.385,0.8626,0.8997,0.8961,0.1359,0.513,-0.0838,0.4486,-0.1888,0.1352,-0.1348,-0.1503,0.575,-0.5565,-0.1063,-0.6344,0.6464,-0.5603,-0.2117,-0.1465,-0.2149,-0.843,0.7965,0.2917,0.0186,-0.2608,0.3877
"IC74",0.1257,0.0927,0.024,0.0822,0.1826,2.1345,0.5634,-1.0042,-0.677,-0.0415,-0.1133,0.3177,0.3236,-0.2012,-0.3567,-0.1691,-0.1012,0.9396,0.0908,0.8233,-0.9599,-0.4676,0.857,-0.674,0.2042,0.161,-1.1781,-0.6279,-0.0408,1.8494,0.6462,-0.3699,-0.7737,-1.0131,-0.5462,0.8068,0.1787,0.5365,-0.1357,-1.5276,0.2026,0.8596,-0.2881,-1.3663,-0.8566,-0.3019,0.2443,-1.0257,-0.8008,0.5032,-0.2908,-1.5138,-0.0413,0.6164,-1.0979,-0.5922,0.3583,-0.0123,1.3575,0.7999,0.6808,0.816,-0.511,0.1234,0.8572,-0.3484,0.2473,1.5107,2.1925,0.4646,1.2083,-0.95,-2.0358,-0.5262,0.6122,-0.9565,-0.6186,1.3734,0.3196,0.7389,1.1497,1.5628,0.4604,0.6125,-0.8396,0.1576,1.5735,-0.0252,-1.0816,-0.1592,-0.8797,-0.6548,-0.392,-0.5705,-0.792,-0.2646,-0.3568,-0.4612,-2.0306,-1.6015,-1.1012,-1.0276,-1.0333,0.3681,0.7432,0.5182,-0.3145,-1.7652,-1.1102,-1.4194,3.4624,3.3569,0.6985,-1.1786,-0.0924,5.3293,2.9261,0.0558,-0.1673,-1.6807,-1.9459,-0.6302,-1.2918,-0.8974,-1.8713,-0.41,-0.2073,0.3325,2.1721,-0.6527,-0.5974,0.6998,0.2963,-1.6997,0.9966,1.6276,0.6458,-0.4508,0.4993,-0.0892,-0.6051,1.4038,0.4742,-0.3208,-0.1888,0.1086,0.3297,-0.3303,-0.4052,0.2009,-0.1852,0.6124,1.1377,0.9121,0.1616,0.1004,-0.0242,-0.5772,-1.7894,-0.3847,-0.4538,0.1625,-0.681,0.1583,1.0305,-1.5142,0.1392,0.7598,-0.8539,0.3141,0.3862,-0.0684,-0.2943,-0.3492,-1.2771,-0.7229,-0.0628,0.6564,1.1853,0.0381,0.534,0.8986,-0.0386,-1.0594,-0.2977,-0.8804,-0.3411,-0.3989,-0.6105,-0.8316,-0.2115,0.289,0.0878,0.7016,-0.4359,-0.659,0.5194,0.5445,-0.1454,0.8044,1.4262,-0.0717,-0.6831,1.2601
"IC75",-1.5147,1.2926,1.609,1.4693,-0.392,-0.9443,-0.4554,-0.3212,0.7778,0.3604,1.6947,1.4451,1.3127,0.7732,-0.6094,-0.1898,-0.1776,-1.1221,-1.884,0.6869,0.1981,-0.4355,0.4832,0.2721,-0.0502,0.9184,0.3305,0.0496,-1.2824,-0.6198,-0.2499,-0.7474,0.1161,-1.1744,-1.9578,-1.8039,-1.3975,-1.2071,-1.3222,-1.1047,-0.1954,-0.8562,-0.8505,-0.3575,0.5168,-0.3513,-0.6745,1.3771,2.3317,1.6876,0.3726,-0.2284,0.7673,0.627,0.8354,-0.3502,1.2381,0.2768,0.6633,-0.0161,1.3961,2.5678,-0.0442,1.0313,1.3044,-0.5287,-0.1272,0.5282,2.3844,-0.2545,-1.2266,-1.3547,-1.5826,-0.1488,-0.0649,-0.9593,-1.4049,0.4167,0.3207,-0.0799,0.2244,-0.4357,-0.8646,-0.0208,-1.2831,-1.1448,-0.6208,-0.5132,-0.2701,1.1943,1.06,0.202,0.4397,0.5294,-0.2967,0.1079,-0.3926,0.2306,-0.9239,0.847,0.9902,-0.2642,0.1552,-0.3793,1.0373,-0.8993,-1.9554,0.564,0.0744,0.9161,-0.7512,-3.2771,-0.7989,-0.651,-1.8157,0.5323,2.7875,1.6472,0.5519,-0.4044,0.003,1.2608,0.4924,-0.1914,-0.0422,-0.7253,0.5297,1.0185,1.7584,-0.4164,1.6235,1.0622,-1.1807,1.4722,-1.041,-1.6077,-1.2644,-0.5,0.6565,0.7008,-0.7721,1.0997,0.1375,-0.5325,-0.3419,-0.8267,-0.3612,-0.4403,-0.6738,-0.1067,0.1127,1.0683,0.715,0.6834,0.3408,-0.3647,-0.2918,0.2854,-1.0189,-1.6697,-0.3887,-0.6429,0.2779,0.6316,0.0231,0.1497,1.4745,1.4947,-0.5156,0.0312,0.7871,0.3175,0.6498,0.4231,0.0597,-0.034,0.0764,0.4292,-0.6414,0.3983,-0.1452,-2.155,-1.4888,-1.5397,-0.027,-0.1128,-1.0522,-1.3445,-1.6512,-0.3739,1.0304,0.6498,-0.1126,-0.7647,-1.0357,-0.573,1.4258,0.8075,-0.9854,0.2484,2.4236,1.2576,-0.0456,1.9691
"IC76",0.1508,-1.0035,-0.7994,-0.3438,0.9035,1.5072,0.8679,0.7403,0.4174,0.0174,0.1865,-0.1274,0.4319,0.432,0.5008,0.1526,0.7642,0.1307,-0.0748,0.1776,0.9628,0.2948,0.5274,-0.3645,-0.6667,-1.2021,-0.6097,-0.8663,-1.476,-1.6309,-1.8412,-2.1498,-1.2139,-0.0065,0.2779,0.433,-0.0167,-1.0286,-0.4048,0.0506,-0.144,0.0909,0.1897,0.8593,0.9408,1.0848,1.3347,0.3672,-0.2602,0.2138,1.0072,0.7988,-0.0234,-0.5297,-0.5408,-0.861,-0.5204,0.376,0.8217,0.7894,0.5697,0.3173,-0.647,-0.634,-0.0322,0.7226,0.1195,1.9702,1.5362,1.1076,0.0103,0.4756,0.5105,0.4257,-0.4666,-1.4297,-2.7653,-2.321,-0.9457,-0.8363,-0.5907,-0.7081,-0.4298,-0.8328,0.6189,1.0628,1.8102,0.7958,0.2214,-0.2714,-0.3507,-0.4256,0.4275,0.6829,1.4029,0.9247,2.484,0.8944,0.5943,-0.0885,0.4889,0.061,-0.1792,-0.5212,-0.6091,0.9846,-1.1104,-4.155,-4.3811,-2.7148,0.5325,1.082,0.6928,-0.6505,-1.2499,-1.731,-0.4853,1.4483,1.0747,0.4957,-0.2882,0.2813,0.193,0.475,-0.2596,-0.0597,0.0139,1.7323,-0.9159,1.2693,1.2771,1.399,1.5352,-1.0455,0.491,1.3482,0.8371,0.1793,0.8119,-0.673,-0.1345,0.6087,1.0214,0.3655,-0.3734,-0.08,-0.349,-0.3489,-0.7462,0.3701,-0.5042,-0.9426,-0.068,0.6062,0.4972,-0.5532,-0.7358,-1.8135,-1.0078,-0.7932,-0.5472,-0.2252,-0.2676,1.0387,0.7321,0.6711,1.0815,-0.6453,-0.9484,-1.2602,-0.4394,-0.5884,-0.9984,-0.6781,-0.3503,0.0742,-0.03,-0.1738,0.5914,2.4314,2.5941,2.1874,-0.022,-0.7251,-0.6727,0.0557,-0.7014,-0.8022,-0.5587,-1.5893,-0.4796,-0.7038,0.1594,-0.1759,0.1236,0.2571,0.339,1.1467,0.8976,-0.2994,-0.3174,-0.059,0.2853,0.894
"IC77",-0.3532,1.0264,0.5757,1.1519,1.1208,0.8682,1.9479,0.5433,0.5406,-0.1134,0.0921,-0.3955,0.0345,-0.4163,-0.2887,-1.1243,-0.1517,0.0183,0.4586,0.4456,-1.7376,-1.7982,-0.2921,-0.5158,-1.1516,-1.6786,-1.7237,-0.7474,-0.7618,-0.1717,-1.6546,-1.3424,-0.6437,1.106,1.4454,1.8907,0.8234,-0.2594,-0.7626,-1.2312,0.2312,0.2359,-0.3564,0.0567,0.0077,1.1888,0.7165,0.0447,-0.3718,0.2972,0.4741,-0.4682,0.7991,0.5198,0.9262,0.1667,0.838,-0.3034,0.5053,-0.3267,0.7035,1.276,0.8511,1.1716,0.2255,-0.2297,-0.7637,0.2477,2.062,1.0098,-0.2292,-1.085,-1.4256,0.8759,1.8803,-0.0661,-1.4912,-0.5518,-0.8301,-0.0172,0.5002,0.3874,0.1402,-0.4495,-1.0223,-0.8402,0.2737,-1.0256,-0.8516,-0.2937,-0.4779,-0.6128,-0.1987,-0.5044,-0.8356,-0.8094,-0.2073,-0.5522,0.222,-0.1805,-0.2487,-1.3753,-1.7696,-1.1755,-0.1685,-1.9042,-0.2065,2.3728,1.8146,1.6685,1.3105,0.1113,-0.0846,-1.4171,-0.8621,4.8518,1.7831,0.031,1.8372,0.7202,-0.5952,-0.5797,-1.0969,-0.1105,-0.5231,0.4431,1.3757,1.3068,1.2927,-0.6014,1.454,0.7175,-0.2645,-0.5794,0.2492,-0.1512,-1.3109,-1.1408,-1.0072,-0.0682,-1.6697,0.4717,0.4859,-1.0372,-0.3399,-0.6859,-0.684,-1.2674,-1.0351,0.3221,-0.1044,0.103,-0.0511,1.3019,1.6013,1.5632,0.7118,0.2839,0.1008,0.1388,-0.0347,-0.0929,0.3418,1.1026,1.2159,-0.653,-1.6296,-1.5285,-2.4448,-2.0096,-1.1422,-0.2825,0.3184,-0.0395,-0.3749,-1.2589,-0.4269,0.048,0.1443,1.5103,2.0655,1.06,0.0247,0.3206,0.4861,0.926,0.0314,0.1157,-0.7172,-0.9018,-1.4312,0.0037,0.0062,-0.2964,0.1483,-0.166,1.2628,1.1173,1.028,0.0501,0.8109,-1.2077,-0.5349,0.4956
