"IC05","-0.5282","-0.3521","-0.5479","-0.5735","-1.3250","0.4921","1.2333","0.9611","-0.3881","0.5723","1.1521","0.7829","0.8638","1.0761","-0.3780","0.1664","-1.0714","-1.4955","1.2810","0.0940","0.2922","-0.4536","-0.1093","-1.5395","-0.4526","-0.1400","-0.0231","-0.2419","-0.1772","0.0176","-0.1926","0.3909","0.2788","-0.3228","1.3166","0.4501","-0.6926","-0.4124","-1.0604","-1.1031","-1.0648","-0.1123","0.7363","2.4084","1.4639","0.5325","-0.8417","0.2505","0.3055","-0.7567","-0.0512","-0.4429","-0.3447","-0.6907","-1.1439","-0.5039","-0.5689","-0.6852","0.0828","-0.8236","-0.1309","-0.0290","0.0988","-0.3045","0.3638","0.6973","1.4406","0.4289","-0.3861","0.4787","1.5557","2.2325","0.8629","1.2823","0.4434","1.0235","0.4705","-0.3373","-0.0136","0.3400","-0.6147","-0.1074","-0.8067","0.4003","-0.1176","-0.1927","-0.4939","-0.0043","0.4769","-0.3362","-0.4155","-1.3552","-1.6717","-1.5266","-0.6386","-0.7896","-0.8695","-0.1124","-0.6673","-0.5028","-0.3363","-0.0900","0.7682","0.8217","0.6779","0.7576","0.4029","0.3017","0.7046","-0.1912","-0.3918","-1.1003","-1.1521","-1.1457","-0.3530","0.3499","-0.0079","0.0415","0.2015","0.3419","-0.4233","-0.8645","-0.9761","1.0670","0.3555","0.6111","0.7118","0.7638","0.9441","2.0646","1.2242","0.8391","0.9249","0.9450","0.8709","0.0914","-0.2091","0.3732","0.2545","0.3125","0.4054","-0.7583","-1.5853","-0.2529","0.5239","0.2301","0.8365","1.1380","0.3419","-0.7739","-0.7980","0.2080","0.2779","-1.1389","-0.9388","-0.9334","-1.6093","-1.6657","-1.9455","-2.3180","-1.7454","-1.7785","-0.9469","-0.5433","0.8821","0.3244","0.9631","-0.2061","0.6229","-0.0755","1.6026","-0.0033","-1.0157","-1.2809","0.1391","0.4470","2.2737","1.9597","1.9150","1.1977","2.0856","0.7976","0.4175","0.4928","0.0269","1.2795","1.5646","1.2064","1.1957","0.0473","0.9248","-1.0770","-1.0225","-3.0008","-3.7340","-2.5541","-1.5582","-0.9019","-0.8473","-1.3475","0.6385","1.6047","2.7468","0.7958"
"IC08",2.6779,2.4787,1.5672,-0.4299,-1.9059,-0.9426,0.0107,-0.5985,0.4936,0.7939,0.3211,0.3455,0.9394,-0.4436,-0.832,-0.0374,1.0771,0.0472,0.6003,0.8732,-0.279,-2.1967,-1.5592,-1.3663,-0.7458,-0.2433,-1.4327,-1.3464,-0.6054,-0.5437,0.5519,0.503,-0.201,-1.6263,-0.8904,-0.0316,0.3768,0.7218,1.4124,-0.0808,-0.1475,-0.8664,-0.6925,-1.6157,0.5415,1.2539,-0.3394,-0.9327,-0.2119,1.226,0.9001,0.7428,0.5143,1.9623,-0.1873,-0.0205,-0.1529,0.4958,-0.9066,-1.2397,-0.4968,1.007,1.7101,1.5144,0.1844,-0.0011,0.5649,-0.1556,0.9272,0.9939,0.8936,0.9904,1.1478,-1.2981,-0.8391,-1.1303,-0.8997,-0.7447,-0.0255,-0.5215,0.0311,0.1311,-1.0429,1.3872,0.2975,-0.6287,-1.2945,0.0771,-0.4114,0.2643,-0.5928,0.1224,0.0025,0.7942,0.7822,0.9546,0.9368,-0.6622,-0.9592,-2.0359,-0.4652,-0.5109,-0.1868,-0.0274,-0.6067,1.203,-0.7348,0.1634,0.5049,1.2302,-0.2901,-1.0346,-0.8065,-0.7884,-1.8584,-1.1455,-0.272,-0.8189,0.4712,0.9647,1.9865,0.179,0.0479,-0.1857,0.6733,-0.4337,-0.6058,-0.5519,1.0326,-0.2652,0.122,0.1469,2.1155,1.1761,1.4561,0.582,0.9387,0.9657,0.0867,-0.7366,-1.1284,-0.2963,0.0631,1.1471,0.6546,1.5603,-0.1505,0.8369,1.4504,1.0501,-0.9575,-1.5448,-2.3878,-0.5987,-1.0083,-1.196,-1.363,0.6836,0.4731,1.0785,0.046,-0.2869,-0.4701,0.5454,-0.1809,0.4475,-0.4918,-0.8371,-0.6163,-1.5907,-0.5851,-0.8372,0.2908,0.502,-0.1681,0.0184,-0.9055,-0.3392,-0.1834,-1.2938,-0.4035,1.306,1.9045,-0.1627,-0.3993,-1.3223,-1.2965,-1.0582,-0.6738,-1.6067,-0.8727,1.0161,1.5103,1.8404,1.7365,2.6489,2.5398,1.1138,-0.0164,-0.815,0.5406,-0.3935,-0.0682,-1.971
"IC09",-1.979,-2.6633,-1.245,-0.7234,0.9788,0.1891,1.3211,-1.0139,-0.5219,0.079,0.9149,-0.9082,1.3248,0.644,1.6438,0.9181,1.0253,-0.4096,1.3922,3.3053,2.3579,0.9638,-0.6055,0.3362,-0.8603,-0.4935,0.0342,-0.7223,-1.9989,-1.1611,-0.1935,0.1954,-1.1,-1.6463,-0.9592,-0.0116,0.0851,0.5428,1.5023,1.4255,1.4435,0.7199,0.6197,-0.435,-0.4859,-0.4263,-0.9266,-1.4227,-1.1328,-2.0678,-1.9292,0.4913,0.4988,1.3385,-0.7205,-0.3235,-1.4018,0.3798,-0.5619,0.4791,-0.9031,0.4345,-0.6009,0.6498,0.2227,0.0902,-0.6619,1.7025,1.3176,-0.0243,-2.291,-0.8439,2.0404,2.4207,3.5992,-0.0489,0.6484,-0.3279,0.7016,-1.2721,-0.3301,-0.4919,-0.5168,-0.8699,0.3749,1.0055,0.7916,1.4565,0.2736,1.3007,-1.0005,-1.1084,-1.2052,-0.9998,-2.0896,-0.4416,0.4355,-0.7378,0.9361,-0.0041,0.2364,-0.9051,0.3111,1.1449,0.6529,0.1453,-0.4642,-0.065,0.0192,0.2704,-1.0607,0.8706,-0.3315,-0.4107,-1.6858,-0.8415,-0.8004,0.831,1.784,-0.145,-0.2351,-1.688,-0.5409,-0.7879,0.8994,0.0191,-0.216,-1.0395,1.3804,0.6714,1.3535,1.1258,1.4234,0.1677,-0.2473,-0.2937,1.3445,-0.4171,-0.7414,-1.0371,-1.1818,-0.2244,-0.1094,1.2217,0.0981,-0.0463,-0.8241,0.8552,0.7223,0.9461,0.9016,-0.0789,-1.7607,0.4228,0.1032,-0.157,-0.8844,0.0545,-1.0062,-0.1523,-1.1092,0.3919,-1.0554,0.2347,-0.001,0.4767,0.5841,1.3481,-0.2776,0.6601,0.6199,1.1193,-1.4176,0.6951,0.3509,1.027,-0.8618,-0.0323,-0.1295,0.0665,-0.2609,-0.1258,-0.5962,-0.7737,-0.8633,0.4337,0.3993,0.1559,-0.2568,0.0695,-0.537,0.2994,-0.1005,-0.3563,-0.8745,1.0379,1.1801,0.8775,0.5323,0.2354,-1.3782,-0.7076,0.1505,-0.56
"IC15",1.205,1.2108,0.5197,-0.4699,-1.5136,-1.2681,-2.1168,-0.2011,0.4676,0.0088,0.1361,0.6937,1.8561,-0.3332,-0.1889,-1.3677,-1.6608,-0.2272,1.7773,2.026,-0.1163,-1.5276,-1.3273,0.1437,0.2663,0.2861,0.8076,1.1348,0.926,0.4969,-0.3035,0.229,0.8241,0.3116,-2.1718,-1.4189,0.4058,-0.1872,1.4259,1.5351,1.2768,0.5254,-1.4919,-1.3483,-1.1853,0.6434,0.355,-0.1977,-1.2968,-0.938,-0.8983,0.7416,0.1223,1.4384,0.4463,0.9147,0.217,-0.9126,-0.3747,0.1384,0.1534,0.8012,1.4047,-0.1367,-0.1578,0.116,-0.0256,-0.7894,-0.0771,-0.0203,0.3165,0.2487,-0.0357,-0.127,-1.1188,-1.4997,-0.508,0.0241,-0.04,0.2702,0.1037,-0.0966,-0.7171,-2.2367,-1.3826,-0.4228,-0.701,-1.5676,-1.3951,-0.2872,1.6313,2.0287,1.037,0.5091,0.6773,-0.0784,0.2203,1.6226,0.8275,0.6999,1.6364,0.4652,0.0529,1.2984,2.4718,0.6522,-0.1908,-1.7801,-1.0954,0.4893,0.515,1.1112,1.2399,0.9859,-0.0848,-1.2671,-2.2023,-0.474,1.3349,0.0339,-1.5426,-2.1567,-1.5304,-0.6648,0.2293,0.3588,-1.0121,-1.613,-0.2939,-0.4064,0.5793,-0.0437,0.8762,1.0352,0.596,0.5586,-0.5422,0.1308,-0.0488,0.241,0.9085,0.078,-0.065,-0.8481,-1.0741,1.0353,-0.2051,-1.3906,-1.7742,-1.3402,-0.1432,-0.0855,-0.3481,-0.0134,-0.4778,1.5283,1.5782,0.6633,0.4517,0.3647,0.101,-0.0954,0.0563,0.4205,1.0554,0.9331,-0.2306,-0.1567,-0.2628,0.0036,1.8315,1.9468,1.3711,-0.1054,-0.1894,1.1196,1.6648,-0.3263,-2.8578,-1.1369,-0.0255,-0.8783,-0.1668,0.4344,0.4018,-0.0733,-0.314,-0.3577,-0.229,-0.992,-1.5563,-1.3761,-1.9801,-0.8439,-1.2687,-0.318,0.0454,0.8804,0.428,1.6129,1.1905,0.2872,0.0857,1.3444
"IC16",1.644,1.3885,-0.568,-2.1611,-1.7811,-0.0399,0.1644,1.0645,0.6677,0.7902,0.4042,0.8912,-0.0755,-0.2278,0.0815,0.4991,0.1826,0.5786,0.7486,0.3207,-0.8588,-2.1553,-1.4163,-0.5493,0.2969,0.5974,-0.4472,-1.0006,-1.3359,-0.1143,1.9622,1.901,0.4766,-1.0527,-0.9394,-0.9501,-0.7613,0.526,1.1468,1.0131,0.0649,-0.797,-1.3761,-1.4385,0.0956,1.0546,-0.0833,-0.294,-0.335,-0.0387,0.129,1.068,1.1504,0.613,-0.3868,-1.201,-1.0557,-1.186,-1.0112,-0.0564,0.6925,0.7108,0.4744,0.8866,1.0142,0.4489,0.1331,0.1925,0.2793,1.1158,2.6482,1.2919,0.5291,-0.0577,-1.87,-2.0245,-0.6246,0.1878,0.1468,0.6609,1.2953,0.8261,-0.7204,-1.5781,-2.5769,-1.9442,-1.1338,-1.2941,-1.064,0.4767,1.1254,0.2868,0.5413,1.0301,0.4102,0.1966,0.3435,0.2926,-0.8759,-1.2842,-0.3026,0.7842,2.1921,2.6417,2.053,1.024,-0.6168,-0.6597,-0.9599,-0.8222,-0.3977,-0.5293,0.138,-0.0289,-0.4056,-0.9433,-0.0325,1.1461,1.4136,0.987,0.3192,-0.5452,-1.6557,-1.165,-0.4503,-0.5502,-1.1745,-1.1103,-1.1873,-0.9648,-0.9856,-0.6991,-0.0077,-0.6747,0.0094,0.1192,0.3503,1.0994,1.2102,1.4818,0.9395,0.3254,0.2647,0.2792,0.3325,1.2644,1.6772,2.2486,1.5836,1.5355,0.1325,-0.9403,-1.7274,-0.7119,-1.0437,-0.6839,-0.2908,0.6279,1.5282,0.6803,-0.4349,-1.8989,-1.3142,-0.2656,0.3011,0.0092,-0.9517,-0.8631,0.3648,-0.6601,-0.1548,-0.3294,0.287,-0.6082,-0.5426,-0.2057,-0.3595,-0.2138,-0.1155,-0.4133,1.0677,1.2528,1.4114,0.002,-1.0239,-1.0971,-0.9746,-0.8406,-0.396,-0.8393,-0.2379,-0.131,0.7713,1.3619,2.5622,1.4734,0.0857,-0.3946,-0.2835,-0.6269,0.2312,0.2496,0.4144,-0.8063
"IC17",-0.7077,-0.3447,0.4026,1.1997,0.0144,0.4964,-1.1864,1.8041,1.4728,0.1654,-0.3493,0.7697,0.3159,-0.1555,-0.449,0.333,-0.3687,-0.2026,0.7093,0.9029,-0.3753,-2.0914,-1.7733,-1.5923,-0.915,-0.5829,-1.7915,-0.3176,0.5736,0.5997,0.5801,0.2715,0.8178,0.5456,-0.6196,-0.1776,0.6787,0.9871,1.3354,-0.1296,-0.0427,-0.427,-1.3714,-0.6353,-1.0834,1.7946,0.5902,0.9024,-0.1058,-1.1714,-0.6716,0.0857,0.4918,-0.0269,-0.895,-0.6512,-0.5364,-1.0033,0.1725,-0.3327,0.8557,0.6933,1.1786,-0.251,0.3193,0.673,0.5798,0.1085,1.0713,0.6033,0.432,0.8652,0.4062,0.6825,-0.8701,2.3353,1.0524,1.9064,2.3665,0.8306,-0.5767,-0.5046,-1.795,-2.1025,-1.8429,-1.2271,-0.8609,-1.4872,-2.0372,-2.7096,-1.7919,-1.875,-0.974,-0.3182,0.2534,-0.9238,-0.1652,2.1495,0.9863,1.0323,0.1716,-0.4261,-0.3086,0.2967,1.0831,0.9074,-0.8224,-0.258,-0.2962,0.5271,0.7796,0.2884,1.0089,0.5224,1.31,2.359,1.2799,0.815,1.257,1.7136,0.0824,-0.1437,-1.4827,-0.7109,0.7557,0.6295,-1.0892,-0.1905,0.0793,-1.7804,-0.9727,-0.4429,-0.6835,-0.3091,-0.7315,-1.2285,-1.0649,-0.1923,-1.2522,0.649,3.1542,1.1866,0.3407,-0.1461,-0.5949,-0.0399,0.2672,-1.429,-0.8889,-2.4956,-0.2783,-1.3685,-0.3758,1.7205,1.5334,1.0586,0.656,-1.1078,-0.3837,0.0229,0.7684,-1.0686,0.0098,0.5116,0.8656,0.6136,0.1201,0.7783,0.941,-0.1379,0.558,-0.3068,0.8754,0.7587,0.5658,0.0301,-0.5752,-1.2562,-1.5962,-0.2501,0.5512,-0.8373,0.0768,0.3911,0.4961,-1.1762,-1.335,-0.8099,-0.1085,0.0326,0.5386,-0.0129,0.4793,1.5209,0.5644,-0.8921,-1.1153,-0.4198,0.1499,-0.6495,-0.394,1.1657,0.8349,0.7857
"IC18",-1.0693,-1.1349,-0.3441,0.6095,-0.4258,-0.6151,-0.7044,0.2724,-1.1028,-1.437,-1.3339,0.6503,-0.351,1.3701,2.7094,1.7358,-0.503,-0.3541,1.4556,-0.2912,0.0814,-0.2954,0.3251,-0.084,-0.0643,0.0777,1.4649,0.6713,0.9953,0.5859,0.2737,-1.2032,0.3314,0.3532,-0.3025,-0.4555,-0.805,-0.1528,0.0483,1.0842,-0.1955,-0.1122,-0.1,-0.3025,-1.0166,-0.0043,0.4586,-0.0466,-0.842,-1.5111,-0.4424,0.7456,1.8848,0.5569,1.0536,0.2338,-0.1085,-0.9043,0.5671,0.0044,-0.0962,-0.6611,0.7196,0.6915,0.9658,-1.9297,-0.7744,-0.6355,-0.8094,-0.2199,1.5783,-0.6934,-2.7045,1.0176,-0.0853,0.1904,-0.9019,0.1663,-0.6816,-0.2772,-0.7567,1.0777,1.2053,2.2515,0.9193,-0.4276,-0.9178,-0.5984,-0.0271,-0.542,1.1211,-0.0181,0.5123,-1.2223,-2.4698,-1.1214,-1.4301,-0.8561,-0.5021,-0.1959,-0.6631,0.8905,0.9263,1.5561,1.5005,3.8528,2.5241,1.637,1.2628,-0.1969,0.2948,-0.8979,-0.4346,-0.5081,0.1209,-0.2766,-0.5755,-0.3381,0.7519,1.9788,-0.7798,-0.9582,-1.6,-1.3797,-0.4224,1.9808,1.1182,-0.4579,-1.1869,-0.4052,-1.7662,-1.1929,-1.104,-0.222,-0.3331,0.1035,0.2347,1.5856,1.0971,0.3236,-1.3281,-0.0668,-0.5082,-0.4178,-0.6662,-2.1491,-1.3069,0.0039,0.5125,0.2597,0.8107,-0.2498,0.4745,-0.3953,0.6025,-0.8875,-0.833,1.3184,1.7397,1.706,1.4049,-0.7339,-0.4714,-0.6045,0.1409,0.357,1.1792,-0.7516,0.2534,-0.2388,1.7079,0.0133,0.6573,0.5768,1.4888,-0.9918,-0.3522,-0.4649,0.38,-1.1984,-0.7305,-0.4932,0.5735,-0.1648,0.804,-0.1345,0.4636,1.0215,1.6235,0.091,-0.047,-0.4525,0.4806,-1.7492,-0.2484,-0.0099,0.4687,-1.5117,-0.8147,-1.4696,-1.0671,-0.7199,1.2177,1.011
"IC19",-3.8771,-3.2144,-2.5761,-0.6513,-0.8217,-1.2634,0.3897,-0.0625,0.3855,0.1871,-0.0667,-0.8621,0.7757,0.7092,-0.2294,-0.4774,-0.2272,-1.1396,0.2916,1.3492,1.2362,1.5526,1.1368,1.687,1.1529,1.317,2.1579,1.4655,1.079,0.5753,1.0249,1.2669,1.1513,-0.0679,0.3044,-0.1088,0.4111,-0.1632,0.3027,-0.156,0.0691,0.1266,0.3075,0.0254,-0.0752,0.4001,-1.0656,-0.5234,-1.2117,0.5024,0.5158,0.2566,0.1155,-0.7526,-1.0192,0.1415,0.0157,0.0999,-0.6549,-0.1838,-0.825,-0.3206,-0.2808,-1.1491,0.1582,-0.6563,-0.3825,0.2156,0.6486,-0.3541,0.3511,0.8586,0.712,-1.0355,0.1532,-0.3207,-0.9989,-0.8145,-0.2218,-0.1589,-0.2908,0.2737,-1.1086,-1.873,-2.7393,-0.5755,-1.1066,0.3629,-0.0348,0.2018,-0.0756,0.4048,-0.0986,-1.191,-0.3461,-0.0234,0.7643,0.0986,-0.0268,0.4801,1.3651,1.1576,1.3826,1.7739,0.9763,1.5639,0.7342,1.5151,0.3291,0.7567,0.3827,0.5585,0.7832,0.954,0.8326,0.4998,1.166,1.3496,1.4942,0.4018,0.3777,-0.2515,-0.1368,-0.2796,0.3954,-0.755,-0.3973,-0.5303,-0.1969,-0.6988,-1.0838,-1.1995,-0.3219,-1.2071,-1.2897,-1.3456,-0.6613,-0.6549,-1.2259,-0.0976,-0.7246,-1.983,-2.2103,-0.6764,-1.2429,-0.4077,-1.0154,-0.7324,-0.7972,0.0242,-0.9078,-0.504,-0.942,-0.6935,-0.3551,0.4405,0.504,0.4975,-0.2214,0.9739,1.26,0.556,-0.1255,0.4815,0.6593,0.0123,0.3648,1.0013,2.1229,2.3458,1.3953,0.1452,0.765,1.3742,1.265,1.8028,1.9278,1.732,1.2652,0.8895,1.417,0.9084,0.1423,0.7123,0.288,-0.2905,-0.3391,-0.0675,-0.1126,-0.2394,0.267,-0.5865,-0.2855,-0.1941,-0.0867,-0.2796,-0.7587,-1.4196,-1.5693,-1.8381,-2.0951,-1.5557,-0.8569,-1.5525
"IC20",-1.3314,-0.9379,-0.6146,-0.2064,0.6455,1.5827,-0.1402,-0.0474,-0.6475,-0.0899,-0.1594,1.534,0.0269,0.1366,-0.4043,-0.4818,-0.4048,0.316,-0.1896,0.6535,1.3957,1.4053,0.5921,0.0063,1.0923,1.4403,0.3793,-0.3943,-0.8281,-0.3666,-0.5318,0.18,-0.1425,0.286,-1.2212,-0.8734,-1.3954,-0.8675,-1.0078,-0.4679,-0.6779,0.369,-0.006,-0.139,-0.0901,-0.5432,1.2855,0.0004,-0.6373,-0.306,-0.7145,-1.5389,-1.2291,-1.2524,-0.8968,-0.183,1.1916,1.2376,1.3014,1.5614,1.8702,1.2432,0.4837,0.3723,0.2304,0.2058,0.1173,0.4298,-0.363,-0.0228,0.2096,0.8138,1.1377,2.0229,1.0612,1.2502,0.2246,0.2283,-0.0765,-0.1303,0.9793,-0.1323,-0.0817,-0.7323,-0.2153,-0.5195,0.0018,-1.9012,-1.9253,-2.1242,-1.1799,-1.1542,-1.6646,-2.245,-2.6213,-1.2803,-0.6876,-0.0645,-0.8585,-0.6452,-0.0564,0.9505,1.3314,1.2575,2.1946,0.9202,1.6969,1.3314,1.9973,0.5845,1.2451,0.5759,0.4043,-0.1329,-0.2726,-0.3098,-1.6154,0.0791,0.1332,0.6802,-1.4283,-1.8898,-2.0757,-0.7503,-0.3085,1.0306,1.1055,1.3357,-0.1886,0.8077,0.5787,0.6602,-0.0975,0.6937,1.6122,1.1391,0.5775,0.5415,1.5913,0.9646,0.6892,-1.1457,0.2593,-0.3596,-0.0704,-0.693,-0.5989,-2.0747,-2.2899,-3.1527,-1.9968,-0.8739,0.5517,0.824,1.2188,0.7385,-0.1094,-1.251,0.3338,-1.3719,-0.7802,-0.4958,-0.0231,-0.1442,-0.454,0.7087,0.4598,0.6943,0.8178,1.0495,0.3378,0.3417,0.487,0.2771,-0.3179,-0.1956,-0.1283,-0.3221,0.0641,0.1232,-0.3396,0.7268,0.7126,0.5489,0.4194,0.1099,0.0683,2.1288,1.6778,0.8483,-0.058,-0.3209,-0.4403,-0.3076,-0.7062,-1.3141,-2.3475,-1.7725,-0.9293,0.7761,0.7793,0.9561,-0.5234,0.3745
"IC23",-0.0114,0.4911,-0.0886,-1.1641,-2.4323,-0.4157,-0.1897,0.7228,-0.0349,0.1653,1.0688,1.5611,1.1724,0.7553,-0.181,-0.2088,-1.3348,0.5872,0.6299,1.3343,2.5576,-1.2744,-1.5844,-2.4591,0.0326,0.3311,-0.0402,-0.2457,0.0022,-1.2427,0.2496,0.5394,1.7486,0.8873,-0.3338,-1.1012,-1.2225,-0.1461,-0.2801,0.8617,1.7337,1.472,-0.2574,-0.5608,-1.7908,0.5239,1.1527,0.9943,-0.7114,-1.8093,-1.716,-1.2834,0.0328,-0.0056,0.6376,0.1102,-0.1892,-0.5671,-1.0246,-1.7295,-0.1345,0.1585,1.0134,1.9735,1.7544,-0.5764,0.2491,0.0667,1.0187,-0.1694,1.5149,0.9572,0.2501,1.6293,-0.1661,0.0505,-1.1434,-1.0902,-0.1589,2.1584,0.9913,0.9803,-1.9496,0.0904,-1.6322,-0.7626,-1.0756,-1.0985,-1.4975,-0.833,0.4243,-0.3486,0.179,-0.3678,-0.0634,-0.5274,0.2138,1.2984,0.393,-1.1039,-1.7351,1.3344,0.1597,2.5026,1.406,0.5713,-0.384,-1.3199,-1.2165,-1.0854,0.1277,-0.1154,1.0285,-0.1051,0.4566,-0.0747,1.1597,0.7572,1.6926,2.4951,0.7261,-0.6368,-0.8198,-0.3432,-0.4008,0.411,-0.2304,-0.7488,-0.9328,-0.7345,-1.7031,-0.3513,-1.6794,-0.593,-1.0361,-0.1236,-1.3146,0.7125,1.1207,2.3131,1.6538,1.4267,0.2015,0.3875,-0.1149,-0.9328,-1.2082,-1.2677,-0.1801,0.3056,0.9166,0.1612,-0.2458,-0.9255,-0.1836,0.05,-0.2155,-0.1643,0.1519,0.3189,1.0345,-0.8321,-0.1351,-0.4365,0.862,0.2987,1.0767,0.8484,0.7707,-0.9902,1.7392,-0.2817,0.0813,0.4219,0.8138,-0.7051,-0.7464,-1.3634,0.1326,-1.9084,-1.2946,-1.1249,1.5311,0.1253,-0.0913,-0.4707,1.0113,-0.0741,0.7274,-0.5423,0.0301,-0.9596,0.2113,0.5097,0.7291,0.1001,1.9967,0.0943,-0.1753,-0.7317,0.214,-1.0048,0.0387,-0.3418
"IC24",-1.4551,-1.0371,-1.0683,-0.8577,-0.4671,0.1637,0.8026,-0.2324,0.7382,-0.0998,0.7141,1.5526,1.7892,0.634,-0.0805,0.0183,-0.3528,-0.3055,-0.7533,2.2345,2.778,1.264,0.7589,-0.7124,-0.1972,-0.041,-0.0773,-1.1102,0.1429,-1.1971,-0.1984,-0.3408,0.7826,0.0841,0.8616,-1.1142,-0.1794,-1.0724,-0.0025,-0.7858,0.675,0.1794,0.2411,-0.4491,-1.5247,0.0646,-1.5212,0.1164,-1.5109,-1.2452,-1.6176,-0.6211,-0.0498,0.9707,0.7595,0.5491,0.8143,0.574,0.5134,-0.8012,-0.6764,0.0328,0.6922,-1.3943,0.2324,-0.1362,1.0445,-1.106,-0.0626,-1.6906,-0.2741,-2.3718,0.3448,1.1713,1.8377,1.2835,0.1486,0.3864,1.5871,2.9487,0.6842,2.4786,-0.03,2.3943,-0.3387,0.723,-0.089,1.2375,-0.0799,-0.0614,-0.3981,-0.52,-1.8363,-2.3454,-0.7788,-0.9883,0.492,-1.248,-0.5367,-0.8633,-0.7496,-0.3356,-0.6893,0.4498,-0.3524,1.7569,0.1755,1.3491,-0.8306,0.218,-1.0673,-1.136,-0.5161,-0.6966,0.8009,-0.236,0.9349,-0.6443,1.5365,1.1784,1.2909,-0.9774,0.0458,-1.0988,0.6107,-0.1304,0.341,-0.524,-0.3833,-1.87,-1.3869,-0.7199,-1.1662,-0.9052,-0.2169,0.5108,0.5098,1.7727,0.6514,1.5113,0.2138,0.4058,-1.4249,0.9568,-0.3375,1.5217,-0.6755,-0.4483,0.2886,1.2148,0.0308,2.0073,0.6349,-0.3191,-0.1708,-0.8962,-1.1615,0.5193,-0.1634,1.2499,1.2686,-0.1725,-0.1874,0.2443,0.184,-0.8858,0.6603,-0.6423,-0.3598,0.4427,1.44,-0.0113,0.9801,0.1176,0.1174,-0.7776,0.3898,-0.6698,-0.1116,-1.3802,-1.1188,-2.7948,-1.2505,-1.3283,-0.2733,-0.9759,1.7265,0.7621,1.2897,0.0604,0.1535,-1.6508,-1.062,-0.6885,0.5857,-0.4645,0.6055,-0.5536,0.948,0.0552,1.0966,0.1362,1.4681,0.577
"IC26",0.2289,-0.3724,-0.3906,0.4244,0.0226,0.5423,1.0776,0.9153,0.2656,0.0849,0.7275,0.8828,0.417,0.7447,0.1176,-0.4452,-1.1691,-0.1405,-0.0097,0.6968,0.4952,-0.9396,-2.1257,-2.1446,-0.9959,-0.0571,0.1539,-0.4505,0.5455,-0.4472,0.1991,0.1444,1.4021,1.2726,0.9179,-0.2403,-0.4696,-1.1429,-0.4558,-1.093,-1.8432,-0.421,0.0147,0.2268,-0.7635,0.3892,0.3911,1.3767,0.0594,1.456,0.4289,0.0476,-1.1209,-0.0048,-0.274,-0.4781,-0.6238,-0.1508,0.2322,1.2168,0.5183,-0.4017,0.6387,1.5969,1.3812,-0.9322,0.4485,0.128,-0.1573,-1.4212,-0.8555,-1.0043,0.2028,0.3298,-0.5548,-0.3171,-0.9023,-1.2861,-1.1729,1.4009,0.5566,1.218,0.1692,1.9258,0.7049,2.0679,1.8571,1.252,-1.278,-2.2275,-1.9002,-1.088,-0.9933,-1.679,-0.751,-1.4546,0.1971,1.7874,0.6246,0.1393,0.4729,0.6763,-0.1049,1.8017,0.6203,0.6845,-1.0236,-0.1227,-0.6726,-0.0831,-0.2566,-0.8931,0.4598,0.5103,0.9008,0.1933,1.5229,0.0282,0.4666,0.913,0.6996,-0.0117,0.0967,-0.1886,-0.2126,-0.8294,-0.788,-2.1213,-1.8585,-1.2359,-1.7264,-1.9173,0.4243,0.7846,0.1241,0.7331,-0.6381,-0.0242,-1.0477,0.162,1.1585,1.3684,0.2553,0.5205,-1.184,1.6456,1.5296,0.8872,-0.2748,0.7215,-1.8644,-1.8025,-1.3008,-0.1102,0.4476,1.4858,0.4168,0.4357,1.0445,1.6852,1.2187,0.2345,1.2889,1.3287,0.926,-0.5605,-0.6666,-0.6971,0.3294,-0.5601,0.1257,-0.182,1.5282,0.5319,-0.0039,-1.2631,-1.1053,-1.4182,-1.0068,-1.9943,-0.7312,-1.689,0.7,0.1163,0.3624,0.0988,-0.5749,-0.7446,0.1693,-0.3794,0.3466,-0.807,-0.9222,-1.3198,-0.6724,-1.1695,-0.5974,-0.5261,0.3494,-0.3171,1.9716,2.0303,3.3213,1.2291
"IC27",0.8059,0.945,-0.2627,-0.8294,-0.2203,0.0348,-1.0784,-1.4365,-0.6086,-0.5839,-0.516,-1.3196,0.1503,0.2612,-0.3011,0.5135,-1.0176,-1.9243,-1.3286,0.7524,0.6014,0.6725,2.3104,3.331,3.2622,1.7584,-0.2244,0.1551,0.819,0.7673,-0.1919,0.0673,-0.5345,-1.0224,-2.3849,-1.7261,0.0475,-0.5162,-0.4289,-0.0598,0.7435,0.7498,-0.3583,0.214,0.0035,-0.3183,-0.8191,-0.6497,-0.8769,-0.7275,-0.3723,0.047,-0.4281,0.2995,-0.1606,1.169,1.3121,0.7639,1.9279,1.6427,1.3922,0.4763,-0.2715,-1.2365,0.0806,0.7393,-0.0198,0.8867,1.3484,0.674,-1.4136,-1.5148,0.4314,-0.2925,-1.9955,-0.5485,-0.405,-0.61,0.2875,-0.7593,-0.6409,0.0856,0.8328,-1.248,-0.8997,-0.7938,0.2509,0.7028,0.6682,0.3182,-0.5056,-0.8624,-0.7679,-1.1957,-0.0903,-0.5343,-0.587,-0.8016,-1.2832,0.6276,0.7815,-0.4361,-1.3003,-0.7823,1.0205,0.7309,1.4039,1.5473,2.6927,2.6574,1.6983,1.2902,0.461,0.1742,-0.0667,-0.7757,-2.2153,-1.0008,0.7936,0.8981,-0.4627,-0.4494,0.1234,0.0747,0.6158,0.5873,-0.3361,-0.0158,-0.2562,-0.0951,1.2133,0.483,-0.7982,-0.0693,-0.2243,-0.4336,-0.3886,0.081,-0.3624,-0.7345,0.8296,0.1305,-0.0097,-0.7354,-0.3256,0.8363,1.1816,-0.5484,-0.6058,-1.4507,-0.5025,-2.0374,-1.5126,-0.0938,-0.6086,-0.3041,-0.0869,-0.7947,-0.0623,-1.1421,-0.5184,-0.8358,-1.0036,-0.9025,-0.0865,0.1608,-0.0501,0.7807,1.4777,0.9964,1.281,2.0714,0.3727,0.831,1.2037,1.559,2.0388,1.7494,0.5071,0.1668,-0.0568,-0.5886,-0.8438,0.7764,0.8976,1.0623,1.2078,0.6064,0.0823,-0.5041,-0.0289,-0.5763,-0.6653,-0.8057,-1.9795,-1.6403,-1.8909,-0.5853,-0.9867,-0.5893,0.0643,0.4382,0.1066,0.9913
"IC29",-0.7988,-0.3668,-0.6564,-0.3063,0.661,0.7001,1.6389,1.0083,0.7543,0.2902,0.1078,0.2503,-0.0029,0.7389,-0.1751,-1.1871,-1.1178,-0.7287,0.3746,0.1792,1.3535,0.3967,-0.8854,-0.7472,-0.5256,0.0493,-0.1633,-0.3611,0.3925,0.4891,0.2706,-0.8032,-0.5613,0.0345,0.0854,0.3016,-0.5038,-0.9477,-1.2244,-0.5269,-0.4542,0.6345,1.1538,0.5779,-0.2182,-0.7638,-0.3369,0.4191,1.3694,1.0408,-0.4067,-1.463,-1.4031,-1.1019,-1.0659,-1.8278,-1.0759,0.2991,1.164,1.7413,0.9202,0.9874,1.2724,1.0389,0.5358,-0.034,0.1834,0.1973,0,-0.801,-0.9456,0.1699,1.3521,1.6169,1.0797,0.4151,0.4576,1.5232,1.0215,0.7381,0.3504,0.069,-0.7386,0.2031,0.309,0.0638,0.0194,-0.2149,0.2613,-1.5649,-1.9648,-1.5115,-1.502,-2.0912,-3.3952,-2.1064,-1.7204,-1.8387,-1.2696,-0.1043,1.0446,0.7241,0.7369,0.3614,0.5369,0.9592,0.1866,0.6486,-0.1571,0.1626,1.6178,1.8603,2.1361,1.5742,1.5422,1.4923,0.3339,0.1572,-0.4901,-0.0132,0.7504,-0.3271,-0.4737,0.643,1.5201,0.4048,-0.4279,-0.5406,-1.1359,-0.7564,-0.47,-0.7023,-1.937,-1.8358,-1.0034,-0.3311,0.0839,-0.3418,0.0351,0.1406,-0.4041,-0.3888,-0.9113,0.3534,1.3209,1.564,2.2854,1.2436,-0.0163,-1.9702,-1.4692,-0.4195,0.0093,1.7262,1.3197,1.1095,0.9622,-0.2272,-0.7812,-2.4242,-1.5731,-0.4287,-0.5423,-0.3003,-0.1913,0.659,0.7886,0.7778,0.4842,0.3171,0.5831,0.5858,0.4727,0.1244,-0.3969,-0.6869,-1.373,-0.7744,-0.2696,0.0869,-0.0618,0.4139,0.1726,0.353,0.4964,-0.2046,0.389,1.1626,1.0151,1.0651,-0.245,-1.5534,-1.3907,-0.4636,-0.3843,-1.7915,-1.9145,-1.262,-0.7593,0.6799,1.3351,2.2343,1.3604,0.6663
"IC31",1.295,1.0992,-0.9293,-1.9865,-1.7509,0.2391,-0.194,-0.9456,-0.0377,0.0021,0.7774,1.3934,-0.285,-0.1261,-0.0607,-0.607,0.3079,1.6864,0.6611,0.0947,-0.9387,-2.0592,-1.6901,0.6421,1.5152,1.4081,0.006,0.1995,-0.0236,0.0913,0.9649,1.3067,1.1578,-0.299,-2.5608,-0.4031,0.3827,0.3707,1.6735,1.8865,0.9792,0.4286,-0.8365,-1.5868,-0.4442,-0.0653,0.135,-1.4611,-2.063,0.421,-0.2981,0.3797,0.1613,1.8947,0.2862,-0.1649,-0.4784,-1.2364,-1.8347,-0.1088,0.1184,0.7019,0.6721,1.8327,0.5904,-0.2285,0.5164,-0.5533,-0.4009,-0.6243,-0.4842,-0.3326,-0.1424,0.2195,-1.6491,-1.4332,-0.7043,-0.6384,-0.5889,0.4757,0.7182,-0.1123,-0.7215,0.1803,-0.5196,0.6413,0.0029,-0.8202,-0.9021,0.5355,1.5895,0.0826,-0.6443,0.9666,-0.0834,0.0258,0.958,1.3423,-0.2333,-0.5349,1.3765,1.4156,2.1508,3.254,2.2411,0.8253,-0.5447,-1.5947,-0.9596,-0.4264,-0.5417,0.1125,0.7957,0.3938,0.012,-0.7381,0.2116,-0.0285,0.3861,-1.2613,-2.2206,-1.4816,-0.9296,-0.2375,0.094,-2.084,-0.9552,-1.2165,-1.2615,0.7722,0.4622,0.2775,0.3408,0.0737,0.6337,0.3108,-1.243,-1.4856,-0.4603,0.0886,0.951,0.844,-0.1337,-0.3239,-1.5389,0.4215,-0.4878,0.3943,1.4421,2.2557,0.4082,0.481,-0.5553,-0.0272,-1.2337,0.7695,-0.1863,-0.6096,2.0003,1.2889,0.0359,0.0338,0.0336,0.8582,1.2413,1.9878,-0.4517,-0.4014,-0.3061,-0.0838,0.1092,-0.3998,1.185,0.1674,-0.792,-0.0989,0.0059,-0.1494,-0.3135,-0.3546,-0.5112,0.676,1.8092,-1.1222,-0.5533,-0.4339,-1.8578,-2.4038,-1.4531,-1.3979,-1.0446,-0.1246,-0.4942,0.328,1.6496,1.0493,1.1232,-0.2452,0.3224,0.5451,1.0968,0.3366,-0.3272,-0.1826
"IC33",-1.6493,-1.2303,-1.5726,-0.5613,0.043,0.0456,-0.0594,1.077,0.4275,1.0762,0.5801,-0.882,0.1084,0.4702,0.496,1.4402,0.6804,0.3897,0.1583,-0.3362,0.267,-0.9001,-0.5984,-0.7088,0.249,0.8529,0.1218,0.4155,0.7818,0.6813,0.8402,0.7829,0.2059,-0.1782,-0.8316,-1.498,-0.7573,-0.2926,-0.3045,0.5544,0.9122,0.9585,0.296,-0.718,-0.5409,0.5973,-0.2505,-1.181,-2.3782,-1.3908,-1.2544,-1.5995,-0.6512,0.2552,1.2541,-0.3513,-0.4464,0.3869,-0.087,-0.6086,0.7202,1.0945,1.9716,2.4233,3.4613,2.8431,1.4583,0.5085,0.7706,-0.7731,-0.7447,-0.3006,-0.1552,-0.4977,-0.2324,-0.3988,-0.0672,-0.0606,-0.1966,-2.0405,-2.4853,-1.4073,-0.961,-1.2099,-1.4334,-0.9955,-0.7879,0.3262,1.5991,1.4397,0.8323,0.5679,0.2696,-1.0644,-0.7927,-0.9304,-1.0297,-0.8671,-0.1755,0.8549,1.4797,1.5333,0.6644,0.518,0.8837,0.5247,1.0646,1.9716,0.9872,0.6014,0.4279,-1.326,-0.8958,-2.1058,-1.541,-0.9193,-1.7106,-0.7591,-0.2595,0.4749,-0.2005,-0.5354,0.0704,0.316,0.5351,0.4101,0.6338,1.1792,0.0623,0.3926,1.1118,2.1229,1.6889,0.9988,-0.1296,-0.4171,0.2769,-1.1885,-1.5578,-0.3669,1.3572,0.4763,0.1702,0.0194,-0.0197,0.213,1.2401,-0.5215,-2.1784,-2.7886,-1.1425,-0.4276,-0.3377,0.1016,0.5694,0.1668,0.1121,-1.4354,-1.3928,-0.8842,0.5108,-0.4404,-0.556,-0.935,-0.3572,0.2181,0.221,0.6175,1.409,1.3075,0.022,-0.4327,-0.4111,-0.6672,-0.0272,0.8889,2.0421,1.6208,0.5094,0.5173,0.0711,-0.1693,0.5251,1.8801,0.8617,0.3846,0.0296,0.4803,-0.1291,-0.0312,0.8602,0.3187,0.2402,-1.0143,-1.2277,-0.7859,-1.5488,-0.8849,-0.4873,-0.5141,-0.0426,0.5838,-0.433,-0.4605
"IC36",0.0277,-0.8223,0.0336,-0.1842,0.7514,0.7488,0.7,0.36,0.6293,0.66,1.5448,0.2874,1.3048,-0.4562,0.1122,-1.5032,-0.1677,-0.7796,-0.6182,-0.0935,-0.7898,0.1924,-0.1305,-0.3911,-1.2167,-0.5221,-0.1046,-0.24,-0.728,-0.3173,-1.3602,0.4742,0.8066,0.8191,0.7099,-0.5481,0.2006,0.4164,1.1478,0.845,0.6755,0.2499,-0.0861,-0.8409,-1.0599,-1.0943,-0.3559,-0.3703,-0.1243,-0.5039,-1.0888,-0.0176,-0.0159,0.6867,-0.5579,0.112,0.0627,1.3029,0.2633,0.5157,-0.4094,0.3156,0.5554,-0.2046,-1.5208,-0.9236,-1.9183,-0.4007,0.2478,0.1879,-0.6965,-0.4156,1.1369,0.4405,2.032,1.4081,1.7888,1.5746,2.3584,1.9462,0.692,-1.2232,0.0283,-0.8242,0.3715,0.3087,0.5907,0.8166,-0.0452,0.3926,-1.4973,-0.6961,-1.2256,-2.2458,-3.2678,-2.483,-0.0439,-0.6387,-0.2455,-1.1477,-0.8989,-0.4939,0.2596,0.8248,0.6149,-0.8805,-0.2521,0.1729,0.3914,1.5448,-0.0876,1.0733,0.7292,2.0334,1.2495,2.297,2.6748,1.9992,1.0089,-0.7125,-0.0707,-0.7782,-0.7312,-1.0063,-0.5452,-1.5041,-1.9727,-2.0939,-1.2762,-1.7168,-0.4903,-1.2783,-0.6688,-0.9883,-0.3353,0.2574,0.7663,-0.1088,0.9877,0.695,1.001,0.9895,1.0227,0.5056,0.4847,0.8278,0.1122,0.6996,0.2351,-0.3786,-0.7622,0.0701,-0.0725,0.7669,0.8387,0.99,0.3045,0.3769,-0.8973,-0.2474,-0.551,1.3469,0.0178,0.459,1.0055,1.5407,0.2236,0.3677,-1.1842,-0.2426,-1.355,0.4057,-0.7967,1.1133,-0.0972,0.3598,-0.5487,-1.4788,-2.5113,-2.3014,-2.5962,-0.9863,-1.5216,-0.1489,-0.0858,-0.1235,-0.4204,0.2049,-0.0801,0.7855,-0.1103,0.4909,0.3698,1.7175,1.386,2.133,0.9671,0.9359,-0.2978,-0.1258,0.0655,0.0888,-0.3622,-0.286
"IC37",0.3652,-0.5454,-0.1714,0.1849,0.497,-0.2715,1.4137,1.1338,0.4694,-0.4691,0.6315,1.4133,1.6617,0.2671,-1.0665,-1.52,0.0352,0.3596,0.0933,-0.8799,-0.7935,0.1346,-0.3659,0.3075,-0.4042,-0.5583,-0.2626,-0.8523,-1.741,-1.4937,-0.2377,0.0109,0.6909,-0.5166,-0.9298,0.2446,0.1213,-0.2631,1.0696,1.276,0.7352,0.3047,-0.8004,0.1888,-0.4912,0.2925,1.0587,0.8091,0.1082,-0.0656,0.4318,1.698,1.1193,0.8939,-0.8369,-1.0387,-1.0993,-0.3954,-1.3131,-0.6474,-0.5719,0.2506,0.8838,-0.3444,-1.871,-2.0423,-1.1507,-0.8601,-0.6472,-0.7592,0.0514,1.1893,2.1866,2.4165,2.0436,1.1904,1.2655,0.4775,-0.0879,0.5422,-1.3703,-1.7388,-1.5328,-1.5817,-1.1901,-0.1591,-1.204,-0.6806,-0.3065,1.0206,0.8606,0.095,-0.372,0.5311,0.3242,0.7081,2.1221,1.7141,2.2863,1.6631,0.8981,0.145,0.4683,1.4514,0.3939,0.4709,-0.5058,-0.8978,-1.3137,-0.618,-0.5033,-0.528,-1.1865,-1.4827,-2.1765,-1.9921,-0.7891,1.191,2.0272,-0.633,-0.1378,-0.4763,0.5626,1.1588,1.3524,-0.6306,-1.2553,-1.9858,-1.1229,-1.0455,-0.1609,-0.643,-0.5771,-0.5317,-1.4868,-1.4424,-0.8064,0.064,1.2754,2.0221,1.0237,1.085,0.1602,1.0146,-0.1718,-0.4068,-1.4407,0.1868,0.4964,1.0815,1.2013,1.5168,0.3393,1.3299,0.8424,1.4858,1.2212,0.9487,1.143,1.2507,-0.3304,0.865,-0.8884,-0.5018,-0.1883,0.3941,0.9241,-0.3604,-1.6738,-1.366,-0.2974,0.0645,-0.4562,-0.294,-0.2039,-0.1791,-1.2953,-1.4689,-0.901,-0.6246,-0.1384,-0.2498,0.0036,-1.3447,-0.9836,-1.2751,-1.6616,-0.6851,0.0832,-0.3575,-0.5888,-0.0806,0.2476,-0.2011,0.2639,0.8597,0.8946,0.4622,0.2995,0.4049,1.1759,0.8013,1.447,1.2018
"IC38",-1.3034,-1.3268,-0.4679,-0.1088,0.4177,1.1863,0.7602,0.1209,-0.5836,-0.3456,-0.2055,0.3785,0.8937,0.681,-0.2866,-0.3804,-1.2153,-0.7116,0.1406,0.6082,1.9427,1.2945,0.3373,-0.351,0.7614,0.8185,0.6503,-0.2209,-0.2883,-0.0628,0.1312,0.21,0.1649,-0.099,-0.3347,-0.429,-1.1444,-1.0433,-0.8437,-0.7241,-0.9192,-0.0453,-0.3697,0.1517,-1.6295,-1.0676,0.3141,0.8645,1.1678,0.0047,-0.7567,-1.2694,-1.1131,-0.4778,-0.8635,-0.4917,-0.0854,0.615,1.5066,1.4412,1.5953,0.6097,1.1436,0.9788,1.7776,0.8278,0.4468,0.2666,1.2324,0.5367,0.4671,0.6409,1.0586,1.527,0.5276,-0.5279,-1.6617,-1.4203,-1.26,-0.7442,-0.3412,0.8129,-0.1095,0.8369,0.0141,0.1121,0.245,0.2518,-0.6994,-2.0169,-1.8565,-1.4541,-1.3139,-2.1049,-2.3373,-1.8029,-1.2637,-1.6124,-1.1001,-0.3668,-0.2,0.7216,0.2365,0.5995,0.7683,1.5927,1.7824,2.0273,1.9651,1.1053,1.0525,1.0372,1.0708,0.9679,0.598,-0.3793,-0.6613,-0.306,0.9886,0.4554,0.7934,-0.5181,-0.8592,-0.3176,0.8426,1.0127,0.7087,0.3443,0.3858,0.1465,0.125,-0.7381,-1.7937,-1.4571,-1.8199,-0.8622,-0.868,0.3201,0.5659,1.0501,0.0506,-0.7661,-0.4811,1.2712,1.266,1.8547,1.3555,0.5741,-0.5941,-2.4235,-1.7981,-0.7123,-0.3266,0.1727,0.3451,-0.0103,-0.245,-0.6678,-0.6823,-1.46,-1.7385,-1.0063,-0.6279,-0.4801,-0.2361,-0.6433,0.7037,0.5184,1.1893,1.0171,1.2537,0.5722,0.421,0.4077,0.5481,0.2492,-0.0849,-0.4133,0.6537,0.1067,0.197,0.3572,0.651,0.7687,1.3059,0.6217,1.0497,0.8124,1.9564,1.5513,0.7429,-1.3208,-1.6152,-1.155,-1.1516,-1.9566,-2.583,-2.1408,-0.2179,0.2138,0.8783,0.1028,0.4395,0.961
"IC41",0.8311,-0.7021,-0.7032,-0.132,-0.0383,0.403,0.4006,0.6941,-0.3587,1.0109,0.9282,1.8923,0.8869,0.4537,0.4635,-0.1231,-0.652,-0.0619,0.9905,1.4331,1.2416,-0.63,-1.2542,-1.927,-0.7888,-0.504,-1.3588,-0.1214,-0.645,0.9152,-0.4499,-1.1866,-1.417,-1.3668,-0.474,-0.7113,-0.9896,0.2048,-0.6941,-0.5634,0.2393,-0.2657,-0.2088,-0.3746,0.5558,0.041,0.798,1.0071,2.1043,-0.1384,0.5888,0.596,0.3124,-1.1489,-1.2214,0.0609,-0.1224,-0.0292,-0.6255,-1.0222,-0.1691,0.9502,-0.0164,1.3023,-0.3902,-0.5792,0.0554,1.2391,-0.3176,0.9928,1.392,1.1755,1.2089,2.1751,0.8557,0.1368,0.5225,1.3079,1.0931,0.2774,-0.492,-2.1212,-0.5811,0.2445,-0.3521,-1.9948,-2.2323,-2.3082,-2.2834,-1.7004,-0.0099,0.1245,-0.4175,-0.2463,-0.2351,1.5721,0.8663,1.2301,1.2516,0.2595,-0.0746,0.4638,2.0916,1.2801,1.4902,-0.2765,-0.7867,-1.1216,-0.6097,-0.3771,0.7376,-0.4544,-1.9541,-2.3594,-2.2464,-0.2163,-0.5826,1,0.3928,-0.2099,0.0094,0.3908,0.2776,0.7381,0.7599,0.8405,-0.8474,-0.6328,0.1398,-0.9033,-0.7513,-0.2923,0.2517,0.6181,0.4529,-0.9962,0.7307,2.492,2.9314,2.1077,0.1884,-1.2216,0.3175,0.9121,0.5607,-1.3128,-1.9531,-0.9219,-0.1408,0.0277,0.6337,1.2426,1.1479,-0.1122,0.6719,-0.032,-1.5298,-0.3416,-0.5996,-0.3277,-0.858,-0.9647,0.2456,0.942,-0.205,-0.0725,-0.2804,0.0458,-0.2786,0.3683,1.2421,0.8057,0.5011,0.7802,0.2656,0.1538,-1.4613,-1.5796,-0.811,-0.964,-1.0777,-1.2839,-1.5576,-1.1295,-1.5995,-0.3112,0.9263,1.24,0.3926,0.0428,0.3926,0.1733,0.6457,1.6207,0.9259,-0.6646,-0.8457,-0.1724,-0.7758,0.0253,-0.438,0.9091,1.8003,1.3434
"IC42",-0.2456,-0.5443,-0.2307,-0.3295,0.9355,1.0739,2.8792,0.4762,-0.1823,-0.8154,0.3477,0.2089,0.7354,-0.6987,-0.6969,-2.2109,-0.3369,0.6494,1.2082,1.4326,1.2334,1.8473,0.7635,0.6288,-0.4272,0.49,0.006,-2.0436,-2.636,-1.9294,-1.488,-0.6811,0.3816,0.9609,0.647,-0.8896,-1.3828,-1.9072,-1.0908,-0.2294,-0.2843,-1.1067,-0.6856,0.2506,0.2592,0.4156,0.3467,0.3225,0.0487,0.3252,-0.487,-0.3431,-0.6784,-0.9014,-0.6451,0.1852,0.1399,1.3225,0.9483,0.9833,-0.2123,1.4069,2.5822,1.4516,0.5604,-0.1805,-1.1859,0.1854,0.6742,0.7633,0.5749,0.3444,0.8287,0.7468,2.624,1.1113,0.5236,-0.5991,0.3182,0.3042,0.3504,-0.8101,-0.6186,-1.8073,-1.1764,-0.0053,-0.4136,-0.3453,-0.8415,-0.1707,-1.0292,-0.9669,-1.4635,-2.5464,-2.9009,-1.2755,0.0261,-0.696,0.443,-0.5946,0.688,0.2931,0.128,0.1363,1.084,0.802,-0.2562,0.3753,0.5375,0.5568,-0.4226,0.473,0.7851,0.8353,0.6865,1.1824,0.8117,0.982,1.444,0.4111,-0.5792,-1.5434,-0.3567,-0.3447,0.9351,0.5984,0.1477,-0.9159,-0.7101,-0.8705,0.2556,0.6658,0.2699,-0.0951,0.2554,-0.824,-0.5055,-0.6339,0.1969,0.7295,0.069,-0.3024,-1.3593,0.0513,0.1908,0.635,0.2065,0.8446,-0.0017,-1.1576,-1.2791,0.1915,-0.2038,0.7742,0.8855,1.0251,1.2943,1.6813,0.4793,0.5688,-0.5653,-0.3861,-1.5747,-0.9984,-0.5401,0.2641,0.605,0.0173,-0.5753,0.2495,-0.0786,-0.5265,-2.9193,-1.4418,-1.1873,-0.0331,0.196,0.308,0.502,0.6263,0.5619,1.1407,1.0103,0.0257,0.0765,0.4188,0.0367,0.7663,0.1191,0.4999,-0.736,-1.2458,-1.1879,-0.8173,-0.2355,0.0862,-1.2339,-2.4653,-1.9862,0.3924,1.1749,2.0052,2.4231,2.1212
"IC43",-0.899,-1.179,0.0338,-0.5384,-0.8767,-0.895,1.2661,1.0265,0.8658,0.6079,1.6011,1.1109,2.039,1.0207,-0.0549,-0.5824,-0.279,-0.8079,-0.6754,-0.7658,-1.0517,-0.4603,-0.5937,-0.2577,-0.7507,-0.3855,0.4744,0.7691,0.0905,-0.9871,0.127,0.8069,1.6233,0.1345,-0.3244,-1.1984,-0.5913,-0.9792,0.6262,1.0581,1.7806,1.3778,0.269,0.0113,-0.9347,0.1186,-0.0552,0.3431,-1.0124,-0.2698,-0.9234,0.2915,-0.1536,0.5594,-0.1217,-0.1002,-0.4971,0.0808,-0.5574,0.4531,-0.2753,-0.3826,0.1871,-0.6812,-0.9879,-2.3633,-1.4066,-1.312,-0.776,-0.8646,0.6622,0.6598,2.4749,1.9456,1.6953,1.0647,1.3503,0.6569,0.2563,0.7631,-0.7398,-0.499,-0.2762,0.4361,-1.6084,-1.6123,-2.2327,-1.1456,-1.882,0.0833,1.2545,0.6994,0.4002,-0.32,-0.0662,-0.4071,1.0797,0.457,1.2199,0.8869,0.9298,1.319,1.4105,2.9608,1.7097,1.1054,-0.5411,0.2285,-0.2399,0.8896,-0.2488,-1.2867,-1.2846,-0.7778,-0.6374,-1.848,-0.7644,0.3204,1.9661,0.301,0.0488,-1.3908,-0.8337,-1.5937,0.412,0.0181,-0.3093,-1.4758,-1.1019,-1.7817,-0.8545,-1.4042,-1.0859,-1.0427,-1.9318,-1.1102,-0.6412,0.5742,1.4384,2.4448,0.7266,0.7125,-0.0226,1.5202,-0.1288,0.0941,-1.3431,-0.1619,0.1571,1.4956,0.4387,0.5342,0.2935,1.7163,0.9331,1.3125,1.2956,1.424,1.1633,1.5688,-0.1011,0.3058,-0.3844,-0.2248,0.4975,0.3863,1.0169,0.4105,-0.2641,-0.4675,0.4945,-0.0537,-0.5288,-0.6962,-0.6467,-0.7056,-1.4003,-1.6311,-1.3515,-1.9069,-1.4341,-1.8326,-0.4145,-0.0304,0.2696,-0.5875,-0.5947,-1.1221,-0.2159,0.131,0.5588,0.1068,-0.3795,0.4426,1.2229,0.8999,1.1715,0.3089,0.3278,-0.2136,0.9184,0.2708,0.3682,0.2554
"IC44",0.2638,0.254,0.9582,0.7538,0.6897,0.2956,-0.878,-0.4311,-0.5469,-1.8345,-0.4841,-0.0089,-0.8466,-0.3205,0.7542,0.8811,-0.4848,1.054,-0.7791,-0.3504,-0.796,0.3471,1.1582,0.0558,-0.4568,-0.0158,-0.4818,-0.269,-0.8585,-0.2703,0.6736,2.2306,1.5109,-0.8686,-1.4672,-0.2641,-0.072,-0.288,0.9513,0.5564,-0.7607,-0.0952,-0.9276,-0.7863,0.044,-1.0036,0.581,-0.9725,-0.5707,1.1509,0.9855,1.351,0.0021,1.3704,1.5988,1.1328,0.9016,0.6264,1.0987,1.5334,0.5167,0.0299,-1.0318,-0.165,-0.9898,-0.1449,-0.7701,-1.1798,-1.6811,-0.5276,0.0388,-0.0554,1.1846,1.0814,-0.6832,-0.0855,-0.7417,-1.7965,-2.7331,-1.8946,-1.0791,-1.6879,0.1908,-1.7976,-1.021,-0.1505,-0.1665,-1.026,-1.3696,-0.3701,-0.0611,0.8515,2.1009,2.25,2.6451,2.2309,2.3075,2.6267,0.5687,0.0107,-0.2275,0.4265,1.4337,1.4587,1.2837,-0.2869,1.0743,0.0912,0.2012,-0.3782,-0.8229,-0.3683,-1.228,-0.7327,-1.0438,-2.3848,-0.5122,0.3941,0.3029,0.041,-0.245,0.9445,0.976,-0.1833,-0.6663,-1.2776,-0.2953,-0.1354,-0.3235,-0.8684,-0.7122,-1.2661,0.1192,0.2659,-0.7241,-0.3772,-0.9234,-0.7394,0.8046,0.1538,0.4903,0.2541,0.3254,-1.0555,-1.9466,0.419,0.0643,0.7514,-0.6704,1.6185,1.4961,0.9264,0.3848,-0.0518,-0.524,0.6283,-1.0696,-0.6734,1.0271,1.6442,0.1028,0.3729,1.4059,0.8226,0.2244,1.1821,0.3738,0.2307,0.4225,0.3449,-1.2636,-0.2344,0.2972,0.0212,0.3877,-0.9083,-1.2572,-0.781,-1.1527,-1.4375,-1.3912,0.5026,1.1894,-0.4484,-0.869,-0.785,-1.6355,-0.9106,-0.4771,-0.7948,-0.0558,1.9239,1.4116,1.6568,1.3611,0.9235,0.4427,0.0207,0.1611,0.7106,1.0098,-0.7099,-1.3015,-1.3759
"IC45",-0.8089,-0.6247,0.7602,-0.2966,-2.1318,-0.9399,-0.7441,1.4074,0.7026,0.4892,0.4568,0.4682,2.0706,2.7466,0.4354,-1.0721,-1.9092,-0.1457,1.1126,1.0449,1.4499,1.0823,-0.1087,-1.6134,-0.6352,0.3262,-0.9808,1.4339,0.3937,-1.0609,-1.9981,-0.4401,0.0456,-0.2354,-1.0731,-0.6073,-0.0744,-0.8214,-0.4013,0.5389,1.5402,2.4281,0.1595,-0.4796,-2.2134,-0.8963,0.101,-0.4796,-0.8001,-0.6791,-0.5197,-0.5551,-1.0515,0.2181,1.1341,1.0881,0.9984,0.1796,-0.4271,0.7249,1.2384,-0.1909,-0.7502,1.5412,1.6035,-0.1308,-1.2179,-0.4931,-0.0421,0.2279,0.2598,-0.6385,0.0943,1.0737,-0.7188,1.2413,1.066,0.37,-0.7983,-0.0861,-0.9452,-1.0316,-0.1588,0.7151,-0.0224,-1.7541,-1.3386,-0.328,-0.1832,-0.0383,1.6457,0.3634,0.9443,0.1885,0.3835,-0.4182,-0.0466,0.5895,0.3999,0.4536,-1.6168,-1.1748,-0.5576,1.865,1.6882,0.3346,0.2419,-1.5487,0.0969,-0.2236,0.0225,-0.778,-0.1248,-1.0878,-1.7619,-1.2502,-0.1656,0.9044,2.5572,2.3153,1.5116,1.2446,-0.2613,-0.9361,-1.3357,0.6419,-0.0314,-0.2208,-0.3849,-0.355,-1.4701,-1.4973,-1.046,0.1524,-1.0017,-0.3865,-0.1256,0.8021,0.9879,1.681,0.5811,-0.3302,-0.0916,-0.7747,-1.2352,-0.8538,-0.4235,-0.1294,-0.1681,1.1285,2.1604,-0.0894,0.4551,-0.4092,-0.0726,-0.4922,0.6011,0.6295,0.2679,1.5538,2.1251,0.9175,1.4007,-0.9915,-1.5095,-0.4771,-0.5402,-0.9556,-0.805,-0.1339,1.6099,0.3762,0.3871,0.8406,0.4899,-0.5359,-1.2033,-1.0197,0.1095,-1.1072,-1.3035,-1.3578,-0.1958,-0.7688,-0.9774,0.6832,0.5139,-0.5411,0.9639,1.0443,1.734,-0.1968,-1.0467,-1.2279,-0.7094,-0.1496,1.3336,-0.1589,0.5373,-0.6258,-1.233,0.2541,0.8963,1.7612
"IC46",0.0588,0.3775,0.6331,-0.0475,0.3823,0.3166,1.8415,0.6275,0.307,0.0314,0.3217,0.0013,-0.1973,-0.4201,-0.0236,0.2451,1.1891,0.071,-0.3531,-0.6237,-0.7909,-0.5552,-1.1556,-0.3414,-0.5307,0.4281,0.0249,-0.5675,-1.3374,-1.0938,-0.1644,0.7473,1.187,0.4201,-0.3381,-0.5774,0.3718,0.4557,0.8346,0.6769,0.2024,-0.9765,-0.5027,-0.9097,0.0531,-0.1527,-0.3112,-0.6563,-1.6506,-0.2167,-0.5195,0.8756,0.818,0.7072,-0.2917,0.0148,-0.175,0.3295,-0.2625,0.45,-0.4804,0.4238,-0.5487,-1.2142,-1.1392,-0.8312,-0.6874,-0.4889,-0.4933,0.21,0.561,0.6942,0.4624,0.3885,0.9187,-0.218,0.8974,0.7081,1.6716,1.3484,1.3874,0.1329,0.4324,-0.4483,-0.7679,-0.2981,-0.4423,-0.3393,-0.9128,0.0773,0.8978,1.0825,-0.1646,-0.3652,-0.5282,0.1462,0.8847,0.428,0.9448,0.5377,0.9816,0.5771,1.7585,1.3524,0.8449,-0.0586,-1.3763,-0.6934,-0.5772,-0.4078,-1.5699,-1.6501,-2.2798,-1.6106,-1.0323,-0.6401,-0.2253,1.4217,1.1529,-0.3189,-1.1384,-1.3506,-0.1231,-0.7511,-0.4563,-1.8513,-0.7663,-1.217,-1.1794,-1.2711,-0.9719,-0.8074,0.047,-0.0424,0.4754,0.2854,1.8336,2.1592,2.4697,1.9984,2.0967,1.6584,0.5237,0.5757,-0.0914,0.0791,-0.5393,0.5823,0.9735,1.3155,0.3155,-0.0496,-1.3253,-0.7363,-1.2099,-0.0932,-0.1938,0.9463,1.2238,1.2483,1.0407,2.1389,1.6061,2.3704,1.9787,1.0917,-0.7076,-1.0842,-2.1188,-1.731,-2.1592,-1.6533,-1.0398,0.0014,-0.3398,-0.3051,-1.249,-1.0537,-1.6162,-1.7022,-1.9671,-1.8543,-1.5248,-1.4214,-1.1846,-0.3695,-1.257,-0.6261,-0.9069,0.5423,0.7481,0.6445,1.0379,1.9189,1.8718,1.3538,1.1044,0.6341,0.188,0.303,0.7916,1.1228,0.7625,0.2029
"IC47",-0.4064,-1.905,-1.4678,-1.2891,-0.7987,0.4439,0.7052,0.9264,1.3686,1.3086,1.5728,0.3438,-0.3436,-0.0355,-0.4636,-0.3545,0.0155,1.1084,1.8744,1.0266,-1.0164,-1.6474,-1.4464,-0.5519,0.4853,0.7454,-0.7819,-0.5005,-0.2215,-0.2883,0.8068,2.2752,1.7635,0.2835,-1.375,-2.4333,-1.1862,0.297,1.8579,1.5245,0.7315,-0.254,-0.4674,-0.7189,0.1094,2.0592,2.1088,0.7238,-0.9369,-1.4604,-1.2091,-0.5026,-0.1292,-0.979,-1.8562,-0.4738,-0.2023,0.4422,1.1583,1.361,0.6246,-0.0527,-1.5398,-1.6899,-1.458,-1.9173,-0.4619,-0.1776,-0.7105,0.0842,1.0016,-0.2913,0.2613,-0.0471,-0.9333,-0.4634,0.1285,0.5991,2.0588,2.5239,1.5605,0.419,-1.013,0.0931,-0.5512,-0.2126,-0.1445,0.5026,0.2951,0.7322,1.3627,0.3316,-0.4753,-1.5409,-0.8087,-0.347,0.5747,0.6032,0.2018,0.0313,-0.1544,0.7001,1.6313,1.5132,0.4903,-0.1249,-0.7687,-0.9125,-0.0674,-0.342,-0.2101,0.3504,0.2597,-0.3235,-0.5727,-0.8948,0.4977,1.663,1.9305,0.5322,-2.1157,-2.4617,-1.5615,-0.4083,0.1975,0.3166,-1.1751,-1.9741,-1.1526,-0.7018,-0.2996,-0.3082,0.1172,-0.8291,-0.5817,-0.1569,-0.0272,1.211,1.6304,2.4524,1.2745,-0.0381,0.2948,0.0815,-0.5039,-0.115,-0.201,0.2838,-0.3305,-1.0461,-0.9996,-0.4051,0.8494,0.4104,0.9038,1.3751,1.1779,2.0948,0.1002,0.1216,-0.6442,-1.2225,-0.1962,-0.0238,0.5474,1.1574,0.0724,-0.3122,0.6604,0.7324,1.3709,0.1572,-0.1697,-1.4136,-1.4994,-1.327,-1.0482,-0.143,0.1011,-0.5883,-0.3878,0.2443,1.1676,0.0568,-0.6364,-0.241,-0.0932,-0.6608,-0.5135,-0.1557,0.3756,-0.4482,0.7166,1.2312,0.5848,-0.4294,-0.7271,-1.3198,-1.2006,-0.3906,0.6232,1.0745,1.5509,-0.2088
"IC48",-0.3706,0.3037,0.2536,-0.0301,0.7714,0.3189,0.4955,-0.2304,-0.0816,-0.0358,0.3094,0.5217,0.4039,-0.3479,-1.3677,-0.6496,-1.1823,-0.6901,0.7574,0.546,0.9786,0.5947,0.8086,0.6123,0.538,-0.3714,-0.3077,-0.725,-1.6856,-1.6921,-0.717,0.9416,0.3157,0.6656,0.6581,1.0114,-0.1264,-0.8218,-1.1893,0.2335,1.0503,0.779,-0.0454,-0.1025,-0.9337,-1.4099,0.5168,0.4652,0.5817,0.0929,-0.0732,-0.0809,-0.3106,-0.4816,-0.2307,-1.0833,-1.4698,0.0435,0.0348,-0.1137,-0.777,0.6656,1.0943,1.1265,-0.3824,-0.6138,-0.6331,0.1672,-0.8597,-0.5406,-0.2544,1.3143,1.4083,1.0548,1.6499,0.8201,1.2269,0.1407,0.7412,1.3765,1.239,0.1955,0.0474,-0.1924,0.1197,0.1703,0.223,0.4321,0.268,0.0616,-0.8804,-1.0615,-1.4965,-2.1788,-3.248,-2.3153,-1.9624,-2.7024,-0.9365,-0.9518,-1.0386,0.4478,1.3267,1.6718,0.9196,-0.4156,0.3446,0.2128,0.4621,0.5263,1.1371,0.6304,0.468,1.0526,1.7146,1.912,1.6649,2.1518,2.0262,1.6119,0.8634,-0.0611,-0.1758,-1.2243,-0.6144,0.0894,-0.0094,-0.8218,-1.1583,-0.9352,-1.4698,-2.3121,-3.0097,-1.5946,-2.3198,-3.0115,-1.4759,-0.0285,1.812,1.5423,1.0453,1.5208,0.5682,-0.2324,-0.0064,0.5389,1.4549,1.6077,1.5593,0.5565,-0.5807,-0.2082,-0.0798,0.3817,0.4475,0.8475,0.2843,-0.2425,0.1738,-0.7022,-0.8173,0.5112,0.5522,0.4969,-0.4675,-0.6211,0.4983,0.6734,0.2733,-0.3829,-1.1515,-0.0979,-1.2599,-0.437,0.3698,-0.2758,-0.3633,0.287,0.3316,-0.5303,-0.9808,-0.878,0.116,0.839,-0.5496,-0.4669,0.2149,1.1363,1.1084,0.7065,-0.2254,-1.6163,-0.9717,-0.2251,0.1195,-0.7521,-1.182,-0.0606,0.7175,1.3472,1.1795,0.7561,0.1448,-0.1147
"IC49",-0.3093,0.5565,0.2213,-1.1806,-0.846,-0.1078,0.4844,-0.4289,-0.8959,-0.3269,0.6533,-0.6303,-0.9939,-1.4096,-0.2474,0.2528,-0.0449,0.6145,0.7214,0.7766,-0.4547,-0.3544,1.095,2.1531,1.2523,0.9945,1.163,0.6595,-0.2831,-0.1076,0.2849,0.1495,-0.0664,-0.6714,-0.8845,-0.5396,0.3956,0.4372,1.8477,1.1674,-0.5752,-0.9045,-0.8931,-1.386,-0.5808,-0.1578,-0.321,-1.0902,-1.0027,0.1621,1.1718,1.9419,1.4613,1.1465,0.9406,0.5511,0.031,0.014,-0.2551,-1.3189,-2.2093,-0.6054,0.0355,-0.4134,-0.8183,-0.3926,-0.9742,-1.5613,-1.4842,-0.4087,0.4989,0.1637,0.4175,0.8026,1.0878,0.4851,-0.6556,-0.5986,-0.2792,-0.7794,0.4732,-0.9146,-0.1218,-1.4839,0.3068,-0.2827,-1.4571,-0.8995,0.5886,1.2675,1.0037,0.5256,0.935,-0.133,0.9623,2.0261,1.471,0.6456,0.7576,-0.2847,-0.2473,1.162,2.1967,1.4701,1.6526,0.8014,-0.5733,-0.7007,-0.1482,0.1976,-0.5545,-0.4816,-0.0128,0.8736,-0.1138,-0.5709,-1.3128,-0.5554,0.3844,-0.001,-1.3082,-1.0965,-0.9134,-1.2041,-0.7026,-0.1951,-0.6033,-0.3985,0.4404,-0.1579,-0.1479,-0.4452,-0.2827,-1.233,-1.938,-1.0562,-0.0766,-0.0942,0.6186,-0.3314,-0.5531,-0.8791,-1.3321,-1.7158,-0.0203,0.8207,0.7153,1.6993,1.5227,2.0432,2.6694,1.0248,-0.1484,-0.8501,-1.4379,-0.9701,-0.5201,1.0071,1.4887,1.2236,1.0225,1.0904,1.0161,1.5403,2.2873,2.6266,0.915,0.1462,-0.2727,-0.9702,-1.1048,0.2109,-0.9559,-0.9036,-0.1798,-0.6526,-1.4135,-0.7947,-0.9765,-0.9352,-0.737,0.7074,0.1696,-0.8233,-1.5046,-1.2003,-1.503,-0.7677,-1.2266,-0.3422,-0.8386,0.245,0.2158,0.8929,0.9298,2.1282,2.0533,1.2385,0.7194,1.2691,0.4684,0.1248,-1.5243,-2.2472
"IC50",-0.0111,-0.2002,-0.3463,-0.2911,0.4756,0.5466,1.1448,-0.0963,-0.775,-0.701,0.4456,0.1033,-0.1891,-1.222,-0.6885,-1.1693,-0.1882,-0.519,0.665,2.22,2.0743,2.0995,0.4214,-0.2216,-0.0065,0.8543,-0.1109,-1.0461,-1.4889,-0.5029,-0.5303,-0.4091,0.4241,1.1887,0.9263,-0.7729,-1.3347,-1.5823,-0.6175,-1.0788,-0.3473,-0.1126,0.5146,-0.1622,-0.1908,-1.0785,-0.5307,0.5104,0.5644,0.3072,-1.368,-1.5857,-1.4554,-0.6521,-0.7096,0.5329,0.7575,1.1218,0.8256,1.5753,0.8592,1.2343,0.9738,1.4579,1.5282,1.5703,0.5597,0.6248,0.408,0.6619,-0.2083,0.1916,0.8792,0.8334,1.2481,0.084,-0.3447,-1.278,-0.1116,-0.5591,0.1357,0.0404,0.689,0.0759,-0.4623,-0.2233,-0.3196,-0.3574,-0.9686,-1.1552,-1.3309,-1.0882,-1.658,-1.8084,-2.4566,-2.3295,-1.5273,-1.3178,-1.3817,-1.6336,0.1368,-0.0367,0.3197,0.6537,0.7427,1.5489,1.2848,1.7537,1.088,1.3246,0.301,1.1421,1.0725,1.1867,0.8066,0.5888,-0.2997,-0.2738,-0.0679,-0.4956,-0.1584,-1.3185,-0.6136,0.3069,1.6094,1.3414,1.772,1.7286,1.1184,0.4328,0.3363,0.0688,-0.1242,-1.2029,-0.3063,-0.4316,-0.5373,-0.8091,-0.532,-0.6583,-0.6705,-1.0042,-1.2096,0.1893,0.8236,1.3957,1.1728,0.9403,-0.1784,-1.2812,-0.5797,0.5587,0.4897,0.8502,-0.0065,-0.1735,-0.6489,-0.7916,-1.8825,-1.0413,-0.7895,-0.4608,-1.6707,-2.0562,-1.6696,-0.0446,0.271,0.7894,0.0307,0.4016,0.0659,-0.6765,-1.2595,-0.4989,-0.7865,0.9991,1.3632,1.9058,1.61,1.554,0.3584,0.4209,0.2251,0.4106,1.068,1.698,1.7102,2.2012,1.6893,1.2713,-0.5497,-1.3585,-1.5787,-1.0942,-1.2107,-1.1569,-0.9011,-0.4859,-0.2564,-0.1463,-0.3425,-0.0638,-0.1096,-0.1705
"IC51",-0.4522,-0.7042,-0.4067,-1.0639,-1.8889,-0.7781,-1.078,1.1843,1.1218,0.5561,0.5977,-0.7084,0.202,-0.0215,-0.0363,0.987,1.4411,0.1476,0.4168,0.1264,-1.8539,-1.338,-0.1842,0.4492,0.6479,0.4178,-0.3811,0.9548,-0.5458,-0.6494,-0.718,0.985,0.9248,0.6438,0.8442,0.0917,1.2508,1.6283,2.9273,1.4167,1.0289,0.1784,0.0713,-0.7567,-0.3266,0.9408,0.3655,-0.2954,-1.7592,-2.1983,-1.9983,-0.7588,0.2807,-0.6755,-0.9219,0.7039,0.4393,-0.8153,-0.8989,-1.8175,-0.7668,0.4335,-0.0767,-0.1786,-0.1245,0.5811,-1.2497,-0.4999,-0.6675,0.8287,-0.3808,-0.2805,0.7206,-0.2021,-0.5553,2.0978,2.0486,0.613,2.2432,-0.7752,-0.3719,-0.61,-0.6333,-3.0216,-1.499,-0.9628,-0.2247,0.5735,0.6043,0.7019,0.0703,0.1314,0.7674,0.6007,0.1797,-1.2931,-0.1331,1.1172,1.6183,1.5628,0.4885,0.0424,1.5465,0.8208,2.2156,0.7462,-0.2496,-0.0278,-0.1226,0.0034,-1.4769,-1.0948,-0.6735,-0.2758,0.5956,2.7741,0.7128,0.3188,0.3565,-0.3947,-2.7291,-2.2583,-2.6511,-1.9277,-1.3459,0.4361,0.3583,0.273,0.7539,-0.2326,-0.4211,0.1295,0.1515,-0.4069,0.4009,-0.7553,0.7993,0.2263,-0.3754,-0.5058,2.3359,-0.1589,-0.022,-0.2222,-0.2628,-1.3746,-0.7563,-0.6613,0.5163,-1.2438,-0.1296,-0.3427,0.3429,0.5061,-0.3852,-0.4182,0.646,0.5056,0.4658,1.0695,0.7629,0.291,1.3244,1.7037,1.2785,1.7589,0.3829,1.158,0.6029,0.2627,-0.2379,-0.8002,-1.0523,-0.4318,-1.2233,-0.4664,0.1701,-0.164,-1.1183,-0.2439,-0.7131,0.1739,-0.3026,0.7953,-0.6531,-0.1373,-0.9038,-0.483,-0.9461,0.3674,0.7344,0.2186,0.0491,0.8377,-0.2266,1.8912,1.0145,0.7614,-0.154,-0.9713,-1.1367,0.7088,-0.6625,-1.7833
"IC54",0.1512,0.1541,-0.7126,-0.1178,-0.3075,0.881,0.4203,0.6183,1.4141,0.4703,1.1893,0.9824,-0.5924,-1.252,-1.7626,-1.5608,-1.9222,-0.6241,1.2046,1.6483,1.8357,0.1697,-0.014,-0.9621,-0.5448,0.2931,-0.1239,-0.0752,-0.9104,-0.8105,-0.1888,0.1125,1.4605,0.6931,0.1455,-1.0655,-0.8642,-0.0551,-0.2291,-0.0901,-0.2031,-0.4255,-0.9592,-1.4735,-1.4264,-1.0809,-0.1481,0.2842,0.5325,1.387,0.0355,-0.3227,-0.5232,0.0826,1.2929,0.6597,1.0866,0.63,1.2524,1.3911,1.2142,1.0681,-0.1151,0.6257,0.6765,-0.3765,-0.2167,-1.0706,-0.3422,-0.6423,0.0382,0.0884,0.1923,1.2703,0.1406,0.1912,-0.1085,0.3982,0.4743,-0.093,0.1419,0.0201,-0.5581,0.6786,-0.4989,0.1804,0.388,0.5774,0.0944,-1.1383,-0.9606,-1.4652,-1.0526,-1.9825,-1.7752,-1.1698,-0.9868,-0.6975,-1.2239,-1.2975,-1.3366,-0.8268,1.0888,0.514,0.0954,0.0943,0.5312,0.7909,-0.2907,0.4825,1.1715,2.078,2.4894,2.0324,1.2607,-0.2811,-0.3212,0.0626,0.9115,1.586,0.2662,0.0055,-0.0562,0.7159,1.099,0.5009,-0.007,-0.9146,-0.7172,-0.8149,-1.5875,-0.9512,-1.2531,-0.7574,-0.6539,-0.5074,-0.4177,-0.1475,0.8825,1.2975,0.5789,-0.505,-0.5221,1.0422,0.6494,0.967,0.8583,0.8073,0.5116,-0.6856,-0.9729,-0.5715,0.128,0.7789,0.3035,0.5477,-0.0206,-0.7328,-1.3084,-1.2747,-1.0388,-2.3509,-1.5706,-1.1245,-1.3115,-0.6079,-0.0043,0.8972,0.5934,0.8713,2.1022,1.5969,2.5368,1.3444,0.5278,-1.0482,-2.1477,-2.0343,-1.5428,-0.9418,-0.8762,-0.2006,1.1651,1.2986,1.4798,-0.2785,1.234,1.9741,2.7675,2.1312,0.2367,-0.7885,-1.0645,-0.7997,-0.0988,-1.3572,-1.2707,-1.4668,-0.0777,0.0779,0.0656,0.4488,0.0494,0.093
"IC56",-0.9165,-0.2842,0.3432,-0.65,-0.7253,-0.6251,-0.4938,0.7239,0.0048,1.2008,-0.9896,-0.1759,-1.2571,-0.781,-0.5138,0.0131,-0.0748,1.1405,1.0817,-0.4703,-0.3585,0.911,0.3761,0.9247,1.097,0.2459,0.2658,1.0578,0.381,0.4068,0.4177,1.5965,-0.4071,-0.3451,-1.7482,0.9005,0.7421,1.2703,0.7235,0.247,-0.5479,-0.3202,-1.7634,-1.0518,-0.1312,-0.6891,0.0897,-1.736,-0.6946,0.2613,1.1574,-0.0286,0.1042,0.7799,1.1459,1.7831,0.9283,0.6549,0.0565,1.166,1.0876,-0.9921,-1.243,-1.0896,-1.5064,-1.3248,-1.7819,-0.9313,-1.5455,-0.0839,-0.3192,0.0162,0.5548,0.2034,-1.207,-0.6865,0.105,0.6777,-0.5786,-0.3039,-1.3401,-1.7382,-0.393,-0.3279,0.1679,-0.9658,0.0046,-0.6864,0.9403,1.4752,1.6444,1.1675,0.035,1.3729,1.286,1.8534,1.954,1.2893,0.0558,0.1554,0.7988,0.8237,1.4577,1.1009,0.8059,-1.4319,-0.5893,-1.0458,1.6799,0.5069,1.4029,-0.1578,0.0479,-0.1251,-1.3493,-1.1557,-1.3954,0.7276,0.4498,0.0582,-0.2055,0.0362,-0.5434,-0.2868,-1.3847,-1.6728,-1.8546,-1.3414,-2.5907,-0.5797,-0.8083,-1.3846,-0.873,-0.2851,-0.2412,-0.6926,-0.3014,0.772,0.7204,-0.0399,0.9474,-0.1904,0.674,-0.4428,-0.0821,-0.9075,-0.3041,0.4454,1.6709,3.0042,0.3777,0.3485,-0.3709,-0.3841,0.9209,1.3901,1.0025,-0.7068,2.1947,1.6708,1.1345,1.2114,0.0299,-0.1654,0.0116,0.493,-0.611,-0.6764,0.127,0.21,-0.6835,0.2054,0.8091,1.3338,0.3754,-0.5301,-0.742,-1.7585,-1.1583,-2.1418,-1.774,-0.5429,0.3725,0.4024,-0.8997,-0.8005,-2.1398,-0.9966,-0.8126,-0.3032,2.0701,1.8633,1.0707,0.8468,1.7224,1.6529,-0.8206,-0.2023,0.2251,0.029,-0.0604,-0.6163,-1.0047,-0.4882
"IC58",-1.0015,0.8028,1.0308,0.4807,-0.1271,0.037,-0.5604,-0.1187,0.3673,-0.8363,-1.2778,0.9148,0.802,0.1939,-0.2476,-0.9036,-0.4748,0.0931,0.3562,2.3561,2.2474,1.5171,-1.0844,-1.0767,0.2288,1.9297,1.7358,-0.0709,-2.1553,-2.0294,-1.1538,0.4819,0.6207,0.3489,-1.2349,-0.8686,-0.4345,-1.6252,-1.121,-0.339,0.4225,0.2166,0.3334,-1.566,-1.6183,-2.1864,-0.607,-0.3205,-0.3741,0.0522,-0.8901,-0.2981,-0.1495,0.8418,0.2701,0.8999,0.3124,0.7672,1.0389,1.5892,1.0068,1.4661,1.8304,2.5512,0.9167,0.6949,0.0191,0.4146,0.3182,-0.2097,-0.772,-0.9737,0.2334,1.1906,0.4436,-0.0681,-0.1853,-0.8158,-0.0431,0.6866,1.5089,1.1708,1.2528,-0.9121,-0.9467,-0.8598,-0.9276,-1.6587,-2.2109,-1.6458,-0.8269,0.3332,-0.6929,-0.9831,-2.0792,-1.1642,-0.4401,0.3836,0.9586,-0.2234,-1.2737,-1.7412,-0.2446,-0.1847,1.7129,1.4841,1.5094,0.0926,-0.6611,-0.3635,-0.2028,0.622,1.2821,2.0089,1.7877,1.8131,0.2541,-0.1274,-0.0367,0.581,0.1945,-0.4718,-1.2987,-0.8787,-0.1702,-0.4016,0.5225,-0.4474,-1.714,-1.4304,-0.5978,-0.3651,0.6863,0.8933,1.096,0.0645,0.5212,0.6611,0.8062,0.1683,1.6208,0.5035,-0.2062,-0.799,-0.933,-0.0659,-0.0172,0.121,0.6009,1.4942,-0.0449,0.2426,-0.357,-0.1523,-0.7023,-0.3156,-0.4321,-1.4807,0.026,0.8629,0.9992,-0.264,-1.8396,-0.6404,-0.552,-0.0532,-0.8763,0.3007,0.0269,-0.2473,-1.1784,-0.3801,0.1079,0.6106,0.2201,0.6449,0.2685,-0.7476,-0.376,-0.6166,-1.4086,-1.0737,0.6328,1.3182,0.8197,0.1902,-0.332,2.4201,2.9857,1.486,0.1404,-0.8346,-1.0171,-1.031,-0.5131,-0.003,0.2936,-0.1553,-1.1793,-1.2308,-0.6076,0.6758,0.8559,0.7652
"IC60",0.3709,0.0499,0.3048,-0.1516,-1.3658,-0.1427,-0.0455,0.3662,-0.381,0.6192,0.225,0.8558,-0.0905,-0.8413,-1.1994,-1.2839,-1.8434,-0.789,0.8705,1.5576,1.7286,1.1255,0.2315,-1.2206,0.7898,0.7869,-0.3169,-1.2232,0.1192,-0.2882,-0.072,0.9418,1.9181,1.5368,1.0078,-0.247,-0.5268,-0.4482,-0.6335,-0.5197,-0.6577,-0.8197,-0.7489,-0.2516,-0.8879,-0.0052,0.259,0.5929,0.3435,-0.8984,-0.6071,-0.7882,-0.2163,-0.6774,-0.7484,0.0434,-0.5914,-0.0063,0.9918,0.3743,1.3077,0.1947,0.7584,0.1943,0.0192,-0.2067,1.4162,0.9757,0.4426,1.9585,3.052,1.4691,0.239,1.3517,-0.3988,-1.6263,-1.6419,-1.1054,-1.6703,-0.1046,-0.0146,0.0659,-1.0249,0.7565,0.0414,-0.938,-0.7755,0.1151,0.0458,-0.2401,-0.4853,-0.8506,-1.0503,-1.0091,-0.8533,-0.7296,-0.5325,-0.6521,-1.7373,-2.1654,-1.3433,1.0297,0.9297,0.6328,-0.6754,0.7783,0.4864,1.0982,1.8418,1.3524,1.8315,0.6728,0.719,0.1521,-0.6611,-0.7026,-0.0769,1.1227,2.4132,1.744,0.7387,-0.1302,-0.0445,0.8357,0.3845,1.22,0.0548,-0.5424,-0.7122,-0.6434,-0.6575,-0.8755,-0.5247,-1.8044,-1.8036,-1.5401,-2.029,0.6348,1.092,1.1494,0.2716,0.2949,0.7018,0.8466,0.9621,0.3903,0.3283,0.3999,0.2538,0.1501,-0.9634,-0.8939,-0.8655,-0.8554,0.0749,-0.9442,-1.513,-0.5196,-0.3097,0.3778,0.0622,-1.8804,-1.7971,-1.1055,-0.1526,-0.3159,0.694,-0.1898,0.5926,-0.9835,1.1037,1.2484,1.7024,0.9179,1.3937,1.6314,1.1751,0.5414,0.8526,-1.22,-0.224,-0.1907,0.8574,1.1646,0.9944,0.6249,1.3006,1.278,1.2279,-0.3649,-1.21,-2.6145,-1.2463,-1.0646,-0.0127,-0.525,-2.1564,-1.504,-0.1487,-0.0944,1.4225,0.6099,1.1789,-0.9764
"IC62",-0.6491,-1.2565,-0.3026,0.2172,1.0617,1.0164,1.4713,0.5936,0.3358,0.0195,0.9595,0.7985,1.4281,0.4139,-0.1838,-0.7298,-0.567,-0.2378,0.3933,1.5773,1.1416,0.4221,-0.5076,-0.8376,-0.7717,-0.3374,-1.0734,-1.0857,-1.5571,-0.9141,-1.2918,-0.079,0.4814,0.7406,0.9315,-0.5144,-1.7598,-2.0488,-1.6187,-0.8675,-0.0185,0.6146,1.3225,1.6253,0.3736,-0.8231,0.1603,0.588,0.2385,-0.5345,-1.4987,-1.329,-1.5221,-0.8728,-2.0812,-1.3343,-0.515,0.8092,1.2755,2.1155,1.6768,1.8177,1.3148,1.5502,0.6536,0.4476,0.595,1.6037,0.9584,-0.3634,-0.4663,-0.1324,1.257,0.2793,0.2493,-0.1487,-0.0058,-0.2222,0.6452,0.9994,1.2073,0.4236,0.1333,-0.3254,-0.8242,-0.0463,-0.073,0.1391,-1.6981,-1.6262,-1.6562,-0.8195,-1.2233,-2.0289,-2.1051,-1.2059,-0.1781,0.284,1.2753,1.1485,0.9542,0.0617,-0.1197,-0.3204,0.417,0.1453,-0.4065,-0.3214,-0.9209,-0.2467,0.047,0.7975,0.0986,0.547,0.8352,-0.0167,-0.3133,0.0476,0.5806,0.5027,1.1849,0.3931,0.3918,0.0132,0.141,-0.0573,-0.7191,-0.9396,0.1997,-1.1753,-0.52,-0.5873,-0.0651,0.1777,-0.1977,-0.096,0.2867,0.956,1.4538,1.1375,0.6768,-0.1468,0.3356,1.4156,0.5926,0.9424,-0.4459,-0.7674,-1.535,-2.0126,-1.3418,-0.9333,-0.3666,0.4812,0.9395,1.7666,2.1309,2.5095,0.6678,-0.5143,-1.67,-0.6069,-0.6219,-0.2697,-0.7764,-1.4205,-0.7019,0.1139,-0.0263,0.5312,-0.2746,-0.3917,-0.9538,-0.583,-0.3983,0.0331,-0.2012,0.072,0.5867,1.5764,1.2951,0.531,-0.8053,-0.7266,-0.255,0.2108,0.522,0.3222,0.3331,0.1126,-1.0724,-1.3298,-1.1305,-0.8118,-1.7161,-1.6748,-1.8078,-1.1469,-0.059,0.7653,1.6782,2.2062,2.0953,2.7895
"IC63",0.168,-0.5368,-0.2679,-0.6109,0.775,0.186,0.7396,-0.1197,0.5314,0.5309,1.1903,0.3037,0.5826,-0.0675,0.2973,0.2765,0.6492,-0.6094,-0.8232,-0.8703,-1.4119,-1.1858,-0.6145,1.0226,0.5546,0.1013,0.6212,0.3859,-1.2234,-0.5096,-0.3659,0.1472,-0.3152,-1.3896,-0.9065,0.7291,1.4999,1.402,1.8797,1.3026,0.6787,-0.7781,-0.6712,-0.7862,-0.0607,-0.5223,-0.37,-0.7808,-1.3475,-0.9029,-0.1447,1.5394,1.0369,0.7638,-0.2529,-0.3965,-0.5079,0.3162,-0.6937,-0.5921,-1.2152,0.0173,-0.3719,0.203,-1.4027,-1.6409,-0.9115,0.7208,-0.3167,-0.6146,-1.0226,-0.7641,-0.0181,0.0437,1.1712,0.9356,2.1591,2.2201,2.5649,1.2404,0.7491,-0.8841,-0.2692,-0.8654,-0.2225,-0.2806,-0.4608,0.4221,0.7006,1.3758,0.6251,-0.3088,-0.8322,-0.347,-0.4719,0.3729,0.6357,-0.1904,1.3559,0.0552,-0.3097,0.3088,2.0729,2.1115,1.1482,-0.8396,-1.585,-1.0367,-0.9062,-0.4874,-1.0938,-1.1389,-1.9118,-0.9802,-0.6506,0.6087,0.2285,0.4334,0.4967,-0.8286,-0.7791,-0.6629,-0.1781,-1.1476,-0.7907,-1.0371,-0.8149,-1.5003,-0.486,-0.7227,0.3028,0.8758,1.4674,1.1414,0.8229,0.4021,1.1272,0.8509,1.033,-0.014,-0.4612,-0.3807,-1.0352,-0.4252,0.371,0.2617,-0.4791,0.7241,1.0105,1.9143,0.5414,-0.2664,-0.4647,0.2158,0.0964,0.5494,0.3007,1.3749,0.738,0.7315,-0.4517,0.9424,0.9025,2.225,1.6097,1.0241,-0.1458,-0.1707,-1.1983,-0.7727,-1.2185,-0.3457,-1.1082,-0.2765,-0.3023,-1.1112,-2.4212,-1.6441,-0.9104,-0.9319,-1.5276,-1.0955,-0.9871,-0.6062,-1.3739,-1.4381,-1.6141,-1.0046,-0.9109,0.1558,0.5327,1.312,1.5245,2.053,2.4033,3.1072,2.5441,1.2275,-0.2571,-0.3751,-0.9664,-0.3093,-0.1092,-0.5599
"IC64",-0.5351,0.1634,1.6806,1.8941,-0.8612,-0.419,0.0134,-0.1658,-1.1282,-1.2999,-0.5795,-0.1473,-0.3047,0.6582,1.87,0.739,0.2369,0.3029,-0.2805,1.1179,2.0372,1.5774,0.0992,-2.2759,-1.7628,-0.3947,-0.9149,-2.0316,-0.7385,-0.2863,-0.5058,-1.3737,0.8994,1.9877,1.1124,0.0169,-1.4018,-2.4033,-0.4825,0.4167,0.0612,0.8,1.5593,1.021,-0.8522,-0.1945,0.1627,0.8452,0.7069,-1.0251,-1.0409,-1.338,-0.6454,0.2939,0.6006,-0.2105,0.1294,0.0735,0.6828,-0.5811,-0.218,-0.0331,0.8765,1.8304,1.8165,-0.1513,-0.1975,-0.3635,0.0186,-0.3251,0.3958,1.0833,0.4636,1.3102,0.9603,1.3531,-0.8158,-0.6848,-0.1309,0.0103,0.0465,0.5356,-0.5637,0.8451,0.5499,-1.2513,-1.6022,-1.1767,-1.1898,-2.5338,-0.9818,0.4428,0.6173,0.0794,-0.5763,-1.2314,-1.0513,0.2471,0.0631,-1.3671,-2.0014,-0.7786,-1.4244,-0.1404,0.0447,2.2085,2.1921,1.0726,1.1013,0.5708,1.0228,0.7676,1.1004,0.8832,0.1593,0.8934,1.5039,-0.8352,0.3069,1.8031,1.0307,0.154,-2.1489,-2.1182,-0.1089,1.0959,0.4985,0.7297,0.3837,-0.4552,-0.8393,-0.7412,-1.0797,-0.4028,-0.8445,0.0207,-0.7871,-0.9373,-0.6062,0.158,-0.7939,0.5442,0.3374,0.5754,0.7514,-0.2033,-0.1665,-0.738,-0.3747,-0.805,0.5015,1.0921,1.5349,0.3298,0.8738,-0.9113,-1.2318,-0.7064,-1.0812,0.5261,1.1758,0.5783,0.5604,-0.8289,-0.3864,0.5177,1.6262,1.1047,1.2124,-0.8119,0.419,-1.2186,-1.466,-1.2032,-1.4145,-0.985,0.4119,0.8348,1.5584,0.7033,-0.2475,-1.3608,0.7381,-0.0826,1.3026,0.3051,0.1448,-0.8463,0.1562,-0.2246,-0.8827,-1.3916,-1.3224,-1.2003,-0.1048,0.2261,2.331,0.7307,1.2501,0.7251,-0.3246,-0.8032,0.245,0.0609
"IC65",0.2938,0.2965,0.3513,0.2501,0.3215,1.4468,0.2305,-0.6061,-1.2995,-0.5643,-0.1271,-0.6731,-2.0191,-1.9491,0.6722,1.8816,1.3347,0.7941,-0.2973,0.4077,0.5718,-0.0024,-1.0511,-0.8547,0.8088,0.7124,-0.7529,-1.5211,-0.0179,-0.23,0.7454,0.091,0.8016,0.9357,0.5101,0.0896,-0.5098,-1.1944,0.9205,0.4163,-1.2692,-1.9929,0.1104,1.288,0.1436,1.157,-0.2148,-0.4328,-0.2547,-0.4431,-1.2817,-0.9271,0.9047,1.8108,-0.6732,-1.6386,-0.2002,-0.7323,0.6213,0.0152,0.5209,0.0326,-0.2258,0.1135,0.6941,0.3879,0.4142,-0.011,0.6079,1.0357,1.967,1.0782,-1.4523,0.2087,0.1546,1.0152,-0.506,0.0086,1.6582,1.6105,0.11,-0.1766,-1.3848,-0.3067,-0.4275,0.1986,0.4949,-0.3209,-0.7386,-0.8439,-0.8321,-1.358,-0.1266,0.6689,-0.7308,-1.9765,-0.6641,-0.1776,-1.8823,-2.6084,-1.1335,0.3374,-1.6912,-1.0176,-1.3802,0.7612,0.7348,1.1234,1.2661,0.8037,0.8685,1.0809,1.3996,1.1972,1.61,1.9074,2.5011,0.181,-0.6697,-0.3603,1.131,0.375,-0.4787,-0.7188,-0.2873,0.4843,0.2276,0.852,1.399,0.7128,0.4755,0.3425,-0.9191,-1.8096,-0.8512,0.0016,-1.166,-0.3475,-0.7654,-1.2472,-2.2585,-0.0183,-0.6731,0.4219,1.225,1.1274,0.1269,0.2929,0.1301,-1.4583,-0.5483,1.0746,1.153,0.3171,-0.5748,-1.5944,-1.4821,-1.5931,-1.1376,-0.3115,-0.1892,-0.1288,0.9452,0.6649,0.32,0.6494,1.171,0.2387,0.9426,-0.9475,0.0655,-0.5422,0.5803,-0.1672,-0.4915,1.117,1.3024,1.4804,1.3939,1.4518,1.8568,0.7523,0.363,-2.2557,-0.7576,-1.9172,-0.2076,-0.5113,-0.2576,-1.18,-2.4945,-1.503,-0.2733,0.1194,1.2333,0.2778,0.9097,0.6161,1.606,0.273,0.3447,-1.057,-0.4281,0.0502
"IC66",-0.8393,-0.7079,-0.5124,-0.3665,-0.1211,0.7752,1.1078,0.7801,0.0728,0.4939,-0.0971,0.2191,-1.0291,-0.5531,-0.778,-0.5154,1.359,1.948,0.1446,-0.5039,-0.6592,-0.9364,-0.8517,-0.6307,-0.4787,-0.7511,0.6898,0.0978,0.0185,0.4533,-0.1871,0.6546,1.1447,0.7939,0.4475,0.6989,0.4989,1.9144,0.8539,1.3242,0.3208,-0.1213,-1.2868,-0.8223,-0.3375,0.9902,0.1306,-0.3325,-0.3774,-1.8067,-0.73,-0.4251,1.9397,0.39,-0.2322,-1.4584,-0.9903,-1.6443,-0.3411,-0.9563,-0.6252,-1.7729,-0.078,-1.6072,-1.8826,-1.303,-0.6985,-0.5732,0.1416,0.2521,1.2607,0.9052,-0.6033,0.3065,1.2101,2.277,2.2028,3.4917,1.9385,2.6256,2.4294,1.5179,0.2959,0.0354,0.4036,-0.1369,0.2592,-1.0833,-0.6814,-0.7967,-0.0915,-1.3463,-1.0346,-1.6705,-2.5526,-2.2083,-1.469,-1.4574,-1.9826,0.0887,0.1989,1.0778,1.527,1.0289,1.6085,-0.0892,-0.2994,-0.0641,-0.1295,-1.2065,0.0721,-0.2045,0.0924,0.4131,1.0293,1.9092,2.1836,2.3775,0.3197,-0.6856,-1.3062,-1.2665,-1.9496,-0.0412,-0.2914,-0.4785,-1.1162,0.5835,-0.4182,0.3246,-0.4343,0.2119,-1.5698,-1.1546,-0.4301,0.1743,-0.2851,0.1934,0.1985,1.3263,1.2307,0.6732,0.7293,0.3498,1.1752,-0.7142,-0.2629,0.1122,1.323,-0.1924,0.6311,-0.4904,-0.0003,-0.5115,0.2893,-1.0117,-0.0693,-1.0899,0.6489,-0.0387,0.5857,0.5371,0.6517,-0.0662,1.3044,0.1317,0.243,0.0136,0.0361,-0.1586,-0.9996,-1.0987,-1.0791,-1.9611,-0.9874,0.1337,1.077,-0.3173,-0.7506,-0.2468,0.2152,1.3665,0.1451,0.3824,0.3168,-0.0908,0.3112,-0.6498,-0.6708,0.4179,0.7175,-0.1469,-0.0764,-0.0705,1.2257,1.2519,0.3547,0.4412,0.3175,-0.8593,-1.1238,0.0094,-0.4613,-0.4515
"IC67",0.4076,0.5352,-0.1862,-0.0651,-0.0925,1.1269,1.2217,0.3318,-0.3504,-0.5171,0.3527,1.5052,-0.0567,-2.1864,-1.5481,-1.1072,-1.0415,0.0372,1.7771,0.5764,-0.1557,0.2076,-0.0438,-0.4613,-0.1934,0.5563,0.1723,-0.662,-0.8315,-0.1351,-0.4713,0.6227,1.562,1.8607,-0.3048,0.634,1.111,-0.5135,0.177,-0.0034,-0.0706,-0.5124,-1.3117,-0.9428,-1.2673,-0.5491,0.5436,0.2886,-0.834,0.1145,-0.033,-0.2422,-0.4774,0.6807,-0.4789,-0.7232,-0.2977,-0.235,-0.5859,0.0943,0.4913,0.6662,0.054,-0.3698,-0.4875,-0.4506,-0.2787,-1.2424,-1.0299,-0.8479,-0.4769,0.7696,0.2543,0.3155,0.1769,0.9571,0.6437,1.7552,2.2467,2.7834,3.5442,2.1709,0.3047,-0.1949,0.1631,0.736,0.6695,0.5797,0.0132,-0.6835,-0.6915,-1.6215,-2.941,-2.8972,-2.2692,-1.948,-1.4744,-0.2419,-0.7321,-2.0953,-0.4818,0.5613,0.9544,1.0711,0.6232,0.7877,-0.0144,-0.8078,0.1226,-0.5872,-0.6078,0.8575,0.8353,1.4303,1.6593,1.957,2.0321,1.2461,1.319,0.301,-0.5377,-1.1228,-0.6598,-0.0104,-0.0985,-1.2354,-0.2035,-0.2784,-1.2831,-0.7785,-1.3211,-1.747,-1.3102,-1.21,-0.896,-0.299,-0.3711,-0.1009,0.8933,1.04,2.2037,1.297,0.4893,-0.6041,-0.3888,1.8466,1.3643,0.7372,-0.3046,-0.0123,-0.2426,0.3279,-0.2029,-0.574,-0.9367,-0.3416,-0.9419,-0.4344,0.5918,0.1412,0.1715,1.0385,1.3346,1.5013,0.842,1.2266,0.7069,0.0771,-0.3968,-0.0566,-0.4953,-1.3395,-0.6339,-0.5693,-0.5909,-0.6542,0.3749,0.2242,-0.1532,-1.1095,-1.5932,-0.0932,0.7455,-0.6194,-0.9449,-0.4762,-0.2547,0.4136,0.5747,-0.4943,-1.3651,-1.2,-1.1255,-0.564,0.5361,0.8174,-0.0581,-0.772,1.4783,1.2,1.2878,0.5628,0.2778,1.0937
"IC68",-0.6357,0.0515,-0.9484,-1.2064,-0.9487,-0.6268,-0.4028,-0.4169,0.7488,0.6988,0.8298,0.9842,0.3544,0.95,-0.0345,0.0866,-0.0267,0.759,1.1022,1.8542,1.219,-1.7916,-1.9811,-0.633,0.2208,-0.1512,0.2627,-0.1692,0.7196,1.0682,0.7572,1.3138,1.8857,-0.1937,-1.6705,-1.1484,-0.8904,0.2141,0.0459,1.2334,1.7798,0.7484,-0.3898,-2.0829,-1.4735,-0.4548,-0.1693,-0.2654,-0.4171,-1.1367,-0.3407,0.5121,1.6171,0.9055,-0.064,-1.7807,-0.6032,-1.9257,-0.921,-1.6292,-1.1966,-1.2094,0.3219,0.1005,-0.5774,-0.3393,-0.2033,-1.1708,-0.2629,-0.1845,0.714,1.718,-0.0825,0.4109,1.7601,0.571,-0.4502,0.5568,1.8101,2.5432,3.0594,2.7142,1.1039,1.2424,1.165,1.2371,0.5244,-1.2613,-1.043,-0.8644,-0.8079,-0.147,0.1256,-0.7158,-1.9597,-2.4348,-0.6503,-0.2331,-0.5418,0.6058,-0.7644,-1.7044,-0.9317,-0.1424,0.8342,0.2392,-0.3608,0.1097,-0.0804,-0.0809,0.5719,0.7786,0.2089,0.5651,0.0867,-1.0497,-1.4841,0.1943,1.2065,1.4346,-0.6947,-0.9301,-0.8328,-0.1822,-0.7493,-0.2031,0.0525,0.524,-0.8698,-0.0191,-1.1887,-0.6444,-1.2731,-0.8643,0.2781,0.5725,0.8497,0.8688,0.8644,1.1285,1.7792,2.03,1.023,0.1213,0.5728,-0.2863,-0.2795,-0.833,0.7307,0.3748,-0.1036,-0.3454,0.0146,-0.5965,-0.5261,-0.0576,0.1874,-0.4768,0.9637,0.3808,0.8898,-0.1839,-0.3856,-0.7274,-0.5962,0.2731,1.4711,0.6051,0.2515,-0.0296,-0.4272,-0.0473,0.586,-0.8564,-0.5304,-1.6752,-1.468,-0.6812,-1.2028,-1.427,-1.656,0.433,1.5999,2.0289,1.0439,-1.2146,-0.7897,-0.562,-0.2653,-0.8091,-0.1377,0.7844,1.1128,0.6673,1.2327,1.3453,1.6907,0.7956,-0.771,-1.1755,0.1416,0.0813,-0.5751,-1.1719
"IC69",0.1508,-0.0985,0.9739,-0.4437,0.5052,-0.2059,1.8882,-0.3421,-0.2824,-0.1771,1.4049,-0.8444,0.1444,-1.6355,-0.2006,-1.7674,1.2823,0.4448,0.1565,0.224,-1.0428,0.3299,-0.4377,1.2093,-0.8688,0.5631,-0.4639,-1.6365,-1.4642,-0.3908,-0.4832,0.2715,0.0556,0.3565,1.2566,-1.0421,0.0291,-0.2362,0.8215,-0.2169,-0.359,-0.1958,0.8716,0.4762,0.8592,0.4681,0.395,0.7406,0.7579,1.0022,-0.9322,0.2255,-0.805,0.5207,-1.2172,0.5219,0.2236,1.2734,0.3234,1.9075,-0.6979,-0.1105,-0.1656,-1.2003,-1.5687,-0.2052,-1.4236,-0.4839,0.0041,1.5896,0.8797,1.573,2.7156,-0.8558,-0.0319,-1.7037,-0.7046,-0.8806,0.3571,-1.2217,-1.3013,-2.5859,-0.318,-1.6379,-1.3361,-0.3892,-0.4941,-0.2554,-1.2324,0.5417,0.4452,1.3815,0.5117,1.3406,0.5519,0.3498,1.4189,0.2841,-0.0322,0.1146,2.5536,1.0775,0.8387,0.8263,0.9575,0.0268,-1.0121,0.8274,0.4197,1.9575,-0.9874,0.5829,-0.4441,0.0074,-1.0235,-1.0015,-1.2122,0.0166,0.3809,-0.9682,0.9116,-0.5186,-0.0127,-0.4506,1.3694,-0.9301,-0.8774,-0.2111,1.139,-0.488,0.2835,-1.0742,-0.683,-3.4931,-2.0952,-1.4771,-1.0482,-1.2715,1.2841,0.8956,0.1719,-0.0251,0.9529,2.7099,1.0534,1.1628,-0.5093,0.2166,0.1193,0.2207,0.2846,0.5217,-1.4588,0.6579,0.0507,1.2277,0.8048,0.9579,0.6696,1.5567,0.349,1.1557,-2.1834,-2.2027,-1.1484,0.6029,-0.6398,0.7278,-0.2318,0.5473,-0.1047,1.3843,-1.1853,0.4725,-1.4854,0.8816,0.5109,0.6151,-1.5884,-0.1538,-0.297,1.056,-0.264,-0.6957,-1.0805,-0.6046,-1.4375,-0.6366,-1.4306,0.2443,-0.0191,1.6776,0.852,1.2358,-0.5321,0.0949,-0.4884,0.0694,-0.1972,0.7795,0.6099,-0.2604,-0.0983,0.6099
"IC71",-0.0467,-0.3316,-1.4292,-0.1732,-0.0181,1.1428,0.6474,0.8571,0.2961,0.5205,1.3218,1.6128,-0.4454,-0.2301,-0.8841,0.1295,-0.8335,0.5254,1.3998,0.4792,-0.4434,-3.2112,-3.4149,-2.7668,-0.0114,-0.4474,-0.6516,0.1711,1.1288,1.1042,0.9739,0.4259,1.3994,0.5697,-0.2574,0.3204,0.3348,1.2199,1.2809,0.9647,0.3225,-0.986,-1.6094,-1.2324,-0.4343,-0.2707,-0.4777,0.2963,0.2156,-0.6516,0.5362,0.8436,1.8567,0.877,0.549,-1.3587,-0.6699,-1.8007,-0.5252,-2.3922,-0.6788,-0.7801,0.9922,0.9799,1.0348,0.7465,1.5597,-0.2478,1.2115,-0.0347,0.7982,1.1771,-1.3413,-0.0383,-0.2776,0.367,-1.8014,-0.823,0.3524,1.8624,1.8701,2.3998,-0.8655,0.2375,0.1202,-0.3727,-1.8317,-1.6646,-0.3562,-1.3739,-0.6053,-0.1456,0.2776,1.037,0.9471,-0.3481,-0.5169,0.6688,-0.2295,-0.3099,-1.6171,-1.5622,-0.2517,0.1285,0.099,0.8506,-0.0802,0.5296,0.1761,-0.6692,-0.1605,-0.4033,0.1499,-0.4973,-0.4061,-0.3738,-0.3903,-0.0568,0.4758,1.2135,0.6368,1.1816,0.9375,1.4568,0.1773,0.2658,0.0372,0.9222,-0.0705,0.0946,0.0745,0.9184,-0.7288,-0.7177,0.0624,-0.9624,-2.2478,-0.9829,-0.3485,0.5209,0.5665,-0.2094,-1.1295,-0.4478,1.1319,0.5185,1.1663,0.8882,1.7012,1.5468,0.9815,0.3434,0.4305,-1.6165,-0.5779,-1.7219,-2.1106,-1.0614,0.0536,1.0949,0.4942,-1.5763,-0.2108,0.3199,0.6972,-0.0553,0.5075,-1.3685,-0.9125,-0.7512,0.4611,-0.6149,1.2227,-0.5772,0.3753,-1.0019,-0.2647,-0.894,-0.1072,0.1259,0.0052,0.4731,0.9489,1.2444,1.1935,-1.547,-0.3117,0.1245,0.5367,-0.4665,0.3039,0.1708,0.653,0.822,1.7437,1.2869,1.4477,0.5254,0.4503,-0.7197,-0.9296,-1.1255,-0.9698,-1.9749
"IC72",0.4997,-0.4476,-0.6074,-1.1719,-0.0303,0.6618,0.8303,-0.8196,-0.3872,0.8228,0.5968,0.0418,0.4788,0.6635,-0.6427,-0.321,0.2762,1.2408,1.0798,0.2148,-0.0297,0.2057,-0.8906,-1.0812,-0.5697,-0.0065,-0.3088,-0.7422,-0.6925,-0.4289,0.3254,2.4602,1.6386,0.3822,-0.215,-0.9808,-1.4304,-0.9321,0.3483,1.3839,0.8345,0.3584,0.3969,-0.1624,-0.7565,-0.2907,0.149,-0.7809,-0.9925,-0.5347,-1.1966,-0.9516,-0.3316,0.7142,-1.4029,-0.8635,-0.7447,0.3117,0.5192,0.8664,-0.0857,0.4252,0.1026,-0.402,-1.1107,-0.3036,0.3229,0.127,-0.8734,0.5194,-0.0316,-0.67,1.6019,1.399,1.7644,0.9546,1.8949,1.598,1.7673,1.6288,0.7568,0.2192,-0.2059,-0.7236,-0.8394,0.802,1.5013,0.9142,-0.7623,-0.6656,-0.599,-0.9848,-2.2068,-3.0447,-3.4129,-2.6568,-1.1859,-0.9168,-0.5033,0.7887,1.6627,1.0888,1.7086,0.553,1.2316,-0.5658,-0.5467,-0.1393,0.358,-0.1299,-0.1322,0.3416,0.3776,0.975,0.7422,0.7738,0.3967,0.6247,-0.4456,-0.9057,-1.5752,-3.3809,-2.3172,-1.1518,0.0763,0.0543,0.5103,0.5849,1.2167,1.4174,1.4351,0.8297,1.7996,0.3896,0.3266,-0.1991,0.2942,0.9308,0.0632,-0.2835,0.4791,-0.7914,-1.0046,-0.5562,-0.6736,1.9296,1.2159,1.0687,-0.1205,-1.0444,-1.225,0.5633,0.684,0.4827,-0.0391,1.0182,0.0842,-1.1663,-0.6111,-1.0406,-1.4948,-1.048,-0.6565,0.3903,-0.483,-0.036,-0.2009,0.5142,0.6645,0.4387,-0.6208,-1.0854,-1.4489,-1.7771,-0.3693,1.6791,1.3872,1.3034,0.0362,-0.3828,-0.0804,0.3229,0.4772,0.6153,0.0165,1.1919,0.5841,0.3506,0.3259,0.1521,0.1387,-1.304,-1.0338,0.1693,-0.202,-1.0454,-1.0821,0.4072,-0.5309,-1.1052,0.706,1.8546,1.3849,-0.8266
"IC73",0.8623,0.6108,-0.2096,-1.3462,0.6499,0.0796,2.1798,-0.655,0.5954,0.4609,2.147,-0.4082,0.0357,-0.9102,1.0621,0.4166,0.846,-0.6409,0.0908,0.2937,-0.7295,-0.2146,-0.7514,0.3053,-1.1471,0.3518,-0.305,-0.3567,-1.4507,-2.1991,-1.6731,-0.3194,-0.5126,-0.2566,-0.6644,-0.3919,1.5516,-0.0579,1.8873,0.7534,0.7217,-1.265,-0.3406,-1.2031,-0.688,-0.6219,0.1595,-0.6508,-1.7667,0.8589,-0.4291,1.0611,-0.1243,1.6448,0.2506,0.5161,-0.7403,0.7432,-1.3592,0.9137,-0.5558,1.4514,-0.5765,0.3776,-0.7199,0.051,-0.3257,0.9123,-0.255,0.6197,-0.1898,0.2417,1.338,-0.5418,2.3899,1.3892,2.2048,0.933,2.268,0.9829,0.8214,-1.388,-0.0512,-1.3214,-1.8642,-1.3727,-1.9488,-0.4117,-1.2017,1.1262,0.4009,0.6282,-0.7448,-1.798,-1.4463,-0.2728,-0.1096,-1.7564,0.4684,-1.4174,0.9013,0.4817,0.5629,0.1325,-0.5468,-0.358,-1.0515,-0.1137,-0.0717,1.3853,-0.1179,0.9565,-0.5646,0.2276,-0.6177,0.176,0.3696,1.1729,2.0889,0.8844,0.567,-0.3125,1.7403,-1.3285,0.0538,-0.8676,-0.8989,-2.2975,-0.994,-1.8992,0.5883,0.2505,1.9526,0.6128,0.3581,-1.0029,0.5541,-0.2922,0.5895,0.002,-0.3012,0.9322,0.4296,-0.618,-1.375,0.8772,-0.5472,0.5396,-0.7668,1.0083,-0.9507,-0.212,-0.3945,1.6875,0.6228,1.7828,0.6746,1.86,0.2763,1.1761,-0.1488,0.9538,0.1206,0.8852,-0.7061,0.5889,-0.9306,0.0522,-1.0224,-0.6974,-1.2771,-0.1339,-1.5605,0.0707,-0.9016,0.0473,-1.4102,-0.3899,-1.0386,-0.8149,-1.9884,-1.955,-1.0105,-0.3952,-1.24,0.2524,-0.4577,0.4144,-0.5273,0.6799,-0.0891,0.8228,1.002,1.7304,1.1705,1.6715,1.445,0.783,-0.8163,0.6096,0.2909,-0.279,0.0274,0.2009
"IC74",0.2547,-0.3391,1.2778,1.6317,-0.4603,0.5783,0.8292,1.3238,-0.8267,-0.3421,-0.3144,-0.4807,-1.1438,-0.0741,-1.3583,-0.384,-1.2247,0.83,0.4022,-0.3946,-0.488,-0.9015,0.045,0.431,2.054,1.1058,-0.2806,0.2554,-0.2188,1.2737,0.2649,1.1465,-0.4743,-0.7346,0.3266,-0.3564,-1.6781,0.7899,-0.6859,0.1338,-0.7264,-0.7264,-1.5051,-1.8103,-1.0686,-0.5086,0.2148,-1.2187,1.1629,0.4558,0.4661,-0.1526,0.2564,-0.291,-0.0194,0.8099,1.2524,0.1821,1.0307,0.6602,2.2083,-0.3502,-1.5125,-0.1397,-0.5051,-0.4569,-0.4665,-0.185,-0.5864,0.0996,-0.3639,0.079,0.4795,0.8115,-0.8703,-0.1468,-0.3166,0.825,-0.2982,0.0148,1.0843,1.0715,0.7329,1.4857,1.202,-0.0154,0.1639,-0.0413,0.6767,-0.4801,-0.2939,-0.653,0.0075,-0.9507,-0.8471,-1.4222,-0.7054,1.9468,-1.6704,0.1227,2.1053,1.5838,1.1758,-0.8894,0.6008,-1.9883,-1.9639,-1.1553,-0.3637,-0.8991,1.0677,-0.1253,-0.2632,-0.8189,-0.7319,-0.13,0.6892,1.3435,-1.3264,-0.245,1.0305,1.0504,-0.8158,-0.6245,-2.163,-0.821,-1.3482,-0.9845,-0.9596,-0.0165,0.8031,0.7305,1.0676,1.2544,1.4227,1.1665,0.2642,1.0465,0.5185,1.2357,2.7515,0.0418,0.3481,0.4946,0.6595,0.2104,-0.3514,-0.8758,-0.8922,-1.1654,-1.1512,-0.5206,-0.4489,-1.5568,-0.1272,0.4187,0.053,-0.6495,1.7006,2.1561,2.0466,0.9306,1.0518,-0.5689,-1.0217,-0.2631,-1.0531,-1.407,0.3881,-0.7595,-0.7329,0.1031,0.1189,-0.7583,-0.1026,-0.7351,-1.4801,-0.6124,-0.9982,-2.3,-1.7643,1.5943,-0.3176,0.956,0.6889,1.0545,0.3126,-0.9442,-1.0556,-0.0539,1.7578,0.7168,0.5112,0.3245,0.9715,1.2602,-0.2995,-0.2447,-2.0897,-2.2829,1.5755,1.9404,1.2798,-0.3483
"IC75",-1.6433,-1.2714,-0.187,0.0289,-0.5888,-0.0425,0.9252,1.0021,0.9076,1.762,0.2505,-0.3317,-0.797,0.3605,-1.6993,-0.4041,0.2654,-0.0672,0.7964,0.4688,-0.3718,-1.3271,-0.5532,0.2641,0.3114,-0.4035,1.2877,1.7389,0.7846,-0.0062,1.1923,2.2197,0.4828,-0.7449,-0.3042,-1.1917,-1.844,-0.8908,0.3816,0.8903,0.5689,-0.7253,-1.0045,-1.2515,-0.7878,0.3929,-1.1006,-0.1741,-0.0289,0.8493,1.6824,0.9106,1.3969,0.1037,0.4543,0.8203,0.5855,-0.1922,-1.6774,-2.2038,-0.5953,-1.4267,-0.1978,-0.3633,-0.4943,-0.7527,0.9512,-1.0742,-0.821,-1.0211,-0.5138,-0.4976,0.466,0.6734,0.6728,0.8096,1.4385,0.5674,0.7618,2.5833,0.8696,1.2916,-0.9624,1.1028,0.4946,0.2761,-0.484,-0.4353,0.0704,-0.3415,0.1805,-0.5509,-0.8409,-1.702,0.4105,0.4113,0.8104,-0.1393,-1.5913,-0.5887,-0.1954,0.2067,1.0813,1.665,0.4547,-0.7972,-0.3563,0.7518,-0.0746,-1.181,-0.819,-2.3563,-0.3363,-0.9853,-0.255,-0.5371,0.2183,2.2663,0.8436,-0.2034,1.002,-0.0241,-0.0731,-0.2699,-1.7484,-0.7817,-1.1164,-0.575,-0.1224,0.6907,0.642,0.4554,0.5893,0.7544,0.9547,0.2159,0.4129,1.0689,0.2227,2.1617,0.6094,-1.1007,-0.2673,0.6593,0.134,-0.3644,-0.0325,-0.036,-0.2932,-0.7006,-2.6984,-0.8428,0.0451,-1.0204,-0.6825,0.2543,1.611,0.7039,1.4869,0.2667,-0.3943,-0.3678,0.6135,0.5774,-1.0711,-0.6029,-0.4999,-2.422,0.5515,2.335,2.0529,1.0832,1.2201,-0.435,-1.0903,-1.2168,-2.2318,-1.3302,-0.4031,-1.9011,-1.1505,0.0739,0.5783,1.1926,0.2168,0.9647,1.0076,0.3437,0.6243,0.6932,1.8554,0.4887,0.7412,0.2116,1.3147,0.2329,-0.6433,0.0682,-1.4178,-2.5699,-0.7407,0.4109,1.0299,-1.2934
"IC76",-0.1785,0.3368,1.1739,0.7062,-0.3696,-0.0411,0.5649,0.0087,-0.0023,0.0975,0.5227,0.2805,0.0883,-1.1149,-1.7869,-1.0936,0.145,0.8689,1.0546,1.3223,1.5016,1.422,0.8636,0.0389,-0.2206,0.1104,-0.7679,-1.5885,-1.4445,-1.3918,-0.3116,1.4872,2.3252,0.965,-0.8083,-2.1831,-2.5609,-2.4629,-1.3644,-0.4442,0.7866,1.152,0.0407,-0.8804,-0.9306,1.1764,1.4703,0.1585,-0.1647,-0.4844,-1.439,-1.5415,-1.3118,0.007,-0.1211,0.3535,0.7494,0.998,1.3171,1.5385,0.8866,0.6445,0.3652,-0.6634,-1.1919,-1.2669,-0.057,-0.282,0.2761,0.1082,1.3442,0.843,1.0255,0.2314,0.4488,0.4888,0.1412,1.9926,1.8701,0.2725,-0.914,-0.5672,-0.4517,0.366,0.0254,0.4844,-0.6577,-1.0291,-0.881,0.1036,0.6944,-0.2653,-0.9043,-1.8249,-0.4568,-0.5041,-0.1188,-0.2943,-0.5578,0.3032,0.5328,0.511,0.7403,0.419,-0.5143,-0.4411,-0.6233,-0.6135,-0.5755,-0.0819,0.4045,0.7329,0.0489,-0.4557,-0.4985,-0.6267,-0.0219,1.0416,1.8285,0.8345,0.4843,-0.44,-0.3204,-0.6218,0.2683,-0.3528,-0.9211,-0.4763,-0.3892,-1.7561,-0.8353,-0.7446,-0.1114,0.3456,-0.9299,-0.1963,0.0702,1.4549,1.8204,1.7782,1.0863,0.6023,0.7204,1.0942,0.3578,0.1417,-1.6179,-1.2728,-1.7475,-2.1591,-0.3247,-0.2692,0.1145,0.7857,1.1241,1.5014,1.862,2.0835,1.9815,1.9432,1.6507,1.8837,0.4338,-2.0294,-2.1008,0.1926,1.0279,-0.0539,-1.4358,-1.3762,-0.9357,-1.5623,-1.5518,-2.0646,-1.0393,-0.0658,-0.4988,-0.4662,-0.9861,-1.3046,-1.1946,0.0139,0.3876,-0.4075,0.4545,0.1206,0.6152,0.185,0.0677,-0.9171,-0.3416,0.0377,0.322,1.2247,0.7666,-0.2656,-0.0068,-0.0095,1.3184,0.9602,0.6914,0.3205,0.3112,0.2009
"IC77",0.2571,-0.4994,-0.2708,0.0226,-1.1923,-0.6448,-0.0426,-0.3851,-0.7119,0.692,0.7183,0.6478,0.0099,-0.6731,-1.4734,-2.0346,-1.7423,0.0004,2.3933,2.0051,2.2298,1.8725,1.3356,-0.473,0.6356,0.8163,0.3103,-0.9116,-1.2025,-0.6796,-0.1712,0.2666,0.1268,0.3659,1.4757,-0.5357,-1.6695,-0.4078,1.1408,0.7598,0.5033,0.6588,0.4945,-0.32,-0.2857,0.022,-0.7986,0.2923,-0.1103,-1.5822,-1.7712,-1.4224,-1.2723,-0.3494,0.09,0.5276,-0.2549,-0.3332,0.0357,-0.0266,0.872,0.3099,0.5718,0.612,0.4197,-0.7813,0.6994,0.1693,0.6183,-0.3455,0.7195,0.125,0.2771,-0.2021,-1.1939,-1.0947,-0.8069,-0.0798,-0.2825,0.7502,1.0658,1.6406,-0.2903,1.7472,1.2001,0.6553,0.066,0.3641,0.244,-0.0535,-0.1273,-0.8688,-1.5807,-2.0241,-0.5966,-1.186,-0.9508,0.6819,0.7007,-0.9231,0.1155,2.1299,2.0075,0.6123,-0.1451,0.2582,-0.9966,-0.639,-0.9896,-0.0876,0.8938,-0.0214,0.038,-1.1351,-0.151,-0.8941,-0.3718,-0.2101,-0.2299,-0.1785,1.2524,-0.3706,-1.1487,-0.3637,0.7602,0.0675,-0.2683,-0.9871,-0.9355,-1.458,-0.5596,0.4933,1.6412,2.2058,2.5431,2.6397,1.9941,1.6626,1.1773,1.0687,0.1448,-0.6804,-1.4725,0.1919,-0.4519,-0.8496,-1.1378,-0.8499,-1.4288,-1.5258,-1.8258,-1.0519,-0.9531,-0.446,0.1107,-0.4031,-0.9138,0.9693,0.395,0.922,0.0278,-0.9374,-0.1958,-0.5913,-0.7872,-0.6119,-0.0335,-1.2151,-0.2163,0.7525,1.7577,0.5894,1.4192,1.7014,1.577,0.3486,0.5288,0.3033,0.6282,-0.0885,0.094,0.7703,-0.1556,0.1432,0.8284,1.0816,1.9731,1.0504,0.3576,-0.9167,-1.8644,-2.2746,-1.8892,-1.7483,-0.9116,-0.7041,-1.0564,-0.7312,0.8914,0.0826,0.7116,0.4568,0.6748,0.4359
