"IC05","-3.1099","-1.4648","0.1178","0.3183","0.4063","-0.0116","-0.3234","0.1449","-0.2662","0.2535","0.0210","0.5600","-0.1020","-0.0048","0.0903","0.1747","-0.6678","-0.1982","-0.1370","-0.2375","0.1296","0.8065","0.1411","0.7756","0.3890","1.4909","1.7653","0.2887","-0.0634","0.4813","-0.5678","-0.7143","-0.9276","-0.2727","-0.9919","0.1994","-0.5583","0.4213","-0.1910","0.3580","2.8826","0.9822","-0.2358","-0.0915","-0.8513","-0.5019","-0.2335","0.5315","0.5833","-0.0228","-0.3690","0.2426","-0.0902","0.5178","-0.1503","-1.0763","-0.6627","0.6217","0.3081","0.5273","2.1037","0.0641","0.0929","-0.2277","0.3108","-0.3221","-0.0092","-0.4238","-0.3852","0.1215","0.0991","0.5532","-0.6752","0.2519","1.1533","0.1902","0.2210","0.5676","-0.0999","0.0811","-0.6858","-0.9611","-2.6549","-2.7891","-1.8960","-1.2225","-0.8776","-0.9993","-1.0415","-0.3238","0.2457","-0.7092","-0.2264","0.9453","0.8019","-0.3108","-0.7238","-0.9806","-1.6758","-1.8393","0.9103","1.0440","1.9434","2.3216","1.7307","2.5967","1.5576","1.3915","1.8881","2.5321","2.2190","0.8736","-0.4280","0.1951","-0.5249","-0.5402","-0.3167","-0.6411","2.4359","0.5293","0.4106","0.6209","-0.8653","-1.0832","-1.1917","-1.4146","1.2102","0.5823","-0.2845","-0.7556","-1.5550","-0.6958","-0.7446","0.3437","-0.2096","0.1355","-1.1106","-1.6065","-1.5362","-1.3713","-1.9548","-1.1163","-1.4585","1.2346","0.1749","-1.3275","-1.0732","-0.1445","-0.3734","0.7422","0.4550","0.6613","1.0428","1.0722","0.9238","1.0686","0.7937","0.5327","0.2478","-0.4340","-0.9186","-0.7485","-0.3149","1.0462","-0.0671","-0.2163","-1.0623","0.2076","-0.9106","-1.2269","-0.3709","0.9931","1.1973","1.6668","0.9641","0.8956","0.8030","1.4053","1.9204","1.0982","0.2033","-0.5128","0.5859","0.8273","0.8493","0.0004","0.3812","-0.2579","-0.4347","0.3675","1.1030","0.4078","-0.5386","-0.8135","-0.6535","-2.2898","-2.0170","-0.2887","-0.0455","-0.4690","-0.4318","0.0757","-0.7099","-0.5427"
"IC08",-2.9887,-0.2051,1.856,1.493,1.5045,0.4415,-1.3981,-1.8133,-0.5326,0.8839,1.342,0.9262,-1.3132,-1.7676,0.5067,0.3819,-0.0674,1.4963,1.7174,1.4745,-0.2388,1.1176,-0.9679,-0.6345,-0.3992,-0.6863,0.65,1.3852,-0.283,-0.833,-1.8584,-0.7702,-1.3656,-0.3399,-0.8078,-0.5958,-0.4007,0.6219,0.7811,0.0647,0.0053,0.2181,0.4412,0.3019,-0.0714,0.6096,-0.5176,-1.0139,-0.9005,0.6173,-0.0264,-0.2888,-0.3358,0.0959,-1.1906,0.9081,2.3471,2.0245,-2.064,-0.4616,1.0007,1.7242,0.8047,-0.4555,-0.9326,-0.164,0.2676,0.481,0.3195,1.1688,0.3199,-1.3476,-2.5924,-1.6089,-0.2271,0.4107,1.246,1.4744,-0.1721,-1.195,-0.1992,1.0573,1.9918,1.0057,-0.5865,-2.6602,-1.1964,0.3423,-0.0192,-1.5982,0.043,0.8426,2.4986,1.6067,0.3886,-1.826,-0.3197,0.4142,-0.9713,-1.1323,-0.111,0.2626,-0.3775,-0.8628,-1.0557,1.4795,0.3322,-0.8151,-2.3113,0.2241,1.3613,1.971,1.0603,-0.135,-0.3893,0.5661,1.0221,-0.4497,0.8689,0.1048,-1.1754,-0.5379,-0.3641,-0.5607,-0.671,1.1378,0.742,0.4274,-0.1642,1.0681,0.0015,-0.1608,-0.5621,0.9455,0.7833,-1.3442,-1.9594,-0.7673,-0.4633,0.2382,-0.131,1.0767,0.7545,0.608,-0.5911,-0.589,-0.5522,-0.375,-0.7553,-0.2536,1.0919,-0.0785,0.1351,0.3681,0.5436,-0.0889,-0.2479,0.1021,-0.832,-1.0077,-0.5481,0.7449,0.0514,0.8281,1.3749,1.4153,-0.8092,0.2375,0.0249,0.9599,0.7567,0.9199,-1.2146,-0.443,0.2178,-0.4691,-0.9729,0.5243,1.1229,-0.2897,0.2785,-0.9123,0.2417,-0.1904,-0.3748,-1.9858,-0.9538,0.116,0.1339,0.3452,-0.181,-0.7117,-1.3644,-1.2661,-0.2356,0.9955,1.5547,1.9847,-0.5642,0.0194,0.0927,0.6095,-0.2391,0.3587
"IC09",-1.2948,-0.5497,1.567,2.5147,1.5339,0.7322,-0.0129,0.3393,-0.4385,-1.1273,0.0524,-0.4425,-1.2252,-1.5853,-0.6551,-0.6723,-0.6059,0.0486,-0.598,-0.2273,-0.036,0.1131,-0.3268,0.0393,0.3513,-0.0583,0.3889,1.657,2.1754,1.1889,-0.2416,-0.3733,-0.311,-0.6002,-1.6047,-1.3361,0.7722,0.3624,-0.2854,-0.3477,0.0472,0.7063,1.2751,0.6927,-0.5508,-0.8456,-1.1587,-0.8412,-0.6185,0.1532,-0.5512,-0.3254,-0.6132,0.238,0.5451,1.1758,0.4523,-0.3074,-0.0238,0.4494,0.5513,1.6,2.3444,2.3004,0.0136,-1.1016,-0.3005,0.5729,-0.5665,-0.9973,-0.5017,-0.2606,-0.1257,-0.5216,-0.1448,-0.4557,0.1104,-0.3473,-0.2641,0.3115,0.3107,-0.5436,-0.7135,-1.032,-0.979,-0.9543,-0.5067,-0.1213,-0.2355,-1.0168,-0.0464,-0.3824,-0.499,-0.4243,0.1329,1.7802,2.2782,1.4222,1.1291,2.3895,2.612,1.7825,-0.1355,-0.9456,-1.3433,-1.4182,-1.9788,-0.8216,-0.6183,-0.3129,-0.6536,-0.9773,0.2037,0.9616,-0.359,-1.2453,-1.367,0.0093,1.6547,2.3662,2.2931,0.876,-1.0686,-0.3101,-1.5126,-2.2673,-0.4791,1.0922,1.9971,0.8277,-0.3442,-0.7094,-0.9566,-1.6328,-1.6766,-1.6885,-0.9854,-0.3074,0.9384,1.9696,2.2965,2.2265,2.5909,2.0262,0.5218,-1.4038,-0.8429,-0.6069,-1.0208,-0.9373,-0.3017,-0.2952,-0.3941,0.3586,0.8211,0.3545,-0.3036,0.2029,-0.4255,-0.3004,-0.0561,-0.1189,-0.1613,-0.1529,-0.3451,-0.3812,-1.0013,-0.6144,-0.4458,0.4567,0.3424,-0.2293,-0.2598,0.0113,-0.5369,-0.373,0.5571,0.4474,0.3939,-0.2876,-0.0461,-0.1055,0.7286,0.4905,0.2283,0.4409,0.4338,0.5501,-0.1152,0.161,0.0715,-0.1615,-0.9621,-0.3347,-0.381,-0.0431,-0.9204,-0.6567,1.479,2.2538,1.0625,-0.476,-1.1532,-0.8112
"IC15",-1.9366,-0.0566,0.5973,0.7869,-0.6927,-1.2414,0.8182,-0.3771,-0.4727,0.8005,0.828,-0.3075,0.4105,0.6902,0.339,-1.5131,-1.6783,-1.2673,-0.646,-0.6201,0.7878,-0.3473,1.1074,1.3019,2.7483,0.946,-0.1757,0.5009,0.9414,1.0013,0.3066,0.3231,0.3423,-0.3002,1.719,-0.3787,0.4734,-0.3859,-0.723,-0.4199,0.5177,0.9619,0.4649,-1.0087,-1.4361,-1.7336,-0.2757,0.463,-1.0937,-1.8435,-0.567,0.0896,-1.1412,-1.3154,0.2992,-0.5105,-1.3236,-1.3237,0.9655,0.0467,-0.0803,-0.3367,-0.7389,-0.2573,-0.8993,0.2028,1.4875,2.5048,2.2235,1.2684,-0.1426,0.271,1.9662,0.5535,0.1042,0.944,1.1678,-0.3146,-0.2988,0.12,0.6365,-0.498,-1.2908,-1.7704,-0.6821,0.1803,-0.4799,-0.3703,0.3535,1.3315,2.1827,1.5942,-1.3011,-0.7997,-0.0121,-0.0113,-1.6165,-1.6067,-1.2508,-0.6188,-0.9705,-0.0274,-0.9416,0.1152,0.3852,-0.2663,0.9309,0.5828,-0.4554,0.3063,1.3985,1.1538,-0.8353,-1.0244,-0.5672,1.4749,1.9278,1.1383,-0.1151,0.6985,-0.3985,0.0801,0.0738,0.2853,-1.3639,-1.2594,1.1755,-0.4784,-0.6509,-1.5955,-0.4019,-0.8264,-0.8058,-0.2485,1.0169,0.5314,0.5664,0.1117,0.1501,-0.6439,-0.3764,-0.9514,-0.8823,1.0349,1.1183,-1.0031,-0.8172,1.1853,2.36,0.0962,0.3678,0.8628,1.1378,-0.7771,-0.3144,0.5751,1.6413,0.572,0.3728,0.2548,-0.3317,-0.5955,0.0138,0.3822,0.2303,-0.8168,-0.9265,-1.6582,-2.0708,-1.8092,-1.9003,0.0255,0.3915,-1.0303,-0.0204,0.9178,1.3373,0.0972,-0.5701,0.7313,0.2441,0.3616,0.513,1.4516,0.8038,0.3259,-0.8275,1.0537,2.2741,2.4789,0.22,-0.7865,-1.0584,-0.0035,-0.1646,-0.7908,-2.1104,-0.8691,0.066,-0.9448,-1.4918,-0.0001,1.0117,0.9801
"IC16",-1.219,-0.0936,1.2209,1.7324,0.4387,-0.7145,-2.2857,-1.2206,-0.3193,0.4204,0.3894,-0.9061,-0.8572,0.1827,0.8593,0.7096,1.2584,1.3406,1.0729,0.4647,0.1298,-1.3431,-2.3468,-1.6905,-0.6504,-0.0006,1.0436,0.8451,0.9773,1.1594,1.2673,0.9024,1.3358,1.3962,0.3181,-0.7639,-1.0469,-0.64,-0.716,-1.232,-2.029,-0.2729,0.3551,0.1635,-0.6272,-0.523,-0.4223,0.0469,1.3651,1.1955,-0.8234,-0.8194,-0.9737,-0.2996,-0.3062,0.5031,0.0166,-0.7704,-0.6327,-0.0501,0.8881,0.4762,0.63,-0.0834,-0.7442,0.2426,1.142,2.1379,1.3468,0.5972,0.7174,0.3243,-0.8636,-1.0313,0.4079,0.5299,-0.2498,0.2293,-0.1711,-0.007,-0.2917,-1.0962,-1.1465,-1.8427,-2.348,-1.8655,-1.1471,0.5254,1.1299,0.9743,1.3159,0.7608,0.5186,-0.3442,0.6169,1.3425,1.4809,0.8389,1.3857,2.5786,1.8258,-0.3383,-1.8288,-1.5093,-1.7218,-1.2876,-1.3111,-1.6225,-1.7095,-0.334,0.6315,1.3161,0.5712,0.5483,-0.7689,-0.8689,-0.3008,0.9609,2.1313,1.2603,-0.8323,-1.2568,-1.9102,-0.326,-0.3016,-0.8761,-0.8617,0.4876,1.5633,1.581,0.0443,-1.1568,-1.3372,0.4387,0.5119,0.5726,-0.0445,0.4656,0.8434,1.4714,1.9484,1.4856,0.1791,0.8187,0.9027,-0.8047,-1.9082,-1.1077,-0.6502,-0.7247,-0.3279,0.1642,-0.002,-0.6901,-0.9144,0.387,0.3806,-0.2373,-0.1779,0.7906,-0.1232,-1.4983,-1.5167,0.3681,0.6864,0.5301,-0.911,-1.6705,-0.6104,0.9262,0.9061,1.0952,0.5521,-0.0625,-0.3562,0.2485,0.6137,0.3959,0.3799,0.6358,0.5701,-1.1186,-1.3824,-0.5035,0.5698,0.5536,0.4004,0.3626,0.5917,0.6517,-0.5797,-1.1644,-0.8599,-0.1346,0.6693,1.4577,1.0343,-0.5194,0.1623,0.1929,-0.5311,-0.4521,-1.0893,-0.1236
"IC17",-1.7586,-0.166,0.4548,-0.9344,-0.8972,-0.632,0.1556,0.0017,0.9093,1.0602,0.9807,0.7357,2.3391,2.5546,1.0649,-1.184,-1.3571,-1.2254,-0.8257,-1.0173,-0.3714,0,1.4229,1.5639,1.2795,1.0845,0.1885,-0.909,-0.285,-0.3833,-1.8963,-2.0922,-2.0856,-2.4687,-0.9048,-0.1779,0.7774,1.3138,1.6899,0.5578,-0.6066,-2.3458,-0.8316,-0.9145,-0.6144,0.315,1.4131,1.7824,0.2657,0.5398,0.1648,0.3848,0.5547,0.7517,0.8389,0.0561,-0.0612,-0.5263,0.4746,0.15,1.7917,0.0339,-1.02,-0.3174,-0.9861,-0.6751,-0.5238,0.8146,1.3083,0.8528,0.6077,1.3454,1.0109,-0.1521,0.1519,0.5776,0.7032,-0.413,-0.4943,0.5719,-0.2315,-0.6435,0.2024,0.0465,-0.8704,-0.6209,0.1836,-0.3317,-0.5183,-1.0994,-1.5978,-0.5173,-0.185,-0.192,-0.1495,0.5213,0.1029,-0.2283,-0.3346,-0.3093,-0.8291,-1.4963,-2.0971,-0.5487,0.7608,-0.839,-1.8623,-1.6999,-0.9249,-0.9313,-0.0525,1.6501,0.2505,0.1877,1.5869,2.5757,2.7814,1.926,0.8506,1.259,0.6175,1.2476,2.6254,0.8841,-0.0069,0.3299,-0.3734,-1.3397,-0.5809,-0.6954,0.5859,0.6333,0.1805,-0.8421,0.0566,0.5307,1.0644,-0.5544,-1.1778,-1.6621,-0.7609,0.226,1.1971,1.1,-0.3739,-0.845,-1.2251,-0.896,0.4171,-0.068,-0.7421,-0.8635,0.2631,-0.1436,-0.7889,-1.6228,-0.8705,-1.0397,0.0335,0.0811,-0.0985,-0.0731,0.6809,0.0538,-0.5456,-1.1307,0.1041,0.4068,-0.546,-0.4602,-0.8125,0.2964,0.7617,0.1981,1.1764,1.9651,2.2256,0.609,-0.2958,0.0212,0.188,0.655,0.5709,0.8827,-0.0806,0.2955,-0.3731,-0.0945,0.1648,0.898,0.3952,0.0718,-0.0254,-0.1166,-1.1726,-0.2713,0.2522,1.1131,-0.0723,-1.6103,-1.8449,-1.4294,0.3042,0.8448
"IC18",-0.9994,-1.2357,-0.6877,-0.2253,0.0621,0.3716,1.3673,0.2905,0.7764,0.4474,-0.5151,0.7668,0.6765,0.3065,0.491,0.2474,-1.0522,-1.1834,0.225,-0.0379,-0.3182,0.0594,-0.1238,1.1299,0.2535,-0.4127,-0.5684,-1.4873,-0.8128,-0.5445,-0.0188,0.238,0.8156,0.4768,-1.6497,-0.5514,0.3015,0.066,0.5114,1.0366,3.1109,-0.8168,-0.2403,0.7572,0.1588,-0.3982,-0.6841,-0.1884,-0.5365,0.1525,0.8494,-0.2037,-0.5725,-0.41,0.8744,1.0123,-0.0412,0.1443,-1.0237,-0.6726,1.8522,-0.5238,-0.9496,-1.2402,0.9466,0.2505,0.0957,0.1826,1.0815,1.3965,1.2689,1.2025,-0.2252,0.206,0.3419,-1.2147,-0.7018,0.7404,-1.8867,-2.0523,-1.5914,0.0785,0.1478,0.0072,-0.2797,-1.3559,-1.689,-0.7625,-0.4176,-0.6976,-1.0051,0.0571,0.4939,0.5488,0.774,0.0885,1.2655,2.2339,0.7567,0.0627,0.2639,0.5697,-0.3889,0.502,-0.0467,0.0471,1.6643,1.801,-0.1462,-2.295,0.0189,2.5475,-1.4576,-0.9301,-0.3028,-0.0408,1.9623,1.6218,0.6482,-0.3644,-0.8149,-1.4811,-0.8576,-0.2983,0.5983,-0.5727,-1.5041,-1.8403,-0.6247,0.2357,-0.0053,0.5279,-0.184,-0.1843,-0.057,0.4061,0.5415,-1.1147,-0.1794,3.4702,0.4172,-1.3711,-2.8902,0.8351,2.5661,1.6654,-0.2577,-1.5386,0.4937,1.1861,-0.3788,0.0012,1.1339,0.2473,0.8343,-1.2745,-0.1968,-2.3736,-0.9102,-1.2358,-1.7584,-0.4154,0.7288,-0.3259,-0.3752,0.9895,0.634,-0.2995,-0.1971,1.0447,1.3079,0.8013,-0.2916,0.7371,-0.2303,0.1227,-0.0304,0.6009,-0.2802,-0.608,0.4385,-1.5768,-0.9805,0.8832,1.2728,-0.9463,1.0291,0.6102,0.1603,-0.4438,1.0589,1.5786,0.6696,-0.1533,0.6603,1.131,-1.5703,-1.6374,-0.1812,0.4207,-1.3764,-1.373,-0.2324,0.464
"IC19",0.6365,0.4808,-1.1239,0.227,1.4756,0.1487,-0.2612,-0.1517,-0.1462,0.0607,-0.1018,0.1374,-0.7656,0.0934,0.245,0.9205,0.6767,0.7055,0.4572,1.6801,1.5703,1.2269,1.0006,-0.0831,-0.4297,0.5459,0.2871,-0.6479,-1.9676,-0.5904,-0.4027,-1.001,-1.4963,-1.2037,-0.4036,-0.8025,-0.3502,-0.5976,-0.4883,-1.3119,-1.1837,-0.7879,-0.8706,0.0186,-0.1752,0.4726,-0.1015,0.3069,0.0855,0.1222,-0.6732,-0.0398,0.0118,-0.1617,-1.5246,0.2835,1.0188,0.3001,1.3401,1.013,-3.861,-1.4116,0.109,0.176,-0.1138,-0.2824,-0.0498,0.7204,0.8265,1.2375,0.3986,0.1389,1.4062,1.9187,1.1193,0.6801,0.9092,2.95,0.8289,0.3682,0.2006,0.0487,0.8208,0.9701,1.6568,1.0379,0.7686,0.0745,0.0746,0.309,-0.1975,-0.3589,0.4137,0.0455,-0.9354,-1.8683,-1.3338,-1.6182,-1.6332,-2.0189,-0.9692,-1.4597,-1.7576,-2.3673,-1.3198,0.0034,-0.5428,0.1928,0.2402,0.8541,1.1654,-1.9848,-0.7594,-0.6061,-0.0537,-0.6555,-0.2226,-0.8085,-0.0734,-0.2866,1.131,1.3269,0.5822,0.7824,1.0901,0.5364,-0.1741,-0.3784,0.6212,1.5414,1.3269,1.736,0.7996,0.9221,-0.3542,-0.083,-0.0358,0.3417,-0.305,-1.199,-1.2952,-0.2609,0.9886,0.5783,-0.5908,-0.4736,0.1639,0.6046,-0.3837,-1.4129,0.4433,1.345,1.9366,1.5155,1.2139,1.3235,1.5025,-0.0972,0.6119,1.0254,-0.3235,-0.5837,-0.3781,-0.187,-0.5464,-0.9805,-1.1509,-0.9902,-0.6206,-0.0168,-0.1,-0.8428,-0.9488,-1.39,-1.6218,-1.4702,-2.3532,-1.933,-0.7763,-0.3679,-0.9891,-1.5391,-0.2045,0.2926,1.4141,2.0246,1.0945,0.5612,0.7137,0.4248,0.6376,0.8868,0.1428,-1.4615,-1.6647,-0.2418,0.8503,0.6627,0.2085,0.507,1.1348,0.9394,0.5873,0.8346
"IC20",-1.3225,0.2807,-0.5771,-0.2733,-0.1791,-0.3346,-0.461,-0.3547,0.3228,0.764,1.2417,1.1771,0.9198,0.6404,1.4885,0.4072,-1.7265,-1.5828,-0.5909,-0.4641,-0.4539,0.0033,0.0913,0.2735,0.2074,0.4874,0.1948,-0.0767,-0.7513,-1.2168,-1.3178,-0.8223,-1.0273,-0.0279,1.303,0.6179,0.2707,1.3524,1.237,0.2366,0.5278,0.5048,0.6298,0.0922,0.307,1.0612,1.7185,1.8024,0.1427,-1.1102,-2.1233,-2.1177,-1.9945,-1.2245,-2.0239,-2.0908,-0.0653,1.0468,0.9843,1.1943,2.3759,-0.3014,-0.8677,-0.3951,0.1377,0.214,0.722,0.397,0.3077,1.5334,2.0184,1.7775,1.1395,1.0494,0.57,-0.8479,-0.6278,-0.1022,-0.4605,-0.8664,-1.1033,-1.5157,-1.487,-0.1038,0.6008,0.2822,-0.955,-1.7982,-1.3685,-0.8026,-1.1391,-0.0763,0.3417,0.0891,0.5563,-0.4884,-0.7686,-0.5008,-0.1601,-0.4561,-1.5852,-1.4054,0.3562,1.2503,1.3026,1.5687,0.7658,0.2448,0.7132,1.3717,1.5653,3.3442,0.4419,0.0149,0.5828,0.4356,1.0171,0.1743,-0.8838,-0.7133,0.188,-0.487,0.2105,-0.2013,-1.5967,-1.6662,-0.6311,-0.5893,-0.6013,0.2396,0.2851,0.1939,0.7295,0.7617,1.1996,0.5866,-0.5806,-0.5962,0.0779,-0.473,-1.0546,-1.0891,0.3537,0.9265,-0.8771,-2.5143,-0.6632,0.9436,0.8145,-0.0438,0.8492,1.6688,0.8645,-0.7591,-0.2645,-0.5244,-0.786,-1.9978,-1.0119,0.1185,-0.3861,0.4758,-0.2314,0.1748,0.3544,0.7739,-0.2506,-1.5521,-1.5492,-0.3505,0.9174,1.3852,1.156,1.5767,0.7686,0.2714,-0.552,-0.173,0.9838,1.2667,0.7898,-0.4697,-0.0762,0.4549,0.4093,-0.0155,0.8098,1.9463,1.1424,-0.7534,-0.8821,-0.2598,-1.2288,-2.1332,-1.0068,-0.0481,0.443,1.2826,-0.436,-1.4903,-1.0411,0.1979,0.4633,0.1384
"IC23",-0.3334,-0.9719,0.3779,1.3553,0.4813,-0.3282,-0.4062,-1.674,-1.1684,0.5854,0.5565,0.8013,-0.5163,0.0118,-0.0198,-0.7584,-1.6989,-0.6187,0.3824,0.5169,0.4483,0.3738,0.1424,1.0882,-0.7777,0.1246,1.2148,0.578,0.3608,-0.0695,-0.4444,-1.4954,-0.493,1.4762,1.1555,3.493,0.3704,-0.0796,-1.4104,0.1595,0.733,-0.7178,-1.2994,-1.689,-1.8664,-0.9888,1,1.5955,1.3154,0.3051,0.1401,-0.7874,0.1202,0.0415,-0.6733,0.0565,1.3681,1.1948,-0.9804,-0.1513,1.202,-1.3446,0.6972,1.0033,-0.2549,-1.7894,-1.7166,-0.2969,1.7821,0.986,0.4979,0.3517,-1.6614,0.1866,0.8314,0.6297,-0.193,-0.3221,-0.9479,-0.7221,-0.7053,-0.1291,-1.0376,0.0381,-0.5886,-0.3959,-1.489,-1.0551,-0.707,-0.0551,-0.9007,-0.2639,1.0139,1.3558,1.4235,0.219,0.1531,0.3946,0.8251,0.5859,2.2589,0.1721,-0.0937,-0.8205,0.0049,-0.7283,-0.5726,-0.9644,-1.314,-1.531,0.2169,0.4468,2.2682,1.6443,0.5556,0.881,2.0473,0.623,0.8177,1.6413,0.7735,-1.5721,0.346,0.1822,0.7797,-0.5435,-0.7923,-1.1274,-0.7439,0.4187,0.0051,-0.4462,-1.3071,-0.7533,-0.6171,0.3003,-1.1004,-0.3679,-1.3925,-0.6016,-0.4869,0.233,0.2476,1.5419,0.2739,-0.9097,-1.263,-1.0091,-1.5071,-1.3977,-1.454,-0.3348,0.1757,0.8259,0.8491,0.7937,0.9766,0.5368,0.4531,-0.5298,0.7399,0.4884,0.206,-0.1677,0.27,0.6902,-0.3047,-0.3648,0.4133,1.0237,1.6704,2.2503,1.595,0.7996,0.1031,0.9575,-0.3619,0.1843,-0.5069,-0.7435,0.0565,-0.5009,-0.269,0.2786,0.7132,-1.1919,-0.8029,-2.4448,0.3151,0.2705,-0.4877,-0.9754,-2.1121,-1.9509,-0.5823,0.501,1.828,1.7902,2.4385,1.1293,-0.4322,-0.947,-1.131,-0.5515
"IC24",-1.2165,-1.6011,1.1584,-0.386,0.9246,-0.0264,0.5911,-1.1946,-1.3886,0.1969,0.3835,0.536,-0.3684,-0.5435,-0.3719,1.2344,-0.2012,-0.3789,-0.8849,-0.0322,0.0119,1.1674,-0.1094,1.3894,2.2564,0.6192,-0.853,1.1731,2.2988,1.3799,-1.489,-1.7874,-1.7909,-0.4471,0.7525,2.0937,0.5976,-0.4641,0.2686,0.5566,0.2371,1.3505,0.8098,-0.023,-2.0637,-2.0658,-1.119,-0.4252,-0.7936,-0.6964,0.1932,0.0681,-0.4731,0.2916,0.836,0.4925,-1.4816,0.0134,0.2085,-1.0131,-2.3006,2.6776,1.0088,-0.1077,-0.4098,-0.3828,-0.569,-0.3773,-0.4656,-0.1561,-0.7613,-0.2861,-0.5591,0.5887,0.289,0.8154,0.7868,1.0238,0.9733,0.8634,-0.6568,0.2376,0.2916,-0.6316,0.122,0.3412,0.1927,-1.0415,-0.8337,-1.3773,-1.6672,-0.3907,0.6485,0.2212,1.1645,0.1392,0.4077,-1.0878,-0.1922,0.2213,1.1823,1.6189,1.1765,1.8902,1.4609,1.1112,1.055,0.8145,-0.1166,0.3729,-1.5599,-1.9594,0.6359,-0.678,0.7753,0.197,-0.5754,-2.2282,1.1306,0.9296,0.5849,-1.0309,-1.2834,-0.7791,-0.8503,-1.4152,-1.2722,-0.8913,-1.7856,0.2713,1.0084,0.8739,-1.9902,-1.1318,0.1838,1.0249,-1.1347,-1.7419,-0.715,0.1028,-0.4582,1.0601,1.4821,2.6125,1.4697,1.1591,-1.085,-0.2119,1.2929,0.6832,-0.5664,-0.6943,0.7217,0.9636,-0.2654,-1.7961,0.6319,1.0704,0.4567,-1.0684,0.3807,1.1074,0.5266,-0.1261,0.0739,1.5428,1.2913,1.1313,-0.1926,-0.6437,-2.1447,0.0416,-0.3208,0.1385,-0.8165,0.3591,0.1663,0.1008,-0.2911,-0.4692,-0.1452,0.4512,0.9163,-1.1817,-0.5902,-1.4891,-0.1356,-0.0728,0.3062,0.4459,-0.3106,0.0048,-0.7833,-0.7591,-1.4761,-0.305,0.4759,1.493,0.905,0.3979,-1.0123,0.4408,0.6368,0.0502
"IC26",-1.9554,-1.3671,0.3854,0.6486,1.029,0.2544,-0.0055,0.1592,0.5148,1.3998,0.1697,0.2372,0.5918,0.4447,0.0516,0.7569,-0.2663,-0.1058,-0.31,0.922,0.2783,1.0156,1.2096,1.533,-0.0549,-0.4369,-0.1999,0.3176,-1.2104,-2.347,-2.5618,-1.5076,-2.2147,-1.1534,-1.7358,0.4496,-0.5015,-0.2407,-0.1849,0.2694,0.4791,-0.301,-1.0758,-0.2993,-0.4212,0.4758,0.7439,1.827,1.3106,0.5518,-0.0189,0.1503,-0.4752,0.7115,-0.2295,0.1019,-0.13,1.3093,0.9779,1.5998,1.1126,0.0446,0.265,-0.5602,0.2154,0.4089,0.0738,0.2764,-0.6719,0.5662,0.9666,0.9449,0.2619,0.8351,1.0601,-0.6589,-0.5515,1.1582,-0.5985,-1.1489,-0.8927,-1.7758,-2.34,-1.5816,-0.4674,0.2512,0.624,0.1038,0.0586,0.26,0.4226,-1.238,-0.0611,-0.774,0.5121,-0.3941,0.3682,-0.9625,-2.0084,-1.4667,-1.0702,-0.0396,0.9681,1.316,0.1444,0.3805,-1.1073,0.1196,-0.5335,-0.0505,0.6202,0.2561,0.1407,0.4765,1.3921,0.9575,1.9925,1.3038,1.3036,-0.4606,-0.9361,-0.0266,1.973,1.6908,0.0197,0.4184,-0.0742,-0.2068,-0.7829,0.361,-0.047,-0.2923,-0.7595,-0.3961,-0.1316,1.054,0.6646,0.2648,-1.2716,-1.5564,-1.0549,-0.3989,-0.2569,1.2839,0.1252,-1.2112,-1.4541,-1.0277,-0.1725,-0.9124,-0.9615,-0.2214,1.278,-0.1987,-0.5407,-0.8135,0.7535,0.3703,0.0792,0.363,0.6767,1.0173,-0.0752,0.5517,0.1626,0.7578,-0.4436,-1.2912,-2.005,-1.0757,-0.311,1.4632,0.8881,1.128,1.2459,2.1149,-0.068,-1.2628,-0.3106,0.1966,1.606,0.4827,1.0221,0.6899,0.4548,-0.9375,0.2687,0.7667,1.2985,-0.6816,-1.6368,-1.4701,-2.3116,-2.6913,-2.0992,-1.6998,-1.711,1.4298,1.9934,1.3442,0.5377,0.5651,0.4672,1.6438
"IC27",-0.4119,-0.1578,-0.6584,0.6311,-0.0229,-0.7489,0.3712,0.3903,0.2102,-0.8143,-1.8742,-0.9631,0.3068,1.6854,0.9231,-1.1282,-1.2228,-0.4598,-0.475,-0.5216,-0.4118,0.0688,1.0211,0.2407,-0.1642,0.8262,2.477,0.9027,-0.1196,-0.0168,-0.3633,0.7148,1.6555,1.2437,0.016,-1.1696,0.114,0.7739,0.6659,0.3225,-0.2685,-0.7556,-0.3321,-0.8339,-1.2784,-0.9479,-0.3269,-0.1603,-0.1328,-0.0989,0.1387,-0.2991,-0.3597,0.4166,0.7749,0.5473,0.2275,0.1252,1.9033,1.9154,0.868,-0.9943,-0.508,-0.1813,-0.7559,-0.4104,0.6431,0.9243,0.3145,-0.0282,-1.0817,-0.8754,-0.4425,-0.8702,-1.0742,-0.7899,-0.3644,-0.1259,-0.2131,-0.3204,-0.3244,-0.3562,-1.0636,-1.2835,-0.7363,0.0825,0.371,0.8815,0.7447,-0.1289,0.0718,0.6411,0.0928,-0.6687,-0.2211,0.7841,1.0786,0.1891,-0.0611,0.6415,1.3173,0.4362,-1.1045,-0.2326,1.6946,1.4543,0.6584,0.3604,1.8671,2.2264,1.5924,-0.8338,-1.6775,-1.9641,-1.0295,-0.4953,-0.2819,-0.6573,0.478,1.0992,0.3633,-0.5504,-1.7168,-1.1254,-0.6025,0.4415,1.0025,0.2442,-0.4396,-1.2573,-1.5472,-1.0324,-0.2328,0.3509,-0.2207,-0.2548,-0.1877,0.7581,1.1834,0.1513,-0.3297,-0.5538,-0.1453,0.0258,0.936,-0.0315,-0.3772,-0.3274,0.1721,-0.0286,-0.3448,-0.0937,0.3608,0.3073,0.3144,0.9944,1.8901,0.8221,1.257,0.2431,-1.1069,-0.6121,-0.9485,-1.6012,-1.629,-0.4453,0.6147,0.0564,1.5888,2.6165,1.8614,0.1652,-1.8132,-1.9628,-1.385,-1.1935,-0.1662,0.3701,0.137,0.0352,-0.5268,-0.8768,-0.669,-0.2951,1.0095,2.2136,0.9097,0.3995,-0.0027,-0.3816,-0.3909,-0.6039,0.3515,2.0076,2.9062,3.3294,2.7296,-0.7448,-1.863,-1.6285,-1.5044,-1.7767,-1.8445,-1.2165
"IC29",-0.5351,0.1364,-0.0098,-0.6946,-1.1042,0.0718,0.3693,0.4492,0.1987,-0.1837,0.2612,0.0928,0.3257,0.0776,0.0368,-0.4681,-1.003,-1.2406,-0.7294,-0.6631,-0.1406,0.1997,1.0349,2.4812,2.7283,1.6485,0.2554,-0.0666,0.4906,-0.4904,-1.2202,-0.9551,-1.4574,-0.978,-0.4317,0.8165,1.7459,1.5636,0.9783,0.307,0.7511,-0.0505,-0.7996,-1.1248,-1.1645,-0.544,-0.503,-0.6127,-0.5958,-0.4748,-0.8899,-1.0061,-1.0121,-0.9217,-1.2481,-1.8849,-1.223,-0.4443,0.5978,0.0333,-0.0281,1.1462,2.0257,2.7593,3.0882,1.6725,0.1673,-0.5723,-0.1393,1.1397,1.9576,1.7037,0.8954,0.5967,1.0472,0.9194,1.0021,-0.2502,-0.8261,-1.3709,-1.4712,-0.8017,-0.9513,-0.5879,-0.4462,0.0061,0.1033,-0.3753,0.1006,0.2028,-0.6455,-1.6077,-1.7786,-1.1364,-0.4474,-0.7092,-0.9095,-0.3268,-0.9535,-1.5924,-1.4074,-0.0865,1.2362,1.6781,0.4564,-0.5685,-0.7103,-0.2404,0.7826,0.888,-0.0814,0.5936,0.8081,0.7392,0.8104,0.5519,0.1076,0.2777,-0.109,0.1694,-0.1007,0.117,0.6144,0.4276,0.2885,0.3513,0.5765,0.3167,0.0398,0.0353,-0.3585,0.1602,0.3515,1.3189,1.4953,1.7846,1.8331,0.349,-1.1156,-1.6677,-0.6052,0.3105,0.0899,-1.1845,-2.0251,-1.756,-0.7499,-0.3016,-0.9563,-0.5028,-0.2903,-0.2024,0.7532,1.6494,1.6017,0.9613,-0.5374,-0.5517,-0.3915,-1.0133,-1.0344,-0.9999,-0.476,-0.5643,-1.2336,-1.3548,-0.9147,-0.8159,-0.988,-0.9514,-0.7393,-0.0877,0.9478,1.5958,2.064,1.9051,1.0802,0.1068,0.455,-0.0966,-0.4047,0.358,1.7405,2.6139,1.7587,0.8649,0.7699,0.6302,-0.1445,-0.4542,-0.1871,0.5729,0.0501,-0.9461,-1.3344,-0.7993,0.2523,-0.2707,-0.9933,-1.123,-0.3718,0.1544,-0.1383,-0.894
"IC31",-0.1289,0.7945,0.7667,1.5541,-0.1713,-1.0076,0.1036,-1.2887,-1.119,-0.4099,0.198,-0.6215,-1.3313,-0.872,1.0116,-0.0495,-1.5776,0.3325,1.3492,1.696,-0.2113,0.7983,-0.9007,-0.7489,-0.2849,0.6849,0.8238,0.3741,-0.3283,0.4682,0.1715,1.7102,1.2576,1.599,0.6901,0.8859,-0.6825,-0.2295,1.0301,-1.1011,-1.4976,0.3285,0.878,-0.2991,-1.8706,-0.6653,-0.0255,0.2775,-1.5427,-0.9488,-1.1552,-0.9721,-1.6739,-0.1387,-0.4387,-0.3251,0.1725,1.4461,-0.6306,0.0832,-0.1661,0.3866,1.2696,2.2968,0.5967,-0.4046,0.0811,2.0317,1.316,0.5453,-0.4315,-0.5112,-0.3805,-0.5978,-0.505,-1.2515,-1.154,-1.2329,-1.2185,-1.3167,-0.4327,-1.465,-1.6013,-0.5365,1.1366,0.7119,0.4527,-0.2444,1.1426,1.5476,1.9399,0.4407,1.5233,0.7249,1.2324,0.0302,0.3463,0.4254,0.5092,1.2634,1.06,0.6126,0.4304,0.9326,-0.0657,0.9604,-1.3735,-0.8224,-1.0242,1.0183,0.2543,-1.5035,-1.1588,-0.6672,-1.0053,-1.5362,-0.1656,-0.4339,-0.8304,-0.4733,0.0974,-0.7789,-1.1303,-0.4723,-1.5323,-1.1795,-0.549,1.1857,0.6485,2.0142,1.1787,-1.0667,-1.1863,-0.5726,-0.045,-0.8813,-1.0398,0.7464,1.4596,0.2871,-0.6558,0.6198,1.9902,2.882,1.3084,-0.6179,-0.3334,-0.0827,-0.3788,-1.7927,-0.1832,0.1816,0.5598,-0.6497,1.0927,1.843,1.0379,-0.9434,-0.9329,1.1083,0.6652,0.0926,-0.6326,1.288,1.0881,0.8131,-1.7699,-1.5604,-1.093,1.4052,1.7025,0.8129,-1.2573,-0.0029,0.0642,-0.3469,-1.377,-1.0215,0.4333,-0.3349,0.288,-1.9256,-1.1323,-0.315,0.3731,-1.0957,-2.1273,-0.4365,0.691,0.622,-0.102,0.4435,0.5511,0.4477,0.0709,0.7118,1.2123,0.8653,-0.4513,-0.4756,-0.829,1.5647,0.1734,-0.2764
"IC33",-2.1089,-1.9645,-1.2607,-0.3001,-0.9177,-1.9002,0.265,-0.1502,0.1835,-0.2995,-0.167,0.5257,0.6735,2.8736,4.0354,1.1381,-0.8594,-0.9858,0.3205,0.4405,-0.2056,-1.2701,-0.1604,0.5978,-0.0675,-0.1758,1.0468,1.3371,0.7248,0.2371,0.0944,-0.2711,-0.4768,-1.112,-0.1464,0.4669,1.3141,0.4543,0.5185,0.1626,0.4608,0.4312,0.4563,-1.4602,-1.9373,-0.9874,0.3404,1.0446,-0.7639,-0.2896,1.2116,0.5662,-0.5287,-0.589,0.8681,1.2124,0.9291,-0.0637,-0.9644,-0.3335,-0.0347,0.1374,0.2945,-0.1252,-0.6918,-0.8661,-0.8795,-0.0905,0.4115,-1.622,-1.7392,0.0036,0.3205,0.3965,0.9985,1.4255,0.913,-0.1735,-0.5334,0.2221,0.4489,0.1634,-0.883,-0.9443,-1.1343,-0.703,-0.6922,-0.8291,-0.5138,-0.8213,-1.0242,0.3695,0.7777,0.0853,-1.2006,0.0352,1.2546,0.8874,1.0356,1.1972,1.9668,1.8715,-0.6253,-1.4465,1.1467,0.6556,0.9991,1.5612,1.0434,0.5234,0.9166,-1.8641,-2.3046,-0.8376,-0.7237,-1.0009,0.1196,0.4646,-0.0958,1.6371,1.8513,0.7606,1.5337,-0.3717,-0.4371,0.1513,-0.5016,-1.0151,-0.4645,-0.8715,-0.7733,-1.1623,-0.8129,-1.3574,-0.4648,-0.0408,0.3637,-0.1595,0.1181,-0.0672,0.1211,-0.2045,-0.6208,-0.3307,-0.3534,-1.1035,-1.527,-1.6395,0.5957,1.4484,1.5776,1.1616,1.0812,0.7815,0.3452,-0.1857,0.5628,-0.3771,0.5477,-0.427,-0.7559,0.0031,0.9632,-0.818,-0.9215,-0.1427,0.6356,1.2515,0.8338,0.9209,-0.3703,-1.7222,-1.6129,-0.237,0.2559,-0.0357,0.66,1.2895,-0.4755,-0.7161,0.8478,0.3783,-1.2095,0.3707,1.919,2.2121,0.9381,0.0464,0.4122,0.8476,0.4681,0.1108,0.6978,0.9165,1.0193,1.265,-0.4219,-1.3185,-1.3927,-1.6804,-1.1553,-1.8084,-1.7627,-0.5349
"IC36",0.5302,-0.0113,-0.8754,-1.1415,-1.8266,-0.1567,-0.3444,-0.0324,0.8663,0.8962,1.4113,-0.7686,1.15,0.0578,-0.3986,-0.5073,0.4853,1.228,1.1268,2.4503,1.6754,1.7999,1.904,0.4728,0.7926,-0.5426,-1.3291,-1.8866,-1.8562,-1.6272,-2.0134,-1.6075,-2.1492,-1.5625,-0.1825,-0.8991,0.6794,-0.2227,0.5472,0.4211,0.7709,-0.6809,-0.3953,0.832,0.7851,0.4679,-0.0652,-0.0233,-0.5969,0.2093,0.0342,0.6501,-0.0361,-0.4631,-0.2696,0.3171,0.0539,-0.6149,-0.0749,-0.4006,-1.0016,-0.2445,0.1907,2.3535,1.5897,0.6433,-0.331,0.344,0.6617,1.7949,1.4025,-0.9279,-0.2077,-1.7346,-1.3791,0.3309,1.0434,-1.2068,-0.9223,0.0715,1.5736,0.5251,1.1059,0.8938,0.4036,-0.4074,0.7629,0.6963,0.6653,0.4441,1.8101,0.6915,-1.0923,-2.2575,-1.5133,-0.7225,-1.6301,-1.3086,-1.6265,-1.3687,-2.3032,-0.8811,0.4124,1.3514,-0.6472,-1.3,-1.2766,-0.3426,0.6288,0.7709,-0.0685,0.5713,1.5611,2.0455,1.0272,1.0146,-0.2262,-0.7474,-0.3718,0.9481,-0.4345,0.2628,-0.2297,0.5108,-0.2604,0.4189,1.0219,0.6661,-0.0489,-0.219,-0.46,-0.1729,1.1425,1.544,1.2078,0.4318,1.1698,0.6314,0.2267,-2.0576,-0.7689,0.8806,0.8997,-2.4162,-2.794,-0.4365,-0.1775,-1.2672,-1.3296,-0.0804,1.2062,-0.1748,0.1632,0.666,1.3234,0.9654,-1.1926,-1.0185,-0.9771,0.0753,-0.2247,0.6016,0.6767,0.7483,-0.9748,-1.2253,-0.0669,0.1468,-0.3286,-0.1646,0.0199,0.9629,1.4458,0.698,0.1876,0.0989,1.0849,-0.1175,0.4654,-0.802,-0.794,-0.2293,0.3763,0.3898,-0.153,1.3148,0.0172,0.1723,-0.9174,-0.7635,-1.5369,-0.7231,-0.4659,-0.5311,-0.972,0.45,0.9323,0.8387,0.3453,0.0568,-0.4752,-0.3094,0.5301,0.9816
"IC37",-0.0811,0.3711,-0.1057,0.8531,0.1036,-0.1472,-0.2088,-0.6352,-0.1874,-0.4241,-0.0842,-0.5235,-0.0199,0.9213,1.8306,1.0052,-0.959,-0.8699,-0.9173,-0.6634,-1.7814,-1.104,-1.27,-0.2356,0.659,0.1726,0.7904,0.3905,-0.3469,0.4174,-0.9775,-0.0427,-0.2483,0.3744,-0.1176,-0.3664,0.2911,1.4255,2.6408,-0.0826,-0.2347,-2.0051,-0.826,0.5177,0.0272,0.6282,1.1043,1.4948,-0.1159,0.5408,-0.8079,0.8354,0.122,0.6211,0.4612,1.0431,0.5744,1.3297,0.8222,1.8317,1.3429,-1.6976,-2.0341,-0.6741,-0.9313,-1.1315,-1.2556,0.1488,0.4538,1.8064,1.0434,0.5625,-0.1482,-1.3733,-0.7956,-0.1229,0.8417,-1.0171,-2.3697,-2.144,-1.3198,-1.4273,-0.6558,-0.8993,-0.273,-0.9795,0.0067,0.3164,1.277,0.6592,-0.0718,-0.1333,1.1232,0.4111,1.1632,0.5878,0.4453,0.2635,1.4941,1.802,-0.2274,-1.4215,-1.1911,0.4352,0.4748,0.2286,-1.1845,-0.5347,-0.4466,0.9007,1.0511,2.3721,-1.1047,-1.5055,-1.2064,-0.2872,1.3255,0.3964,-0.3311,-0.253,-0.1626,0.5709,0.5096,-0.2196,-1.2085,0.6623,0.1262,0.4456,-0.5752,-0.6917,-0.2966,1.1402,1.649,1.1753,0.2805,-0.5525,0.5731,1.0029,1.3229,0.8158,-0.798,0.5516,1.2234,1.2385,-0.4077,-0.8408,-0.1415,-0.387,-1.3765,-1.5054,-1.0464,-0.865,-0.4008,-0.7454,0.1182,-0.9867,-1.9857,-1.9603,-1.306,-0.991,-1.4014,-0.9216,-1.7745,-0.2308,-0.2148,-0.2348,0.0111,0.3009,-0.3219,0.746,1.0071,1.6977,1.8325,2.7207,2.1292,0.4335,0.6175,0.4089,1.2816,1.1326,0.0601,0.0817,0.9658,1.2164,1.3683,0.9559,-0.0581,-0.0562,-1.0173,-0.2983,-0.7368,-0.4141,-0.666,-0.5042,-0.6246,0.4623,1.5172,0.8343,-1.2868,-1.7445,-2.0271,-0.0955,-0.2043,-0.4987
"IC38",-1.5189,-0.6727,-0.3936,0.6288,0.6731,0.4719,-0.2405,0.225,0.4282,0.825,1.3353,1.1264,0.0893,0.2053,0.7632,0.6476,-0.9218,-1.5148,-1.4429,-0.4364,-0.5486,-0.8007,-0.85,0.5084,1.2197,1.3461,0.9561,-0.4601,-0.5109,-0.7849,-0.9663,-0.4697,-1.2576,-0.7326,-0.3291,0.1494,1.2316,0.7399,0.1671,-0.5212,0.5574,-0.114,-0.7015,-0.1655,-0.6729,-0.2621,-0.5687,-0.3005,0.2866,0.3952,-0.5098,-1.0011,-0.7745,0.0855,-0.8432,-0.9964,-0.3639,0.8398,1.9779,2.4753,3.4701,0.5627,-0.1429,0.1867,0.6146,0.6789,0.3459,-0.0536,-0.2404,0.4496,1.5135,2.123,1.4892,1.0877,-0.0543,-0.2165,-0.1618,-0.4864,-0.0657,0.1466,-0.3775,-1.4184,-1.6676,-0.7859,0.1708,0.3651,-0.1431,-0.886,-0.9493,-0.9141,-0.6116,-1.2396,-1.4617,-0.812,-1.0951,-2.1194,-2.3136,-1.9117,-1.5592,-2.5142,-0.9042,0.1517,0.5228,0.889,1.5046,1.0123,0.5868,0.2695,1.1839,1.5463,1.4795,3.0869,0.2923,-0.0632,0.305,-0.1496,-0.0423,0.2021,1.5648,1.2942,1.4771,1.3809,0.3146,0.8353,0.9565,0.1132,0.7414,0.9178,0.4762,-0.4486,-1.3149,-0.1765,0.0489,0.4815,-0.0246,-0.3934,-0.414,-0.5466,-0.5621,-1.3258,-2.2541,-0.8125,0.2672,0.2182,-1.9667,-2.4052,-0.8779,0.4108,-0.0139,0.8712,0.9807,0.7963,0.0034,0.486,1.4689,0.8335,0.2596,0.1801,-0.1049,-0.4157,-1.2166,-1.4302,-0.577,-0.0253,-1.7872,-1.849,-1.1739,-1.1668,-1.2409,-0.5956,-0.0728,0.4861,0.9191,1.5457,0.8815,0.4653,0.6534,1.2914,1.2886,0.4325,-0.474,0.2295,1.2909,1.0422,0.9355,0.6088,0.8315,0.9893,0.6457,0.7549,0.204,0.4568,0.5065,-0.3813,-1.5638,-1.5232,-0.4743,-0.5497,0.3163,-0.1458,-0.6368,-0.0442,-0.7761,-0.9753
"IC41",-2.8888,0.2806,1.3176,-0.6722,-0.8451,0.1543,-0.4058,-0.4701,0.3437,1.665,1.8614,0.8943,0.4221,0.59,0.7593,0.0666,-0.2921,-0.5482,0.1263,0.1761,-0.5794,-1.5305,-0.6263,1.571,0.727,-0.407,-0.2261,-0.1512,-0.3737,-0.7539,-1.1039,-1.0922,-1.0971,0.2114,1.1056,1.3009,0.6391,-0.4863,-1.0508,-0.5244,-0.7647,-1.3909,-0.2571,-0.1746,-0.0273,0.8772,1.9129,0.9901,-0.0475,-0.6524,-1.1835,-0.4675,0.3196,0.5646,-0.1216,-0.4669,0.1954,1.0444,0.6906,0.4528,2.2476,0.3849,-1.7372,-1.7883,-0.6086,-0.1844,-0.1843,1.1204,1.9279,2.6106,2.091,0.7913,0.183,0.4267,0.3028,0.4313,0.3323,-0.3369,0.7169,0.2283,-1.5317,-2.0714,-1.2259,-0.7125,-0.456,-1.4552,-1.8165,-0.8475,-0.1673,0.0029,0.2662,-0.1097,-0.2284,0.2115,0.4635,0.2425,-0.9134,-0.8808,-0.4378,-0.2157,-1.0583,-0.8213,0.0797,0.5336,-0.0706,-0.5724,-0.401,-0.9666,-0.1469,-0.036,-0.2526,2.6752,0.3069,0.204,0.5565,1.3934,1.7806,1.3027,0.962,-0.2518,-1.2654,-0.7619,-0.0563,0.5439,-0.1135,-0.993,0.0641,0.2453,-0.1262,0.8364,1.2146,1.5464,-0.1095,0.7802,1.747,1.6978,1.256,0.2051,-0.1632,-0.6338,-0.466,0.7714,-0.5006,-0.8734,-1.7908,-0.8031,-1.1461,-1.0599,-0.4627,0.2294,-0.3381,-0.155,-0.8389,0.5543,0.3069,-1.0807,-1.6324,0.0221,0.1053,-1.3933,-1.5715,-1.7826,-1.5431,-0.9312,-1.2526,-0.4187,-0.4286,-0.4394,0.0169,0.3746,1.3879,2.8869,2.4453,2.598,1.313,0.6206,0.8306,0.3383,0.008,0.2885,-0.0538,0.6915,-0.0947,-0.6705,0.2661,0.5792,1.4207,1.5845,1.0283,0.4673,-1.3051,-0.7536,-1.0561,-1.0121,-1.3794,-0.7742,0.3673,1.211,0.3649,-0.931,-1.4491,0.0238,-0.2827,-0.2158
"IC42",-0.642,0.1842,1.6732,1.5476,-0.1968,-0.2636,-0.4667,-0.0749,0.1244,0.138,1.0795,1.3642,0.3393,-0.81,-0.7786,-0.4311,-0.6613,-0.9518,-0.8027,-0.1556,-0.5332,-0.7263,0.0525,0.1006,1.327,1.2613,-0.5183,-0.2036,0.5239,0.1375,-0.532,-2.0632,-2.9453,-1.71,-0.8134,0.0539,1.9521,1.3128,1.2379,1.4984,0.2833,-0.3772,-0.2751,-1.1489,-1.6186,-1.0553,-0.1054,1.2812,1.875,2.1901,0.9898,0.6937,0.0474,-1.0067,-1.4634,-0.4729,0.2518,0.3145,0.5602,1.6868,0.8097,0.7032,0.2227,0.5741,0.5619,-0.2713,-1.499,-1.4295,-0.9053,-0.5326,-0.221,0.1481,0.174,-0.3816,-0.3171,0.3723,0.7806,0.5001,0.7022,-0.7974,-1.405,-0.4897,-0.0803,-0.2841,0.0278,1.022,1.2871,0.2839,-0.8559,-2.2604,-1.6776,-0.7863,-0.6229,0.2717,0.6048,0.3202,-1.1729,-0.7759,-0.9755,-0.7392,-0.1267,0.6839,0.9765,1.0358,0.6155,1.3368,2.3308,2.4498,1.5195,0.8495,0.7448,0.5573,0.5414,0.4408,-0.2113,-0.6175,-0.6143,-0.2321,-0.1388,0.4075,-1.0395,-1.4947,-1.1738,-0.5232,-0.7889,-1.1825,-0.8007,-2.2266,-2.7138,-1.3059,-0.1477,2.0697,3.024,1.6569,1.0994,0.7549,0.5282,-0.2538,-0.29,-1.4116,-1.0435,0.4726,0.1215,-0.5652,0.5937,0.5694,0.6346,-0.0058,-0.4883,0.563,0.7679,0.1959,-0.1645,-0.1177,-1.2235,-1.8669,-1.2848,-0.114,0.5398,0.6206,0.126,1.085,0.9012,-0.2928,-0.1358,1.1063,0.9363,0.2716,-0.0637,0.5221,0.535,0.9386,0.785,0.0613,-0.5932,-1.2391,-0.4859,-0.2669,0.103,0.0294,-0.05,0.3496,0.206,-1.0823,-1.5293,-1.2314,-1.8212,-1.3161,-0.8706,0.3694,0.32,0.0791,-0.6426,-0.3532,0.357,1.1243,0.4178,1.2853,2.3049,1.7033,-0.0631,-0.57,-0.5361,-0.4723
"IC43",0.5292,-1.4653,-0.4681,0.902,-0.0938,-0.0525,1.4006,1.2573,1.1399,-0.0146,-1.1538,-1.278,-0.6783,-0.5438,-0.9842,-0.0214,0.1479,-0.1557,-0.1442,0.6167,-1.44,-2.0682,-1.94,0.101,2.0141,1.4633,1.0101,-0.5415,0.0295,1.0775,0.7543,0.8807,0.5138,0.7444,-0.6555,-0.3636,0.8655,0.1114,-0.2296,0.4123,1.0554,-0.3301,-1.0749,-0.3524,-1.3889,-1.1176,-1.05,-0.4449,0.1862,1.7991,1.1937,1.001,0.1466,1.0278,0.8249,0.4561,0.9092,1.8047,0.8672,-1.1746,-2.3479,0.0866,-0.0476,-0.6101,-0.8033,-0.0318,-0.4498,0.209,-0.5452,-0.3596,-0.6224,-0.4124,-1.2777,-2.7188,-1.6843,-0.2735,0.3983,-0.5002,-0.8681,-0.5861,0.1425,0.4765,1.2253,1.0097,1.2107,0.4054,0.7393,0.5709,0.8727,0.9443,0.4672,-0.9187,-0.7198,-0.164,0.5179,0.2077,-0.5686,-0.7855,0.4909,1.2185,1.7234,1.8431,0.9701,0.9095,-0.7098,0.0187,1.0628,1.6998,0.5921,0.8653,-0.572,-0.9151,-0.6677,-1.2222,-1.2315,-1.645,-1.2312,-1.0086,-0.1468,-0.3084,-0.468,0.0458,-1.8008,-1.4128,-0.815,-0.0955,-1.3119,-1.0905,-1.4278,-1.4594,-1.0814,0.8539,2.2279,2.0807,0.7453,1.7912,1.901,1.3571,1.2711,-0.5077,-1.1353,1.21,2.0664,0.3006,0.5898,1.4414,0.7013,-0.2413,-1.5193,0.0637,0.7656,-0.2099,-0.5599,-0.3992,0.1284,0.2021,-1.3445,-1.2657,-0.6662,-0.4091,-2.2541,-0.8684,-0.0574,0.2009,-1.3372,0.1779,0.574,0.248,-0.5013,0.486,1.1941,1.2997,-0.0771,-0.1717,-0.3979,-0.7977,0.1681,0.4463,1.4163,-0.0065,-1.6858,-0.0699,1.4685,0.8397,0.1237,0.1537,-0.3357,-1.0822,-1.3182,0.7372,0.8592,0.4605,0.1514,0.493,0.6082,1.263,1.66,-0.734,-0.84,-0.8503,-0.0531,0.7057,-0.954,-1.8063
"IC44",-0.6274,0.3779,-0.1979,-0.1452,0.0425,0.2709,0.072,-0.6047,-0.0971,0.3663,0.0473,-0.6585,-0.1204,0.4931,0.9709,0.778,0.4733,1.4491,1.3728,0.0289,-0.7998,-0.0376,-0.6037,-1.1959,-1.9509,-1.6375,-0.4436,1.7354,0.2143,0.3014,0.7593,1.319,1.6796,1.6179,1.2903,0.2344,-2.189,-1.8626,-1.1147,-1.8002,-1.7583,-0.3944,0.2461,0.7699,0.3805,0.7425,1.2552,0.7753,-0.1665,-0.1296,-0.9351,-0.8384,-0.4639,-0.4702,-1.3126,-0.7977,-0.2158,0.1177,-2.0664,-0.5192,3.2966,-0.1126,-0.0594,0.8318,0.0007,0.2143,0.4414,1.0528,-0.0145,-0.2677,-0.1379,-0.1545,-0.183,0.2409,0.7728,0.3325,0.6852,1.3588,0.8372,-0.9329,-0.4377,-0.3403,-0.4104,-1.0075,-0.758,-1.0502,-0.2341,-0.7301,-0.2818,-0.1459,-0.2386,-0.1364,1.0935,0.7285,1.0504,1.1646,1.7613,2.0054,1.5592,2.3338,1.2402,-0.4039,-1.1271,-1.1163,-0.8637,-0.0541,-1.2745,-1.1094,-2.1236,-1.822,-0.5604,1.1231,-0.1302,-0.3668,-0.9152,-0.4444,0.9621,0.7647,0.1491,-0.0823,-1.0341,-0.842,-0.1256,-0.1217,-0.6986,-1.3693,-2.3596,-0.727,-0.3804,1.2568,1.57,0.0911,-0.2167,-0.7221,0.7264,0.2299,-0.7293,-0.4231,0.4924,2.1358,2.2757,1.2576,0.6038,2.2018,2.9549,0.814,-0.4294,-0.8368,0.4088,-0.6844,-0.4787,-0.6136,0.5062,-1.0715,-1.4326,-0.0419,0.7658,-0.34,-1.6056,-0.4874,-0.0905,0.3857,-1.2751,-1.0661,0.9538,0.9515,-1.01,-1.1802,-0.5428,0.7858,1.7335,1.0326,-0.334,0.9104,0.6174,-0.0606,-0.4906,-0.4669,0.0423,0.6517,1.734,-0.6958,-1.7933,-1.5199,-0.7,-1.1001,-1.0603,0.0333,0.7968,0.2817,-0.4106,-0.7931,-0.6819,-0.3397,0.0503,1.2855,0.6987,0.5698,-0.3685,0.3294,-0.1461,0.2415,0.2782,1.2421
"IC45",-1.2505,-0.4734,-1.1338,0.7911,0.4923,-0.6365,2.2164,1.6104,0.1206,0.4331,0.3349,-0.2853,-0.564,0.6159,0.359,1.3825,1.2293,-0.7699,-1.5252,-0.3787,-0.5176,-2.4419,-1.7278,-0.7666,-1.2127,1.1569,1.5632,1.8952,2.1196,1.0756,1.2972,-0.9667,0.6169,0.1192,-0.4917,-0.8745,-2.7262,0.0539,-1.0775,-0.9153,-0.5072,1.5725,-0.5303,-0.0745,-0.122,-1.389,-0.8788,0.3673,0.4362,-0.556,0.0021,0.244,1.1772,-0.8904,-1.9295,-1.7101,0.058,-0.0775,-0.7462,-1.1116,0.274,0.9324,3.3757,1.7772,1.6139,1.3027,0.2589,-0.1648,0.6995,0.1461,0.1964,-0.0957,-0.4885,1.3685,1.229,1.2853,0.17,0.984,-0.3235,-0.5947,-0.6945,-0.6528,-1.5582,-0.7079,-0.2792,0.2437,-1.8462,-1.2403,-0.3714,0.7691,-0.8863,-0.5535,-0.6303,0.0744,0.5355,2.17,1.3644,-0.0817,-0.2054,0.3984,1.1724,-0.7527,0.1152,-1.7279,-0.6328,-0.4931,-0.5534,-1.1307,-0.0412,-1.4848,-0.3861,0.4358,1.2101,1.0675,-0.2111,-0.3841,0.3016,0.8093,-0.8894,-0.4388,0.7886,-0.807,0.1531,0.3608,0.9853,-1.1896,-0.6948,-0.7103,-0.4977,-0.9476,0.4267,-0.1281,0.5987,0.3151,0.1612,1.8376,0.6081,2.2707,1.4221,0.8926,-0.0775,-0.9888,-0.1228,0.4062,1.7153,1.493,1.1856,0.4832,-0.3517,-0.3011,-0.8247,-0.4401,-1.7914,-1.5787,-1.6589,0.3022,-0.8088,-0.8737,0.203,0.9822,-0.1817,-1.4585,-1.3022,-0.145,-0.2014,0.3186,0.2849,0.3229,-0.134,-0.9313,0.9868,0.3594,-0.1315,-0.5649,-0.2378,0.1424,-0.7446,0.9769,1.5437,0.7295,-0.6856,-0.7262,-1.0828,1.0705,1.3018,1.193,-0.1527,-1.8609,-0.1749,0.2058,0.3533,-0.0888,0.4928,-1.249,-1.1611,-0.6487,0.5968,0.7272,0.927,1.0207,1.3213,-0.0488,-0.9621,-0.6603
"IC46",0.7659,0.3615,-0.074,-0.0929,-0.3168,0.2564,0.1522,0.2153,0.5689,0.6031,1.2354,0.0038,-0.9359,-1.6341,-0.6727,0.2425,1.9355,2.3723,2.3018,1.7564,0.5241,-0.6681,-1.6065,-2.4829,-2.0442,-0.7836,-0.5552,-1.1588,-1.6741,-1.7542,-0.7608,-0.4047,0.4604,0.313,-0.5994,-1.4804,-1.0691,-0.2651,-0.2541,-0.3066,0.4366,0.8744,0.342,0.3565,0.8963,1.1726,1.3766,0.8561,0.1162,1.0773,1.4989,1.161,0.3894,0.0725,1.2439,1.2975,1.4099,0.226,0.3469,0.3607,0.5348,-0.9712,-1.2523,-0.9186,-1.7548,-1.1156,-0.6522,-0.0278,0.0521,-0.7999,-1.718,-1.7035,-0.5113,-1.6082,-1.0756,-0.433,-0.3272,-1.1596,-0.4507,0.0799,1.7421,1.8273,1.9974,1.8828,1.2551,-0.2799,-0.418,-0.2245,-0.1002,-0.1191,0.406,0.5374,0.2818,-0.3338,-0.7502,0.6269,0.2702,0.2437,-0.11,0.7497,0.4809,0.2867,-0.3327,-0.781,-1.4681,-0.5344,0.0416,1.0176,0.8712,0.4697,-0.081,0.8659,1.3228,0.4635,-1.2224,-0.8918,-1.0637,-1.4939,-1.2608,0.1864,0.3267,0.6157,-0.209,0.1583,0.6368,0.9258,0.5833,-0.5146,-0.8016,-1.115,0.0405,0.3854,0.6782,-0.7292,-0.8921,-1.063,-0.1044,0.3097,0.1008,-0.8588,0.1127,0.511,1.6772,0.4184,0.0883,0.4576,0.4185,0.5899,0.1148,-0.6026,0.4922,0.1003,-1.1129,-1.8381,-1.0309,-0.1502,-1.3321,-1.0417,-0.067,1.2121,0.3555,0.8956,1.6081,1.9773,0.7727,-0.0229,-0.0564,0.3197,0.7924,1.3925,2.1481,1.9631,0.6864,-0.2145,-1.0148,-1.538,-1.4536,-0.6292,0.1824,0.5059,-0.1116,-1.5298,-2.0919,-0.8593,-1.2517,-1.3016,-1.6412,-0.7522,-0.9486,-0.9518,-1.0236,-0.6966,-0.3818,-0.0155,1.1107,1.9948,2.3671,1.0104,-0.0521,-0.2622,0.0799,0.9255,0.8641,0.8239
"IC47",-1.281,-0.8203,0.4902,0.1245,-0.4885,-0.8118,-1.1754,-0.7587,0.4229,2.2296,1.7814,-0.0679,-0.6324,-0.7651,-0.4419,-0.1818,0.006,2.1317,2.5468,1.0106,-0.4151,-0.3302,-0.703,0.4178,-0.3166,-0.1968,-0.4832,-0.5919,0.1701,-0.547,-0.6399,-0.1565,0.4649,2.0029,0.9022,0.6139,-1.0147,-0.838,-1.189,-1.4885,-1.0621,0.2502,0.3523,0.2529,0.1884,1.2313,1.4639,0.4235,-1.3706,-1.3889,-1.4653,-0.9855,-0.3788,0.3655,-0.4231,1.1135,1.721,1.7188,0.779,0.1312,-2.705,-0.9999,0.8586,0.097,-0.5171,0.0861,0.3847,2.0313,2.162,1.4434,-0.4506,-1.2629,-1.6155,-0.4796,0.0299,-0.1706,-0.007,0.3859,-0.3909,-0.3846,0.2261,-0.8313,-0.7735,0.5243,0.2829,-0.3141,-0.3041,0.2307,1.0034,0.7179,0.4534,-0.6252,0.0603,-0.9608,-0.7609,-1.0456,-0.2881,-0.5797,0.512,1.0645,0.665,-0.1109,0.6346,0.2722,-1.3245,-1.4462,-1.02,-0.8837,0.6296,1.5226,0.3057,-1.7192,1.5744,1.8951,0.0289,-1.0846,0.2127,1.1519,2.2482,0.7853,-0.013,-0.5453,-0.6945,-0.2725,-0.9907,-0.8944,0.5318,0.5348,0.4579,2.3073,0.8014,-0.206,-1.5779,-0.2806,-0.5112,-0.9137,-1.3813,-0.088,0.3331,-0.242,0.0967,1.8229,1.7218,0.8858,-1.5595,-1.5647,-1.6138,-1.1139,-0.2305,0.3445,0.4205,0.2186,-0.5589,-0.3392,-1.0756,-0.7951,-1.0393,-0.3738,0.1399,0.4577,0.5418,0.0996,0.1923,0.7697,-0.4381,0.0117,-0.2904,-0.0816,0.3801,1.8018,2.4989,2.7454,0.773,-0.1584,-1.2938,-0.2342,0.4846,0.1808,0.4842,0.0351,-0.234,0.1855,0.0034,-0.0911,0.1766,-0.7567,-0.2716,-0.3443,0.0299,0.0992,-1.6426,-2.1134,-2.2228,-1.0282,-0.1374,1.5423,2.3035,1.3848,0.5042,-0.4983,-0.9447,-0.1496,-0.3175,0.4986
"IC48",0.2467,0.2081,1.8288,1.8391,-1.6875,-1.1426,0.5645,0.122,-0.2792,-0.5587,-1.5144,-1.0212,0.2376,0.8978,-0.0517,0.3434,0.1941,-0.7668,-0.1065,-0.0476,-0.4522,0.0066,2.2285,1.6059,1.4623,-0.4087,-0.8664,-1.2726,-1.5659,-0.7567,-0.3738,-0.5402,-0.9855,-1.4666,-1.2797,0.0972,1.6823,1.2167,1.3295,1.923,0.3352,-0.5719,-0.3017,0.086,-0.6031,-1.3011,-0.0685,1.4531,0.5701,0.0737,-0.7297,-0.493,-0.2386,-0.6325,0.5196,-0.3571,-0.1289,1.2751,0.9326,-1.9142,0.7062,2.016,0.5642,0.3424,0.4644,-0.2267,-0.1371,0.2414,0.1581,0.4879,0.0635,-1.1495,-0.6136,-1.6356,-0.8049,-0.4843,0.9917,0.4697,-0.6656,-1.8945,-1.7648,-0.1687,1.2973,1.5591,1.8224,1.7473,0.5877,0.3084,0.4621,-0.5789,-0.8339,-1.388,-1.0344,-0.1021,-0.1817,-0.8361,-1.0617,0.3682,1.021,0.8278,-0.7787,0.2798,0.3774,0.2913,-0.0855,1.3273,0.8776,-1.0241,-1.7394,-1.7261,-1.3473,1.0596,0.3443,-1.1819,-1.208,0.1274,0.5765,0.8023,-0.4465,0.7026,0.8785,1.8895,2.3092,1.5623,-0.8808,-0.3193,0.3895,0.2085,-0.853,-0.8963,1.0829,0.9831,0.7478,0.3199,-0.2874,-0.3896,-0.289,-0.0353,-0.6692,-1.2117,-0.0475,-0.1081,0.2017,-1.0611,0.1205,-0.5153,-0.0362,0.1206,0.3735,-0.2966,-0.7273,-0.7371,-0.53,-0.8154,0.0183,0.5737,-1.5216,-1.6119,-0.52,0.5256,-0.9077,0.7742,0.7145,1.8944,1.6828,0.9322,0.328,-0.0309,-0.1011,0.9015,0.8115,1.8077,0.8329,-0.8969,-0.2601,-0.2553,-0.5749,-1.2926,-0.1904,-0.5673,-0.762,0.0536,1.9132,1.616,-1.8856,-1.3565,-1.0848,-1.561,-0.8931,0.6578,0.8486,1.1865,-0.3397,-1.8242,-0.8877,0.775,2.3505,1.4192,-0.0626,-0.9618,0.453,1.7006,0.0893,-1.9605
"IC49",-0.8399,1.3681,2.1524,0.3704,-0.678,-0.1551,-1.1445,-0.9216,-0.2802,0.1988,0.5846,0.8526,0.9333,0.8123,1.001,0.0313,-0.1719,-0.3043,0.4005,0.6783,0.9108,-0.1759,-0.6122,-0.4229,-1.3406,-1.5033,0.1806,-0.384,-1.2738,-0.1696,0.3495,0.1319,0.6865,0.8537,0.9658,0.3067,-0.7868,-1.258,-0.721,-1.2761,-1.7834,-0.1463,-0.1412,-1.5305,-1.3396,-0.5201,0.2208,0.9459,1.1616,1.5007,-0.1435,-0.9877,-0.1245,0.167,0.425,0.9745,0.9849,0.3449,-0.137,-0.9118,0.8454,0.5606,0.4371,1.076,0.1144,-0.2745,0.0738,1.6298,2.167,0.3349,-0.9461,-1.2899,-0.6735,-1.5058,-1.4928,-0.1843,0.3751,0.4815,0.1814,-0.153,-1.0538,-0.8286,0.2586,-0.6187,-1.8508,-1.1447,-0.5843,0.1228,0.3386,0.3718,1.371,1.8582,1.4871,1.1699,0.341,0.6107,0.3085,0.8444,1.2488,0.8572,1.9226,0.7495,-1.0976,-0.7168,0.5688,0.5339,-0.6783,-2.0279,-1.8852,-1.0531,0.036,1.6624,-0.0366,-1.1426,-1.6864,-0.2705,-0.0329,0.1704,1.2706,0.7016,-0.9301,-1.1268,-2.0794,-1.9118,-1.3661,-1.1844,-1.0851,-1.7355,-0.262,0.4234,1.3348,1.1854,0.5925,0.8596,1.2264,0.2261,-1.0154,-1.2523,-0.179,0.87,1.5434,2.0358,2.1493,1.7967,1.4973,0.8377,-0.688,-0.3512,-0.0417,0.0235,-0.1959,-0.2031,0.3346,0.0225,-0.5802,-0.2115,0.0583,-0.4647,-0.2732,-0.2949,-0.6858,0.095,-0.0807,-0.1736,1.0599,1.5727,0.753,-0.1417,0.5977,1.5737,0.9283,-0.3351,-1.0698,-0.4829,-0.458,-1.2008,-1.0755,-0.3779,-1.0182,-0.421,0.5585,-0.252,-1.4485,-2.0489,-2.4032,-1.3746,-1.8546,-1.6053,-0.2343,1.1329,0.5239,-0.7716,-0.6166,0.5387,1.046,2.0895,1.732,0.8218,0.9865,1.0985,0.2782,-0.069,0.2708,0.7948
"IC50",-1.0392,-0.0384,0.5992,0.1246,-0.2623,-0.224,-0.2102,0.0758,-0.2998,-0.3999,0.4346,0.7704,0.2878,-0.3466,0.16,-0.3083,-1.6955,-1.5184,-1.2376,0.1572,0.9491,1.2844,0.088,0.4699,1.7851,1.5728,0.4235,0.2464,0.7708,-0.0205,-1.7376,-1.1315,-1.5455,-0.6722,-0.0271,0.7502,1.5534,1.6236,1.6521,0.5554,0.1514,0.1073,-0.4606,-1.1851,-1.2356,-0.285,-0.4208,-0.1393,-0.5043,-0.2948,-0.0965,0.0348,-1.1713,-1.0818,-1.349,-1.3444,-0.8743,-0.1836,-0.0806,0.8353,1.5867,1.3857,1.6634,1.535,1.2059,1.142,0.1279,-0.8551,-0.1907,0.5217,0.99,1.2819,1.0006,0.3635,0.5217,1.0742,-0.2109,-1.2055,-1.0458,-0.807,-0.1623,0.1299,-0.7625,-1.0545,-0.3292,0.1784,0.393,-0.2272,-0.4302,-0.8469,-1.1521,-0.7603,0.2977,-0.3026,-0.5828,-1.6179,-1.9881,-1.4856,-0.8541,-0.8454,-0.2457,-0.6295,0.3098,1.1276,1.0851,1.4287,1.0756,0.4225,0.2876,0.6941,0.2144,0.7587,0.1855,-0.0351,-0.1752,-0.6714,-0.5903,-0.1006,1.5865,1.8806,2.1325,2.2,1.082,0.2302,-0.0353,0.6438,1.156,1.0312,-0.0455,-0.8662,-0.9902,-0.1883,-0.1199,0.3038,-0.2698,-0.3567,-0.9318,-1.6286,-1.1817,-1.5214,-2.5302,-1.3759,-0.3319,1.045,-0.8743,-2.3786,-1.5882,-0.2945,0.0509,0.6012,1.2013,1.4354,2.1322,1.7267,1.7396,1.5038,1.1695,0.5315,-1.0161,-1.6982,-1.5933,-0.8548,-0.0497,0.1536,-1.3084,-1.0729,-0.7092,-0.6465,-1.1193,-0.9506,-0.3408,0.3909,0.5267,0.6804,0.4316,0.5446,1.9383,1.9728,1.6053,-0.1738,-0.8779,-0.6803,0.2152,0.3457,1.286,0.5909,0.3939,0.4096,-0.1883,0.8048,1.3747,1.3681,0.7438,-0.5748,-1.6504,-1.7404,-1.3837,0.3735,0.9491,-0.6014,-1.0286,-0.0946,-0.6305,-0.8551
"IC51",0.9771,1.3955,0.0839,-1.2671,-1.7749,-1.2834,-0.8339,-1.1914,-0.474,-0.5807,-0.1524,0.3867,0.6741,0.4407,0.4028,-0.9948,-0.2547,0.3105,0.3915,0.1386,0.5786,0.5113,0.9622,0.2778,0.0982,0.3046,1.9116,0.4392,-0.5981,0.6362,0.8799,0.6704,0.4052,0.2303,1.6579,-0.0305,-0.2754,-0.2359,1.0928,0.6797,0.1954,-0.2136,0.047,-0.8606,-0.8232,-0.7275,-1.3195,-0.2763,-0.6784,-0.3015,0.4555,-0.2372,-0.5965,-0.6201,-0.4928,0.387,1.0979,0.1421,-0.2826,-0.752,-0.7071,-0.5829,-0.0826,0.3499,-1.406,-0.9636,-0.2458,0.309,0.2937,-0.1729,-1.5984,-2.2431,-1.0069,-0.8519,0.1817,0.8601,0.8763,0.3201,0.3261,0.3532,0.2993,0.0592,0.5925,-0.2287,-0.3492,-0.1962,0.7798,1.186,0.6195,-0.6643,-0.0826,0.3432,0.302,1.0192,0.5319,1.0949,1.2705,1.7046,0.9357,1.6232,2.5197,1.8286,-0.7687,-0.5338,0.4584,0.5223,-0.271,-0.5085,-0.4728,0.0401,0.0513,-0.6109,-0.9612,-0.9536,-1.5233,-0.4417,-0.0671,0.2278,0.0434,-0.0121,-0.944,-0.589,-0.6995,-0.6123,-1.4373,-0.9334,-1.0652,-1.295,-0.9969,-1.1317,0.2054,0.1518,0.1696,0.1582,-0.8289,-2.4938,-1.3025,-0.9856,0.1714,0.8148,1.2573,-0.3316,-0.6123,-0.4181,1.2076,1.5193,1.2012,-0.1377,-0.2319,-0.6331,-0.1363,1.2701,1.4809,1.2254,0.4232,0.6076,2.0598,2.2196,1.6626,2.1964,1.8412,0.891,1.1844,1.1448,1.0838,0.1754,-0.1985,0.2013,1.0922,0.9965,-0.7082,-2.3688,-3.1513,-2.7891,-1.2789,-2.4881,-0.5873,-0.0902,-1.2559,-1.9224,-1.2488,-0.1547,-1.073,-1.5683,-1.0707,-0.4836,-0.6005,0.2982,0.3995,1.7665,1.5684,-0.0974,0.1491,1.4845,1.2222,1.7487,1.5207,0.4143,-0.792,-0.6181,0.4225,-0.1486,-0.6944,-0.5519
"IC54",-1.9276,-1.1282,-0.7047,0.169,-0.1968,-0.8728,-0.4366,0.3373,0.6676,0.1507,0.2991,0.6783,0.7994,0.6899,0.3196,-0.3991,-0.667,-0.2973,0.1263,0.5975,0.2082,0.4593,0.7336,0.9917,1.174,1.8507,1.1323,0.2755,0.1878,-0.0673,-0.9641,-0.6309,-1.0074,-1.0318,-0.2944,0.3948,0.4523,-0.0965,-0.5222,-1.2316,-0.926,-0.5744,0.0641,-0.2284,-1.3106,-0.9592,-0.3126,0.587,0.0597,-0.0889,-0.2245,-0.3835,-0.5425,0.0555,-0.5961,-0.9029,0.03,0.7801,0.7545,1.2601,-0.2852,-0.0661,0.1328,0.6571,0.879,1.04,0.9233,0.6058,0.368,1.0369,1.4901,1.0321,0.6264,1.0125,1.5774,1.1414,0.7318,0.124,0.0356,0.1459,-0.054,-1.4078,-2.1543,-1.502,-0.3072,-0.4024,-0.2,-0.7588,-0.7318,-0.436,-0.3651,-1.1675,-0.4786,0.0094,-0.7828,-1.629,-1.3938,-1.2728,-1.617,-1.817,-1.6923,-0.0798,0.9931,1.9119,1.3055,0.7984,-0.6143,-0.2767,0.5125,1.254,0.6874,-0.3258,-0.8625,-0.2742,0.5652,0.6286,0.861,0.8817,0.663,0.3451,0.3871,0.5675,0.26,0.3327,0.5859,0.7177,0.8039,1.7313,1.2036,0.5131,-0.8473,-0.7512,0.2523,0.4745,0.6355,0.6619,1.1686,0.6385,-0.104,-1.8354,-1.2089,-0.6794,-0.5442,0.1031,-1.0099,-1.9532,-1.5609,-1.0811,0.0906,0.6232,1.0663,0.8339,1.3468,1.2877,1.4137,0.6889,-0.7374,-0.847,-1.1387,-1.3303,-1.8115,-2.0016,-1.1389,-0.302,-1.1572,-1.6209,-1.8441,-1.0045,-1.5559,-1.2488,-0.8125,-0.4009,0.6216,1.9398,2.0297,1.5636,1.6999,1.1043,1.2997,0.1992,0.4964,0.625,1.2631,1.7034,2.4097,2.0746,1.1325,1.3499,0.8061,0.5578,0.3766,0.7063,0.794,0.5491,-0.9026,-2.1561,-2.4006,-1.1898,-0.9914,-1.3819,-1.4387,-0.9188,-0.3743,-0.191
"IC56",0.4951,1.2062,-0.4332,0.7809,0.0609,-0.425,0.2024,0.8572,1.2377,-0.1566,-0.5116,-0.9825,-0.519,-0.202,0.5824,0.0536,-0.1958,-0.2771,0.366,-0.2822,-0.5074,-1.0797,-1.7998,-1.3075,-1.9716,-1.6502,-0.0837,0.434,-0.4824,-0.1291,2.1388,2.9619,3.7196,2.1,1.6652,0.8504,-1.6105,-1.4917,-1.8758,-1.9048,-1.5992,-0.9071,0.159,0.4625,0.1486,-0.5282,0.736,0.94,1.049,0.3828,-0.8796,-1.4279,-0.2571,0.7383,0.7388,0.2403,1.1128,0.9634,-0.2155,-0.6686,0.6998,0.5882,-0.4478,-0.4332,-0.2835,0.2835,1.08,1.1401,0.1324,-0.526,0.1343,-0.2856,-1.1929,-0.2146,-0.7532,-1.6886,-0.6977,-0.1856,0.3596,-0.1665,-0.1659,-0.9363,-0.798,-0.6302,-0.7331,-0.311,-0.0042,-0.2717,0.0969,0.2072,0.4662,1.2056,1.4755,0.7208,-0.0915,0.272,1.4796,1.2813,0.4188,0.6724,0.6692,1.3928,0.4737,-0.2635,0.1501,0.8832,-0.4746,-1.1867,-1.3647,-1.5268,-0.8524,1.6247,-0.1713,-0.9212,-0.6282,-0.1453,0.636,0.7375,-0.2396,-0.5536,-0.7886,-1.6955,-1.7768,-1.2522,-0.635,-0.4567,-0.6935,-0.5375,0.3971,1.1253,1.1267,-0.6494,0.1217,-0.535,0.3979,0.2569,0.7875,1.7768,1.5359,1.1778,2.177,0.952,1.3576,1.5661,0.9669,-0.7054,-0.6754,-0.5379,0.0022,-0.9862,-0.0333,-0.1959,-0.5434,-2.7277,-1.9398,0.4089,-0.3133,-1.1551,-1.1363,0.1787,0.302,-0.3582,-1.4727,-0.4904,0.7645,0.5037,-1.1977,-1.1008,0.3437,1.2431,2.2381,1.1787,0.7667,1.136,0.5753,0.5438,-0.1691,0.5613,1.0604,0.4073,-0.2066,-1.1898,-0.5978,0.2282,-0.8329,-0.6393,-0.4981,-0.5599,-0.561,-1.7087,-1.1779,-0.7324,-0.3262,-0.2081,0.2948,1.0635,1.5932,1.8116,-0.5247,-1.1142,-0.0925,0.1232,0.5264,0.9922
"IC58",-0.8141,-1.3151,-0.4631,1.7721,1.2572,-0.2129,-1.2971,-1.4904,-0.718,0.0973,0.8552,0.6432,0.5314,0.1654,-0.5711,-1.1142,-1.166,0.2539,0.1791,0.7587,-0.0321,0.5268,0.4331,0.4791,1.5934,1.681,-0.3673,-1.5064,-0.7924,-0.1166,-0.3545,-0.6012,-1.0694,-0.6628,-0.5172,0.8675,2.5217,1.6144,1.1545,1.3475,0.5162,-1.6375,-0.5942,0.6401,-1.182,-1.1393,-1.2553,-0.4147,-0.4825,0.1723,0.0342,0.338,0.6266,0.6501,-0.7955,0.7278,1.6099,1.3359,0.073,1.5526,-0.793,-1.5956,0.6982,0.1609,-1.6426,-1.6687,-1.9871,-0.1462,1.1436,2.3808,2.2679,-0.1076,-0.3741,-0.2108,-1.2328,-0.7676,1.0028,0.9218,-0.9278,-0.6933,0.6436,0.129,1.0693,1.0568,1.1779,-0.7101,-1.5934,-2.1421,-1.0439,-1.0865,-0.898,-0.4453,0.4758,0.0827,-0.3949,-1.3038,-1.4099,-0.9229,0.1884,0.3627,0.3111,0.8455,0.8726,0.3735,-0.8772,-0.327,-0.0858,0.7256,0.4502,0.6866,1.8749,1.0637,0.7493,0.4657,-0.7731,-1.1649,0.7784,0.6672,0.1063,2.1278,1.2896,-0.0957,-0.3455,0.7193,1.0339,0.8799,-0.4943,0.4756,0.1202,0.046,-0.5494,0.6048,0.2187,-0.7118,-0.6222,-0.5907,-0.7822,-0.5973,-1.2711,-1.7712,-1.4981,0.4335,0.7075,-0.5875,-0.9684,-0.5348,-0.3778,-1.8831,-1.3048,-0.1349,-0.0843,-1.147,0.3352,1.2615,2.0135,0.4156,-1.4013,0.2643,1.029,0.7518,-0.4489,0.3596,0.855,0.2247,-0.4486,0.245,0.0982,-0.5399,-1.2236,0.675,1.5993,1.2224,0.7594,-0.1258,-0.6575,-0.9093,1.1909,2.4491,1.0332,-1.2114,-1.1274,-0.7961,0.6125,0.2504,-0.4283,-0.2574,-0.2621,-0.3982,-0.0176,0.8155,1.0902,0.9175,-0.4097,-1.105,-0.1297,1.3529,0.7788,1.1628,1.4039,0.3099,-1.1264,-1.5552,-1.7526,-2.1825
"IC60",-3.1093,-1.5116,0.7262,0.516,0.3366,0.5484,0.0405,0.0866,0.2393,1.0451,0.4617,1.3829,1.618,2.2161,1.4363,-0.2961,-1.1133,-0.204,0.3297,0.046,0.0205,0.0915,0.5873,1.3296,0.8078,-0.1789,-0.6327,-0.4634,-0.9031,-2.3656,-3.6949,-2.6817,-1.9026,-0.6375,-0.735,0.3794,0.6739,0.5608,0.1771,-0.1608,-1.6798,-0.7113,0.3878,0.0785,-0.6596,0.1821,1.1885,2.0989,1.8201,0.0031,-0.5791,-0.0292,0.0399,0.5222,0.0905,0.1676,-0.1044,0.6209,0.9493,1.7297,1.6424,0.8688,0.2422,-0.8719,-0.1006,0.0983,-0.2593,-0.9667,-0.5177,0.9448,1.0545,0.9046,0.87,0.7861,0.6765,-0.1669,-0.0552,0.4629,0.0862,-0.1033,-0.6282,-1.0223,-1.9655,-1.0976,-0.3326,-0.2889,-0.926,-0.1875,0.2058,-0.6255,-0.6692,-0.1162,0.8434,0.7457,0.6028,-1.1739,-0.8605,-0.5891,-0.2016,-0.4693,-1.5493,-2.15,-1.051,-0.4922,-0.2924,-0.5666,-0.3041,0.0377,0.5503,0.8319,0.9992,-0.2327,-0.7157,-0.4855,0.4351,1.0677,1.8317,1.3445,1.5538,0.2859,-0.1306,0.6298,1.4479,1.2599,-0.3498,0.6258,1.7203,2.0637,1.1354,0.6378,-0.501,-0.1567,-0.1927,1.0429,0.3802,-0.0378,-0.9095,-0.0569,-0.2057,-1.1255,-1.5358,-0.7053,-1.919,-0.5854,-1.0699,-1.7066,-1.83,-0.2529,1.6761,1.3826,-0.7903,-0.81,-0.4771,0.6207,-0.18,-0.3503,0.6348,0.9089,0.2842,-1.1691,-0.482,-0.2216,-1.2084,-0.8619,-0.2319,-0.0977,-0.8481,-0.6066,-0.9834,-0.8429,0.5007,1.5897,1.0279,1.6735,1.829,0.7015,-0.1863,0.1178,0.8334,0.7588,0.9155,1.0588,1.0274,0.2192,0.5284,-0.1329,0.4075,0.014,0.2438,0.1654,-0.2629,-0.8615,-1.0967,-1.2269,-1.4634,-2.0402,-1.305,0.5441,0.3164,-0.6663,-0.3583,0.9315,0.8441,1.2133
"IC62",0.3199,0.5253,1.3105,2.1859,1.5199,0.7335,0.2844,0.344,0.3425,-0.2238,-0.2293,-0.7556,-0.4814,-0.6195,-0.5594,-0.4509,-0.6193,-1.5877,-2.2578,-1.8823,-2.2749,-2.1956,-1.0241,-0.2087,1.2623,1.6029,-0.3649,0.3609,1.2797,0.3157,-0.9533,-0.4612,-0.2123,-0.4039,-0.1393,0.859,2.3266,1.9355,1.3177,1.1438,0.4484,-0.8229,-0.8693,-0.4605,-0.6034,-0.1853,0.3763,0.826,-0.0206,-0.8556,-1.746,-1.4277,-0.7022,-0.36,-0.8231,-0.8754,0.2576,1.3233,2.2817,1.8793,2.077,2.277,0.3409,0.4928,0.8455,0.196,-1.0545,-0.9242,-1.0887,-0.2569,1.0343,0.7775,0.795,-0.0013,0.584,0.3209,0.3737,0.1823,-0.1536,-1.1892,-1.0287,-1.3276,-0.5245,-0.2575,0.9822,0.1909,-0.7199,-0.8891,-0.5771,-1.5964,-1.5935,-1.3962,-0.4949,0.4219,0.2429,-0.2133,-1.377,-0.6903,-0.9963,-1.1858,-1.729,-0.5332,-0.4979,0.1193,0.4869,0.9537,0.5161,0.8905,1.0267,1.4048,1.4477,1.3908,0.8054,0.0073,-0.2443,0.3637,0.6398,0.9769,0.2509,1.3246,1.16,1.3952,0.7817,1.3406,0.972,1.2617,1.2483,0.7279,0.5412,-0.2767,-0.5193,-0.9008,-1.5287,-2.6012,-2.396,-1.1033,0.3163,0.4106,-0.5953,-2.5566,-1.5039,-0.1064,0.6012,0.4509,-0.7078,-1.3141,0.3133,0.3689,0.5949,-0.825,-1.2204,-1.0787,-0.2213,0.4207,0.6678,0.6674,0.3549,0.9469,0.8558,0.6312,-0.1706,-0.0283,0.4691,0.6148,-0.5195,-0.8395,-0.7655,-0.3914,-0.0884,0.5486,0.6994,1.0552,1.2649,0.024,-0.6785,-0.5808,-0.531,-0.5173,0.2141,-0.201,-0.5229,0.0146,0.3061,0.2137,-0.4835,0.0712,-0.7663,0.2644,0.4825,0.3388,0.5933,1.6478,0.2764,-1.1293,-1.6359,-0.7541,-0.3958,0.736,2.1795,1.1435,-0.2535,0.2149,0.0374,-1.6361
"IC63",-0.2558,0.2253,-0.1629,-1.4626,-1.1962,-0.0179,-0.8232,-0.398,0.4011,0.4658,-0.1568,-0.96,-0.102,-0.1197,0.0934,0.9717,0.888,0.9106,0.8468,1.2595,0.8458,0.6402,-0.1319,-0.7636,-0.9131,-0.4088,1.2429,1.0599,-0.4744,-0.7284,-0.1895,0.6953,1.2877,0.986,0.2765,0.1112,-0.0728,0.2313,0.6892,-0.0832,-0.5047,-0.4021,-1.3567,-1.4355,-1.2311,-1.0531,-0.9688,0.0996,0.3817,1.5969,1.116,0.4689,0.2146,0.6422,0.7831,0.7599,0.1442,-0.9012,-0.2543,-0.594,-1.1737,-0.7897,-0.0645,0.7071,-0.5565,-1.0287,-0.9356,0.7767,1.0625,0.2682,-1.166,-1.7909,-1.1793,-0.9956,-0.1124,0.0184,0.1723,-0.3486,-0.3418,-0.2016,0.3734,0.7458,0.8535,0.096,-0.561,-0.9565,-0.0484,0.5479,0.3616,0.7072,1.7843,0.3371,-0.7577,-0.4085,0.3219,0.9229,0.4719,0.7656,0.8203,1.6177,1.6757,1.9911,0.8326,-0.085,-0.1533,0.7577,-0.8611,-0.4961,0.321,0.0218,-1.1761,-1.4332,-0.7121,0.4142,-0.0033,-0.0376,0.0315,-0.2787,0.1705,0.7634,0.2739,0.1563,-1.183,-0.8176,-2.0319,-2.0173,-1.6148,-0.857,-0.7347,-0.3518,0.9565,1.2228,0.271,-0.5436,-1.3978,-0.2949,-0.3765,-0.7741,-0.1316,0.2075,0.9273,1.4508,1.4039,0.9878,1.0405,1.0863,-0.5138,-1.4778,-2.3821,-1.1898,-0.0921,0.0172,0.1733,-0.5813,-1.8081,-0.9894,0.0012,0.3596,0.3229,1.087,1.6655,2.5155,2.5317,2.9999,1.5516,1.3535,1.2456,1.6307,1.0099,1.7003,1.0775,0.0516,-1.4962,-1.5311,-1.6775,-1.2651,-1.3083,-1.1599,-0.1059,-1.0367,-1.3105,-1.4118,-2.0366,-1.5746,-1.5355,-0.3269,0.3302,0.413,-0.3073,-0.5739,-0.2792,-0.1495,-0.4884,0.8271,1.3934,2.4901,2.5406,0.3207,-1.1251,-0.8364,-0.5765,0.0542,-0.2428,0.5976
"IC64",-1.3195,-0.3119,-0.5185,0.3552,0.0316,0.0016,0.6779,-1.0309,-2.2131,-2.3006,-0.7628,1.201,0.6329,-0.0499,0.086,0.4567,-1.0318,-1.8546,-0.6602,-0.6607,0.4264,-0.3894,1.2393,0.567,0.8024,1.5762,0.3231,0.7835,0.972,1.1099,1.9204,0.5937,1.2246,-0.0835,1.2834,0.2189,0.0552,0.6259,-0.007,1.9368,4.0595,0.9021,-0.2872,-0.8112,-1.4585,-2.2837,-1.2724,-0.6559,-0.2748,-1.2403,0.6977,1.148,1.0239,-0.7924,-0.7085,-0.8875,-0.364,-0.3317,0.8842,-0.8941,-0.0831,-0.3335,0.6156,0.6104,-0.098,-1.2676,-0.5904,-1.9343,-1.7789,-1.3632,0.0555,0.0785,-0.3777,0.3706,-0.7507,-1.1612,-0.2698,0.0192,0.9885,0.8216,-0.6429,0.2132,0.32,0.5223,0.8254,0.245,-0.8146,-0.472,0.0193,0.8574,-0.9339,-0.4495,-0.9697,0.4221,0.2435,0.6102,-1.0331,-0.9048,-0.1381,0.606,1.9228,1.3609,1.6749,1.0115,1.7413,0.1391,1.7212,1.7602,1.1846,0.0677,-0.3614,0.9652,0.4327,0.8669,-0.5835,-1.2871,-1.5949,-0.6191,-1.026,-0.1364,1.6771,0.1297,0.5268,0.874,0.402,-0.6951,0.5001,-0.6872,-0.755,-1.9978,-0.4555,-0.6753,-1.675,-1.7526,-0.0632,0.4453,-0.8262,-1.2776,-1.0613,-0.4282,0.1283,-1.0761,-0.9606,-0.4458,-0.6863,-0.0896,0.3635,0.742,-0.4126,0.1492,-0.2676,0.7983,-1.0382,-0.8695,-1.4004,0.1093,0.8168,2.6572,1.3883,0.5242,0.8851,-0.4203,1.2667,0.4097,1.0331,-0.0594,1.1314,1.5256,1.2517,-0.4436,0.1832,-0.5646,0.4558,-0.3161,0.7773,0.3653,0.0971,0.6688,1.0567,2.4435,0.0413,0.7313,-0.8724,-0.476,-1.0202,-1.0247,-0.3486,-1.3852,-1.6411,-1.5642,0.5663,1.579,0.7146,0.3703,0.5836,-0.0804,-0.215,-0.9195,-0.2035,-0.7921,-0.154,-0.4936,-0.2749,-1.1814
"IC65",-0.8326,-0.6449,0.1159,-1.4169,-1.0428,0.6959,-1.1202,-1.7351,-1.9462,0.2896,2.0186,1.8436,-0.1307,-0.3549,0.4451,0.4224,-0.7034,0.3434,1.0753,0.7024,1.5918,2.9024,2.3618,2.0616,0.1367,-1.6197,-0.5049,0.5798,-0.7287,-1.5342,-1.6464,-1.3528,-1.7581,-1.0844,0.4992,1.4796,0.4234,-0.3891,1.198,1.2257,1.0993,-0.8277,-0.2125,0.2417,0.1616,0.4233,0.3098,-0.1582,-0.7979,-1.251,0.413,0.2315,-0.1072,-0.3081,-0.1328,0.0831,-0.8301,-0.2377,-0.3005,0.1488,0.7334,-0.4428,0.2016,0.7392,0.3126,-1.601,-1.8354,-1.5955,-0.2221,-0.039,-0.3836,0.0178,0.0132,0.754,-0.3525,-0.4606,0.6469,0.8875,0.806,1.2379,0.8366,1.5757,1.4799,2.1049,1.0612,-0.5731,-1.7185,-0.4754,-0.4952,-2.2351,-2.021,-0.1986,0.2133,0.1892,-0.2158,-0.5617,-0.1608,0.3682,0.2213,-1.1347,-0.8272,-0.0331,-0.4041,-0.2339,0.2458,-0.3598,-0.0258,0.426,-0.1232,-0.5997,0.9642,1.1238,1.3966,2.6818,1.5941,0.0936,0.4146,0.3185,0.7897,1.0619,0.1096,0.2741,0.8539,-0.0803,-0.5077,0.4585,1.1944,0.3804,-0.3932,-0.0406,-0.5215,-0.6977,-1.538,-0.8944,-0.974,-1.9011,-2.5151,-2.7738,-1.8523,0.1512,-0.2963,-0.0577,-1.213,0.1423,-0.7046,-1.0663,-0.8399,-0.1887,-0.3188,-0.3499,0.2377,0.4533,0.4838,1.2461,1.4943,0.6097,1.7803,1.323,0.3662,-0.4688,1.8503,1.6627,1.1525,-0.2607,0.5314,0.852,0.7973,0.3435,0.7773,0.3855,-0.3487,0.6214,1.1162,-0.1933,-1.0636,0.493,0.1795,0.3195,-0.3735,0.0092,0.7773,0.5301,-0.6971,-2.1221,-1.8013,-1.6526,-0.7195,-0.8011,-0.6754,-0.327,0.036,-0.6597,-0.894,-0.1452,-0.2304,0.1361,0.2464,1.5937,0.9489,0.1562,0.0449,0.0223,0.0419,-0.0207
"IC66",0.1523,0.3618,0.3069,-1.9348,-1.4858,-0.2055,-1.2279,-0.7233,0.0535,0.6146,0.968,0.7082,-0.1267,-0.8494,-0.8917,0.4715,1.2292,1.235,1.0783,1.216,1.3919,2.5308,1.4347,0.8148,-0.3326,-0.7878,-1.0982,-1.6967,-1.2979,-0.9803,-1.4529,-1.6673,-1.4773,0.0492,-0.0993,0.289,0.1101,1.2214,2.1426,2.0755,2.2993,-0.0998,-0.2303,0.065,-0.2501,0.1092,-0.1279,-0.5217,-1.3043,-0.5352,0.011,0.4205,-0.1345,-0.7281,-1.1659,-0.6492,0.2125,0.0559,-0.4862,-0.3099,-0.1125,-0.1727,0.8268,0.8628,0.5598,-0.7775,-1.5223,-1.3043,0.6478,1.2755,-0.3717,-0.1271,-0.8604,-1.1366,-0.7133,0.0022,0.5217,-0.5024,-0.7996,0.5979,1.2084,2.1465,1.7461,0.974,0.6711,0.4987,0.4364,-0.0109,-1.2074,-1.4337,-0.861,0.1715,0.1061,-0.813,-0.2838,0.1455,0.2531,0.166,0.2367,-0.0337,0.5082,-0.6257,-0.3922,-0.5693,-0.88,-0.678,0.1669,0.9584,1.5208,1.2644,0.0633,0.0124,1.3502,1.603,1.6293,0.3814,-1.2222,-2.2561,-0.559,0.0204,1.0567,0.9264,0.0333,-1.1505,-0.6714,1.1995,1.2572,-1.3721,-0.9572,0.716,-0.4701,0.014,0.0759,0.7009,-0.9423,-1.4819,-1.2337,-1.5982,-2.0916,-1.0967,-0.9066,-0.3118,-1.2832,-0.9438,-0.4219,1.3271,1.253,0.7159,-1.5179,-0.5363,0.1041,1.2134,0.7988,-0.228,-0.0705,0.4461,0.8968,0.7276,0.6156,0.9259,1.7722,1.865,1.5887,2.2886,1.4143,0.5781,0.5367,0.6299,-0.1155,-0.2041,0.0684,0.8662,-0.0658,-1.1152,-1.7057,-1.1982,-0.3644,0.4522,0.1141,-0.3441,-0.4065,-0.3578,-0.8837,-1.9594,-1.5667,-1.569,-1.013,-1.4616,-1.7023,0.2594,0.6958,-0.1981,-0.0022,-0.0337,0.6481,0.9047,2.0411,1.726,0.3432,-0.55,0.2703,0.542,-0.2389,-0.3252
"IC67",0.1946,1.0853,-0.4621,-1.4184,-0.9214,-0.7111,-0.9815,-1.7599,-1.4948,-0.3374,0.6631,0.8567,0.6653,0.737,0.8334,0.1394,-1.1312,-0.2601,-0.3325,1.0869,2.0937,2.5896,2.198,1.7176,0.3888,-0.8744,-0.4715,0.4607,-0.529,-0.5887,-1.2473,-1.0654,-1.5001,-0.2228,0.6848,0.9623,1.4132,1.7312,1.969,0.3522,-0.3447,-0.906,-0.734,-1.2306,-1.3302,-0.5815,-0.3589,-0.3434,-1.1959,-1.4367,-1.3392,-1.2074,-0.9742,-0.4635,-0.567,-0.4539,-0.775,0.1579,-0.0601,-0.1913,0.2446,0.7013,1.7149,2.2465,1.6237,1.0121,1.2303,1.6341,1.5793,1.0562,0.4086,-0.3195,-0.1092,0.4409,-0.1998,-0.8776,-0.5516,0.09,0.0072,-0.0852,-0.7701,-0.7392,-0.4643,-0.8201,0.1377,0.3652,0.142,-0.6583,-0.5169,-0.1428,-0.0402,-0.7283,-0.1784,-0.1957,0.1009,-0.6912,-0.5235,-0.2684,0.2566,0.235,-0.5393,-0.9169,-0.4349,0.051,0.86,0.4187,-1.4189,-1.6534,-1.1738,0.0152,-0.2035,-0.1236,-0.3246,0.4266,0.9194,0.8398,1.1447,1.0025,0.788,1.9354,3.2003,2.0381,1.3456,0.8179,0.449,0.2849,0.5323,1.2701,0.8752,0.4047,-0.1497,-1.378,-1.7073,-1.6071,-1.0824,-1.8269,-2.0893,-2.6862,-2.2817,-0.9736,-0.9519,-0.6802,1.4105,1.1799,-1.9652,-2.053,-0.6183,0.2478,0.4024,0.4557,0.9551,0.8914,1.4721,0.6555,0.8147,0.8703,2.1079,1.1174,-0.7428,-0.8181,-0.4976,0.4618,1.3361,1.2638,0.5027,-0.0985,-0.4482,-0.1588,-0.7516,-0.1167,-0.6102,-1.1832,-0.5763,0.6846,-0.4261,-0.3549,0.1392,0.3038,0.111,-0.1751,-0.1037,-0.2151,0.9233,0.078,-0.5377,-0.1897,0.7432,0.692,-0.0858,-0.1212,1.2412,1.6182,0.0833,-0.3339,-0.726,-0.1677,-0.6046,0.4078,-0.6175,-0.298,-0.3852,-0.4473,-0.3939,-0.2893
"IC68",-2.1103,-2.3885,-0.5162,-0.5855,-0.7258,-1.0886,-0.6028,-0.5101,-0.6034,0.1996,1.192,1.8487,0.2889,-0.7714,-0.1216,0.4483,0.4473,1.2172,1.5915,1.5706,1.0047,1.8761,1.2493,0.6265,-0.1524,-0.0956,0.8876,1.2484,0.1697,-0.8262,-1.5244,-0.7863,-1.1173,-1.398,-1.6403,-0.2298,0.8319,0.4845,0.0348,0.3887,-0.0307,-0.4138,-0.4908,0.0629,0.2824,0.4715,0.5516,-0.0025,-0.4803,0.7895,1.2594,-0.0296,-0.4332,-0.2606,0.5057,0.8867,1.5052,2.2727,1.5427,0.5351,-0.8779,-0.2528,-0.7188,-1.3877,-1.7185,-1.0908,-0.5182,-0.5002,-0.2093,-0.6571,-2.0404,-1.5697,-0.1852,0.0117,-0.8719,-1.0982,-0.5542,-0.4564,-0.5945,0.0206,0.5425,1.7782,2.0338,2.4069,1.5114,-0.7565,-0.9239,0.2886,0.1193,-1.6798,-1.4806,0.3213,1.3841,0.5354,-0.8736,-1.7105,-0.2781,-0.0471,0.0495,-1.073,-0.5936,1.467,0.4457,-0.441,-0.3788,0.853,1.9562,1.0843,-0.5279,0.5898,1.9127,2.5618,2.9686,1.0707,-0.6532,-0.6799,0.5454,-0.0925,0.4005,-0.5718,-1.6284,-0.3292,-0.1794,-0.9453,-0.0501,2.1041,1.6889,-0.2813,-1.7695,-1.6089,-1.2635,-0.954,-1.0608,-0.0666,0.1012,-0.9951,-0.3499,-0.2477,-1.238,-1.6104,-0.5807,0.3678,0.1831,-0.5704,-0.9827,-0.84,-0.45,-0.08,-0.1428,-0.3472,1.7829,0.6083,0.5211,-0.0698,-0.571,-0.9059,-1.0404,1.1518,1.002,0.1554,0.3951,1.0819,0.4591,-0.4548,-0.1173,1.0178,1.299,0.7292,0.5482,0.7246,1.1738,1.4306,-0.3146,-0.6879,0.118,-0.3031,-0.6418,1.0114,1.7716,0.7225,0.3814,0.8514,0.5169,-0.0083,0.1078,-0.505,-1.2493,-1.3227,-0.8886,0.2189,0.1901,-0.449,-0.6865,-0.6981,-0.2445,0.3519,0.7414,0.9113,0.1058,-1.1241,-0.3293,-0.3563,-1.0441,-1.072
"IC69",-0.802,0.3501,1.5912,2.5763,1.0004,0.8999,1.3835,0.4787,0.6677,-0.2277,-0.7262,-0.398,0.4843,0.7227,1.0947,-0.0143,0.0392,-0.272,-0.3193,0.1704,-1.1798,-2.3021,-2.4743,-1.6959,-0.479,-1.4235,-1.4076,-1.3566,-1.3442,0.1612,0.8531,0.793,-0.0006,0.5596,0.6517,-1.5135,-0.9464,-1.3568,-1.1678,-1.6882,-0.8741,-0.9932,-0.2924,0.3462,0.6578,0.6601,0.1556,0.9316,1.3767,1.9651,0.7162,1.8925,0.9174,1.1371,1.4718,1.3398,1.7766,0.6968,0.6585,1.3263,0.1123,0.1332,-0.9167,-1.3479,-1.5983,-0.4705,-0.1275,0.5734,0.4717,0.1262,-0.2528,0.0832,0.3768,-1.5968,-1.5685,-0.6337,-0.0395,-0.7157,-0.1214,-0.3979,-0.8934,-1.4618,-0.4494,0.1752,1.5545,1.3963,1.0237,0.6003,1.4039,0.6686,1.2269,1.0785,0.3187,-0.55,-0.8359,-1.661,-2.4343,-0.7441,0.2493,-0.1935,-1.012,-0.4431,-0.2961,-0.6479,-0.7569,0.0133,0.971,1.427,-0.4285,0.299,-0.2603,-0.9995,-0.5679,-0.5201,-0.354,-0.3844,-0.1821,-0.9589,-0.9874,-0.1469,-0.5385,0.507,-0.0791,0.6587,0.5352,0.3461,1.122,1.776,1.714,0.692,-0.8586,0.4693,1.4306,0.8163,-0.2829,-0.5126,0.9816,1.2074,0.7435,-0.2314,0.1421,1.6559,0.9159,0.4683,0.2353,0.0832,1.2975,1.7523,0.1299,-0.1936,-0.6806,-1.7485,-2.3872,-2.8609,-2.4102,-1.4932,-2.4056,-1.0187,0.2289,0.8357,-0.608,0.1264,0.2058,0.9583,0.083,-0.7525,-0.8493,0.164,0.658,1.0823,1.1549,1.2315,0.2075,-0.7592,0.0895,-1.1403,-0.6672,-0.1798,0.2633,0.3968,-0.3702,-0.3566,0.814,0.8927,0.1884,-0.2136,-1.7985,-0.3591,-1.2381,-0.1394,-0.4009,-0.1997,0.2442,-0.2622,0.169,0.4292,0.0717,0.5242,0.6974,0.0734,0.8141,1.5729,0.3566,0.2075
"IC71",-2.6084,-1.9424,-0.5853,-0.52,0.6774,0.8909,0.2002,0.5325,1.1434,2.0912,1.7696,1.2964,-0.6868,-0.8551,0.3002,0.2298,-0.0859,1.0497,1.5667,1.2671,0.6699,0.7466,0.5526,-0.1007,-1.742,-0.8777,0.3471,0.5881,-0.6013,-1.5742,-1.4604,-1.1002,-1.3828,-0.8173,-1.1565,0.0426,-0.9839,-0.7349,-1.2886,-0.5274,-0.47,-0.1761,0.3324,0.1841,0.0136,0.491,0.7375,0.9174,1.1989,1.5239,1.6251,1.4656,0.7211,0.1241,-0.1013,0.6068,0.2503,0.2718,-0.5609,-0.1344,-0.5486,-1.844,-1.2011,-0.9803,-1.5247,-1.5006,-1.0341,-0.2471,0.1187,0.2208,-0.582,-0.0161,0.7913,2.0749,1.4176,0.9163,0.4628,0.2808,0.3437,1.6348,1.9539,2.0915,1.7397,1.2872,-0.2631,-2.0337,-1.8596,-0.4402,-0.4675,-1.2334,-1.2401,-0.1303,0.6645,0.1831,-0.612,-1.1278,-0.6469,-1.1464,-0.1864,-0.0671,0.2868,-0.8641,-0.6239,-0.4504,-0.4186,-0.5964,-0.1664,0.6059,0.4277,-0.054,0.2829,0.6242,2.0892,2.3534,1.86,-0.0435,-0.2886,-0.3074,-0.2358,-2.2663,-2.1077,-1.1896,-0.3913,-0.7211,-1.0544,0.5248,1.0699,-0.0967,-0.9252,-0.0783,0.2305,1.1244,0.6427,1.2192,0.8844,0.5869,-0.0781,0.6345,0.0478,0.5299,-0.2969,0.0314,0.0778,0.8639,0.5217,0.2529,-1.0492,0.4997,0.9357,0.3851,0.2246,-0.0082,-0.6849,-0.6174,-0.8328,0.0608,1.4815,0.7795,-0.8672,-1.5679,-0.8633,-1.3497,-1.3117,-0.8413,-0.3831,0.2529,-0.2399,-0.4207,-1.5835,-1.4512,-0.3328,0.7283,1.01,1.0499,0.6279,1.2926,1.1267,1.2842,1.5773,1.0601,1.4849,0.9475,0.2559,-0.7164,-0.0665,-1.0328,-0.5993,-0.7146,0.0555,0.0179,-0.6064,-1.2863,-1.8764,-1.3866,-1.1599,-0.9516,-0.0992,0.6515,0.8784,0.8023,-0.1813,-0.1504,0.5785,2.0658
"IC72",1.3823,0.5218,-0.6416,-0.5203,-1.5148,-1.06,0.1603,-0.0242,-0.425,0.103,-0.1006,-0.1565,0.2531,-0.1905,-1.8276,-1.6653,-0.6462,-0.2673,-0.4006,-0.1296,0.5342,1.4421,2.1877,1.5721,1.2867,1.028,0.0018,-0.2128,0.075,0.3127,0.3384,-0.6454,-1.2333,-0.6909,0.8826,1.8958,1.0489,1.89,1.3946,0.9643,-0.1335,0.8752,-0.3424,-1.1486,-0.9399,-0.3174,0.2583,0.1663,-0.5909,-1.4058,-0.5255,-2.0059,-1.5624,-1.1716,-2.0891,-2.1404,0.3487,1.5649,0.524,-0.964,-0.6139,0.778,1.9833,1.0284,0.7404,1.1446,0.6803,-0.6642,-0.5198,0.2824,0.8776,-0.4526,-0.9878,-0.6474,-0.4692,-0.0147,-0.1084,0.2048,-0.029,-0.7298,0.0241,0.4666,-0.1085,1.111,1.603,2.0594,0.8518,0.0077,-0.4225,-0.2837,-0.6611,-0.5343,-0.3579,-0.2455,-0.568,-1.5823,-1.7203,-0.5676,-0.5832,-2.3566,-1.7031,0.4556,2.0997,1.7953,1.4323,1.8498,1.9065,0.2311,0.1987,0.6554,0.9574,-0.4303,-0.1781,-1.0979,-1.3919,-1.2055,-0.2903,-0.4668,-0.0173,1.947,2.5448,1.4055,0.8772,-0.6807,-0.4835,0.3611,-0.0432,-0.5178,-0.789,-0.067,-0.2382,-1.5403,-0.0813,0.4406,0.4021,0.1526,-1.5261,-0.8094,-0.6489,-2.2501,-1.4119,-0.9118,0.5722,-0.2589,-0.5381,-1.2833,0.0035,-0.3436,-0.4013,-0.3879,0.8353,1.2383,1.7612,1.1267,1.6012,2.2366,0.8898,0.5951,-0.1937,-0.1082,-0.313,0.2951,0.7392,0.6297,-0.1674,-0.1281,-0.5133,-1.2258,-1.3087,-1.4778,0.37,0.8915,0.8422,-0.1227,-0.5509,-0.1641,-0.3017,0.5496,1.1967,-0.3225,-0.8019,-0.135,0.8355,0.759,-0.291,0.6109,0.4182,-1.4128,-1.1462,-0.1939,1.8955,1.5701,0.1492,-1.2348,-0.6259,-0.1816,0.1576,-0.0109,-0.6894,-0.9825,0.5902,0.7344,0.0087,-1.1568
"IC73",-0.7517,0.2694,1.0552,0.7414,-0.2296,-0.3492,0.7298,0.5509,0.719,0.5223,0.0971,-0.13,-0.1008,-0.4201,-1.1713,-0.0068,0.9519,1.1518,1.2672,1.68,0.4848,0.7629,0.5731,-0.0258,-1.0309,-1.291,-0.7675,-0.9654,-1.4595,-1.1418,-1.2079,-1.2061,-1.3618,-1.4175,-1.7612,-0.7534,-0.0554,-0.308,0.2678,-0.1003,-0.0503,-0.0797,0.0307,0.167,-0.2005,0.1074,0.7623,1.1208,0.7687,1.4511,1.5988,2.2841,1.4449,0.9457,0.4476,1.0843,0.1113,-0.6266,-0.9646,-0.7399,0.2003,0.3988,-0.8869,-1.0252,-1.2242,-1.6089,-1.3916,-0.1942,-0.1345,-0.6801,-1.5329,-1.3296,-0.3982,0.5916,1.7083,1.3925,0.0374,0.1915,0.7287,1.0312,0.8304,1.4882,2.1754,1.6954,0.7206,-0.5028,-0.4969,0.0912,0.0197,-0.9277,-1.197,-1.1755,0.0523,-0.1678,-0.1589,-0.9166,-0.0882,0.5071,0.2958,0.3314,-0.3324,-1.1662,-2.4491,-1.4711,-1.1257,-0.3286,-0.7173,0.5038,0.2425,-0.5936,0.0086,1.9379,1.6477,1.3266,1.6103,1.5954,1.7753,-0.1724,-0.8714,-1.0897,-1.0127,-0.747,-0.1993,-0.0683,0.0323,1.0322,0.3964,-1.5209,-1.7194,-1.2613,-0.1846,1.0715,1.502,1.1406,-0.4456,-0.2178,0.2526,-0.1309,-0.275,-0.5713,-0.6556,0.0964,0.2071,-0.5572,-0.3678,0.8061,1.0631,-0.6957,-0.889,0.4686,1.4851,0.2194,0.2951,-0.6852,-1.1191,-1.781,-0.4798,-0.6285,0.6092,1.0364,1.0003,2.5341,1.7051,0.8393,0.1527,0.896,0.9431,0.612,-0.1226,0.3519,-0.0724,0.2805,-0.9241,-1.5935,-1.8145,-0.9931,-0.3122,0.0482,0.0276,-0.7574,0.0287,-0.7076,-0.3553,-0.1929,-0.4989,-0.1331,-0.6947,-1.1814,-0.3053,-0.728,-1.638,-2.1062,-1.7293,-0.5942,0.2123,0.9485,2.1461,2.5186,1.646,1.2449,-0.0288,-0.6226,0.0252,2.1883
"IC74",-1.2274,-0.4695,-0.0323,0.1433,-0.1002,-0.017,0.5742,0.07,0.5549,0.6555,-0.2207,-0.8304,-0.3743,-0.1306,-0.5104,-0.0808,0.8031,1.156,0.3982,1.4402,1.8743,2.3459,1.1834,0.3015,-1.2963,-1.4895,-0.4453,-1.2537,-3.2622,-3.2844,-2.0395,-0.7746,-0.547,0.1171,0.7446,0.8302,-1.0625,-0.6008,0.1651,1.5692,2.4954,1.2143,0.0113,0.3731,0.7314,1.2583,0.7461,1.0894,1.0208,-0.2645,-0.193,0.6754,0.2989,-0.339,-0.7912,0.5795,0.356,0.9258,-0.1971,0.2658,0.1848,-0.0716,-0.4978,-0.7859,-0.357,-0.282,-0.199,0.304,-0.6503,-0.551,-0.7396,-1.2378,-0.7005,-0.6402,-1.1427,-2.1725,-2.3559,0.0766,-0.252,-0.2109,0.2918,0.2294,0.4385,1.2469,2.1219,1.2268,0.446,-0.0856,0.4512,0.1759,0.2819,-0.3969,0.2618,-0.4164,0.3515,-0.7765,-0.208,-0.0479,-0.3968,0.2138,0.3418,0.863,0.3963,0.1354,-0.9852,0.2785,-0.1518,0.8369,-0.2159,-0.1704,1.2116,0.9192,0.809,0.3822,0.3781,0.6759,1.3201,0.6151,-0.2875,-1.6162,-1.9784,-0.7505,0.1323,-0.4531,-1.2353,2.0762,1.5829,1.4323,0.4553,0.2378,-0.0159,-0.5586,-0.1835,-0.7542,-1.7843,-1.4114,-1.3919,-0.56,-0.5286,-0.0704,-0.188,-0.6032,0.0933,-0.4578,-0.7205,-0.7111,-0.6884,-0.3644,0.5553,0.1791,1.1535,0.3598,-0.553,-1.8085,-1.8794,-0.0336,-0.4121,0.356,0.4341,2.258,1.3932,0.8065,0.3631,1.5145,1.6046,1.0647,-0.4599,-0.3085,0.5328,0.4115,1.2954,1.9489,1.2437,0.4286,0.3988,-0.063,-1.8029,-0.751,1.0284,0.4882,-0.269,-1.2827,-0.6748,-0.1936,-0.0504,-0.028,-0.558,-0.6303,-0.7924,-2.4119,-1.5228,-0.4967,-1.2264,-1.6774,-0.823,-0.4458,0.8828,2.9951,1.4054,-0.1042,1.0271,0.8954,-0.2397,-0.1238
"IC75",-1.901,-1.6762,-2.1489,-1.2927,-0.506,-0.3893,-0.118,0.0802,0.3205,1.1869,1.2135,1.8623,0.2494,0.0201,-0.5904,0.0733,1.1314,2.2109,3.196,3.3178,2.1322,1.5413,0.5044,-0.947,-1.416,0.4288,1.2338,-0.5697,-1.0901,-0.98,-0.9804,-0.9414,-0.4545,-0.1005,-0.5464,-0.5883,-2.3905,-0.8291,-0.8323,-0.3918,-0.7947,-0.0225,-0.1153,0.093,-0.1765,0.2135,-0.236,-0.5012,-0.4358,-0.4526,1.1611,0.6795,-0.3031,-0.8346,-0.7484,-0.1134,0.8178,0.1774,-0.6476,-0.1847,0.027,-1.1235,0.583,-0.1425,0.2026,0.0159,0.5678,-0.3097,-0.4006,-0.2441,-0.5561,0.6688,0.329,0.9969,0.8346,0.2309,-0.0039,0.9616,0.4703,0.78,1.7884,1.8768,0.2945,2.0019,0.9746,-0.0147,0.0918,1.0032,-0.4315,-0.0848,-0.0433,-0.2921,0.0818,-0.5531,-1.2791,-1.7288,-0.3553,-0.9922,-0.7681,-1.4097,-1.0665,-1.5189,-0.4728,-1.1354,-1.0351,-1.4017,-0.7159,0.3421,0.1476,0.0964,-0.2512,-0.154,2.3418,2.7593,0.6701,-0.8048,0.1172,0.2379,-0.1091,0.0713,1.3545,1.1111,0.3207,-0.3566,0.587,0.7896,0.6205,0.2381,-1.3222,-1.3434,-1.9032,-1.8082,0.2129,1.807,0.6495,0.3505,-0.1341,1.093,0.233,-0.6196,-0.8588,-1.0956,-1.0456,-0.6967,-0.1287,-0.2116,-0.438,-0.0136,0.0049,1.0269,2.5481,3.0184,-0.0937,-0.7639,0.4185,1.0393,-0.3762,-0.8149,-0.0975,-0.0232,0.1792,-0.0359,0.0208,0.9056,-0.1321,-0.1332,-0.9456,-1.1126,-1.4647,-0.9507,0.6938,0.7745,-0.2347,-0.1738,0.0152,0.2977,-0.8054,0.5502,1.4738,0.9046,0.5229,-0.2833,-0.5235,-0.2171,0.7938,1.2317,1.6373,-1.1459,-1.3912,-0.8161,-0.3229,-1.3966,-1.0123,-0.7441,-0.2275,-0.8664,0.546,0.3114,-0.8861,-0.1066,1.5623,1.1764,-0.259,0.5477
"IC76",0.3442,1.4736,0.0119,-0.4837,-0.321,0.6673,0.4011,-0.0848,-0.7209,-1.0424,-0.7327,-0.5197,0.8551,0.8248,0.9119,0.2804,-0.1917,-0.89,-0.8648,-1.4743,-0.9598,-0.4322,0.28,0.8524,0.3666,-0.9971,-1.0656,-0.495,0.3626,0.1664,-0.5993,-1.278,-0.9336,0.462,0.9438,0.9026,1.3787,1.8927,2.0568,1.1583,1.1572,0.3054,0.4203,0.3696,0.3227,0.8483,0.0119,-0.7698,-0.8488,-1.297,-1.5943,-1.7296,-1.2114,-1.3997,-1.5657,-1.6471,-0.5003,0.9812,1.786,0.6084,1.9752,2.0041,1.8179,1.8948,1.3611,0.2175,-1.3266,-1.8468,-0.1048,1.2096,1.9058,1.2586,0.0486,-1.1476,-1.3354,-1.1286,-0.8979,-0.6945,-1.1932,-2.64,-2.2223,-0.9988,-0.3141,0.1741,0.9016,1.3847,0.667,0.4064,0.6212,-0.622,-1.2809,-0.1425,0.0429,0.5762,0.6647,-0.0145,-0.7917,-0.1032,-0.8493,-1.6429,-0.2499,0.5259,0.5876,1.2542,1.6047,0.6587,0.9702,0.8353,1.146,0.5302,0.5147,0.8032,0.042,-0.0383,-1.7639,-1.9634,-1.4433,-0.5676,0.7753,1.5668,1.1309,1.8312,1.1291,-0.456,-1.4558,-0.2094,1.7236,0.7693,0.6459,-0.1111,-0.7249,-0.4267,0.1824,0.2739,-0.6195,-0.7273,-1.5002,-1.9086,-0.4714,0.1748,-0.155,-1.0421,-1.1901,-0.8854,-0.6385,-0.469,0.102,1.3405,1.1453,0.0862,-0.5914,0.344,-0.1077,0.1614,0.3327,0.8316,-0.4365,0.5477,0.68,-0.0465,-0.4165,-1.0757,-0.1318,0.3713,-0.4466,-1.3819,-0.0239,0.3467,0.5878,-0.314,0.2081,0.7238,1.9079,1.6968,1.0462,-0.2391,-0.7126,-0.4892,0.2622,0.4746,-0.6648,-0.5561,-0.0211,1.4364,1.397,1.3258,0.633,-0.8502,-1.7506,-1.0714,0.1119,0.2668,-0.9825,-1.5625,-1.3803,-1.1055,0.2288,1.1616,0.6483,-0.4377,0.2119,0.7731,0.8496,-0.6921
"IC77",-2.2855,-1.7901,0.4317,1.4673,1.0793,-0.1767,-0.8192,-1.3407,-1.1483,0.6033,1.3453,2.015,0.6482,-0.6271,0.1653,0.4383,-0.2854,0.5543,-0.0481,-0.6761,-1.0411,0.2468,-0.5876,-0.3418,-0.8385,-0.0257,2.0551,2.0639,0.5662,-0.6471,-1.0457,0.2992,-0.0111,-1.1061,-1.4107,-0.3658,-0.9095,0.0177,-0.1934,0.6306,1.8481,-0.3288,0.6135,1.3668,1.2852,1.3654,0.849,-0.2063,-0.9275,-0.2728,0.2557,-0.2296,-0.5044,-0.1223,-1.0657,-0.8858,-0.0585,1.5717,0.8454,0.866,1.0151,0.3425,-0.5716,-1.1138,-0.5761,-0.7985,-0.4432,-0.3972,-0.1736,1.1774,1.2517,-0.142,-1.7852,-1.2084,-0.787,-0.5139,0.574,0.8474,-1.3636,-1.0069,-1.3352,-0.2538,1.2493,2.5555,2.0659,-1.1084,-1.4932,0.3013,0.6819,-1.0452,-1.7486,-0.3169,1.2829,0.6694,-0.1519,-1.3566,-0.1306,-0.0308,-0.4843,-0.3823,-0.6643,-0.9453,-0.8316,0.2931,0.0403,0.8204,0.8996,-0.0812,-1.2837,0.3372,1.8025,2.4771,2.63,1.9796,0.606,-0.0777,1.06,0.9545,1.1477,-0.9961,-2.0634,-0.7919,0.6391,0.282,0.1615,1.38,1.5663,1.0327,-0.7729,-0.6614,-1.6031,-1.6543,-1.1551,0.4905,-0.0444,-0.8991,-2.3362,-1.3123,-0.6646,-0.5558,-1.3368,0.1134,0.4868,1.2778,-1.17,-1.0993,0.1432,0.9139,0.2548,-1.106,-1.032,-0.0093,0.3674,0.5088,0.2938,-0.7513,-0.5561,-0.9009,-0.37,0.1509,0.7907,0.5134,-0.0525,0.3427,0.4766,1.5206,0.8612,0.4085,0.5325,1.2994,1.7433,2.1151,0.3063,-0.3956,-0.2816,0.1469,-1.4003,0.0625,1.4078,0.809,0.0864,-0.6455,0.4843,0.4009,-0.1576,-1.561,-0.1676,-0.3427,-0.6775,-1.2731,-0.4081,0.4879,-0.1058,-1.3731,-0.576,0.4625,0.6238,1.251,0.7939,0.2497,-0.9165,-0.516,-0.6084,-0.5694
