"IC05","1.1269","-0.4883","-1.3777","-1.3257","-1.6715","-1.3238","-1.0428","-1.3927","0.2532","2.6838","0.9901","-1.3136","-1.4833","-0.8154","-0.4394","0.7951","-0.1388","1.0493","0.8980","1.0893","0.7335","0.1802","-0.4201","-0.5047","-0.2526","0.0670","-0.0498","-0.0842","0.1939","2.3523","2.3789","1.9535","1.8101","1.2893","1.0171","0.6794","0.2209","0.2910","0.1477","-0.2613","-0.1448","-0.2140","0.1907","0.9979","0.8260","0.3942","0.1844","0.3225","0.3120","0.4423","-0.2771","0.3546","-1.1322","-1.1109","-1.1790","-2.1066","-2.6557","-2.5520","-2.6938","-2.3488","-1.9677","-2.8737","-0.9452","-0.1540","-0.1776","0.0219","-0.2928","-0.5052","-0.2820","-0.6040","0.9275","0.9656","1.4288","1.0871","1.4313","0.5919","0.6869","0.7990","0.2920","-0.0910","-0.4909","0.0361","0.3228","0.0960","0.7350","0.6361","0.4671","0.4565","0.0871","0.5659","0.5155","0.9222","1.4661","2.1936","1.5182","1.2940","0.9734","0.3410","0.1043","0.5891","0.5106","0.6167","1.6949","1.1894","-0.3719","-0.9034","-0.5112","0.4965","-0.7139","-1.2056","-1.4008","-1.8208","-1.6058","-2.3153","-1.5149","-2.3902","-2.0816","-0.8568","-0.6865","-0.0948","1.0924","0.2810","0.6714","-0.3268","-0.3770","-0.8116","-0.6267","0.1459","0.2192","-0.8087","-0.6736","0.0462","-0.5643","0.3140","2.7538","0.1655","1.4019","0.5517","0.1970","0.2645","0.2862","2.3759","-1.7144","-0.7765","-1.1773","-0.2814","0.3908","-0.1664","0.0886","0.0726","0.1052","-0.3144","0.5485","1.1132","1.2657","1.1148","0.9951","0.7575","0.3192","0.3281","-0.2093","-0.7158","-1.2685","-0.5841","-0.3036","-0.1977","-0.4626","0.4013","0.0123","0.3725","0.5145","0.5600","0.7746","0.3355","0.0041","-0.2463","-0.5522","-0.0524","0.3374","0.1548","0.0009","-0.0268","-0.6924","0.4460","0.1971","0.0822","0.4416","0.1432","-0.0292","-0.0263","-0.6289","-0.5992","-0.5293","-0.6247","-0.5246","-0.4636","0.0636","0.0102","0.2396","-0.5189","-0.2458","-0.0729","0.0657","0.5440"
"IC08",1.9291,0.4448,-0.3336,-0.4898,-0.6586,-1.358,-0.8354,-1.1542,-0.1189,2.2673,1.06,0.9153,1.6524,1.1402,-0.6124,-0.8395,-0.1179,-0.0277,-0.7725,-0.7774,-1.2668,-1.2789,-2.2535,-2.5386,-1.5168,-0.2664,-0.6287,-1.1672,-0.6821,2.5544,1.6348,1.409,1.0873,-1.0453,-1.217,-0.5262,0.5269,1.5226,2.5935,1.9959,2.513,1.2915,1.145,0.2836,0.1926,-0.4064,-0.4479,-0.0102,0.3256,0.1317,0.8039,2.1504,0.6043,-0.0979,-0.1499,-1.3001,-1.6276,-2.4179,-1.7229,-1.6335,-2.6019,-2.0798,0.0636,0.5588,-0.0982,-0.6362,0.5721,0.5752,0.7591,1.2964,1.2061,0.954,0.6941,1.1921,0.3638,-0.1643,0.1583,-0.2483,0.1322,-0.883,-1.4421,-1.3532,-0.883,0.4004,0.534,0.0745,0.0875,-0.1001,0.1296,-0.1968,-0.2431,-0.1295,0.3152,0.1627,0.1314,-0.4201,-0.683,-0.6153,-0.544,-0.3564,-0.6063,-0.8632,-0.1526,-0.0003,0.4647,0.7934,0.7024,0.5423,0.2187,-0.4279,-0.5842,0.8924,1.5841,2.2126,2.5422,0.6392,0.4262,0.379,-0.2968,1.2339,-0.1393,0.2173,0.7633,0.2491,-0.0595,-0.9481,-1.7412,-0.7337,-1.3485,-1.378,-0.8199,-0.3967,-0.8306,0.5409,0.3631,0.0701,-0.1537,-0.3811,-0.4598,-1.567,-1.3355,1.2641,0.5597,0.782,1.977,1.5677,0.1952,-1.3607,-1.8459,-1.2265,-0.9731,-0.8691,-0.3786,0.559,0.3264,-0.3413,0.1546,-0.0955,0.325,-0.2412,1.0284,1.5458,1.2974,0.299,-0.3721,-0.5282,-0.106,-0.4547,-0.3424,0.1112,-0.3791,0.2492,0.0715,0.8751,0.451,0.1016,-0.3121,-0.5016,-0.4545,-0.656,0.0681,-0.1756,1.2095,1.6334,1.2917,0.5421,0.3877,-0.1071,0.6994,0.1566,0.3103,-0.3736,-0.741,-1.5781,-0.7491,-0.4314,-0.0916,0.0537,-0.4261,-0.4847,0.6143,0.2563,0.318,-0.8562
"IC09",-0.3925,-0.044,-1.0372,0.3581,0.3448,-0.0511,-0.7066,-0.2707,-1.1562,-0.3497,2.1817,2.5326,0.985,-0.7434,-1.3564,-1.0115,0.1962,0.8398,1.0125,-0.4306,-0.6984,-1.0427,-1.6879,-0.5957,-0.9611,-0.2099,-0.2899,0.4174,0.0914,0.2785,2.0178,0.7297,0.1634,-0.2297,0.3628,0.2111,-0.588,0.491,0.3167,0.3971,0.0394,1.0662,1.0166,0.9889,0.1388,0.4465,-0.189,0.9592,0.4805,0.2954,1.0722,0.8958,1.6049,1.4501,-1.0517,-1.8969,-3.4806,-1.2348,-1.7693,-2.7355,-2.1788,-1.4786,-0.657,-0.1428,-0.026,-0.2039,0.3461,0.8918,0.3296,0.2562,0.316,1.2094,0.1955,0.5524,1.3117,0.7852,0.8609,0.5609,-0.2077,-0.15,-0.6763,0.4075,0.6498,-0.1213,0.3369,0.5332,0.4418,0.6961,-0.2577,-0.9233,-0.1333,-0.1733,0.0464,-0.3603,-0.6749,-0.0871,-1.5311,-0.6602,-1.1242,-1.1764,-0.7924,-0.9166,-0.5884,-0.4523,-0.0472,1.149,2.8102,2.8274,2.0712,1.9799,1.2312,-0.3089,-0.4849,-0.9017,-0.5456,-2.3432,-1.5235,1.4735,2.1939,2.5688,0.95,-0.3637,-1.3725,-1.9015,-1.3629,-1.2601,-0.6509,0.5508,0.5587,1.2048,1.8817,0.2559,0.0108,-1.9398,-0.7659,0.0049,-0.483,-1.0295,-0.7918,-1.398,-0.7693,-2.3608,0.2057,2.4054,0.5912,0.5837,0.7919,-1.0879,-0.1543,-1.1838,-0.0544,-0.1909,-0.3468,0.7578,0.2307,1.2586,0.7204,0.7441,-0.3178,-0.323,0.086,0.2445,-0.8703,0.6536,-0.4747,1.046,0.1067,0.356,0.4061,0.5063,0.9733,0.3886,0.8236,0.2748,0.6358,-0.4398,-0.961,0.3521,-0.5474,-0.295,-0.5342,-0.4318,-0.3141,0.6193,-0.1985,0.7255,-0.4364,-0.3518,-0.2911,0.3586,-0.8633,-0.1218,-0.2426,-0.402,0.1008,-0.2642,-0.6016,0.415,0.7302,0.009,-0.1291,0.1954,-0.1715,-0.0183
"IC15",1.9485,1.8445,-0.2995,-0.6015,-0.7286,-0.0683,-0.1924,1.6225,2.4275,0.3477,-1.6995,1.0371,0.513,-0.7851,-0.9326,-0.6813,-0.9501,-0.4182,-0.9001,-0.4612,-0.1726,-1.8353,-1.8345,-1.6265,-1.2927,-1.0716,0.001,-0.3679,-0.094,2.3449,2.3322,1.2209,1.5322,0.9916,-0.0669,-0.0154,-0.5868,0.3632,-0.6094,-0.0955,-0.1694,-0.392,-0.3484,0.1991,0.0748,1.1684,0.5964,0.9656,0.8225,-0.3274,1.0674,2.2677,1.0534,0.943,0.4868,-0.0841,-2.3373,-3.3798,-2.3829,-2.2609,-2.1019,-0.5088,-0.5133,-0.4236,-0.6454,-0.1896,-0.8347,-0.1217,0.8561,0.9704,0.9718,0.9978,0.5481,0.0923,0.5779,1.1497,0.0435,0.23,0.1994,0.0622,0.7035,0.4417,0.6755,0.3448,0.462,0.3824,0.2883,-0.0986,0.8393,0.3194,0.8601,0.2775,0.0006,-0.4744,-0.5316,0.3612,-0.4707,-1.5708,-0.7969,-0.6764,0.0446,-0.2199,-0.7232,-0.4288,-1.2481,0.3046,-0.195,-0.5951,-0.6921,-0.6,-0.4197,-0.7504,0.3653,1.0889,0.4427,0.8049,0.1743,0.4773,0.9393,0.368,0.5616,-0.0524,1.8087,1.6811,0.6443,0.0708,0.4809,-0.778,-0.3108,-0.7024,-0.58,-0.5403,-0.2543,-0.8035,-1.4231,-1.3963,-0.6024,-0.8229,-1.4237,-1.5655,-1.9399,0.0786,-1.9486,0.8377,4.318,3.0225,2.193,0.2101,-1.3971,-0.9648,-0.2251,0.714,0.1956,0.8216,0.8843,1.093,1.1362,0.8655,0.2408,0.0299,0.1674,0.3222,0.1845,-0.1892,-0.3522,-0.7471,0.6599,-0.0902,0.2498,-0.2157,-0.3871,-0.3622,-0.4116,-0.3688,-0.5971,-0.4542,-0.6241,-0.7914,-1.1988,-0.7292,-0.9832,-0.055,-0.4121,0.009,0.1871,-0.4107,0.0488,-0.1805,-0.3094,-0.394,0.0082,0.0601,-0.3928,0.7282,-0.279,0.453,-0.1163,0.1897,0.0209,0.5847,0.7922,1.797,0.7789,-0.2838
"IC16",0.2251,-0.2143,-1.1126,-1.2214,-1.96,-0.5692,0.2058,0.2969,0.5934,-0.2575,3.4978,3.4216,1.5438,-0.0999,-0.7784,-1.6851,-0.224,0.6959,0.0185,-1.231,-1.0362,-2.0772,-1.8923,-0.8531,-0.2579,0.2571,-0.0394,0.4732,-0.4879,0.3165,1.5977,1.9625,1.0781,-0.2393,-0.1109,-0.3499,-0.8327,0.0913,0.2073,0.408,0.765,0.6168,0.5757,0.5474,0.3905,-0.1033,-0.6377,0.6464,0.1746,-0.5447,1.5993,2.5057,2.6122,1.0284,-0.5111,-2.2414,-2.9072,-1.9111,-1.6827,-0.9802,-1.0758,-1.9698,-0.8861,-0.3544,-0.3981,0.0111,-0.3265,0.4063,1.3856,0.8467,0.8685,1.1384,0.6003,1.4426,0.9242,0.6963,0.5533,-0.0649,-0.3774,-0.5107,0.4368,-0.0097,0.1017,-0.5885,-0.5465,-0.1539,-1.1119,-0.3506,0.2917,-0.4194,-0.0242,-0.9586,0.0929,-0.4119,-0.765,-0.7066,-0.2534,-0.0274,-1.0957,-0.0455,-0.3742,-1.2136,-0.5213,-0.3831,1.2,1.5173,1.4163,0.3681,0.3678,0.9912,0.335,0.7347,1.869,2.0093,2.1139,-0.0196,-0.4998,1.3751,0.8147,0.5308,-0.7803,-1.1498,-1.3924,-1.0763,-0.7851,-1.183,-0.6588,-0.4438,-0.4068,-0.438,-0.365,-1.2531,-0.4738,-0.1466,-0.6739,-0.1622,1.1126,0.7432,-0.6342,-0.8005,-0.5255,-0.599,3.8641,1.1684,0.4263,1.2784,0.2051,-1.6816,-1.2522,-1.6637,-0.1873,-0.1614,0.2873,0.3582,0.2991,-0.2089,-0.2671,-0.4298,-0.0273,0.8112,0.9362,-0.6406,-1.3493,-0.5629,-0.5635,0.1711,0.0031,0.0242,0.6906,0.0975,0.3112,0.2896,0.9965,-0.1735,0.5326,0.8152,0.2388,0.5643,0.7152,-0.0945,-0.1103,-0.3634,0.5361,1.3822,0.3307,-0.2096,-0.2953,-0.1662,-0.8203,-0.0309,0.0284,-0.3969,0.0899,0.2651,0.4812,-0.3559,-1.1209,-1.1071,-0.8822,0.6046,0.8107,0.2325,0.2292,-1.1587
"IC17",-2.3903,-0.7601,-0.2991,-0.4294,-0.5303,-0.3613,-0.8461,0.1729,2.8595,1.6474,-1.1033,-0.5041,-1.2219,-0.7369,-0.6781,1.7287,2.5761,-0.1485,-1.1851,-0.1163,0.2171,-1.1228,-1.0628,-1.3149,-0.9179,-0.2244,0.5483,-0.1781,-0.6804,1.8842,3.227,1.6767,0.2302,-0.237,0.252,0.1658,0.1034,1.4879,0.6096,0.7228,0.8968,0.4026,1.0887,0.7877,0.9018,1.3229,1.196,1.4366,-0.0431,-1.1307,1.0511,0.1837,-0.3692,-0.4208,-0.0893,-0.1285,-2.5442,-4.3061,-3.3094,-2.5621,-2.1929,-0.262,-1.4201,-0.749,-0.7334,0.4742,0.3435,-0.2785,0.3041,-0.2034,0.0975,0.2987,1.2003,0.5563,-0.43,0.5368,-0.0309,0.7273,0.6968,0.087,0.9881,0.0946,0.3628,0.71,0.0482,0.0473,0.3478,-0.3572,0.8652,0.2964,1.0681,0.9974,0.4018,0.0009,0.497,0.2688,0.2688,-1.3682,-1.5037,-0.6025,1.0031,1.8346,-0.0529,0.4793,0.1645,0.041,-0.227,-0.698,-0.574,-1.2926,-0.963,0.2879,-0.5692,0.7267,0.0785,0.9008,1.443,-0.5948,-0.0548,-0.3787,1.3867,0.6273,0.5479,0.7405,-0.5029,-1.3652,0.1872,-0.3955,-1.0052,-0.1525,-0.7196,-0.5263,0.068,-0.5625,-2.2468,-1.299,-0.1769,0.4337,-0.4359,0.2663,-1.2834,0.1268,-0.3191,1.4272,2.6444,1.197,0.0926,-0.6648,-1.4614,-0.3311,-0.8907,0.3677,0.2079,0.9284,1.1817,1.087,0.4183,-0.2453,-0.9474,-1.5737,-0.4884,0.543,0.4678,-0.2702,0.4824,-1.2658,0.7092,-0.0829,0.6997,-0.0244,0.3471,0.3542,-0.8176,-0.0222,-0.1231,0.8901,1.3582,0.5441,0.03,0.8927,0.5936,0.5293,-0.1856,-0.3107,0.803,0.295,0.3224,0.856,1.2097,0.0066,-0.4904,-1.0086,-1.2828,0.0982,-0.1512,-0.0466,-0.5926,-0.1172,-0.7249,-0.4423,-0.8343,-0.0962,-0.5449,-0.3738
"IC18",0.95,0.2324,0.7162,0.9167,0.8791,1.1688,1.4955,0.452,3.946,1.0699,-3.814,-2.0535,-0.9016,-1.5085,-1.6362,-0.6702,-2.0104,-2.0876,-0.9278,-0.1104,0.8558,0.3699,-0.6624,-0.2091,-0.8226,0.5638,-0.7494,0.6106,0.8235,2.8081,-0.59,-0.4541,0.9,-0.6935,0.2158,-0.6821,0.6611,0.6006,1.1504,0.7524,1.1392,0.1034,0.3654,0.2949,1.2994,0.871,0.7931,0.287,0.843,-0.5227,-2.8816,-1.528,-2.3647,-0.1282,1.1064,0.6344,-0.4657,-1.8349,-2.8887,-1.2587,-0.743,-0.0223,0.0781,-0.7434,0.0577,-0.2194,0.9877,-0.1357,-0.523,0.5525,1.0942,0.213,0.2402,1.1299,0.539,0.0924,1.2303,0.7449,1.3533,0.1554,-0.5006,0.113,-0.2967,0.563,0.364,-0.0339,0.5832,0.1743,-0.4265,0.8314,0.4829,0.6515,0.4549,-1.0069,0.3178,-0.1076,0.7492,0.1319,-0.0695,0.1026,-0.8325,0.4392,0.5221,-0.936,-0.4244,-1.1699,-2.1558,-2.7952,-1.852,0.597,-0.3438,1.4292,0.1811,-0.5259,0.9863,0.4027,-0.1296,-0.7903,-1.1157,0.7682,0.5648,0.8073,0.1883,1.1078,0.5545,0.2386,-0.7112,0.2023,-0.852,0.7135,0.3441,0.433,0.4004,0.7323,-0.7429,-1.2317,-1.3249,-1.2805,-0.2995,-1.4182,0.4747,3.6464,-0.6051,0.6684,0.1936,0.1993,-0.164,0.4723,0.3736,0.2392,0.3849,-0.5229,0.0752,-0.2256,0.7447,0.3259,0.3257,-0.1694,0.4297,-0.0376,-0.5812,-0.0603,0.108,-0.0635,0.5206,0.3913,-0.2549,0.7522,-0.2327,0.268,-0.274,0.6911,0.4303,0.8657,0.3814,-1.4662,-0.7112,-0.9315,-0.6933,-1.1415,-0.7144,-1.6021,-0.2318,-0.6633,-0.0407,-0.0929,-0.5747,-0.8572,-0.1254,-0.1986,0.3359,0.0851,0.0117,-1.5139,-0.0131,0.1266,0.9511,-0.122,1.0011,0.3814,1.2097,0.9058,1.3404,0.3145
"IC19",-1.3896,-1.2484,-0.7801,-1.0763,-1.2328,-1.3994,-1.4042,-1.4662,-2.0234,1.6662,2.1734,1.4699,1.5395,1.4815,1.6212,0.6847,0.6531,0.6928,0.8653,0.7952,0.7605,0.9021,0.8924,0.6477,0.4767,0.8324,0.3198,0.3069,0.0408,0.9088,0.3487,-0.1768,-0.2745,-0.1452,-0.0517,-0.2454,-0.4988,-0.6051,-0.6946,-0.6547,-0.4611,-0.6205,-0.5101,-0.4408,-0.8878,-0.646,-0.6391,-0.5614,-0.8375,-0.7292,-0.4192,-1.2699,-0.6399,-0.418,-0.3862,-0.158,-0.5098,-0.2497,-0.7653,-0.7329,-0.4052,-0.1915,0.607,0.2029,-0.0463,0.2389,0.4229,0.4841,0.2641,0.2226,0.4877,0.2045,0.6781,0.9309,1.1232,0.7431,0.3073,0.4364,0.4292,0.8303,0.7208,0.445,0.2458,0.163,0.3886,0.1601,0.1142,0.1574,-0.0058,0.0725,0.2699,0.5182,0.2266,0.5909,0.3668,0.2931,0.1381,0.2493,0.3252,0.1441,-0.0629,-0.0427,0.7169,0.2851,0.0505,-0.3281,-0.4782,-0.4046,-0.2216,-0.4397,-0.8641,-0.4427,-0.6687,-0.973,-1.097,-1.2218,-1.4317,-1.9618,-1.9608,-1.5489,-0.0923,-0.589,-0.4686,-0.6936,-0.8025,-0.9615,-1.1702,-1.0128,-1.0089,-1.2148,-0.9898,-1.0549,-0.8095,0.39,5.4088,3.21,2.9154,2.919,2.8642,3.349,3.1767,3.7634,1.833,0.0217,-0.642,-0.6591,-0.7143,-0.5073,-0.6451,-0.7157,-0.7571,-0.5912,-0.4918,-0.2602,-0.696,-0.781,-0.8926,-0.5647,-0.9121,-0.5345,-0.474,-0.7418,-0.4927,-0.0856,-0.4598,-0.6474,-0.3339,-0.3988,0.0003,-0.2552,0.1772,-0.141,-0.086,0.114,0.0209,0.1508,-0.1152,0.0686,-0.0598,0.3561,0.2607,0.276,-0.1136,0.2863,0.1269,0.2884,0.211,0.4286,0.3186,0.3267,0.4057,0.4566,0.0783,0.182,-0.3215,0.0079,-0.3922,-0.1957,0.0169,0.1585,-0.3202,-0.3017,-0.4942,-0.1917
"IC20",2.1861,0.6722,-0.9332,-1.5887,-0.8452,-1.0771,-0.3479,-0.6777,-0.9601,-1.0788,1.4656,1.8656,-1.2506,-1.1766,-1.2115,1.4097,0.22,-0.9066,0.766,-0.2973,0.6139,1.303,-0.7222,-0.3806,0.1494,0.6551,0.1238,1.9387,0.1349,0.2587,1.9142,0.6173,0.3786,-0.1446,0.1747,-1.309,-0.9409,-1.0119,0.0297,-0.415,-0.1323,0.0465,0.3214,0.2643,1.1415,0.234,0.5627,0.2053,0.9584,-0.2347,0.1621,0.8244,0.8004,0.6351,-0.0388,-1.1161,-2.33,-1.0493,-2.5446,-1.6236,-1.1868,0.3222,1.0137,0.5533,0.6635,-0.0975,-0.1259,-1.1098,-1.3539,-0.7786,0.1499,1.1618,1.272,1.9618,0.8429,1.5828,2.2104,0.8347,0.4326,-0.6942,-0.6726,-0.7104,-1.8873,-1.0968,-0.1465,-0.6926,-0.6078,-0.0242,-0.4392,-0.3183,0.0362,0.1604,1.405,0.3547,0.8249,-0.2609,-0.2612,-0.2574,-1.704,0.3418,0.322,0.6947,1.6934,1.3237,1.9067,0.558,-0.4894,-1.7852,-0.7568,1.2317,-0.502,-0.2186,0.0077,0.3066,0.1917,-2.0184,-2.4013,-1.4101,-1.1582,0.6689,-0.7507,0.4692,-0.377,-0.8209,-0.8624,0.6077,0.3592,1.0207,0.4457,0.5018,-0.2065,0.31,1.6531,2.2064,-0.1809,-0.2495,0.82,0.4564,0.893,0.4759,0.8096,-0.7897,2.1724,2.0961,-0.5728,-1.6973,-1.285,-1.4629,-0.3477,-0.9967,0.5947,0.0804,0.5743,0.6264,0.9369,0.1091,-0.4161,-0.3073,-1.4547,-1.2916,-1.3793,-1.2563,-1.7743,-1.0659,-2.1975,-0.8782,-1.0396,-0.0057,0.2209,1.0213,0.6037,0.7533,1.5453,0.0648,1.3791,0.3385,0.4979,1.1773,1.1357,0.779,1.0574,-0.4762,-0.1016,0.5076,0.0008,0.9244,0.2384,0.2251,0.8029,1.1649,0.1343,-0.1428,0.8338,-0.5706,-0.2785,-0.9263,-0.1691,0.4264,0.0887,-0.5559,-0.668,-1.7507,-0.4304,-0.957
"IC23",0.7226,-0.1274,-0.7875,-0.3452,-0.6835,-0.9533,-0.2548,-0.1605,2.6938,5.3062,3.7124,-0.5335,-0.1686,0.1667,-0.9376,-1.4361,-0.0352,0.2997,-0.6441,-0.4523,-0.1893,-2.0131,-2.0272,-1.5685,-2.2674,-1.6829,-1.7151,-1.922,-1.7066,-0.5633,-0.5253,1.7011,2.1516,0.79,0.1537,0.1467,-0.0176,0.8525,0.1112,0.0911,0.5278,0.8648,1.0718,1.2413,1.0519,0.7779,0.8767,1.3501,0.8974,0.7105,0.4538,1.4058,0.5637,1.1639,1.1359,0.5559,0.217,-0.9133,-1.6663,-2.2132,-2.6478,-2.6649,-1.0591,-0.9529,-0.6967,-1.3292,-0.6764,-0.3098,-0.1515,0.475,1.6315,0.4219,0.3931,0.0781,0.8699,0.6174,0.8858,0.5878,0.5596,0.4529,0.0116,0.3633,0.1466,-0.0064,-0.0923,-0.365,-0.0742,-0.7188,-0.4744,0.4938,-0.1047,-0.023,-0.0636,-0.6412,0.0364,-0.378,-0.1244,-0.7997,-0.8255,-0.26,-0.79,0.2118,-0.9268,-0.3601,0.1999,-0.1332,-0.1381,-0.1596,-0.0607,0.2399,-0.2333,-0.1628,0.2616,0.2358,0.7165,0.9043,1.3588,1.9483,1.4719,1.3819,0.691,0.4481,0.8157,0.3795,0.39,-0.3408,-0.0799,-0.1403,-0.7195,-0.4483,-0.5382,0.2129,-0.264,0.4739,-0.058,-3.3441,-0.6375,-1.0762,-0.7649,-0.6523,-1.2553,-1.4167,-1.6372,1.5249,1.8483,1.1023,0.751,0.5806,-0.1349,-0.9351,-1.3379,-0.7763,0.1656,0.344,0.4204,0.5577,0.8924,-0.1041,0.6878,0.5296,-0.5018,0.029,-0.1175,-0.2465,0.2181,0.1248,0.5684,1.0204,0.252,0.0627,-0.3917,0.2155,0.2666,0.1802,0.153,-0.1015,-0.0856,-0.0668,-0.1671,-0.6854,-0.2655,-0.2937,-0.6426,-0.2851,0.4995,-0.1556,0.2109,0.1834,0.2955,-0.2313,-0.4177,0.1171,-0.0686,-1.0343,-0.9914,0.0853,0.5494,-0.2732,-0.1659,-0.3303,0.552,0.77,0.6427,0.5617
"IC24",3.5478,-0.4936,-0.799,-1.411,-0.0887,-1.987,-0.9308,-1.647,-0.983,-1.5013,-0.4488,2.382,0.8558,0.6828,-0.3614,1.3757,0.9665,0.649,1.346,2.5202,0.7509,0.7856,-1.567,-1.3028,-0.7673,-0.1256,-1.1086,-1.2053,0.7796,1.6013,-1.6066,-0.9813,0.861,-0.7644,0.0556,-0.946,-0.1632,-0.2251,0.872,-0.7,0.8701,-0.1786,1.0168,0.3995,0.9682,-0.7602,-0.0261,-0.5457,0.6377,-0.3493,0.1404,3.5779,0.3312,0.9514,2.2735,0.3214,0.2536,-1.682,-2.7141,-0.846,-2.707,-1.0799,-0.5444,-0.7753,-0.2768,-1.3158,0.068,-1.0702,-1.5361,1.1242,1.154,0.0313,1.7138,0.7222,0.8315,-0.0139,0.9732,-0.1229,1.0483,0.1403,-0.1055,-0.2428,-0.4345,1.8061,-0.2551,-1.7505,0.1384,-0.7761,0.1458,0.3763,-0.1794,1.3895,0.5905,0.1326,0.6548,-0.9573,0.2066,-0.2895,1.5886,-0.0474,-1.1668,0.1041,-1.1156,-1.8603,0.0174,-0.9219,-0.6441,0.7585,0.1621,0.0589,-0.8385,0.5101,-0.3843,-0.2797,0.8678,1.286,0.7989,1.1724,-0.0581,1.6785,-1.0233,0.1665,-0.1491,-0.1913,-0.0793,0.2049,-1.5317,0.876,-0.3095,-0.1849,-1.3393,0.1081,-0.9878,0.2723,0.7814,2.1366,0.1832,-2.0138,-0.7836,-0.9567,-0.5655,1.0079,0.3987,1.425,-0.442,0.5587,0.2871,0.0972,-0.7873,0.3953,-0.9793,-0.3351,-0.3247,-0.1236,-0.0678,-0.6721,0.6339,-0.9196,1.2404,0.2008,-0.1017,-0.1743,0.257,-0.0517,1.1722,-0.3118,0.0711,-0.266,-1.1976,0.2958,-0.6035,1.0776,-0.053,1.9875,0.3323,0.0228,-0.2023,-0.9369,-0.2699,-0.9498,0.7749,-0.2904,0.9882,0.8639,0.6484,-0.6833,0.3343,-0.6833,0.7833,-0.8308,0.6691,-0.56,0.3332,-0.3006,-0.2819,-0.7285,0.068,-0.8926,-0.3465,-1.4064,0.8257,0.4276,1.4983,-0.5725
"IC26",0.4113,0.1811,-1.5849,-0.7181,-0.4779,0.146,1.0865,0.753,1.8012,4.7479,1.8894,-1.524,-1.5275,-0.1077,-0.8348,0.9984,-1.9213,-1.0979,-0.6474,-1.1425,0.4683,0.1586,-0.5473,-1.2896,-1.6758,-0.7147,-1.2469,-0.7644,-1.2832,-0.2401,1.579,1.1086,2.0061,0.8293,0.8485,-0.2114,-0.2733,0.3936,0.313,-0.2933,0.4454,0.2245,-0.0522,0.4245,-0.3345,0.2138,0.5441,0.7966,1.9099,1.1781,0.9241,-0.0421,-1.5588,-0.9092,-0.9063,-0.6705,0.6349,-0.4953,-1.7958,-1.1025,-0.8103,-0.9762,-0.6422,-0.1438,0.4768,0.4141,0.7807,0.6696,0.2416,-0.6509,1.1569,0.2621,0.6382,0.2572,0.1403,-0.3861,0.6519,-0.8428,-1.5516,-0.3261,-0.305,0.2698,-0.1981,-1.0854,-0.0775,-0.5731,1.0225,0.1488,-0.5877,0.4565,0.0056,0.0203,1.129,1.0325,0.2465,0.7201,0.5849,0.2605,-0.6378,0.5709,0.4327,0.5418,1.4161,1.2045,0.9389,0.8477,0.7705,0.6837,-0.4947,0.4753,-0.7805,-1.3742,-0.8581,-2.2463,-0.7723,-1.2857,-2.0175,-1.9027,-2.903,-0.9731,1.1651,1.1285,0.711,-0.3044,-0.0812,-0.3222,-0.611,0.0565,0.0371,-0.5021,-0.449,-0.0557,-0.277,1.3623,0.9697,-0.3465,2.4609,2.0455,2.5079,2.0529,1.5486,0.9476,-2.7645,-2.2236,-1.1684,-0.1279,0.1335,-0.3564,0.2542,-0.0327,0.3028,-0.3986,-0.1117,0.1736,1.1838,-0.1371,0.1495,-0.4609,0.9286,0.8296,-0.1805,0.1123,-1.2273,-0.7277,0.2848,0.0765,-0.6688,-0.2964,-0.9789,-0.4997,-0.3876,-0.1377,-0.0551,-0.4954,0.6286,0.7208,0.4826,-0.2551,0.6168,-0.0818,0.0928,-0.1475,-1.5347,-0.7784,-0.367,-0.1722,1.3866,0.6456,0.2517,0.2316,-0.8987,-0.7727,0.1537,0.3485,0.318,-0.3547,0.5141,-0.4222,0.5512,-1.1824,-0.3366,-0.1837,0.8471,1.5711
"IC27",1.015,0.9423,-0.8619,0.4195,0.095,0.4267,0.4163,1.0877,3.279,0.9181,-3.0491,-0.1814,-0.4713,-1.4769,-1.1128,-0.3398,0.0101,-0.3379,-0.8236,0.598,0.6806,-0.976,-1.0879,-0.1418,0.5857,-0.1346,0.3032,0.6379,0.939,0.7201,1.6331,1.0361,0.0948,-0.0879,-0.9114,-0.7612,-0.6876,0.7537,-1.3312,-0.6464,-0.352,0.0653,-0.2,0.3704,-0.2133,0.3563,0.041,1.1839,-0.2414,-0.2796,-0.4859,-1.3835,-1.7575,-0.3896,-0.608,-0.8853,-2.0001,-2.1063,-1.2367,-0.0877,0.4002,1.2019,1.2331,0.6327,-0.3486,-0.0437,0.152,1.1705,1.4233,0.4424,0.3383,1.3557,1.2893,0.399,0.7998,0.6197,-0.5071,0.965,0.4213,-0.3393,-0.0253,-0.1442,1.1022,0.2459,-0.2973,0.6274,-0.2773,-0.4284,0.6777,-0.2155,0.5873,-0.0413,-0.3477,0.3571,0.1276,0.6423,-0.4094,-1.0764,-1.0219,-1.2106,0.1256,0.0673,0.471,0.2874,-1.3219,-0.7597,-0.8188,-0.3744,-0.6561,-1.4457,-0.2733,-0.4666,0.5529,0.6189,0.2953,0.6394,-1.028,-0.5752,0.9555,-0.2705,-0.6736,-0.8408,1.5545,0.8774,0.4596,-0.2917,1.1679,0.0259,0.3434,0.3626,-0.0982,0.3942,1.107,-1.1041,2.0786,0.1008,-2.2124,-1.7135,-2.1676,-1.6896,-1.5809,-1.4602,-1.6889,3.1415,2.5508,0.4698,0.8923,-0.1975,-0.1355,0.1859,-0.2783,0.9423,0.4306,2.0391,1.2587,1.5015,1.6739,1.4914,0.5595,0.3904,0.6806,0.5508,-0.6307,0.2103,-0.5811,-1.7501,0.0016,-0.9831,0.4923,-0.2108,0.4155,0.1952,-0.532,-0.5325,-1.4509,-0.6852,-1.2917,-0.2349,-0.986,-1.1162,-1.1779,-0.8692,-2.0161,-0.2046,-0.0229,-0.5352,-0.3554,0.6163,0.2744,0.2261,-0.1634,-0.7132,-0.7395,0.1948,-0.7158,-0.2148,-1.0031,0.4437,0.7345,2.0197,2.1716,2.9428,0.7323,-0.5145
"IC29",1.2346,-0.0994,-1.2386,-0.193,0.5917,0.4355,0.4729,0.1312,0.1072,0.6765,-2.499,-0.465,0.1629,-0.6544,-0.8201,-1.2519,-0.0519,0.4266,0.9445,0.4165,-0.8966,-0.696,-1.9187,-2.2789,-1.4036,-0.7629,-0.306,0.3774,1.7139,2.3095,3.0735,2.2368,0.6113,-0.7382,-0.5576,0.3846,0.0673,0.5658,0.6135,0.5552,0.8047,1.1985,1.1739,1.3279,0.498,1.0842,0.9494,1.2232,0.7236,1.714,0.7349,-0.8065,-0.6804,-0.4757,-2.2705,-2.6496,-3.3927,-2.2027,-2.0051,-1.7477,-1.5755,-1.5177,0.3839,0.5484,0.7205,0.1708,0.3351,0.9765,0.6752,0.9928,0.121,-0.1832,-1.0885,-0.8043,0.3466,0.2293,1.1127,0.3534,-0.4228,0.3084,-0.3341,0.1161,-0.1879,-0.3052,0.4421,0.0689,0.4361,0.5834,0.2628,-0.7892,-0.6577,0.1721,0.7141,0.9688,-0.3301,-0.4387,-1.1237,-0.5606,-0.8111,-0.29,0.6809,0.3224,2.0658,2.1446,1.2641,1.5423,1.8066,1.55,0.1542,-0.8786,-0.7985,-0.6578,-0.2986,-0.9233,-0.0445,-0.4964,-1.257,-0.1325,-0.1231,0.1347,-0.3497,0.1618,0.6259,-0.5987,-0.1503,-0.0224,-0.1695,0.1462,-0.6797,-1.583,-1.1152,-1.5208,-0.6752,-1.2661,0.8606,2.2827,-0.7,-1.1214,-0.5613,-0.6332,-0.4768,2.3552,-0.3629,2.3175,0.9662,0.2868,0.7338,-0.1551,-0.0502,-0.9482,-0.6229,0.0622,0.3599,1.3353,0.7239,0.2825,-0.3762,-0.1972,-0.7931,-1.2869,-0.833,-0.2861,-0.9322,0.0303,0.0297,0.7572,0.0578,-0.198,-0.3186,-0.4296,0.0981,-0.1355,0.4809,0.9525,1.3287,0.7756,0.2096,0.592,0.358,0.4518,0.876,0.5537,-0.0118,0.425,-0.3773,0.3931,0.2177,0.7312,0.8576,0.2133,-1.3259,-1.5973,-1.453,-1.5027,-1.0528,-0.103,-0.2262,0.5348,0.508,0.3104,0.1765,-0.696,-0.2565,0.579
"IC31",0.2855,-0.518,-1.5049,0.0521,-0.4109,-1.1414,0.5642,-0.0577,0.1532,2.0276,1.4091,1.37,0.5733,1.8381,0.0966,-0.0037,-1.2208,0.1713,-0.2987,-0.734,-1.239,-1.193,-1.9176,-1.4894,-1.7001,-0.2987,-0.8454,0.0789,0.4416,1.8008,1.8652,1.2352,2.0753,0.4536,0.48,-1.0406,-0.9942,-0.3574,0.4752,-0.5746,0.6812,-0.264,0.7239,0.8145,0.4165,0.132,0.4766,1.6924,1.5308,-0.4053,1.112,1.9121,0.1932,1.077,0.3605,-1.949,-3.119,-3.3197,-3.372,-1.5253,-2.3599,-2.2012,-0.3773,-0.3018,-0.4181,0.0557,0.771,0.3499,0.5616,0.648,1.1058,0.9219,0.8322,1.3652,0.8185,0.1584,1.0849,-0.1137,-0.0746,-0.9422,-0.1566,0.1132,-0.5308,-0.1146,0.1285,0.4825,0.9361,0.1729,1.006,0.9792,0.6893,0.2734,0.5227,0.5045,-0.4304,-0.4914,-0.6492,-0.0696,-0.143,-0.3124,-0.608,-0.9014,0.4533,0.0618,-1.0427,-0.1823,1.3121,1.4037,0.1777,0.8042,-0.3974,-0.4355,0.8369,-0.322,0.2557,-1.4021,-1.4087,0.5188,-0.1044,0.8854,-0.4613,-0.0094,0.13,-0.6135,-0.1316,-0.7588,-1.1081,-0.0679,-0.6982,-0.2982,-0.0309,0.1587,-1.2296,-0.1872,-0.1157,0.6095,0.4528,-0.7056,-1.1748,-2.135,-1.1347,0.2325,1.4503,2.7015,0.8329,1.8307,1.3882,-1.2615,-0.7949,-1.1898,0.0927,0.0475,0.8403,1.5468,1.7081,1.3531,2.4365,-0.1217,-0.4892,-0.1752,-0.1834,-0.4863,-1.8222,0.0638,0.7146,0.0718,-0.6233,-0.1981,0.4454,-0.2713,-0.0854,0.8207,-0.335,-0.7637,-0.3261,-0.3147,-0.6279,0.304,0.557,-1.2711,0.0977,-0.6427,-1.1259,0.7764,-0.7655,-0.4353,0.4634,0.047,0.2883,-0.2996,0.0546,-0.4379,0.4632,-0.5198,0.0805,-0.3298,-0.7555,-0.6733,-0.0951,0.4569,1.8095,0.5282,1.2867,-0.6347
"IC33",0.2489,0.1379,-1.6803,-1.5831,-1.4039,-1.1654,-1.0226,-0.7259,1.1287,1.2665,-1.2982,0.1498,0.9217,0.7337,-0.399,-0.0702,1.7893,1.0698,0.2362,1.0051,0.1675,-1.1576,-0.5826,-0.4022,-0.2229,0.2739,0.5419,-0.4296,-0.0227,1.3026,2.3785,3.1086,1.5403,1.1528,0.0106,-0.567,-0.4026,0.2571,-1.4163,-0.4831,-0.2166,-0.2341,-0.1171,-0.5114,-0.4609,0.725,0.1904,0.5955,-1.7692,-2.2825,0.2814,1.4356,0.2893,-0.3502,0.5108,1.0487,0.5419,-0.8238,-2.4596,-1.5005,-1.4389,-0.8265,-1.9796,-0.7605,-1.2825,-0.7504,-0.3134,-0.4199,0.6226,0.812,0.7161,1.6844,0.8527,1.182,0.2931,0.9605,-0.0209,0.479,0.095,-0.633,0.8917,-0.2908,0.6735,1.472,0.5424,0.7315,0.0463,-0.562,1.4111,0.0414,0.6944,-0.2892,-0.5555,-0.775,0.3727,0.0071,-0.9293,-0.2571,0.2244,0.06,0.0711,-0.7738,-0.791,-0.2465,-0.4601,-1.0179,-0.3725,-0.5061,-0.4876,-1.512,-0.78,0.5504,1.4994,1.8159,0.7286,0.7538,0.2891,0.1942,1.2642,1.0164,1.8218,-0.5187,-0.5623,0.5403,0.2835,-1.8027,-0.8411,-0.6956,-1.3138,-1.1133,-0.3589,0.0427,-0.0131,-0.1304,-2.8809,-2.1294,2.1353,3.2962,1.2771,0.421,0.0528,-1.6262,-0.8003,-0.4169,2.5191,1.2712,0.6033,-0.6595,-1.7756,-1.8884,-1.6759,-0.2068,-0.2491,0.4678,-0.193,0.0363,0.7426,1.3342,-0.1024,-0.089,0.894,0.2877,-0.6978,0.0553,0.1847,-0.4037,1.6872,0.9029,1.3057,0.7522,0.8566,0.4756,0.1329,-0.6816,-1.2891,-0.5213,-0.3047,0.0826,-0.7213,-0.6606,0.0509,0.0495,-0.2487,0.6384,0.6797,-0.3658,-0.3541,0.1747,0.2182,0.3982,-0.1183,-0.36,-0.473,1.031,0.8468,1.3317,0.1504,0.5205,-1.0913,-0.8719,-0.759,0.2802,-0.5618,-1.6015
"IC36",-0.5976,-0.4117,-0.886,0.9171,0.9379,0.8618,0.3861,1.7674,0.2492,-1.0609,0.5157,0.418,-0.7811,-1.9327,-1.1281,1.7715,-0.2984,-2.1015,-0.4875,-0.7401,-0.8636,-1.1203,-1.7646,-1.2475,-1.5574,-0.6497,0.0523,2.0742,1.4487,1.2729,2.3534,1.2849,0.6642,-0.2733,-0.1315,0.3364,0.3033,0.7174,1.0939,1.4506,0.3437,0.8948,1.0867,1.1631,0.2769,0.6515,0.7335,0.9196,0.9418,0.458,0.3148,-1.3706,-1.9083,-0.8299,-2.2178,-1.4446,-2.6959,-1.6658,-1.7253,-2.2903,-1.1155,-0.4034,0.2437,0.2325,0.9222,0.788,1.7397,2.1826,1.2446,0.6961,-1.1635,-0.364,-0.6853,-0.3908,-0.1606,-0.08,0.3099,0.0599,-0.3914,0.0324,0.1175,1.0877,0.1108,-0.3675,0.3608,0.9414,1.0917,1.1322,-0.6934,-0.9681,0.1639,-0.2099,-0.2261,-0.4626,-0.7779,-0.1211,-0.9117,-0.2474,-0.9392,-0.8281,0.1364,0.125,0.5983,-0.0349,0.2637,0.5781,0.6008,-0.231,-0.5224,-0.407,-0.2472,0.1116,1.2577,1.5729,2.5311,1.0298,0.5351,0.7654,0.5687,0.1306,-1.2607,0.445,1.1991,-0.2662,-0.1433,0.7348,-0.4265,-1.0334,-0.8164,-0.4878,0.0622,-1.0447,-0.2624,-1.3757,-0.6535,-0.2833,-1.413,-1.2223,0.2502,-1.0637,-0.5689,-2.9752,-0.0493,3.7672,0.9278,-1.1469,-1.1574,-0.7673,0.4054,-0.3531,0.7795,0.0108,0.2172,1.4343,0.8066,1.2523,0.3716,-0.0714,-0.8078,-0.3909,0.0005,0.7473,-0.0991,0.7955,-0.2894,1.1458,-0.0222,-0.7034,-0.6851,-0.7196,-0.503,0.0478,1.326,1.1251,1.8814,0.4878,-0.0877,0.6176,-0.1175,0.6376,0.6468,1.1174,-0.2096,0.1337,-1.1442,-0.0595,-0.8317,-0.2453,-0.261,-0.308,-1.3689,-1.378,-1.4576,-1.3471,-0.4103,0.5612,-0.1391,0.4179,0.8951,0.3553,0.2623,0.3518,-0.1365,0.5548
"IC37",1.6676,1.3443,-0.3253,-0.0558,0.1013,-0.545,-0.8296,-0.5186,-1.1235,0.545,-0.4159,-0.9925,0.4781,-0.278,-0.2017,2.134,0.7747,-0.5417,-0.8497,-0.6142,-0.5571,-0.9205,-1.6506,-1.836,-1.9969,-1.0811,-0.7337,-0.5626,-0.0113,-0.0686,2.7279,2.9105,2.1203,1.0597,0.0639,-0.5255,-0.5885,0.4358,0.3249,0.0187,-0.5957,0.7886,1.4697,2.0358,1.7629,1.9107,1.1595,1.6955,1.0817,0.3454,0.8754,-0.222,-0.6122,0.3352,-0.1303,-0.6346,-2.241,-1.8753,-2.1667,-2.1509,-2.4928,-2.4576,-1.3859,-0.9465,-0.3155,-0.5948,-0.5313,1.325,0.8298,0.7724,0.3499,-0.5444,-0.4254,0.0199,0.9473,0.7555,0.3418,-0.0844,-0.592,0.0475,-0.1604,0.5148,0.0944,-0.3622,0.0928,0.4324,0.1137,0.7651,-0.0594,0.7551,1.078,1.0394,0.3425,-0.3557,-0.3567,-0.1707,-0.5911,-0.4051,0.1295,0.2191,0.1308,0.428,1.6434,1.6992,1.1447,0.9029,0.8818,1.0523,0.159,-1.3151,-1.1849,-1.4165,-0.7768,-0.703,-0.4955,-1.0402,-0.6407,0.2454,-0.034,-1.2194,-1.4826,-1.0795,0.3986,0.2364,-0.1594,0.1807,0.0765,0.0952,0.2529,-0.5299,-0.6273,-0.0233,0.488,-0.5647,-0.3851,-0.0087,1.3537,2.0474,1.9523,1.1542,0.6423,-1.6249,-2.6357,1.988,2.0953,0.624,-0.099,-1.073,-0.7643,-0.9441,-0.9564,-1.0866,-0.7395,0.0877,0.3163,0.8298,0.4273,0.3627,-0.2671,-0.2716,0.3827,0.5841,-0.0017,-0.5019,-1.015,-0.3586,-0.6452,0.3173,0.3322,0.5306,-0.2893,0.0421,0.3805,0.0034,0.3923,-0.5017,-0.0878,1.0615,0.2394,-0.4399,-1.3119,-1.4868,-0.963,1.0507,1.9397,1.3718,0.2985,-0.0779,0.8124,1.6343,1.0671,0.4705,-0.3627,-0.9343,-0.6422,-0.4376,-0.7239,-1.0366,-0.8698,-0.1171,0.2468,0.1305,0.0113,-0.0922
"IC38",2.0208,1.5509,0.6453,0.3488,-1.0898,-0.6442,-1.1413,-0.6168,-1.6202,-1.8644,-1.1482,-2.3672,0.0182,0.3924,1.5368,2.9472,2.7643,1.5283,0.6305,0.5549,0.3684,-1.0792,-0.6892,-0.6613,-0.487,-0.3777,-0.0899,-0.1997,0.372,0.6086,0.9869,1.3206,-0.4014,0.1159,-0.9813,-1.1464,-1.4378,-0.9157,-1.9858,-0.3365,-1.2076,-0.0303,-0.0755,0.6885,0.2897,1.0522,0.4234,0.9744,0.3736,1.881,1.6931,1.2586,1.1638,0.4687,-0.6267,-0.5304,-2.0432,-1.1426,-1.851,-3.1316,-1.772,-1.2401,-0.5475,0.479,0.1485,-0.0082,-0.6474,-0.9828,-1.0985,-0.2856,-0.2119,2.0558,2.2097,1.4572,1.7538,1.4459,0.4176,1.6815,0.8134,0.5277,0.1095,-0.375,-0.081,-0.4325,-0.3539,0.9375,0.0078,0.6025,0.5136,-0.3448,0.512,0.7073,-0.275,-0.1074,0.2234,0.5042,-1.0549,0.153,0.2351,-0.7055,-0.7637,-0.9857,-1.3484,-1.4388,-0.0079,0.3715,-0.4342,-0.1938,0.1042,-0.4102,-0.1755,-0.2068,-0.1882,-0.1535,-0.4299,-0.6299,-0.271,0.6267,1.9353,0.6955,1.2227,-0.3286,-0.9709,-2.0501,-0.5944,-1.0017,0.0914,0.5467,-0.3692,-1.3589,0.2067,-0.0744,0.5965,-0.5538,0.5592,0.0009,0.2792,0.0534,-0.0161,0.3697,0.1705,0.7261,3.0175,2.4602,0.2938,-0.9323,-0.4357,0.0294,0.4204,0.0291,-0.3944,-0.3562,-0.0715,1.0421,0.6412,1.3141,0.2711,1.379,-0.3411,-0.6573,-1.0849,-0.911,-0.9964,-0.0279,-1.0445,0.094,0.4189,-0.0088,-0.1505,0.1925,0.7817,0.2751,1.0333,-0.2157,-1.4007,-2.2261,-1.944,-0.1711,-1.4621,-0.1297,-0.7263,-1.0423,-0.8271,0.4816,0.7006,1.2408,-0.1714,0.6262,0.6347,0.886,-0.2105,0.7769,-0.3086,-0.444,-0.2944,0.5269,0.0622,1.0379,0.1831,0.0473,-0.6921,-0.093,-0.0667,1.3105
"IC41",1.8637,-0.5321,0.005,0.0855,-0.0264,-0.3652,1.1512,0.265,0.7869,-0.1435,0.9344,1.1735,-0.4815,0.4371,-0.5542,0.1068,-0.4818,-0.3304,0.1425,-1.1639,-0.6077,-0.3269,-2.4513,-2.8215,-2.6771,-0.2739,-0.784,0.3053,-0.0272,3.3891,1.5195,0.0164,0.2727,-1.0141,-0.5376,-1.5988,-1.3506,-0.8587,0.6337,0.6519,2.0546,0.9021,1.3062,1.1227,1.2233,0.0512,0.7567,0.6812,1.2071,1.8386,1.1524,2.3098,1.2381,0.8883,0.4036,-1.7599,-1.3178,-2.1482,-2.6835,-1.9447,-2.7014,-2.1423,-0.2857,-0.2229,-0.7189,-0.8286,0.4898,-0.0425,0.3411,-0.277,1.705,1.163,-0.0554,0.6121,0.0191,0.4104,1.3744,-0.0637,-0.1326,-0.2499,-0.1743,-0.7597,-0.9589,-0.0689,-0.0427,0.4338,0.6648,0.1432,-0.4074,0.6636,0.2784,-0.9781,0.6345,0.459,0.606,-0.6664,-0.5294,0.0845,-0.4112,0.991,0.432,-0.1983,0.9011,0.8816,2.121,-0.1064,-0.143,-0.7186,-1.2224,1.0418,-0.2764,-0.2767,0.712,0.1974,1.2887,-1.451,-0.2035,0.5303,-1.4302,-1.3853,-1.0438,-0.4041,-1.5655,-0.9867,-0.0958,-0.2992,0.1582,0.7315,-0.9061,-0.9704,-1.1202,0.1606,-0.3194,1.8416,0.5811,0.3252,1.8839,0.1354,0.7666,0.4504,1.2112,1.0662,1.4356,1.4049,-2.1009,-0.7797,0.0556,-1.1934,-0.5868,-1.4142,-0.1864,-1.0239,1.34,1.4739,1.5358,0.0014,0.1865,-0.2523,0.4002,-0.308,-0.8673,-0.0132,-0.6861,-0.1349,0.4328,0.2229,-1.2569,0.0972,-0.4227,0.3548,-0.1036,0.5395,0.7746,-0.2444,0.7603,-0.2561,-0.0864,-0.357,-0.3659,-0.8668,-0.3636,-1.2327,-1.6051,-0.1626,-0.3708,-0.2899,0.5674,0.4891,1.0623,0.4816,0.4188,0.1778,0.865,-0.4655,0.2686,-0.0766,0.1895,-0.7861,-0.43,-0.5058,0.6676,-0.9067,0.8125,1.4216
"IC42",-0.1429,-0.8309,-0.5828,-0.9387,-0.421,-0.0843,-0.2397,0.2297,-0.4885,1.6672,1.1034,1.6293,-0.2442,-0.6587,-0.127,0.8802,0.5191,0.0909,-0.1877,0.2623,-0.812,-0.9909,-1.4913,-2.2854,-1.3666,-0.6494,-0.3158,-0.0126,1.1022,2.4028,2.6087,1.9331,1.1732,0.2588,-0.2447,0.0498,-0.3729,-0.3335,-0.3226,-0.4185,-0.3887,0.2121,1.1235,1.1969,1.5038,1.2401,0.1611,-0.1956,0.1777,0.7223,1.574,0.5391,-0.4147,-0.9447,-1.1737,-2.4759,-2.8835,-3.3808,-3.3425,-2.9073,-2.3282,-2.0219,-0.4539,1.1151,0.8984,1.8447,1.5054,1.5543,1.8422,1.4062,0.5955,0.6437,0.9449,0.9415,1.2387,1.4972,1.4769,1.0814,0.8461,-0.679,-0.812,-1.2977,-0.9394,-0.6517,-1.1748,-0.5553,-0.7999,-0.6071,0.3669,0.0028,0.0841,0.9533,-0.045,0.1619,-0.1791,-0.5518,-0.9005,-1.2152,-0.1725,-0.5316,1.262,1.0033,0.622,0.9768,0.2523,0.4819,0.5911,0.5915,0.098,-0.5411,-0.9246,-0.6617,0.0306,0.6727,-0.0088,-0.4551,-0.2748,-0.1945,0.3207,0.7434,-0.3808,-0.2594,1.3486,0.2052,-0.4512,-0.0007,0.1307,-0.0873,-0.1066,-1.1843,-0.935,-0.4179,-0.0713,-0.7644,0.3875,1.6134,-1.1585,-0.475,-0.8213,-1.2239,-0.869,0.4972,-0.6904,2.5614,0.8644,0.6788,-0.1287,0.0008,-0.8918,-0.9042,-1.4408,-0.0273,-0.1104,0.9309,1.6797,1.6051,1.4029,0.3449,0.363,-0.9448,-0.3331,-0.8727,-0.2372,-0.6346,-0.266,0.0459,0.7055,0.2316,0.6933,0.5923,0.6408,0.6508,0.0794,0.2276,-0.6391,-0.689,-1.2344,-1.0169,-0.3325,-0.0781,0.4882,0.7082,0.1499,0.3699,0.6179,0.309,0.4421,-0.4048,0.5649,0.0003,-0.0029,-0.944,-0.8859,-0.6385,-1.2814,0.0979,0.0264,0.6999,0.2433,0.7626,-0.1091,-0.6104,0.1458,0.0864
"IC43",-1.1432,-0.4277,-0.1815,-0.1313,-0.685,-0.457,-0.3935,0.7727,1.5196,2.7438,1.8227,-0.596,-0.7962,-2.2179,-0.5496,2.1741,-1.026,-0.332,-0.85,-0.1134,-0.6582,-1.4606,-1.1316,-1.6963,-1.7236,-1.1613,-0.5257,-0.6536,1.9454,2.5887,1.7959,1.7947,0.9499,1.0059,-0.4664,0.5221,0.1987,0.4117,0.0504,1.0312,0.6839,1.745,1.6442,2.0185,1.0427,1.3105,0.0502,0.3561,0.0009,0.2517,1.3537,-0.5295,-0.3751,-0.2671,-0.7036,-1.1417,-2.3457,-2.2133,-2.5604,-3.2007,-2.2495,-2.6183,-1.1233,-0.3304,-0.8708,-0.3313,-0.3896,0.5964,0.4513,0.3231,-0.39,0.2198,0.8556,-0.5638,0.7945,0.6563,0.1842,0.7333,-0.1358,0.0411,0.473,0.3467,0.1194,-0.0297,-0.1001,0.6509,0.1646,0.219,0.6653,0.4299,0.9566,1.6628,-0.3795,0.4945,0.331,0.7458,-0.0814,0.2727,1.8296,-0.1895,0.9779,0.8419,0.9214,1.2476,0.3834,-0.6305,-0.2044,0.5415,-0.2761,-1.0817,-0.1794,-0.3183,0.5736,0.684,-0.1018,0.1391,-0.4648,-0.8561,-0.6533,-1.5793,-1.2848,-1.8941,0.998,-0.4517,-0.8855,-1.3948,-0.8852,-0.9568,-0.4502,-1.6222,-0.6884,-1.2188,-0.9574,-1.3324,-1.0502,0.9958,1.5998,1.5859,0.4626,0.2065,-0.1676,-1.0345,0.1627,3.6882,1.1482,0.9528,0.5009,0.1892,-0.4525,-0.1267,-0.5777,0.5309,-0.2093,0.8809,0.9306,1.1237,0.3577,0.3834,0.1041,-0.4703,0.1466,0.1877,0.1215,-0.1715,-0.213,0.1127,0.4981,0.033,0.4936,0.0526,0.2103,0.1396,0.3442,0.7293,-0.4848,0.0309,-1.0569,-0.1692,-0.4229,-0.4705,-1.5558,-0.3953,-0.7131,0.2555,0.617,0.2892,-0.4605,-0.4832,-0.068,-0.291,0.1699,0.1906,-0.5261,0.2886,-0.5558,0.3687,-0.9766,-0.2686,-0.4784,0.2869,0.6718,0.9884,-0.0902,0.464
"IC44",0.4659,0.1591,-0.3714,-0.2517,-0.8721,-0.7721,0.4816,0.5929,-1.3813,-2.1971,5.0464,2.0836,-0.9098,0.3684,0.0551,0.9525,-0.7759,-0.1911,0.4756,-0.2713,-0.3783,-0.508,-0.276,0.0095,0.3936,0.9253,-0.0006,0.6389,-0.1889,0.2396,-0.3546,-0.1765,-0.3089,-0.6313,-0.0419,-0.5839,-0.5791,-0.9517,0.125,-0.6958,0.399,-0.2689,0.1359,-0.3066,-1.5306,-1.0954,-0.652,0.7653,1.372,-0.531,-0.1454,0.9152,1.0767,2.1524,2.0459,0.1329,-1.025,-2.741,-2.0932,-0.0309,-1.5467,-1.2085,-0.8599,-0.6554,-0.5557,0.0805,1.0522,0.5381,1.2264,0.4501,0.4303,1.5372,0.2258,0.6307,0.3339,0.6899,1.1442,0.145,0.6301,0.2022,0.5663,0.5024,-0.1892,-0.0748,0.1568,0.1469,0.6717,-0.1081,1.3448,1.2108,0.6567,-1.2696,-0.5871,-0.3272,-1.2447,-1.1896,-0.9238,0.2657,-1.5828,-1.1356,-1.1121,-1.7687,-0.0595,-0.7151,-0.8048,-0.4429,1.1596,1.3043,1.0012,1.626,0.4784,0.316,2.049,1.1883,0.7855,-1.6929,-1.2989,0.328,-0.7634,-0.0582,-0.9626,0.0194,-0.0664,-1.2516,0.2629,0.2271,-0.6886,-0.5816,-0.4819,0.2497,-0.2038,0.1321,-0.3954,0.4418,-2.3884,-2.0636,1.0139,0.263,0.1856,0.3543,1.1589,-0.3561,2.535,3.2189,-0.0843,0.4251,1.042,-0.896,0.0091,-0.812,0.5033,0.3653,0.1684,1.1057,1.2749,0.6745,0.627,-0.4582,-1.1003,-0.1058,0.3637,0.0418,-1.9853,0.0516,-0.5548,0.4479,0.4953,-0.5287,-0.6384,-0.7787,-0.002,0.2992,0.6034,-1.5156,-0.7902,0.3133,-0.4386,-0.1886,0.2705,-0.9555,-0.4755,-0.5657,0.0272,1.8131,-1.0337,-0.7728,-0.5616,-0.027,-1.0485,0.0232,-0.2029,-0.4645,0.6059,0.5724,1.1864,0.3113,-0.7417,-1.1969,-0.232,0.9379,2.2763,1.0904,0.8167,-1.0284
"IC45",1.3802,0.7321,1.0784,0.5565,0.9833,0.1953,1.1814,1.3334,1.5596,0.1285,-1.9773,-1.6577,-0.9924,0.7466,-0.4338,-1.6117,-0.5377,0.0215,-0.86,0.6728,-0.4238,-0.7421,-0.7204,-2.2025,-2.7189,-2.0009,-1.2497,-2.1425,-0.5342,-0.8846,-0.4758,1.4709,2.1223,1.2141,0.118,0.8468,-0.03,0.0334,0.108,-0.2276,0.4848,0.8975,2.1855,1.3659,1.6123,1.6935,0.5353,0.5734,1.4835,0.6148,0.5155,2.3056,1.3324,-0.2443,0.9956,-0.1391,-0.0024,-1.4714,-1.0996,-1.4876,-1.1684,-3.3168,-2.4415,-0.3818,-1.0816,-0.8464,-1.2791,-0.2404,0.7191,1.0942,0.5349,-0.3588,0.4757,0.3401,1.028,0.978,0.6586,0.6464,0.9334,-0.1649,0.0406,-0.1808,-0.4289,-0.0483,-0.9922,-0.1218,-0.4602,-0.8807,0.2466,-0.0995,-0.9541,0.3957,-0.2891,-0.2699,-0.208,0.1468,0.0146,-1.2149,-0.3951,-0.8346,-0.2034,-0.5289,-1.3874,-0.0409,0.7787,-0.386,-0.3653,0.8638,0.9991,0.781,0.6471,0.567,0.5781,0.7707,0.5067,0.9339,0.7069,1.3689,1.7269,1.9555,1.2173,0.0367,0.2917,-0.0575,-0.11,0.2594,0.4573,-0.1503,0.1705,-1.1929,-0.9157,0.2292,-0.3125,-0.6039,-4.0031,-2.0884,0.0023,0.2851,-0.7244,-0.5269,-0.3508,0.141,-3.6145,-0.8285,1.2168,0.5687,0.5867,1.036,-0.0161,-0.1697,-1.3105,-0.5255,-0.3165,-0.4371,0.464,0.6468,1.3697,0.535,1.5711,0.4057,0.9102,0.2375,0.4009,-0.4942,0.0904,-0.1307,0.5371,0.5857,0.2917,0.2894,-0.169,0.455,0.067,0.6352,-0.0909,-0.041,-0.7933,-0.5265,0.3424,-1.345,-0.4484,-0.0393,-0.971,-0.0459,0.7855,-0.4651,-0.0167,-0.6775,0.2541,-0.3636,0.1276,-0.5202,-0.0016,-0.237,-0.8217,0.2458,0.1091,-0.0017,-0.5761,0.0499,0.091,0.3036,1.325,1.3286
"IC46",-0.7894,0.1134,-0.7913,-0.236,-0.1933,-0.3002,-1.0046,-0.4366,-0.9075,2.1397,1.1151,0.7486,1.5435,0.4465,0.3094,0.3572,-0.6864,-0.3525,-0.3084,-1.0938,-1.5822,-0.6545,-0.2794,-0.0906,-0.6459,-1.5562,-1.3822,-1.0064,0.3282,1.0853,1.9098,1.2147,0.1429,0.7101,0.373,0.6701,-0.2653,0.5762,0.5311,1.2392,0.6738,1.9255,0.3061,-0.3341,-0.6716,1.0535,0.4191,1.8326,0.6902,-0.0102,1.6364,-0.5176,0.347,1.5836,0.3865,-0.0148,-1.7345,-2.8991,-2.9486,-2.6389,-2.4422,-2.2316,-1.0971,-0.2626,0.2301,0.5487,-0.4454,1.0666,1.3212,0.487,-0.6189,1.4162,0.2706,-0.406,0.2456,0.3702,-0.1796,-0.3117,-0.5501,0.1658,0.5238,0.7012,0.7153,-0.2419,0.0831,0.6102,-0.0392,0.4505,0.2242,-1.0494,0.2595,-0.2752,-1.5678,-0.9882,-0.7251,-0.1809,-0.4173,0.817,0.8734,0.5568,1.2129,-0.8111,-0.2348,0.3934,0.0184,0.4748,0.1112,-0.2266,-0.0546,0.0502,1.0103,0.365,2.2114,1.6724,1.2597,1.126,0.1958,0.4407,-0.2163,-1.0367,0.6205,-0.0035,-0.1178,-0.383,0.034,-1.3651,-1.7807,-1.5009,-0.3784,-0.3749,0.5734,-1.1767,-0.2025,-0.6618,-0.439,-0.2572,0.599,0.9207,0.0302,-0.1966,0.095,-3.2488,-2.2999,1.4452,1.3734,0.4763,0.7754,-0.572,-1.2165,-1.7529,-0.9596,-0.8759,-1.5712,0.2819,-1.0645,0.3364,0.6888,1.5804,1.054,0.7475,1.0083,1.5708,1.0531,2.9497,2.0731,1.9012,0.336,-0.8592,0.0443,-0.4897,0.1009,-0.1182,0.2721,0.4708,0.1978,-0.1185,-1.4931,-0.1464,-1,-0.7331,-0.7586,0.1554,-0.5581,0.2457,-0.7931,0.2452,-0.4748,0.4044,-0.0759,-0.5968,-1.2185,-0.0417,0.5913,1.1492,1.1137,0.9416,-0.8652,-0.2705,-0.4602,0.1421,-0.2529,0.1331,-0.5135,-0.4399
"IC47",-0.4098,-1.7735,-1.4912,-1.4925,-1.6775,-1.2012,-0.7329,-1.4256,-0.3862,-1.1425,0.6787,2.3257,1.2604,1.6415,0.9863,1.0924,3.1278,1.66,1.0517,0.3591,0.234,-0.046,0.1602,1.1037,1.1226,1.0639,0.7422,0.9617,0.6883,1.4432,-1.4238,-0.9238,-1.0579,-2.3414,-1.963,-1.8536,-1.1397,-0.1208,0.5551,0.7311,0.8149,0.5048,-0.3006,-0.8983,-1.3659,-2.0165,-1.3302,-0.4473,0.0253,0.9158,1.2915,1.5895,1.2058,0.9225,0.3725,-1.166,-1.056,-0.6017,-0.5657,-0.1298,0.0789,0.5235,1.3551,0.5307,-0.2961,-0.1435,-0.803,-1.1353,0.0504,-0.4048,-0.7842,0.1104,0.2523,0.1281,0.5812,0.362,0.3098,0.0247,-0.3578,-0.1572,0.4585,0.2256,0.5523,0.4915,-0.1822,-0.2524,-0.0629,0.5041,0.7344,-0.1746,-0.0755,-0.2524,0.4486,0.5115,0.0866,0.0108,0.3865,1.3049,0.9549,0.5286,-0.6506,-1.7022,-0.6764,-0.5209,0.7467,0.3418,0.3182,0.9778,-0.0143,-0.2945,0.0059,0.6213,0.5969,-0.2321,-0.6427,-1.4748,-0.9673,-0.5747,-0.9275,-0.6821,-1.3082,-0.6727,-1.2611,-0.5801,-0.0008,-0.6318,-0.7425,-0.0446,-0.8591,-0.8406,-0.2717,-0.8026,-1.2343,1.3814,5.2253,1.2162,1.9219,1.0885,0.9312,1.3407,1.6373,2.2901,1.8141,-0.6655,-1.678,0.5165,-0.1104,-1.0947,-0.8417,-0.4711,0.3416,-0.0067,0.1275,0.2773,-0.8203,-1.8325,-2.3771,-1.9721,-1.6272,-0.5813,0.0947,0.2366,0.1662,0.082,0.4197,0.5776,-0.028,-0.2389,-0.1828,0.1601,0.6651,0.1305,0.179,0.3801,0.455,0.5187,0.4414,0.6326,0.1643,0.2403,0.3133,0.0971,1.7127,0.7215,-0.3284,-0.0717,0.2394,0.4189,0.1084,-0.0366,-0.2394,-0.1665,0.0834,-0.3739,0.3025,-0.1495,0.223,-0.5404,-0.2005,0.169,-0.1295,-0.8214,-0.8013,-1.2286
"IC48",0.8795,-0.5519,-0.5931,-1.1738,-0.6621,-1.4224,-0.7023,0.2088,2.3247,0.8232,-0.6377,2.6896,0.9743,1.1818,-0.2601,0.0075,1.0493,-1.7581,-0.3377,-0.076,-1.3804,-0.7828,-1.3279,-1.3656,-1.2934,-0.8623,-0.6933,-0.6633,-0.5999,-0.286,2.7978,0.2944,0.2953,0.3631,-0.3924,0.4738,1.2595,-0.1488,0.3921,0.3229,0.8512,0.6088,0.9834,0.3736,0.2475,0.0623,0.7075,0.2346,1.8458,2.3333,-0.5315,0.7214,0.7271,0.8525,1.2325,-0.7978,-2.0633,-1.3488,-2.1534,-2.2404,-2.4451,-1.779,-0.5498,-0.3814,-0.4638,-0.1401,0.8217,0.6889,1.0392,0.5704,-0.8859,0.0193,-0.1709,1.0761,1.0931,1.0906,0.5148,-0.0741,0.1834,-0.3441,-0.2141,0.0949,-1.0581,-0.2947,-0.5655,-0.0855,-0.2483,-0.2454,-0.2158,-0.2688,0.1274,1.373,1.1693,1.2051,1.4429,0.5771,1.1649,-0.5391,-0.4691,-1.0734,-1.3207,-1.1592,-0.8941,-0.4862,-0.4685,-0.5965,-1.2549,-1.0767,-0.5345,-0.8659,-0.1278,-0.6398,1.0132,1.8358,1.0439,0.2938,0.8842,2.0497,1.5681,0.7018,-0.1114,-0.8261,0.3021,1.5556,-0.1178,0.511,0.0259,-0.2397,-0.3758,-0.4713,-0.941,-0.7335,-1.8196,0.0283,2.5821,-0.5245,0.1627,-0.351,0.4604,0.2049,-1.0408,1.31,1.1624,0.124,1.7968,-0.2239,-0.6615,-1.719,-2.0015,-2.4112,-1.389,-1.5253,-1.0095,-0.9209,0.4633,0.6283,0.8155,0.4929,0.0203,0.3174,0.7619,0.8128,1.1665,0.9138,0.4816,0.6202,-1.1488,-0.5926,-0.4053,0.3364,-0.6575,1.2461,0.9781,0.1717,0.4516,-1.1532,-0.9265,-0.5354,-0.6364,-1.2984,-0.2424,0.4843,0.5432,0.6664,0.6168,0.4562,0.9861,0.3997,1.8864,0.7931,1.0109,0.3119,0.6258,-0.3895,-0.0816,0.3076,-0.5896,-1.0103,-1.337,-0.6075,0.3347,0.0794,-0.5018,-1.5973
"IC49",0.0918,0.2468,-0.4581,0.1868,-0.2922,-1.3606,-1.1841,-1.4683,0.2253,-0.4265,-0.2483,3.2629,2.5186,1.739,1.0329,0.5444,2.2318,0.0676,0.219,-0.2803,-0.3302,-1.1776,-1.4857,-0.4249,-0.7529,-0.3395,-0.8028,-0.2095,-0.8067,-0.632,0.6633,1.2416,0.9085,-0.615,-1.5678,-2.2684,-1.4751,-0.5514,-0.4574,-0.0462,0.4572,0.186,-0.1015,-0.0239,0.4898,0.2905,0.2636,1.0829,0.1989,0.7504,0.7463,1.0108,2.0544,2.4021,0.5973,-0.3631,-2.7046,-1.0755,-1.522,-1.6365,-1.3368,-0.1654,-0.4957,-0.8562,-0.2786,-1.0351,-0.1716,0.6604,0.6566,0.3987,0.3562,1.363,0.1236,0.9652,0.8662,0.3565,0.3478,0.4099,0.3059,0.5394,-0.0568,0.8574,0.5089,0.1764,0.5222,0.4562,0.2786,1.0334,1.1641,1.102,1.0968,-1.0244,-0.3917,-1.3818,-1.0215,-1.2589,-1.2696,0.382,-0.6049,-0.3606,-1.3628,-1.842,-0.7112,-1.9031,-0.8526,0.3095,0.4235,-1.2624,-0.8479,0.2072,0.1801,0.7077,1.4169,1.2636,1.3725,-0.5175,0.4086,1.5569,-0.1045,-0.3327,-0.5418,-0.2343,-0.783,0.0875,0.5584,-0.1558,-0.5848,-0.3885,-1.3429,-0.6149,-0.4248,-0.5158,-0.2743,-0.5775,1.9286,1.7148,2.0231,1.2436,1.0808,-0.3371,1.0524,-1.1803,2.8857,3.7743,1.0836,0.6058,0.2249,-1.9095,-1.7497,-2.6123,-1.2906,-1.5907,-0.8662,-0.168,-0.6658,-0.3357,-0.5461,0.1089,-0.389,0.4287,0.3844,0.8263,0.0525,0.4984,-0.4401,0.1424,-0.2221,0.3509,0.1668,-0.0319,0.0535,-0.251,0.2252,-0.8894,-0.1186,-0.3906,-0.3688,0.2142,-0.9001,-0.8966,-0.9172,-0.5561,0.8421,1.2149,0.5321,0.8087,-0.3409,0.3721,-0.1287,0.9709,0.1916,-0.149,-0.2846,-0.3819,0.403,-0.0181,-0.3243,-0.075,-0.0336,0.512,0.7793,0.5007,-0.1659,-0.8286
"IC50",2.1203,-0.7767,-2.0091,-0.8326,-0.4073,0.2249,0.7949,-0.2781,-1.7078,2.2821,0.2162,-0.1308,-1.1656,-1.2998,-0.3262,0.6728,0.0976,1.2551,1.7144,1.3761,1.4044,0.7818,0.4402,-0.5284,0.9779,0.5806,-0.6668,-0.0436,0.1942,1.6167,0.6899,-0.9787,-1.6994,-1.8716,-1.4705,-1.0264,-1.8085,-0.6825,-0.6997,-1.9153,-1.0703,-0.6029,-0.3916,0.5326,0.701,1.3489,-0.0779,0.7034,1.3668,1.2616,1.8558,-1.0105,-0.0546,-0.065,-1.4599,-0.3381,-0.0413,-0.4229,-0.6049,-0.5653,0.7378,-0.0039,0.0014,0.563,1.2803,1.2534,0.1719,0.0236,-1.1075,0.1588,0.7468,1.5876,2.1278,0.2609,0.6217,0.5863,1.1224,0.6873,0.0157,0.0615,0.0434,-0.2663,-0.5787,-1.2628,-0.4704,-0.6493,0.9106,0.0378,-0.5315,-1.9422,-1.9304,-0.7053,-0.2105,-0.0444,-1.2147,-0.3194,-1.5504,-0.8671,-1.4875,-0.8682,0.3818,0.484,0.763,-0.2172,-0.9923,0.577,1.0007,2.2165,1.2387,-0.5859,-1.2586,-0.2563,0.5263,-0.5112,0.0519,0.8422,0.0731,0.2985,0.9457,3.1116,2.2509,-0.0225,0.2667,-2.557,-1.3094,-0.0731,0.5035,1.2105,0.4212,-1.1866,-0.4453,-0.279,0.7695,1,0.8264,3.0647,-1.5189,-1.7581,-0.9443,-0.6597,-0.8841,1.786,0.7436,0.9111,-1.4395,-1.6242,-1.2205,0.5538,1.0424,0.44,-0.9419,-0.4773,-0.5769,-0.3341,0.0554,0.4354,0.175,0.0829,-0.2848,-0.6474,-0.9521,-0.748,-1.1317,-0.7047,-0.7369,0.6459,0.7971,-0.3406,0.2914,0.3916,0.6535,-0.1611,0.4239,1.2153,0.1869,0.8513,-0.2588,0.6545,2.0696,1.0289,-0.4445,-0.4527,-0.3835,0.0704,0.2283,0.7419,-0.8662,-0.1289,-0.4115,0.0995,-0.9687,-0.6114,-1.1637,-0.6152,-0.6342,-0.0548,0.7435,0.9233,0.831,0.1656,0.0659,-0.6775,-0.3175,0.4715
"IC51",2.2366,1.8279,-0.3268,0.505,1.0796,-0.1207,0.0475,-0.2675,1.4213,-2.4954,-4.9881,0.7246,2.0238,1.1719,0.7321,-1.2513,0.3123,0.6622,-0.1854,0.3344,0.979,0.2656,0.1528,0.0837,-0.5141,-0.4399,-0.3556,-0.6111,-1.334,-0.2411,1.3469,0.7069,0.9939,0.8192,0.3342,-2.166,-2.1756,-1.5371,-1.9002,-1.7808,-1.0406,-2.0548,-1.3962,-1.2613,0.273,0.1094,0.1104,0.422,-0.1033,-0.0605,0.4131,1.533,1.8633,1.489,1.0117,1.6635,0.3936,0.9395,-0.208,-0.2386,-0.0387,1.5988,0.5049,-0.0759,0.1705,-0.3785,-0.7592,0.2103,-0.6443,-0.2848,0.0581,0.4837,0.6809,0.8531,0.607,-0.0383,-0.4473,0.1757,0.5069,0.0164,-0.6881,-0.517,-0.2421,0.5344,0.965,-0.6013,0.2271,0.0816,1.319,0.4791,0.4518,-1.3378,-0.3761,0.0565,0.0238,-0.2037,-0.845,-0.3598,-0.3057,-0.1343,0.1313,0.0165,0.4237,-0.4127,-0.9252,-0.4149,-0.0147,-0.264,-0.2763,-0.6941,-1.871,-1.1435,-0.2519,-1.3308,-2.1404,-1.7502,-0.6118,0.3734,0.1835,1.1419,1.4441,0.1718,0.1592,1.0672,0.3982,0.9451,1.3609,0.8892,-0.4442,0.0925,0.0642,1.7811,0.7175,-0.3005,2.3277,0.8503,-0.3218,0.1638,-0.0923,-1.6201,-0.5374,0.2141,-1.4213,0.1631,2.5979,2.1333,2.7323,1.0159,-0.5945,-1.259,-1.4343,-0.2189,0.2463,-0.361,-0.7171,-0.512,0.651,0.8079,0.0288,0.0121,-0.8398,-0.3826,-0.9991,-1.0192,-0.4809,-1.9489,-0.0349,-0.303,-0.2008,0.1838,-0.0334,-0.1288,-0.5786,-1.4187,-1.4252,0.1207,0.2903,0.2433,0.6626,0.1815,-0.0046,-0.6466,-0.6554,0.3898,0.2105,-0.6189,-0.8298,-0.4611,-0.0669,0.5403,0.7489,0.4413,-0.183,0.4007,0.0182,0.4668,0.8423,0.6502,-0.1716,-0.4728,0.1687,1.4488,1.5136,-0.6433
"IC54",0.8951,-0.9613,-1.8952,-1.6402,-1.1686,-0.5443,0.4932,-0.0383,0.3389,0.874,-0.1822,1.6617,0.3838,0.8699,-0.1285,0.4888,0.8582,1.7435,1.4362,0.3648,0.3212,-0.0596,-1.8736,-1.5684,-0.8215,1.3398,0.5965,0.5273,0.6472,1.9558,2.8404,1.8961,-0.0757,-2.4747,-1.6693,-1.4886,-0.8261,-0.8375,-1.3092,-1.2994,-0.7863,0.0326,0.4477,1.2291,0.6107,0.2405,-0.5747,0.2122,1.2231,1.8115,1.1343,0.6668,-0.4126,-0.9289,-0.4438,-1.6744,-1.8343,-0.9606,-2.2289,-0.6351,-1.3445,-0.6527,-0.6208,-0.0008,0.5503,-0.2849,-0.3183,-1.0695,-1.03,-0.9216,-1.1871,0.3834,0.221,-0.1721,-0.5353,-0.0251,1.7022,1.7646,1.1922,0.1541,0.1331,0.6493,1.0479,2.0734,1.4084,1.5965,1.9939,1.343,1.9876,1.4492,-0.0816,-0.4865,0.1803,0.1755,0.9988,0.926,0.1544,-0.2121,-0.1165,-0.3453,-0.2563,-0.4644,-0.5576,-1.2978,0.1211,0.3753,-0.0806,-0.0275,-1.428,-1.1572,-2.2121,-1.4693,-0.7348,-1.2348,-0.8649,-1.114,-1.0322,-0.384,-0.5036,0.4226,-0.5786,-0.0543,-0.7755,-0.6725,0.3733,0.6796,-0.0182,-0.23,-2.1884,-0.9061,-0.015,-0.4173,-0.8939,-0.5686,-0.3262,2.5306,2.0599,1.1329,0.8481,0.5188,0.5773,2.3389,1.5711,0.9889,-0.6377,-0.4796,0.683,0.965,1.0568,0.4851,0.0575,0.2134,0.0997,1.7282,1.4901,0.6406,0.331,-0.5145,-0.5231,-1.3045,-1.3237,-0.5429,-0.9005,-0.2028,0.2532,0.1143,0.0372,0.0016,-0.4409,-0.6744,0.7068,0.8206,-0.0033,-0.5252,-0.9351,-0.6291,-0.3489,-0.14,-0.396,-1.0012,-0.2631,-0.8108,-0.9911,-0.2847,0.2908,-0.063,0.1596,-0.0422,0.477,0.2055,-0.4761,-1.4829,-0.621,-0.8347,0.5387,0.6211,0.3352,0.2604,0.1534,0.275,0.4655,0.556,1.1988,0.6175
"IC56",0.0299,-0.9473,-1.4209,-0.4481,-0.768,0.1316,0.869,-0.0247,-1.5741,-0.2996,2.5853,4.5864,0.6853,1.0111,0.6899,0.9828,0.2207,0.4511,-0.2449,-1.5791,-1.4186,-0.9524,-0.6185,-1.0547,-1.017,-0.0865,-0.0803,0.8991,-0.5752,-0.3802,0.6707,-0.3977,-0.2873,-0.6476,0.2061,-0.5157,-0.9213,-0.2877,0.6158,0.4895,1.2835,0.2129,-0.3738,-0.2744,-0.6243,-0.7811,-0.2089,0.4643,0.7513,-0.2137,1.245,2.2968,1.3302,1.1101,-0.5215,-1.9916,-1.5801,-1.1213,-1.2399,-0.4588,-0.4225,0.0259,-0.1558,0.4525,-0.074,0.1084,0.0942,-0.4107,0.7908,0.4396,0.1203,-0.1121,-1.1571,0.0866,0.1887,0.0974,0.6142,0.0255,0.2398,-0.0145,0.5553,0.742,0.1624,-0.6552,0.4952,1.4662,1.0885,1.2392,0.9757,0.5217,0.2457,-0.9871,0.1234,0.4552,-0.241,-1.0216,-1.1024,0.0441,-1.0551,0.3207,-0.6052,-2.3219,-1.3814,-0.7613,0.1438,0.8883,0.7965,-0.2933,0.0179,1.3276,-0.1033,-0.0652,0.5386,0.1554,1.1022,-0.3273,-1.1294,0.3703,-0.6504,-0.1719,-0.5063,-0.4785,-0.5165,-0.5654,-0.7323,-1.5036,-0.5243,-0.1924,-0.6083,-0.8518,-0.6769,-1.2888,-1.0465,1.1208,6.0478,3.2385,1.1889,0.7332,0.8157,1.1455,0.0252,-1.3525,3.1437,1.7115,-1.3674,-1.0131,-0.6467,-1.8397,-1.3306,-1.4207,0.1478,-0.3752,0.7498,0.2393,0.2599,0.0595,0.4858,-0.1174,-1.1234,-0.8537,-0.1799,0.1353,-0.6223,0.8794,0.4029,0.159,-0.9907,-0.188,-0.0622,-0.0235,0.4664,0.2676,0.2048,-0.793,0.3286,0.243,0.3522,-0.2941,-0.4939,-0.6095,0.3076,-0.2088,-0.89,0.0358,-0.6045,0.1721,0.3082,0.5709,0.3825,0.0766,-0.2219,-0.0334,0.7012,-0.0527,0.9544,-0.1417,-0.7324,-0.6664,-0.0398,-0.067,0.2903,-0.2029,0.9099,0.0669
"IC58",-0.8242,-1.2374,-2.2582,-1.8678,-2.2782,-0.6839,0.5058,1.391,-1.0522,-0.9923,0.6387,1.3094,1.7374,1.5936,1.7549,0.61,-0.6319,1.8872,1.3861,0.3206,0.3797,-0.8276,-0.3381,-0.0618,0.7217,0.7175,1.556,2.3526,1.8859,-1.5468,-1.1695,-0.6476,-0.5196,-0.6017,-1.494,-1.3954,-1.5395,-0.6951,-0.3881,-0.3772,0.2749,1.0393,0.3478,0.9554,-0.1287,-0.3503,-0.0744,1.279,0.4515,-0.3442,2.4756,2.2744,1.6454,1.3814,0.8299,-1.3254,-2.6424,-2.2813,-1.697,-1.026,-1.5106,-2.3051,0.7119,0.7588,-0.3404,0.36,-0.6962,-0.364,0.1048,-0.2697,-0.9604,0.9155,0.8616,0.1445,-0.0152,-0.1631,1.506,-0.225,-0.4905,0.2062,0.5073,-1.0151,-1.0745,-0.6322,0.6485,0.4819,-0.7442,0.1347,0.5351,-0.3439,0.9446,0.0133,-0.2189,0.483,-0.01,0.3799,-0.1505,0.7836,-0.1573,0.8371,1.8531,0.0616,0.5447,0.6004,0.0193,0.3552,0.658,1.1162,0.0989,-0.5584,-1.0336,-0.884,0.9597,0.6098,0.6637,0.5483,-1.0628,-0.4233,-0.3243,0.2925,-1.3072,-1.1654,0.4967,-1.0283,-0.7868,-1.5197,-0.6486,-0.6915,-0.3023,-1.0732,0.0928,-0.961,-0.1401,0.4745,0.3436,1.2515,0.1737,0.7694,0.4295,-0.1387,0.0503,-0.7146,-0.3992,3.3596,-0.8707,0.6851,1.1163,-0.77,-1.8461,-1.5703,-0.9114,0.6128,0.556,1.7673,1.4649,0.4894,-0.5504,-1.2191,-0.8166,-0.0963,0.0198,0.0366,-1.3037,0.0896,0.3863,0.5252,0.3568,0.1102,0.9962,-0.14,0.2294,-0.0381,0.5527,0.4047,-0.0592,0.6057,-0.1439,1.4071,0.9682,-0.3389,-1.0738,-0.2949,-0.9944,0.8138,0.6432,1.4403,1.181,0.5999,0.1901,0.0019,-0.1036,-0.4954,-0.2368,-0.4132,-0.9232,-0.0804,-0.9549,-1.2237,-1.8596,-0.4853,-0.3432,-0.5033,0.8459,0.8675
"IC60",0.6499,-1.8237,-0.9408,-1.0712,-0.245,-1.2434,-0.2353,-0.7468,1.0014,-0.5744,0.0899,1.0989,0.7611,2.2121,1.2192,0.1702,1.4428,-0.0562,0.4294,1.2094,0.7019,0.6766,-0.9378,-0.5771,-0.8672,1.0216,-0.1511,0.3771,1.8982,2.5475,-1.1512,-0.9034,-0.8295,-3.0196,-1.3684,-2.4067,-1.3573,-1.4515,-0.1762,-1.2388,0.8615,-0.3167,0.4441,-0.1727,1.3537,0.0629,0.6218,0.0832,0.6868,1.1417,0.6475,1.7728,0.6323,1.5481,2.0561,0.1204,-0.1489,-1.938,-2.2059,-1.0097,-2.2321,-0.9874,0.0921,-0.4483,-0.0811,-0.7776,0.3621,-0.0429,-0.8829,0.7406,2.7795,1.5681,1.0262,1.5691,0.6265,-0.5613,0.7601,-0.3406,0.565,0.2206,-0.8152,-0.4788,-0.8546,-0.0093,-0.3224,-1.3121,0.3308,0.1698,-0.7651,-0.0568,-0.101,0.0215,1.2928,-0.7467,-0.6599,-1.2786,-0.3753,-0.2635,-0.4367,-0.1561,-1.3067,-0.2292,0.3741,-1.2113,0.6141,1.0539,0.6499,-0.2809,-0.9861,1.4926,0.5492,0.5577,-0.2901,0.1966,2.1518,0.7074,2.1778,1.9137,-0.5294,0.393,-1.3622,0.1655,-1.5216,-1.0686,-0.8018,0.3246,-0.9796,0.5885,-1.5444,-1.1302,-0.3876,0.6241,-0.3103,2.6114,-0.2347,-0.7248,1.2343,-0.1179,1.1245,-0.5241,1.7627,0.6608,0.9956,-1.5341,-2.0224,-0.3739,-0.9207,-1.7038,-0.7028,-0.9421,-0.473,-0.9187,0.038,0.2235,0.6162,0.2061,0.7106,0.1906,1.0981,0.5228,-0.4604,-0.1719,0.0244,0.5355,0.9872,0.6493,0.0364,0.2978,-0.3589,0.5603,-0.3402,0.917,0.6144,0.4484,0.9296,-0.0127,0.221,-1.1064,-0.7962,-0.6229,-0.1236,-1.3527,0.4263,0.5806,-0.7343,0.3195,0.398,-0.3857,0.2285,-0.346,0.8462,0.4421,0.7637,-0.8933,-0.5809,-0.8226,0.8738,-0.5826,-0.4245,-1.4847,0.2722,0.081,1.2924,-0.0563
"IC62",0.4392,-0.4959,-1.8139,-1.1999,-1.099,-0.6686,-0.4979,-0.3605,-1.4393,-0.6796,-0.2773,1.4103,1.0691,0.7955,0.676,0.3736,1.3519,1.1425,0.8436,1.092,0.6349,-0.7804,-1.3653,-1.638,-1.2778,0.2952,0.5061,0.859,1.0337,1.5382,1.7689,1.0694,-0.1371,-1.5923,-1.0484,-0.3001,-0.5201,0.0149,0.1571,-0.1285,-0.7181,-0.3126,0.8466,1.2346,0.8154,0.71,0.0133,0.5868,0.7953,1.4313,1.0464,0.5339,0.3852,-0.2912,-0.7897,-0.4884,-2.122,-2.86,-2.3521,-1.8763,-1.9162,-1.3141,-0.3601,0.3358,0.239,0.4212,0.6147,0.8341,0.3606,1.2833,1.5652,2.1256,1.2707,1.3086,1.3698,0.8834,1.3496,0.2482,-0.0996,0.2941,-0.2252,-0.0391,-0.7958,-1.0502,-0.9762,-0.8274,-0.6552,-1.0938,-1.3317,-1.9793,-1.266,-1.2583,-0.8443,-1.0871,-0.992,-0.2393,-1.2245,0.1028,-0.0833,-0.2304,0.688,0.4887,1.3253,0.7313,1.3249,2.2362,1.9404,1.5589,1.0314,0.6379,-0.4167,-0.5392,0.2076,-0.1423,0.4925,-0.5305,-0.5197,0.3049,0.2516,1.1041,0.9096,0.1414,-0.9153,-1.0918,-0.043,-0.3069,-0.8232,0.0076,-0.2645,-0.5736,0.0513,-0.2066,0.0085,-0.0599,2.5693,1.8219,0.9406,0.4945,0.1915,-0.8001,0.0498,1.2767,0.6563,-0.2905,-0.9272,-1.122,-0.8772,-1.4006,-0.8729,-1.96,-2.0571,-1.8417,-1.7696,-0.5798,-1.1082,-0.9668,-0.9376,-0.0334,0.1882,0.1371,0.2725,0.4086,-0.5325,0.0317,-0.0631,1.7429,1.7359,0.9087,0.7444,0.1109,0.1748,0.5087,1.9833,1.4663,1.6548,1.0441,0.9358,1.3525,0.7081,0.2294,-0.0847,-0.6013,-1.1214,0.2786,-0.0181,0.3772,-0.2633,0.3356,0.4073,0.7814,0.0412,0.0863,-0.4056,-0.4102,-0.6816,0.0979,-0.3041,-0.3371,-0.6901,-0.6696,-0.5903,-0.9138,-0.9495,-0.6297
"IC63",-0.0329,-0.2109,-0.0936,1.0476,0.2867,-0.4489,-0.7312,0.2378,0.4338,0.5446,3.0201,3.2552,-0.4566,-1.3684,-0.7671,0.2582,-0.2707,-0.3848,0.0159,-0.7912,-1.2631,-1.3185,-1.3098,-0.534,-2.1038,-1.4602,-1.315,0.1703,0.7222,0.0427,1.8086,1.7919,1.3467,-0.6097,-1.2048,-0.0888,0.2664,0.9472,0.1942,0.4925,0.0761,0.5436,1.0443,1.2355,0.9144,1.2831,0.2392,0.1246,-0.1565,-0.1728,-0.2408,-0.8111,-1.3813,-0.572,-1.2822,-0.7745,-1.4656,-0.7365,-2.1388,-2.2459,-0.6011,0.2244,0.5733,0.6989,1.2456,-0.0626,0.0006,0.7302,0.6253,1.4192,-0.5473,0.0516,0.2868,0.5097,0.8301,-0.3173,0.2092,0.2061,-0.262,-0.5126,-0.0982,1.5715,0.5986,-0.296,-0.4714,0.6694,0.9951,1.2706,1.2519,0.6436,1.2013,0.9686,-0.2008,-0.6592,-1.0743,-0.4378,-0.9597,0.5576,1.1093,-1.2038,-0.8169,-0.581,-0.0883,-2.2545,-2.4197,-1.396,-1.0024,-0.4993,-1.0638,-1.0053,-0.7077,-0.4826,0.8988,1.1649,1.6505,0.7116,0.4314,1.7017,0.6751,0.5628,-0.8273,0.2937,1.9378,0.9694,0.1405,0.3608,-0.296,-0.0357,0.111,0.2913,0.5969,-1.14,-0.9958,-1.5457,-0.4686,1.1674,-0.2598,-0.6922,0.1334,-1.1908,-0.0625,-0.9379,0.9871,2.8899,0.7842,-0.3368,-1.2318,-2.3836,-1.3223,-0.9749,0.1291,1.1481,-0.0677,1.2741,0.4749,1.2796,0.7676,0.2383,-0.2136,-0.2456,0.2892,0.336,0.3742,0.973,0.5426,1.5027,0.4935,-0.8936,-0.677,-1.0671,-0.9138,-0.1587,0.5161,0.7831,0.7702,0.1534,-1.3084,-0.5343,-1.7293,-0.8206,-0.1631,0.4822,0.7171,0.716,-0.5417,-0.6837,-1.4576,-0.9876,-0.026,-0.1508,-0.1207,-0.835,-1.0994,-0.5939,-0.234,0.8797,-0.6376,-0.4824,0.7419,1.7281,2.3713,1.9097,-0.086,-0.6497
"IC64",0.7857,-1.712,-3.535,-3.0338,-1.6405,-1.6953,-1.9886,-1.7465,-3.9974,0.3607,3.9819,4.2133,2.3007,1.5117,1.4227,1.3306,1.2224,2.4027,1.1055,0.6548,1.5429,0.6605,0.3145,0.3102,-0.0532,0.3428,0.0625,-0.1403,0.9869,1.8071,-1.7367,-0.3503,-0.0472,-0.7224,-0.2256,-0.7561,-0.6983,-0.0996,-0.3228,-0.4742,-0.0051,-0.3718,-0.7716,-0.0199,-0.2348,0.3515,-0.3574,-0.6736,-0.1531,-0.5828,-0.3176,0.7386,0.951,0.4121,-0.0011,0.3566,0.1857,-0.5834,-1.2147,-0.6872,-0.5129,-0.0286,-0.8423,-1.0215,-0.187,-0.8059,-0.0255,-0.4066,-0.7213,1.0232,0.9538,0.2356,0.5945,-0.3458,0.0443,0.018,1.0194,0.1454,-0.0234,-0.2466,-0.3639,0.4947,0.2981,0.3773,0.1254,-0.1629,1.2012,-0.1837,0.516,0.6492,-0.1736,0.038,-0.4258,-0.2934,0.5634,0.5937,0.2417,-0.0083,0.0915,-0.4798,-0.1132,-0.0339,-0.7391,-0.5642,0.9827,0.3587,-0.3939,0.8504,1.129,0.8947,-0.2959,-0.4653,-0.6895,-0.62,0.0475,0.1767,-0.1655,-0.0731,-0.1462,1.026,0.3626,0.3647,0.5192,-0.8842,-0.809,-0.5775,-1.9384,-0.8863,-0.8091,-0.8351,-0.3365,-0.4864,-0.7979,-0.5337,4.3034,0.4029,-0.9423,-0.9533,-0.0427,-0.1333,0.4269,-0.1056,3.3991,0.46,-0.2666,-0.3892,-0.3739,-0.1647,-0.9613,-0.5059,-1.3287,-0.1915,-0.2157,0.0674,-0.3222,-0.1858,0.2758,-0.4409,-0.1354,-0.4827,0.0936,0.9375,0.6525,0.3756,0.2573,-0.3557,0.825,0.8693,0.8511,0.7047,0.4341,0.0369,-0.2124,0.7609,0.0332,1.0817,0.5799,0.0403,0.1067,-0.2769,-0.0568,0.4058,1.0061,0.8166,0.2082,-0.2814,-0.2892,-0.6172,-0.2917,-0.8725,-0.4755,0.053,-0.0656,0.1327,-0.6411,-0.4098,0.0166,-0.575,0.0137,-0.9168,-0.2064,-0.0766,-0.2606,-0.4551
"IC65",0.1436,-0.0472,-0.7082,0.0411,-0.4089,-0.5508,-0.6393,-0.9767,0.2792,2.7238,1.6108,1.0363,0.4846,0.2583,0.0018,-0.3547,0.7699,1.5797,-0.6118,-0.6381,-0.7321,-2.6268,-3.2867,-2.4287,-1.1508,0.2479,-1.3175,-0.6366,0.2081,0.2963,0.2797,0.3956,-0.8203,-1.0136,1.1961,1.6275,1.6287,2.0087,1.2404,1.2021,2.2821,1.3734,1.8807,0.5519,-0.5316,-0.2119,-0.3894,0.7559,0.3544,-0.5556,0.4154,0.4424,-0.7272,-0.3465,-0.9539,-1.0721,-1.744,-1.6752,-2.7068,-1.7132,-1.9243,-0.5364,0.5968,0.0535,-0.2555,-0.4936,1.9886,1.6048,1.1007,1.8129,0.6494,1.029,1.4757,1.4283,1.1512,-0.1828,0.6243,-0.5105,-0.1797,-0.3238,-1.3118,-0.9906,-1.1566,-0.224,-0.3207,0.0394,0.6354,-0.6639,0.0353,-0.8185,-0.7082,0.3828,0.235,-0.0343,-0.3881,-0.2868,-0.8047,-0.5898,-0.6493,-0.5607,-0.505,-0.7121,-0.5744,-1.2447,-0.1918,0.0085,0.6338,0.0539,-1.0146,-0.1969,-0.4346,1.3547,1.411,1.1477,2.6497,1.6834,1.7822,1.6813,0.1511,0.9453,0.3411,1.0415,0.1701,-0.7895,0.4137,-1.2044,-1.6259,0.1011,-0.8716,-0.2989,0.4371,0.2762,0.0901,-0.718,0.3016,1.0964,0.0542,-0.8758,-0.6615,-1.0852,-0.1752,-2.2214,-1.6275,2.7179,0.3313,0.8654,-0.3116,-1.0089,-1.1596,-0.9262,-0.8636,-0.2665,-0.3944,0.6132,0.3186,-0.7383,0.3989,-0.6366,0.178,0.3455,0.4585,0.5889,0.2579,0.5363,0.5113,-0.3344,-0.396,-0.9286,-0.4563,0.2447,0.0328,0.8713,0.1413,0.5732,-0.3275,-0.2958,-0.1532,0.0447,0.1891,-0.5001,1.1838,0.3139,1.5125,1.1698,-0.1996,-0.3169,0.3609,0.6553,1.0823,0.3691,0.6518,0.0054,0.1962,-0.4412,-0.739,-1.2656,-1.1082,-0.6323,0.0421,0.1372,0.9872,-0.6524,-0.1298,-1.1696
"IC66",0.6604,0.7088,-0.0619,0.1592,0.3704,-0.2859,-0.8301,-0.6398,1.4851,0.196,-1.6932,-1.0755,-1.1609,-0.545,-1.2445,-1.3712,0.0585,-0.3715,0.0898,-0.0414,-0.016,-0.3144,-0.9942,-1.0853,-0.2626,0.3391,-0.3258,-0.8311,-1.9539,-0.254,1.4782,0.4345,1.0249,1.0068,1.7097,1.5315,1.1196,1.4314,2.4917,1.6738,1.5524,1.5835,1.4772,1.2256,0.4726,-0.1848,-0.0302,0.6895,1.118,0.8123,-0.5999,-0.6567,-1.9786,-1.1537,-1.1315,-0.5325,-0.8952,-1.1217,-1.9524,-1.8355,-1.4552,-1.2003,-0.1703,-0.1845,0.555,0.2658,1.1317,1.293,1.1207,1.4267,1.7635,0.9391,-0.115,-0.3461,-0.9133,-0.7841,-0.5869,-0.476,-0.4466,-0.6395,-0.9433,-0.4235,-0.8065,-0.6491,-0.0447,-0.6785,-0.3178,-0.381,-1.2339,-1.0216,-0.2941,0.596,1.0308,0.0995,0.1196,-0.0258,0.188,-0.5189,-1.8356,-0.7905,-1.4075,-0.5021,0.5696,1.1237,0.5653,1.2538,1.2155,0.8361,0.8276,0.1132,-0.4902,-0.0904,0.1647,0.5445,2.2308,2.3568,2.6896,2.4237,1.4393,1.49,0.3224,0.7429,0.0391,0.1603,-0.1504,-0.746,-1.4653,-0.614,0.3139,-0.1081,-0.0588,-0.2801,0.0177,-0.0382,-1.3719,-1.3108,-0.6545,-1.4063,-1.2325,-1.2973,-1.7699,1.231,-0.0678,-0.7433,-0.0816,-0.515,-0.5077,-1.4401,-1.5175,-1.7507,-1.5405,-1.6522,-1.4139,-1.1298,-0.274,0.4996,0.6088,0.5888,0.3939,0.9399,1.2762,1.4658,1.2265,1.2289,0.3382,0.2278,0.0312,-0.0669,-0.2776,0.2252,-0.0756,0.4088,0.9085,1.233,1.2436,0.6734,0.2569,0.1482,0.952,1.1326,1.2744,0.6185,0.6108,0.7075,0.3093,1.1324,0.9869,0.755,0.3214,-0.0417,-1.0191,-0.8706,-0.8359,-1.045,-0.9976,-1.0633,-0.3576,-0.3649,-0.0339,-1.6477,-1.0034,-0.0806,-0.1394,-0.563
"IC67",1.7837,0.2657,-0.8892,-0.5927,-0.2372,-0.1994,-0.5935,-0.5655,-1.6918,-0.8004,-2.421,0.2246,-0.186,0.4757,0.5952,-0.0022,0.3104,0.8288,0.9498,0.8384,0.0619,-1.1682,-1.596,0.1895,0.6878,0.1859,-0.0378,0.2165,0.0144,2.9382,2.461,1.4054,0.812,-1.1648,-0.4171,-0.5626,-0.096,-0.3484,-0.9501,-0.4855,-0.186,0.5425,0.0134,1.3696,0.8878,-0.4993,0.2979,0.8405,1.1773,1.036,-0.0106,-0.3369,-1.6216,-0.3326,0.0057,-1.4937,-1.5435,-3.3732,-3.291,-1.1093,-0.7188,0.1166,1.8668,1.8594,2.1735,1.5996,0.2649,-0.2896,0.0868,0.3811,0.9953,1.7025,0.5436,0.984,1.3896,0.1389,0.4342,-0.072,-0.4806,-0.6897,-0.7198,-0.8882,-0.8469,-1.631,-1.0158,-0.5423,-0.9928,0.1081,-0.364,-0.2272,-0.4212,-1.0089,-0.3921,0.1504,1.1712,0.4069,-0.6707,-0.6378,-0.5562,0.0399,-0.2254,-1.0227,-0.826,0.305,0.5384,1.8057,1.0194,0.755,-0.6206,0.3173,-0.4877,-0.6025,0.7049,1.0979,1.5773,0.939,-0.1164,1.0681,0.7236,0.7167,0.2842,0.1469,0.0081,1.4178,0.6044,-0.8914,0.2349,0.8168,0.4596,0.1754,0.2398,0.4188,0.9919,1.1156,-2.8803,-2.1669,-0.886,-1.2623,-0.9618,-2.0925,-1.7962,-0.9635,0.3261,0.7751,-0.4926,-0.4737,0.6016,-0.6487,-1.1912,-1.6045,-0.2419,0.3609,1.075,1.5403,0.8973,0.9162,0.3141,0.0346,0.5325,0.1342,-0.789,-1.8624,-1.2392,-0.0586,0.4723,-0.1558,-1.069,-0.0018,0.9081,0.728,1.5318,0.8635,0.9936,-0.646,-0.1569,0.0906,0.7438,0.6397,0.5666,1.019,1.197,0.5491,0.2404,-0.3953,0.6315,0.67,1.5708,0.6658,0.4762,-0.6721,-1.2146,-1.0185,0.031,-1.2285,-1.0448,-0.775,0.3082,-0.1255,0.6213,-0.0782,-1.0742,-1.045,-0.103,-0.1614
"IC68",-2.1235,-1.4822,-1.14,-1.5219,-1.9859,-2.0275,-1.8891,-1.366,-0.2282,2.6305,4.8238,2.5904,1.3109,1.5418,1.5945,0.3724,-0.0144,1.8798,0.5156,0.386,-0.7939,-1.103,-0.4026,-0.749,0.0442,-0.9312,-0.4095,-0.9188,-1.1208,-0.0362,-0.0049,0.481,0.6069,0.8172,-0.3053,0.4802,0.9578,0.6467,0.7767,0.7935,0.8913,0.2728,-0.2235,-0.3541,0.1484,0.0634,-0.6303,-0.1146,0.446,0.4637,0.676,2.5335,1.6247,0.5927,0.3047,-0.9364,-1.5466,-2.3406,-1.1696,-1.3688,-1.581,-2.3626,-2.0586,-1.0593,-1.5203,-1.7565,-1.3112,0.2272,2.0366,1.974,0.6764,0.2977,0.4995,0.4345,0.8562,0.6723,-0.3908,-0.5127,0.1934,-0.1275,-0.0868,-0.1471,-0.1187,0.2869,0.783,1.0517,0.2513,0.4259,2.1217,0.8536,0.1236,0.1315,-0.3892,0.319,-0.3397,-0.6003,-0.9417,-0.0801,-0.1554,-0.8284,-0.8879,-0.9096,0.0677,0.2351,0.4325,-0.0043,0.2437,0.7626,0.6793,0.1727,-0.2476,0.0802,1.2218,1.9232,1.781,1.6387,0.1503,-0.3557,-0.8904,-0.2267,0.0758,-0.0763,0.2142,-1.1303,-0.87,-1.5492,-1.3857,-1.7309,-1.1714,-0.8381,-0.6547,-1.0684,-1.6081,0.3246,1.6392,-0.5311,0.9268,1.0458,0.5414,0.754,-0.1292,-0.7098,1.1407,0.0676,0.9535,0.2144,0.1096,-1.0895,-0.8427,-0.6104,-0.4899,0.0577,-0.7079,0.1178,-0.0602,-0.5841,-0.0279,0.1538,0.1831,0.352,0.9964,1.1696,0.6659,0.4229,-0.337,-0.4391,0.5797,0.2048,0.3742,0.6885,0.349,0.6948,1.111,0.6545,0.0237,0.4589,0.2463,-0.1056,-0.5567,-0.9224,-0.3751,-0.6688,-0.1746,0.9204,0.5869,0.2562,-0.1408,-0.3757,-0.076,0.3066,0.8387,-0.0163,-0.6352,-0.4462,-0.142,0.1,-0.6938,-0.1303,-0.3306,-0.1323,0.2776,-0.175,-0.7929,-1.0098
"IC69",-0.8454,-0.7387,-0.425,0.3629,1.0738,1.2354,1.5266,0.7211,-0.7884,1.088,0.0585,0.6684,-0.2773,-0.2854,-1.3358,0.7791,-0.2643,-2.7081,-1.827,-1.1641,-0.9626,0.7771,1.6078,0.5386,-1.1179,-0.0522,-0.1073,1.0958,1.978,1.2888,0.795,-1.3595,-1.4392,-0.4015,0.0747,-0.5088,-1.0797,-0.1917,1.1872,0.3525,0.6753,0.9507,1.3096,-0.6274,-0.3665,0.4574,-0.6917,0.0251,0.3569,-0.391,0.1401,-2.5859,0.4311,1.5278,-0.1325,-0.7285,-1.295,0.0976,0.1512,0.1942,0.5487,0.8083,1.1978,1.1398,0.8078,0.8946,0.2495,0.9555,0.5214,0.3153,-2.0172,-1.9328,-1.7508,-1.9008,-1.2023,-0.7559,-0.6934,-1.1173,-0.317,0.2723,0.9741,1.3639,0.0107,-0.3305,-0.3453,-0.0143,0.9119,0.6768,0.4762,-0.556,0.1236,0.8673,0.2632,0.0416,-1.6757,-0.7768,-0.2041,1.3291,1.54,1.0468,1.0687,0.2054,1.8861,0.4973,-1.4312,-0.9649,-0.6219,-0.1661,0.1846,0.0015,0.6967,0.7699,1.6382,0.9175,0.548,0.2034,-0.0312,-0.8438,-2.2071,-1.1637,-1.6819,-0.6066,0.8853,0.4429,0.1598,0.6516,-0.8477,-0.8309,0.3098,-0.5549,-0.3471,-0.4637,-0.2583,1.0095,0.0453,0.9069,-1.9188,-1.619,-2.4509,-2.4779,-1.1077,-0.7394,1.171,3.3793,1.8719,1.5179,0.0298,-0.0677,0.4545,-0.093,0.8952,0.5582,0.0901,-0.2683,-0.9511,-0.4138,0.3937,0.6857,0.0718,0.0183,1.4606,1.3108,1.1612,1.3638,0.8277,2.0081,0.515,-1.0591,-0.2639,-1.2008,-0.9476,-1.2332,-1.5554,-1.454,-0.6618,0.5938,-0.6649,-0.2648,0.8745,0.2758,-0.5099,-0.4994,-0.4767,0.0263,-1.3144,-0.3465,-1.1222,0.5883,-0.2684,-0.1213,-0.1318,0.5226,0.5311,0.9605,0.7731,0.0269,-0.7203,-0.5292,-0.0453,1.0568,0.3026,-0.0949,0.6071,0.0879
"IC71",-3.1661,-1.6444,-0.8545,-1.2915,-0.8473,-1.2438,-0.9482,-0.5882,1.731,3.4192,4.0519,-0.065,0.9396,1.0674,-0.9001,-1.5308,0.6111,0.1106,0.2087,0.1454,-0.1696,-0.1926,-1.3741,-1.1924,-0.1889,-0.4691,-0.4335,-0.3513,-0.5463,0.2157,0.0862,0.7972,1.1292,0.7936,0.8493,0.7587,1.5577,0.9188,1.2189,0.9561,2.194,2.2713,1.3337,0.4047,0.6964,-0.2254,0.4496,0.1076,0.6368,0.0629,-1.1402,0.8436,-1.2266,-0.6923,-0.4556,-1.4513,-0.777,-2.5634,-2.6951,-1.4481,-1.6034,-1.8854,-2.4301,-1.0424,-0.4599,-1.124,-0.6491,-1.0133,-0.0552,1.1024,1.6541,0.681,0.694,0.9976,0.0027,0.3068,-0.0392,-0.6062,0.8956,0.0159,-0.0918,-0.0479,0.1552,1.2487,1.0527,0.8995,1.1393,0.7441,1.4763,1.4285,0.1729,0.446,0.0426,-0.6756,-0.32,-1.2232,-0.1443,-0.3134,-0.2606,-0.253,-0.7752,0.195,0.5805,0.3365,-0.6892,-0.1802,0.0144,-0.4773,0.3397,-0.1022,-0.7577,0.1351,-0.6392,0.6073,1.6201,1.97,1.9815,1.0705,0.7753,1.2212,0.1359,0.3326,-0.9322,-0.5998,-0.6493,-0.8032,-0.9594,-0.7631,-1.1174,-0.8346,-1.5109,-0.6306,-0.9052,0.1538,-0.0987,-2.2413,0.0518,-0.0769,-0.0019,-0.1701,-0.6256,-0.8547,0.1527,-1.8085,0.4795,0.8542,0.649,0.0068,-0.439,-0.6641,-0.6431,0.0542,0.434,0.5771,0.9098,0.5673,0.6644,0.0861,0.3608,-0.2055,-0.3975,0.1528,0.8782,1.0586,1.0755,0.576,0.5805,0.9019,0.2354,0.9677,0.0769,1.4022,1.2569,1.2248,0.5633,-0.3079,0.633,-0.6689,-0.9642,-1.3992,-0.8243,-1.3361,0.0768,0.1136,0.9001,0.5376,0.0281,-1.089,-0.2118,-0.4268,0.2155,-0.0884,-0.0877,-0.2739,-0.0276,-0.0651,0.3326,-0.1185,-0.2075,-0.9796,-0.4141,-0.5246,0.2202,-0.5686
"IC72",1.5247,-0.9948,-1.7653,-1.2493,-1.7876,-1.4293,-1.0435,-0.9944,-0.1743,-0.746,-0.534,1.178,-0.3327,-0.3597,0.5955,1.207,1.4837,1.7885,1.6523,1.413,0.545,-0.8891,-1.132,-1.2128,0.1586,0.1806,-0.3973,-0.2273,0.619,1.6666,1.2811,1.0889,0.1731,0.5275,-0.0039,1.2726,0.7973,0.0984,0.0142,-0.2376,-0.0795,-0.0733,0.8491,1.17,0.7398,0.3796,0.567,0.4068,0.0611,0.6478,0.7029,0.5587,-0.6294,-1.6171,-1.5396,-1.183,-2.0591,-3.0064,-2.133,-2.584,-1.9149,-2.0225,-0.2567,1.0037,0.6311,1.4387,1.0653,0.0666,0.2663,0.4724,0.7293,1.4742,0.9236,0.5506,0.9792,1.3112,1.0843,0.9903,-0.3638,-1.4912,-0.4627,-1.4145,-1.049,-0.7275,-1.1514,-0.7049,-1.0198,-0.873,0.0595,-0.9054,-0.1458,0.7471,2.0099,2.862,2.1378,1.858,0.7281,-0.3371,-1.1255,-0.601,0.292,-0.3189,-0.6225,0.4962,0.861,0.7697,0.4529,-0.1734,-1.3322,-1.7573,-1.1951,-1.1135,-0.0891,0.4905,0.7987,0.0077,-0.2649,0.4641,1.793,1.1862,0.8596,-0.5358,-0.3909,-0.7114,-0.0865,-0.366,0.6475,0.5517,0.5103,-0.3606,0.0157,0.0497,-0.0896,0.3284,1.3074,0.4439,-0.5574,-0.6585,-0.6601,-0.7258,-1.2752,-1.1916,-0.4518,-0.3253,-1.3867,-0.734,0.2328,-0.1328,-0.6407,-1.5663,-1.1231,-0.2974,0.5132,0.5814,1.1241,0.9069,0.3073,0.4658,0.2816,0.789,0.8195,-0.0981,-0.8497,-1.0511,-1.1171,-0.6037,0.0645,-0.4727,0.2323,0.3913,0.5971,0.5595,1.3388,1.0112,1.0029,1.1949,0.293,0.816,1.532,1.5406,1.2649,1.1226,-0.1093,0.1072,0.024,0.5386,0.7111,0.6782,-0.0866,-0.5475,-1.2524,-1.5122,-1.4778,-1.5102,-1.4268,-0.1582,0.3071,0.5303,-0.2087,-0.3917,-1.1487,-0.7495,-0.2884,0.2339
"IC73",0.3271,0.613,0.6948,1.0156,0.4317,-0.2911,-0.9878,0.182,0.9976,1.5194,-1.0124,0.5808,0.3,-0.3651,-0.2589,0.6556,-0.1037,-0.7113,-0.5997,0.461,-0.7819,-1.3917,-1.798,-1.423,-1.5249,-2.0587,-1.7485,-1.3912,0.6817,0.339,0.2105,1.0845,0.8848,0.1156,-0.551,0.5036,0.9538,0.9025,0.2965,1.0582,0.3323,1.0787,1.7325,1.606,0.7354,0.6287,-0.0527,0.7417,0.0779,-0.074,0.1712,-0.37,-0.228,0.2328,-0.0406,-0.7982,-0.7217,-0.6515,-0.8861,-1.358,-1.4941,-0.7008,-0.3786,-1.093,-1.2397,-0.1872,0.3976,1.8098,2.6433,2.7241,0.0791,-0.026,-0.5599,-0.5416,0.0609,-0.5039,-0.2056,0.3384,0.6733,-0.4634,-0.4302,0.3311,0.1764,0.914,0.2822,0.5217,-0.2827,-0.5233,0.4716,0.304,0.3493,-0.3847,-1.3466,-0.85,-1.0777,-0.5259,-1.5972,-0.6753,0.9264,-0.8508,0.0469,-1.0597,0.2419,-0.426,-1.4105,-1.0524,-0.6659,-0.1884,-0.2476,-0.6412,-0.051,-0.5055,2.0498,1.608,1.8564,2.4624,2.3588,3.2064,1.7691,-0.2993,-0.8666,-0.1412,1.5128,0.1465,0.0224,0.74,-0.7623,-2.364,-0.8792,-0.231,0.4468,-0.1324,-1.0732,-2.27,0.4326,1.3249,-0.1398,0.0804,0.3322,-0.9426,-0.6557,1.5161,-1.2986,0.6185,1.3164,-0.1435,-0.306,-1.3299,-1.8684,-1.7672,-1.4859,-0.5677,-1.5431,-0.3769,-0.8219,0.4389,0.5003,0.2384,0.2857,0.9301,2.2941,2.0703,0.9852,0.8359,0.3261,0.4132,0.3103,-0.2978,0.3007,0.0083,-0.2757,0.1376,0.0272,-0.1956,-0.5986,-0.505,-0.7916,0.4652,-0.2698,-1.4073,-1.6743,0.1069,0.6038,1.9215,0.8606,-0.1292,-0.9093,-0.1801,0.1247,0.5028,1.1129,-0.1729,-1.077,-0.5439,-0.5617,0.8009,-0.7091,-0.5895,-0.8293,0.3468,1.3027,1.8163,0.001,-0.9573
"IC74",-0.5287,-2.1713,-1.1472,-0.7709,-1.0947,-1.678,-0.9956,-0.4844,2.3335,5.6332,2.5125,-1.7276,0.8027,-0.6689,0.0749,0.2408,0.708,0.674,-0.7651,-0.3462,-0.6725,-0.7013,-0.1486,-0.949,-0.3831,0.4546,-0.6961,-1.3095,-0.7705,4.2056,0.4269,-0.533,-0.1518,-1.2434,-0.4389,0.1607,-0.183,0.0884,1.6417,1.4414,2.3127,0.4038,0.5099,0.3393,0.5738,-1.4489,-0.906,-0.1825,-0.731,0.2428,-0.6112,0.205,0.3805,0.5042,0.6969,-0.574,-1.1971,-1.711,-0.2255,0.042,-0.4354,-0.9398,0.9529,0.1307,-0.6939,0.1861,0.7898,0.3398,1.2524,1.4831,1.2546,0.5171,-0.2032,0.2566,-1.0603,-1.0131,-0.4962,-0.6103,-0.545,-1.2686,-0.2786,-0.3522,0.1429,-0.097,-0.4235,0.2782,-0.4432,-0.8751,-0.0822,0.4454,0.335,-1.4307,-0.3488,-0.079,-0.2197,-0.636,0.2789,0.4685,-0.7868,-0.3036,-0.1134,-0.4258,0.0927,0.4876,1.2673,0.4387,0.5211,0.8497,0.1066,-0.0621,0.092,0.3056,0.4455,1.1133,2.3968,2.0046,2.3221,1.7445,1.4664,0.4059,-0.1681,-0.2752,-0.5536,-0.8345,-0.5302,-1.3265,-1.4705,-0.1814,-0.7486,0.424,0.349,-0.2865,-1.6442,0.7715,-1.5647,-0.971,-0.8693,-1.4442,-1.856,-2.1719,-1.4941,1.4211,0.0356,0.7267,0.3082,0.184,-0.3303,-1.6427,-0.681,-0.327,0.0211,-0.3839,0.8835,0.6564,0.0661,0.0422,0.3617,0.0454,-0.4341,0.8211,1.37,1.4405,0.9254,0.7739,0.7721,0.4178,0.2376,0.4934,0.3691,-0.1485,-0.5311,-0.1828,0.1841,0.1096,0.659,0.4403,0.6013,0.2194,-0.1669,-0.0389,0.687,0.4717,1.0843,0.6018,-0.8933,-0.2209,-0.3638,-0.3989,-0.8098,-0.4484,0.1651,-0.2242,-0.6052,-1.4256,-0.108,0.1105,0.2221,-0.7642,-0.5041,-0.2577,0.7273,0.4914,-0.1321,-0.69
"IC75",0.8679,0.1989,0.1275,-0.0709,0.113,-0.713,-1.2331,-1.1321,-2.1381,-0.426,2.6459,1.7127,2.1207,0.535,-0.9438,-2.207,0.7025,1.0742,-0.5573,-1.2531,-0.1957,-0.1743,-0.9973,-0.5076,-0.9232,0.715,0.9516,0.4022,0.3696,2.3332,-2.6987,-1.0766,-1.1392,-1.3093,1.3347,1.2704,1.025,1.0802,1.9154,1.3452,1.2835,0.0295,0.0852,-0.7092,-0.3069,-0.2206,-0.0112,0.1376,0.1748,-0.5673,-0.6706,0.6897,-0.4941,-1.5539,-1.2585,-0.2591,-1.6807,-0.8774,1.2721,-0.2788,-1.2147,-1.4689,0.7357,0.7208,0.008,0.2482,0.0743,0.1366,1.369,0.9063,0.7312,0.8929,0.2187,0.5359,-0.9599,0.0484,0.5166,0.4569,-0.6106,-1.3268,-0.9114,-0.5693,0.3049,1.163,0.21,0.8581,0.4202,-0.2538,1.1492,0.4447,0.2201,-0.6859,0.4085,0.2366,-0.2337,-0.7295,-0.3757,-0.1645,-0.4626,-0.9402,-1.1879,-1.506,0.043,0.4917,0.1594,0.0765,-0.1579,-0.6063,-0.9136,-0.5425,-0.2959,0.6594,-0.735,0.2263,0.7505,-0.065,2.161,1.4248,1.4653,0.8411,0.2693,0.5757,-0.5858,0.7095,0.6287,-0.2829,-0.5716,0.2043,-1.1083,-0.558,0.7217,0.6249,-0.8453,1.0501,-2.5923,-4.509,1.7974,1.7766,0.3585,-0.5719,0.4867,2.3719,0.1869,-2.6908,0.5461,1.4307,0.5177,-1.0893,-0.9866,-0.7254,-0.6523,-0.4448,-0.4542,0.7113,-0.1292,-0.8734,-0.5043,-0.1173,-1.2058,-1.0452,0.3006,1.4001,1.4063,1.4027,1.1244,-1.0894,-0.1386,0.6637,0.9942,1.3731,1.0375,0.6366,0.0681,-0.1192,-0.7471,-0.6586,-0.9039,-1.7529,-0.9312,-0.084,0.1258,0.1009,0.5681,0.6467,-0.5922,-0.2316,0.3434,0.5534,-0.069,-0.6245,0.4631,0.6579,0.3095,-0.1418,-0.2072,-0.249,0.0117,-0.0914,-0.0077,0.2808,0.6646,0.4704,-0.566,-1.1475
"IC76",1.4314,0.5227,-0.5764,0.2376,0.2592,-0.1751,-0.6001,-1.39,-2.4191,-0.3488,-0.2391,1.6001,1.2004,1.2849,0.8068,0.2356,0.6497,0.6095,-0.5928,-1.331,-0.2882,0.154,-1.4015,-1.9795,-2.1225,-0.2704,-0.0526,-0.212,0.0999,1.4238,0.4429,0.9602,1.2473,-0.3159,-0.4687,-1.3009,-0.8646,-0.3289,0.7334,-0.2682,0.1346,0.6101,0.8332,1.3777,0.9272,1.1447,0.1233,0.6159,1.7697,2.0522,1.0874,0.4843,0.2996,-0.4426,-1.2585,-0.6468,-1.3606,-1.6073,-1.4961,-1.3555,-1.7386,-2.286,-0.7748,0.2733,0.8183,0.6483,0.6761,1.5314,1.7437,1.6803,1.1301,0.137,-0.9754,-0.5148,0.5033,0.3106,0.6796,0.1283,-0.197,0.1053,-0.9543,-1.3298,-1.5147,-1.2921,-0.6947,-0.9057,-1.0231,-1.0147,-0.0557,0.5781,0.5389,0.6341,0.7125,0.732,0.1379,-0.0706,-0.8055,-0.383,-0.3912,0.0308,0.3963,0.0456,0.7739,0.8462,0.5708,2.0966,2.2481,1.5373,0.6993,0.4645,-0.7569,-1.3036,-0.7173,-0.5968,0.0026,-0.9783,-0.7083,0.1907,0.0087,0.6529,-0.475,-0.9064,-1.0585,-0.6232,0.2516,-0.2214,-1.7907,-0.9132,-1.051,-0.6806,0.0663,-0.1685,-0.2148,0.8581,4.2636,2.7838,0.5695,0.5848,0.5295,-0.4278,-0.0368,1.573,1.7327,0.4779,0.3577,-0.342,-0.1262,-1.0635,-1.9455,-2.3615,-1.6629,-1.4491,-1.4461,-0.6814,0.1702,-0.0974,0.0717,-0.1273,-0.2065,0.0703,0.7301,1.3373,0.2153,0.4317,-0.1558,-0.3719,-0.5617,0.2883,0.7726,0.4958,0.4191,-0.5458,-0.5449,-1.0768,-0.4043,-0.6259,-0.7874,-0.2812,0.9583,0.9678,0.4345,0.1584,-0.0558,1.5706,1.238,1.5719,0.8489,0.9975,0.5426,0.6912,0.1446,0.2339,-0.6248,-1.4681,-1.175,-1.0162,-0.5667,-0.5998,-0.0396,-0.0087,-0.0235,-0.2143,0.1498,-0.259
"IC77",-0.8893,-1.8405,-2.7156,-2.8088,-1.1999,-0.7376,-0.8184,-1.3298,0.691,2.7908,3.2821,-0.1307,2.4252,1.4019,0.6362,-0.8993,1.4676,1.1643,0.4816,-0.236,-0.1262,-0.7911,-1.5523,-1.2074,-1.1699,0.0601,-0.0635,-0.2396,0.3696,2.14,-0.1547,-0.0708,-0.0775,0.2724,1.9615,0.3835,-0.2279,0.5187,1.0904,1.2273,2.4881,1.2288,0.9086,1.2004,0.7613,0.662,0.0481,-0.1947,-0.8227,-0.1273,-1.2926,-1.7631,-0.6505,-0.0565,-0.4457,-0.4538,-0.9948,-1.6537,-2.0929,-1.4134,-0.9161,-0.7907,-0.42,-0.5893,-0.6094,-1.038,0.6141,0.2036,-0.2001,0.5566,0.9119,0.9959,0.6128,0.1847,-0.2942,0.0541,0.6436,-0.6593,-0.7284,-0.0492,-0.2285,-0.2807,-0.1054,-0.0677,-0.1493,-0.3057,0.5272,-0.1466,-0.0098,0.0757,0.8395,1.2767,1.0306,0.6562,0.3104,-0.296,-0.0099,0.2005,-0.0222,0.2977,-0.3984,-0.1051,-0.3554,-1.2251,0.365,1.5555,0.66,0.4543,0.6654,0.1035,-0.0526,0.9291,-0.3582,0.0135,1.5689,1.9351,2.1895,1.1447,0.1736,0.9789,1.0625,-0.463,-2.9113,-1.6436,-0.6167,-0.7207,-1.8888,-0.5322,-2.0594,-1.4313,-0.7844,-0.8363,-0.4589,-2.6299,-0.2882,1.8037,-1.2593,-1.7548,-0.8129,-0.315,0.5994,0.4789,1.4481,0.142,-0.3368,0.167,0.8162,0.691,-0.0495,0.0625,-0.4837,0.0772,0.4046,1.5581,0.6363,0.333,-0.1217,-0.0874,0.4732,0.1103,-0.0698,0.0776,-0.3114,0.772,0.5004,-0.5547,-0.0264,-0.2843,0.2769,1.0565,1.017,0.3874,0.1226,0.9464,0.1051,0.1001,-0.0064,-0.3634,-0.49,0.1526,0.2911,-0.5368,0.8312,1.1028,0.7665,1.4598,1.0962,0.5025,0.0714,-0.2628,-0.3909,-0.5416,0.0876,-1.0332,-1.6745,-1.9393,-0.7023,-1.0117,-0.1201,-0.1259,-0.2118,-0.0213,0.0328,-0.1868
