"IC05","0.4595","0.5424","0.7479","0.5483","0.6592","0.5649","0.7078","0.9174","0.4339","0.2530","-0.6971","-0.4495","0.2857","-0.1839","-1.1362","0.0098","-0.4754","0.0322","-0.0281","-0.7457","-0.0827","0.1412","1.4589","0.9226","-0.3977","-0.7135","-0.8514","-0.4201","-0.5120","-0.5594","-1.1230","-0.9332","-0.6669","-0.8347","-0.5562","-0.5765","-0.3215","-0.8563","-0.6907","-0.7248","-0.3718","0.2640","-0.2462","-0.2957","0.0967","-0.2755","-0.4602","-0.4100","-0.8262","-0.9258","-0.0497","1.8956","0.6094","0.2998","-0.3436","0.6011","-0.2079","0.4571","0.4584","0.3610","0.5459","0.4392","0.8418","0.6670","0.4249","2.8442","2.6846","1.0138","0.7155","0.8642","0.4296","0.6959","0.2552","0.8412","2.3154","1.9463","1.3818","1.8168","0.5603","-0.9648","-1.5682","-1.9503","-1.8303","-1.1182","-1.2298","-0.7026","0.0091","0.3728","0.0152","0.1672","-0.3667","-0.3235","-0.0049","-2.4940","-2.7235","-1.7946","-2.1749","-1.8606","-1.1833","-1.4243","-1.4372","-0.9461","-0.5046","0.1114","-0.4041","0.1275","0.0623","-0.5366","-0.9909","-0.8511","-0.4611","-0.4870","-0.1033","-0.0764","-0.1878","-0.1063","0.4906","1.1066","1.6873","2.3492","1.9447","2.3327","1.8091","0.8318","1.7682","1.6829","0.5741","0.9599","1.4443","1.0189","1.0508","0.8847","0.6259","0.3173","-0.0358","0.6402","0.6391","0.8596","0.3795","0.9489","-0.5618","-0.7686","0.6983","-0.3543","-0.0149","-0.2086","-0.6052","-0.7533","-1.4181","-1.1363","-1.4400","-1.0734","-1.3315","-1.6853","-1.5550","-1.4952","-1.0715","-1.2164","-0.4950","-0.8310","0.9216","-0.9041","-0.4373","-0.6856","-0.6048","-0.4355","-0.6941","-1.0429","-0.1845","2.4012","1.1486","0.2041","0.1322","-1.5860","-1.2391","-0.0870","0.6210","0.1972","0.4665","0.6094","0.2775","0.5386","0.4206","0.4224","0.2309","0.6894","0.2747","1.2425","0.8764","1.4640","1.4346","0.6491","1.4433","0.0019","0.1048","-0.0635","0.3227","-0.0301","0.0308","-0.3365","0.1005","-0.7122","-2.1283","-1.1694"
"IC08",-0.2688,-0.9054,-0.1055,0.1781,-0.0884,-0.377,-0.4764,0.0261,0.6197,-0.3898,-0.8879,-0.2775,0.0222,0.3677,0.9175,-0.0708,-0.1458,0.0414,0.5006,1.0822,-0.097,-1.2828,-0.6922,0.1444,-0.7818,-0.4436,-0.1663,-0.4826,0.2117,-0.0815,1.1347,0.5646,1.571,0.9926,1.4919,1.0016,-0.4288,0.5026,-0.1088,0.2335,-0.003,0.4037,0.2129,-0.5713,-0.0224,0.0321,-0.7474,-0.5761,-0.6598,0.4463,1.279,0.3788,-0.2546,-1.2689,-0.2882,-0.1928,0.9087,-0.0356,-0.0159,-0.4919,-1.2896,0.0763,0.0522,-0.1047,-0.644,0.0936,0.3193,0.502,1.1427,-1.3354,-0.688,-1.0381,-0.0585,0.0116,0.2896,0.3054,-1.1997,-0.5205,0.6024,1.1911,1.2002,0.0167,-1.8154,-1.2359,-0.6263,-0.5741,-0.2716,-0.9007,-0.6102,-1.7258,-0.5353,0.6684,2.4787,1.2296,1.1788,1.9342,1.2775,0.0504,1.5053,0.0887,-0.3917,-0.5716,0.6688,-1.2273,-0.4442,-0.3357,-0.9516,1.261,2.4818,-0.2884,0.5926,1.0272,0.7977,0.5006,-0.5589,-0.0831,0.1476,-1.2711,-2.0011,-1.5128,-2.0445,0.1557,1.72,0.8322,-0.456,0.0242,-0.3744,-0.3976,0.8653,2.5684,0.8432,-0.0162,-0.939,-1.504,-0.9951,-0.7104,-0.8916,-1.8497,-1.5355,-0.8628,-0.776,-0.699,1.2638,2.5851,0.8607,0.9561,0.3791,0.0706,1.0603,1.0252,0.4218,-1.1171,-0.9123,-0.8392,-0.8258,-1.024,-2.0732,-1.1952,0.0735,-0.4078,-0.1339,1.7957,1.1011,1.7249,0.2342,-0.4428,0.385,1.1892,2.7521,1.9552,-0.4903,1.7168,1.283,-0.3412,-0.8122,-1.3874,-2.0582,-1.259,-0.9615,-0.2624,-1.0972,0.7705,0.7104,0.2505,-0.0801,0.3942,1.112,0.7875,1.9267,1.8242,-0.2491,-1.1443,-1.9925,-1.5781,-1.6966,0.402,1.3134,-0.5212,-1.767,0.1209,1.0758,0.4116,-1.1604,0.4797
"IC09",-0.0614,0.0879,0.338,0.1368,-0.1226,-0.0934,0.2858,-0.3032,0.1499,0.5679,0.3613,0.8558,0.1201,0.8793,1.7215,1.2286,0.0616,-0.475,-1.4803,-0.2141,-0.4596,-1.4745,-1.0305,-1.4557,-1.1733,-0.6388,0.1669,-0.6506,-0.7612,0.4169,0.6241,0.0084,-0.7906,0.2139,-0.4706,-0.2744,-1.2349,-0.594,-0.6154,0.1368,0.5661,0.0781,0.788,1.0996,0.1119,0.8013,0.8645,0.789,1.342,0.7433,-0.5323,-0.6976,-0.5726,0.3581,0.0942,-0.1538,0.0009,-0.2831,-0.5101,0.0391,0.187,0.6853,0.6889,0.8725,0.9527,0.0896,0.3311,0.8876,2.1853,1.1169,0.3545,-0.3761,0.4045,0.0948,-0.8655,-1.0966,-0.6931,-0.8126,-0.6053,-1.1116,-1.0104,-1.8938,-0.7826,0.003,-0.1822,0.0169,0.4049,-0.4794,-0.6435,-0.3389,0.49,1.4268,0.6073,0.001,-0.3122,1.0731,1.6161,1.3109,-0.3787,-1.6486,-0.396,-0.8676,-1.0969,-1.6895,-2.0963,-1.847,-1.2433,-0.1117,-0.6193,-0.4551,0.226,0.7046,0.1421,-0.5357,0.5746,0.706,1.1662,0.813,0.7345,0.3375,1.5317,1.8475,2.0377,3.0327,2.599,1.9312,1.8681,1.9502,0.7636,-0.2242,-1.3123,-2.3592,-1.3354,-1.4847,-1.3627,-2.0598,-2.1065,-1.4228,-1.415,-1.1266,-0.095,0.7794,0.1457,0.8172,0.1524,-0.3752,0.8006,1.1851,1.0825,0.1253,-0.0437,-0.8244,-1.1265,-0.4369,-0.9104,-0.4908,-0.2095,-0.4839,-1.3349,0.3006,0.906,1.2914,1.3754,0.5722,0.6102,0.0031,-0.1943,0.2738,0.0158,0.1643,0.583,-0.7144,-1.6089,-2.0333,-1.4643,-0.5209,-1.6906,-0.7928,-0.6123,-0.2669,0.1961,1.0587,1.0167,1.7487,2.2459,1.8588,1.4324,1.7383,0.9455,-0.5996,-1.1735,-0.5842,-1.1152,0.2416,0.6432,0.1542,-0.0753,0.3543,0.6103,0.4935,-0.4654,-0.3196,-0.9826,-1.6584
"IC15",-0.7358,0.081,-0.378,0.4752,0.0031,-0.4362,-0.0866,0.0712,0.6004,0.2856,-0.3823,-0.0553,0.4144,1.0204,0.5998,0.3363,-0.5326,0.3344,-0.1152,0.4414,-0.1648,0.566,0.2987,-0.1495,0.1674,-0.9811,-0.149,-0.0206,0.4687,-0.2421,-0.448,-0.3107,-1.4625,-0.8385,-0.9888,-0.6931,-1.2824,-0.4807,-0.2959,-0.8624,0.3799,0.435,0.75,1.1006,0.4327,2.1722,1.9193,1.6474,1.6064,0.1971,-0.2145,-1.3326,-0.5167,-0.5018,-0.1947,-0.8058,-1.3524,-0.6925,-0.9734,-0.4528,-0.5185,-0.101,0.1675,0.6797,1.2864,0.4725,0.376,-0.2561,0.4055,-0.2911,-0.024,0.2666,0.0981,0.618,0.91,0.9452,-0.4786,0.5946,-0.9642,-0.7655,1.0706,0.3629,0.3278,-0.423,-0.0853,-0.2565,-0.0293,-0.6092,-0.2886,0.1108,0.942,1.6839,0.66,0.1572,0.0524,-0.4371,-1.2387,-1.1654,-1.5642,-1.7839,-1.7238,-2.3873,-1.5823,-1.2341,-0.8807,0.4501,0.2538,0.4325,-0.1406,1.4539,1.3204,0.6325,0.0017,0.3776,0.2501,-0.0174,1.0019,0.967,0.9428,0.0389,1.0705,1.0447,0.9469,1.6405,-0.2195,0.7356,2.3037,3.0272,2.3275,1.0617,-0.0653,-1.1829,-1.9596,-2.6297,-1.3777,-1.4686,-1.5806,-2.1693,-1.3876,-1.0143,-0.397,0.0042,-0.3608,1.7707,1.0483,0.3388,0.5921,-0.1798,0.9995,-0.6019,-0.9201,-0.5728,-0.9863,-1.1434,-1.4398,-1.0961,-0.4774,-0.2651,0.0255,-0.59,0.1462,1.325,0.1392,0.2994,0.4419,-0.3387,0.9741,0.5197,-0.1428,-0.0697,-0.3109,2.8821,1.7649,2.1391,1.7191,1.7165,-0.3867,-0.16,-1.0435,-1.3399,-0.8227,-1.2588,0.0868,-0.1875,0.408,0.3164,1.1858,1.0931,0.3561,0.1434,-1.3818,-1.9337,-2.6913,-1.9377,-1.4704,-0.2786,0.6228,0.4936,0.6261,0.3686,0.1155,0.1382,0.9102,1.2321
"IC16",-0.6207,0.2426,0.7683,0.6922,-0.8898,-0.1951,-0.2608,-1.1337,-0.0603,-1.3145,-0.9211,-0.9383,-0.1264,1.2696,0.5469,-0.608,-0.7167,0.3804,0.8226,1.475,0.2194,-0.1281,-0.5715,0.0921,-0.553,-0.208,0.5751,-0.1892,0.6512,0.4051,1.2389,-0.2409,0.3479,2.2051,0.6609,0.3321,0.1341,0.3506,0.868,0.9523,0.5786,-0.0849,-0.0511,-0.4448,0.3832,0.6501,-0.8047,-0.4781,0.0358,-0.3047,-0.8532,-0.6026,-0.8751,-0.8279,-0.7369,-1.2297,-0.5799,-0.4409,-0.9872,-0.2638,-0.5784,0.4684,-0.628,-1.0481,-0.2232,-0.823,-0.6332,-0.0396,-0.0842,-0.7943,0.5191,1.7703,1.7578,0.6521,0.0896,0.3092,-0.5016,4.622,2.753,0.3729,-0.768,-1.3104,-1.5533,-2.0385,-0.5001,-0.1033,-1.0042,-1.217,-0.5404,-1.2287,0.7176,0.5621,-0.8882,0.1906,1.4748,-0.0275,-0.9272,-0.1975,0.9042,0.0222,1.3346,0.802,0.5575,1.1047,2.422,2.3367,1.3713,1.3561,0.2338,-0.8132,-0.4229,0.0196,-1.4885,0.1316,-0.1093,-0.0365,-1.6733,0.7497,0.3703,-1.3231,-1.131,-0.4201,-1.3839,-2.8943,-0.5136,-0.5353,-0.5847,0.0629,-0.0792,-0.6095,-1.8141,-1.0186,0.126,0.7986,0.8871,0.3927,0.7439,1.4087,1.4354,0.4388,0.784,0.6944,0.2873,-0.8371,-2.2081,-0.3851,0.5923,1.0161,-0.2416,-1.1878,-0.6889,-0.1895,0.5407,0.559,0.0186,1.3444,0.5853,0.0914,0.4816,-0.5775,0.6095,0.8147,-0.4174,-1.1029,-1.2441,1.3425,1.8886,0.1322,-1.7171,-2.1876,0.7834,2.0197,-0.2246,0.2082,0.042,0.4824,0.3533,0.7134,0.5802,1.6863,0.7778,-1.024,-1.2277,0.1373,0.4898,-0.2878,-0.581,-0.3404,0.3076,-0.1443,-0.2043,0.2888,-0.9425,-1.9299,-2.0307,-1.1003,-0.9514,-0.2139,1.2772,0.3783,-0.0777,-0.1402,0.7124,1.988
"IC17",1.1912,0.9981,-0.1673,1.3112,1.0235,-0.24,-0.5919,0.5038,0.7046,0.2326,-0.1995,-0.4463,-0.1454,-0.0741,0.2029,0.6679,-0.1606,0.1596,0.0915,0.0198,-0.725,0.0786,-0.5245,-1.3014,0.9981,-0.4343,-0.6215,-1.8931,-0.9651,-0.1895,0.0079,-0.1444,-1.1092,0.0015,0.6303,0.4697,-0.6741,-0.7089,0.5313,-0.2408,-0.3406,-0.0896,0.2864,0.3151,-0.1421,0.9494,-0.1362,0.2805,0.2904,-0.631,0.5656,-0.9863,-1.8556,-1.6322,0.062,-0.344,-0.2058,-0.0259,0.3715,1.3641,0.6453,0.2051,0.2072,-0.1417,-0.0097,-0.5807,0.3227,-0.5849,1.4671,0.9726,0.9047,1.6594,1.1803,0.7125,0.8032,0.164,-0.5068,2.1209,-0.697,-1.1079,0.7262,-0.4129,-0.0479,-1.4579,-0.4231,-1.0494,0.1999,-0.2246,0.881,0.3801,0.9338,1.0826,-0.4673,-0.0174,-0.4591,-0.5617,0.3496,0.5224,-1.0887,-1.9054,-1.4533,-1.6288,-0.7051,0.4352,0.0841,0.887,0.2193,-0.579,-1.3498,0.2312,0.1641,-0.6119,-1.4391,0.5543,-0.0139,-0.6016,-0.6785,-0.3614,0.647,0.4912,0.8116,-0.2162,-1.0039,1.6952,0.732,1.6945,2.1972,1.7238,1.7337,0.5195,0.0772,0.2829,0.0741,-1.0553,-0.6585,-0.7059,-1.0594,-1.1064,-0.4843,-1.7069,-1.8452,-1.8627,-1.0042,-0.6789,-0.2825,0.7077,0.7035,-0.8839,1.8426,1.4127,0.641,1.5994,1.8538,1.3815,1.7245,0.9714,0.0133,-0.6581,0.5124,-0.701,0.7509,1.548,-1.0568,-0.3941,1.315,-0.4872,0.747,0.8352,0.5608,1.4621,-5.0377,0.5582,-0.9456,-0.2513,-1.2498,-0.7979,-2.519,-1.7686,-1.5462,-1.1218,-1.6358,-1.8595,1.2085,-0.4805,-0.1624,-0.2225,1.3452,1.1004,0.6495,0.9534,-0.0756,-0.4822,-0.969,0.016,-0.87,0.6676,0.9669,0.0392,-0.2494,0.2443,1.581,1.0743,0.8025,1.414
"IC18",-0.1304,-0.2744,-0.8989,-1.0867,-0.4562,0.462,0.4848,1.0188,0.6752,0.5347,0.0466,0.0143,1.3157,-0.2721,-0.1404,-1.0215,0.1728,0.2151,0.0052,-0.1144,-0.3514,-0.0111,0.9063,0.265,-0.3057,-0.0734,-0.3488,-0.6661,-0.6293,-0.3366,-0.1949,-0.8519,-1.2062,-0.242,0.3758,-0.0938,0.0246,-0.084,0.608,1.6597,1.0135,0.4094,0.4927,0.3426,-0.1188,-0.3324,0.0635,0.0624,-0.6972,-0.4204,-0.4308,-0.2395,-0.6709,-0.4885,-0.0028,-0.167,0.8308,1.7857,1.1377,-0.1622,-0.0468,-0.2187,0.1871,0.8755,1.163,1.9906,0.1428,-1.3137,-1.2164,-0.0833,-1.1965,-1.4442,-0.2531,0.5509,1.3832,-0.2865,-0.6859,0.9699,0.7222,-0.818,-0.9286,-1.2523,-1.0529,-0.7247,-0.5444,-0.3613,1.3248,0.5412,0.2501,0.8874,1.7924,1.6678,1.017,-2.86,-2.6624,-2.144,-1.2321,-0.0461,0.3426,-0.5423,-0.9021,-0.6783,-1.1926,-1.7524,-0.4988,0.7315,1.9395,2.8973,2.7387,0.555,-0.0155,0.2535,0.7395,0.6204,1.1746,1.7102,0.6729,1.6239,1.8398,1.1013,0.1324,0.6181,0.6443,-0.4925,0.5126,-1.6214,-1.4524,-1.6787,-0.6705,-0.47,-1.2164,-1.5764,-2.0018,-1.1637,-1.7062,-0.1695,-1.3228,-1.4944,-0.8301,0.4102,1.0979,0.1474,-0.4713,-0.3577,0.5316,0.5682,1.1717,1.5235,1.0822,1.6153,0.5889,-0.237,-0.716,-0.1327,0.3464,0.2304,0.0554,-0.0677,0.3415,0.3945,1.0992,-0.8988,-0.5697,-0.8096,-0.5681,0.3634,0.7957,1.5828,1.3712,1.3389,-1.5665,0.5226,-1.9334,-2.6031,-1.5815,-1.4123,-0.6214,0.0696,1.8783,2.1686,0.7205,0.7694,-0.0553,0.1439,-0.4006,-0.122,0.2539,-0.1105,1.0864,-0.3723,-0.4659,-0.9722,0.2201,-0.5879,-0.3897,0.8319,-0.2457,0.3409,0.9334,1.4159,0.0505,-0.239,-1.4805,-0.9687
"IC19",1.0507,0.5216,0.5413,0.0516,0.4473,0.3205,0.0876,0.1202,0.073,-0.1438,-0.2239,-0.1185,-0.043,-0.1296,0.1181,0.1343,-0.0146,0.3509,0.3124,-0.3168,0.4131,0.2792,-0.7157,-0.4377,-0.2765,-0.2038,-0.3585,0.0567,-0.0354,-0.1729,-0.0862,-0.7697,-0.3179,-0.3052,-0.0248,-0.052,-0.5165,0.0996,0.1171,0.1143,-0.052,-0.3361,-0.441,-0.34,0.4555,0.1674,-0.0932,0.3048,-0.6437,-0.2504,-0.5719,-1.3804,-1.7302,-0.5723,-0.7087,-0.5817,-0.3807,-0.3404,-0.4601,-0.134,0.0602,-0.2652,-0.1719,0.1141,-0.1522,0.2466,1.4115,2.0905,1.4419,1.0851,1.6214,1.4157,1.0052,1.0529,2.1609,2.1271,1.1083,0.7004,0.0174,-0.5625,-0.5109,-0.5348,-0.3582,0.1342,0.3968,0.3803,-0.1767,0.2156,-0.1358,-0.0256,-0.0401,-0.6862,-0.3581,-0.2575,-0.5534,-0.2881,-0.5556,-0.7688,-0.2128,-0.2234,0.0984,-0.5081,-0.691,-0.7942,-1.245,-1.1185,-0.9696,-1.1213,-1.4362,-1.5742,-1.6564,-2.0771,-1.8286,-1.5665,-1.7271,-1.7238,-0.3377,0.8539,1.3498,1.9399,0.9929,0.8034,0.3539,-0.0171,0.9381,1.8398,1.2448,0.9976,1.2929,1.3292,1.3252,1.463,1.4184,2.0298,1.9147,1.6791,0.968,1.7431,2.0879,2.0437,1.6304,1.4882,0.4344,-2.2938,-2.9672,-2.01,-2.2495,-1.8141,-1.4827,-1.0525,-1.1773,-1.4724,-1.2178,-1.2362,-0.9835,-0.7005,-0.543,-0.0739,-0.5417,-0.0792,1.5568,1.6408,1.0961,0.6275,0.7287,1.4586,0.7583,0.6033,0.2666,-0.7398,-1.073,-1.7684,-2.2027,-1.6464,-1.6817,-1.4948,-0.7135,-0.5062,-0.0854,-0.0577,-0.2163,-0.0559,0.5945,0.9392,0.582,0.6892,0.5506,0.2073,0.2875,0.0622,0.237,0.6007,0.9034,0.7978,0.3172,1.2016,0.9737,0.4707,0.0049,0.2086,0.4979,-0.6278,-1.4008,-0.3704
"IC20",-0.4864,-0.0187,0.8909,0.8458,-0.1875,0.0106,0.9042,1.2739,0.3786,0.2537,-0.2157,-0.3557,-0.652,-0.4572,-0.8186,-0.8321,-0.168,0.668,1.1196,0.1136,0.7977,0.9456,1.4211,-0.2931,-0.9698,-1.4611,-0.9606,0.3926,-0.9236,-1.19,-1.0831,-0.0841,-1.4869,-0.6993,0.5241,-0.5821,1.0941,0.2871,-0.4188,-0.8813,1.0804,1.6538,1.2975,2.3721,0.6552,0.5808,1.165,-1.0546,-1.3516,-0.4371,0.0301,0.8549,-1.5023,-1.6164,-1.3874,-0.8161,-1.3585,-0.6601,-0.0056,-0.2575,0.1982,0.3085,0.6178,-0.2023,0.8324,1.4952,0.9477,-0.2133,-1.5832,-0.6819,-0.8003,-0.4102,-0.7633,0.9656,0.7309,-1.9085,-0.5744,3.5713,1.2972,0.2758,0.6512,-0.237,0.1459,0.6466,0.2013,-0.4315,0.4923,1.6435,1.5606,-0.0541,-1.6851,-0.9353,-0.5919,0.3351,0.4797,0.2119,-0.1265,0.238,0.1957,-0.581,-0.4451,0.0898,-1.1812,0.9395,2.0265,1.3073,0.2291,-0.147,-0.7583,-1.2731,-2.0155,-0.5182,0.1243,-1.251,-1.3839,-0.1073,0.337,-0.0884,-0.2355,-0.9455,-1.4726,-0.68,-0.2418,0.5368,1.2013,0.8696,-0.5534,-1.0533,0.8448,1.2037,2.0933,0.1256,-0.0323,0.4548,0.2468,0.0611,-0.2499,0.3739,-0.0894,-1.5947,-2.202,-1.4235,0.7987,0.7127,2.8663,0.9645,-0.1942,0.1413,-0.4124,0.1668,0.5251,0.6412,-0.1338,0.0212,1.0248,-0.289,0.8754,0.2086,0.306,-0.3964,-1.0103,-2.4974,-0.1552,-0.5649,-0.2778,0.4309,0.1882,0.287,1.1797,0.8152,2.1362,2.4144,-1.2704,-0.1034,0.2144,0.4477,-0.1927,0.3299,-0.2625,-1.8975,-1.3663,-0.7876,-0.6083,-1.1766,-1.2001,-0.3684,-0.5468,-0.8754,0.3101,0.3773,-0.2187,-0.7884,-0.7215,-2.0017,-0.4781,0.2267,0.0077,-1.4967,0.489,0.9981,1.133,1.4702,2.1796,2.0817
"IC23",0.1273,0.2855,-0.2686,-0.7507,0.4738,0.6359,-1.3955,-0.3986,0.258,-0.0435,-0.8655,-1.0085,1.7488,2.4107,1.0063,-0.194,0.3941,-0.294,1.1439,-0.6853,0.1642,1.4286,-0.3134,-1.467,0.4767,0.3942,-0.4254,0.2255,0.5609,-0.5139,-0.3463,-1.0839,-0.7289,0.6296,0.8007,-1.6353,-0.6483,-0.5436,0.1086,0.3214,-1.081,-0.2183,-0.4775,-0.069,2.528,1.3227,0.1849,0.1176,-1.1402,-0.3564,0.1272,-0.3075,0.0595,-0.7114,-1.4709,-0.6122,-0.3729,-0.5417,0.4358,-0.161,0.8961,-0.0525,-0.4805,-0.3342,0.5205,-0.2965,0.5286,1.5451,-0.1207,0.413,-1.7358,0.7226,0.7078,0.5043,-0.5399,-1.1228,0.6468,0.7147,-0.4443,0.2719,-0.0728,1.3975,-1.492,-0.1131,-0.3022,1.0412,0.0784,-0.568,-0.068,-0.9486,-0.5767,0.4591,0.2936,-0.6464,0.1966,0.4432,2.1328,1.399,1.1121,0.2695,-0.5081,0.011,-0.7071,-0.2926,0.3435,-0.0663,0.7072,-0.3283,0.4759,-0.3092,-1.482,0.0837,1.2326,1.1242,0.115,0.5083,0.3077,-0.1652,-1.1505,-1.6831,-1.7708,-0.2391,-0.2836,-0.4925,-0.173,-2.2395,0.5969,-0.2951,0.9666,0.8293,0.6463,-0.0998,0.3351,1.3055,0.2273,-0.586,-1.8622,-1.2613,-0.9122,-1.2862,-1.8318,-2.0899,0.1037,-0.289,1.0992,1.3525,-0.3665,-1.181,-0.2362,1.9031,-0.1304,0.4521,2.0074,0.6247,1.5649,2.1881,1.9032,1.0724,1.9533,1.0498,-0.1069,-0.0462,1.2795,0.9686,-0.6095,0.2918,-0.2108,1.7111,0.9984,0.2771,-2.0101,0.4509,1.094,-1.3062,-2.2973,-1.7811,-0.5122,-2.7235,-0.7704,-0.2448,-1.601,-2.8718,-1.8599,-0.6191,-0.5307,-0.247,1.6869,-0.5709,0.5731,-0.7762,0.2075,-0.9992,0.8447,0.8109,-0.1607,0.7794,0.2016,-0.296,0.6577,0.1226,0.1016,2.6351,1.1518,-0.084
"IC24",0.8795,-0.669,-0.2186,-0.3035,-0.2269,-0.7251,0.3549,0.8806,0.5689,-0.1666,-0.595,0.0638,-0.6599,-1.1894,2.0598,1.1159,0.5902,-0.348,-0.4128,-0.8003,-0.1475,-0.1427,0.6418,0.9364,-0.4399,0.4664,-0.2855,0.3121,-0.3413,-0.5464,-1.1402,0.1365,-0.0892,-2.2423,0.5985,0.7863,-0.6813,0.6361,0.239,0.3262,0.0495,0.3853,0.5897,-0.0129,0.0083,-0.6191,0.6918,-0.0261,0.1841,0.9149,1.1351,1.3284,-1.3073,-2.0118,0.1385,-0.4901,-0.8739,-1.0783,0.5954,-1.2427,-1.3373,0.3027,0.9454,1.1087,-0.1965,-0.0994,-1.6072,0.6683,1.9813,0.2417,0.3543,-0.3665,-0.2722,-0.0484,-0.555,-0.3898,1.8363,1.3923,1.5022,1.4803,0.4488,0.1166,-1.8557,-1.3529,-0.372,-0.9681,-1.0033,-0.6597,0.8156,-0.3238,-0.3574,-2.0926,0.7544,1.9211,1.7369,0.28,0.6523,-1.1695,0.3206,0.0131,-0.703,-0.1051,1.5847,-0.8761,-0.3678,-1.0853,-0.808,0.5045,2.4175,-0.1006,0.329,-0.9996,0.9992,0.6303,-0.1079,-1.2734,-0.7365,0.9361,-0.3905,-0.5313,-1.3546,-1.1437,-1.5586,-2.0322,-1.4295,-1.9853,-1.2265,-0.4973,0.7321,2.5428,1.951,2.092,0.9101,-0.0868,1.6259,1.9959,0.1688,-0.7653,0.435,1.6047,0.6664,-0.108,0.5459,-0.5318,0.966,0.8284,0.4845,0.0806,-0.6003,-0.087,-0.151,-0.2857,-0.2175,-0.0335,-0.2575,-1.4386,-2.0948,0.2095,0.2161,-0.3162,-2.229,-0.1148,0.0652,0.6678,-0.3072,-1.0461,-0.9886,-0.9597,0.4015,1.3108,2.1027,-0.6736,0.7858,1.1414,0.8082,-0.1226,-0.6585,-1.9816,0.2542,0.5728,-0.9049,-0.2513,-1.2638,0.0525,-0.9296,-0.7561,-0.169,-0.389,-0.038,1.2727,1.5161,1.5003,0.9416,1.1076,0.7203,1.9866,0.6926,0.6567,-1.836,0.4804,-0.5601,-1.0537,-1.9506,-0.4507
"IC26",1.5783,1.2347,0.749,1.0579,-0.2541,-0.1907,0.4543,0.6548,1.4683,0.761,0.9709,0.1388,0.1495,-0.7507,-1.0252,-0.9976,-0.6296,-0.6066,-0.1821,-0.5202,-0.4498,0.4543,-0.823,-0.2445,-0.1136,-1.3939,-0.8688,-0.1977,0.5508,-0.9655,-0.4456,-0.9173,-1.4475,-0.7616,-0.7261,-0.7497,0.0044,0.2643,-0.245,-1.1072,-0.5071,0.2501,0.6913,0.8714,0.6532,1.4074,1.0435,0.6576,0.1231,-0.2828,-0.8349,-1.0345,-0.7534,-1.0084,-0.7153,0.081,-0.538,0.6734,0.6103,0.3363,-0.0554,1.202,1.6639,0.925,1.6315,0.3077,-0.6144,-0.0635,-0.1665,0.6608,0.9786,1.0572,1.1709,1.7466,0.9736,1.2585,0.8835,-0.3601,-1.1591,-1.1048,-1.6407,-1.4885,-1.8272,-1.2476,-0.1396,-0.2838,0.8646,0.8704,2.15,1.294,1.2099,1.3205,1.0375,-0.1587,-1.9974,-2.6001,-1.0328,-1.2678,-0.8557,-1.2452,-1.0202,-1.0257,-1.0226,-0.9669,-0.4966,0.9207,0.5929,-0.0739,-1.0169,-0.8247,-1.1347,0.2375,-0.9576,-0.2222,-1.1894,0.1623,0.0009,0.9095,2.1183,1.0736,0.0058,-0.2105,0.5283,0.113,0.8885,1.0086,1.0046,0.4437,0.6651,0.9875,1.2071,1.288,0.4778,0.3246,0.1513,0.0014,-0.6524,-0.9373,-0.229,-0.2103,-0.8459,-0.4571,-0.0487,-0.5456,-0.32,0.8884,-0.1603,0.4802,1.0559,0.6392,0.6901,0.1625,-0.0036,0.2436,-0.1222,-0.1188,0.4312,0.9366,1.2374,-0.4466,-1.305,-0.6861,0.3018,0.7088,-0.7951,0.4097,0.5205,0.3202,0.8126,0.7166,-1.6321,-3.8794,-3.1286,-2.5762,-3.1386,-1.9914,-0.4579,0.5882,-0.6224,-1.124,-1.3652,-0.1188,0.946,0.2777,1.1484,0.8109,1.4433,1.1145,1.9166,1.3767,0.6313,0.4617,0.2598,-0.2758,-0.1155,1.3395,0.907,-0.2146,0.8276,0.3777,0.3339,-0.5045,-0.4944,-0.2414
"IC27",0.0412,0.2603,-0.4986,-0.1124,0.2779,-0.5052,0.5115,1.2716,0.7303,-0.1417,-0.5134,-0.7333,-0.4856,0.0688,0.0314,-0.1117,-0.5708,-0.2478,0.2669,0.0247,-0.6586,0.3219,0.2562,-0.0423,1.5517,-0.2745,-0.4233,-1.0115,0.0955,0.2582,0.2059,-0.4131,-0.3491,0.2392,-0.3145,-0.6425,-0.8786,-0.6752,0.1041,-0.4372,-0.0938,0.0062,-0.1552,-0.2349,0.3152,0.6529,0.2423,0.7458,0.6461,-0.0263,0.8365,-0.6741,-0.0328,0.6505,0.6042,0.6531,-0.1618,0.4374,0.0512,0.3048,0.4265,-0.1672,-0.0966,0.1253,0.6085,0.367,0.9425,-0.4518,-0.11,0.1366,-0.3389,0.4283,0.1341,0.3397,-0.4863,0.1993,-0.0019,-0.5979,-1.4007,-0.8956,0.1515,-0.1337,-0.4681,-0.524,0.1824,0.4502,0.4485,-0.0979,-0.2723,-0.2701,0.6715,1.343,-0.0721,-0.414,-0.2474,-0.4593,0.0329,0.0483,-0.8257,-1.022,-1.0247,-2.1155,-1.3243,-0.3497,-0.7982,0.0649,0.4047,0.6997,0.1909,0.2896,0.8255,0.9616,0.1404,0.6109,0.5332,0.4821,0.3045,-0.1339,0.2309,0.843,0.8424,0.6883,1.1305,2.2571,0.9611,0.1985,1.1935,1.5695,1.0543,-1.0478,-1.7868,-2.0366,-2.7455,-2.6224,-2.1028,-1.7306,-0.9149,0.6212,1.6783,1.1758,0.1345,-0.5309,-0.7841,0.8487,0.1708,-0.3203,-0.3797,-0.7294,0.6434,0.8569,0.4818,1.6244,2.0434,2.6497,2.7225,2.3305,1.3542,-0.6239,-1.1106,-2.5437,-1.9941,-0.8547,-1.2754,-1.1412,-0.8542,-1.134,0.2627,0.2915,-0.6855,-1.2523,-1.9917,-0.2319,-1.5532,-0.72,-1.1191,-0.7192,-0.7223,-0.5681,-0.667,-0.0942,0.208,0.1361,1.2433,1.2586,1.5256,1.1373,0.5216,0.9202,1.1944,2.2369,1.8941,1.7561,1.9555,2.2879,1.7685,0.9989,-0.2399,-1.1653,-0.883,-1.4639,-1.2243,-1.6073,-2.1841,-2.2339
"IC29",-0.2586,-0.498,-0.8783,-1.2705,-0.8404,-0.627,0.7181,1.2995,0.9333,0.6425,0.6246,0.1491,-0.6034,-0.9389,-1.0385,-1.0546,-0.4903,-0.1036,-0.2572,-0.1892,0.2367,1.0619,1.7129,1.364,0.3793,-0.3489,-1.0811,-0.0561,-0.1672,-0.6088,-0.6585,0.3159,-0.0765,-1.0233,-0.5009,0.1495,0.4581,0.2933,-0.7011,-0.66,0.2759,1.318,1.9336,2.2978,2.5675,2.5599,2.6161,1.7992,1.0386,0.4023,-0.2007,-0.4764,-1.3516,-1.5207,-1.3529,-1.3352,-0.6217,-1.4236,-1.6671,-1.3558,-0.3945,0.5985,0.1428,-0.1619,-0.3432,-0.7799,-0.4703,-1.1283,-0.2904,-0.7338,-0.8432,-0.9609,-0.0936,-0.0149,0.6298,-0.4829,-1.7586,-0.9442,-0.5458,-0.0475,0.3254,-0.42,0.0389,0.6249,0.2876,0.3123,1.2365,2.3332,1.9569,1.5257,1.2447,-0.0877,-0.6931,-0.6084,-0.0974,-0.0084,-0.9841,-0.8788,0.2627,0.5399,0.6532,-0.1173,1.0236,1.5283,2.2573,2.3636,2.6306,0.7744,-0.7485,-1.2769,-0.7592,-0.2332,-0.414,-0.9674,-0.5536,-0.5552,-0.9895,-1.29,-1.7441,-1.0845,-0.6322,-0.1753,-0.427,-0.9696,-1.4397,-0.0174,0.5165,0.7892,1.4315,0.7972,0.1921,-0.0265,0.0119,-0.1257,-0.9282,-1.7648,-1.0639,-0.9197,-0.9256,-0.4738,-1.0598,-0.3041,1.9835,2.4053,1.4606,0.8982,1.0572,1.4447,1.4419,1.4781,0.6259,-0.2286,-0.3511,-0.1936,-0.7636,-0.3738,-0.178,-0.2576,-0.9302,-1.162,-0.5092,-0.7235,-0.8007,-0.1707,0.0349,-0.8027,-1.415,-1.016,-0.4091,1.2908,0.4666,1.6933,0.6564,-0.2582,0.245,1.0253,0.1579,0.1262,-0.9698,-0.5608,-0.1554,-0.0389,0.4781,0.9506,0.8358,1.1667,1.4778,1.7713,1.4352,0.5259,-0.3391,-0.3422,-0.9078,-0.5069,0.1757,-0.1598,-0.4397,-0.9081,-0.7825,-0.6998,-1.1401,-0.6406,-0.1715,-0.1837
"IC31",-0.8793,-1.5449,-0.5199,0.2037,-0.9528,-0.5292,-0.6943,-0.3044,1.3365,-0.0079,0.3287,0.1449,0.1908,0.1522,1.8713,1.9716,0.3394,-0.4125,0.8236,0.6192,-0.1393,-0.1571,-0.8654,0.9701,1.0136,-0.5621,-1.4112,-1.0026,-0.4494,-1.3674,0.3792,-0.0427,0.5693,0.9096,0.7367,-0.8293,-0.5465,-0.338,-0.0556,-0.1262,-1.1175,0.4537,0.2267,0.4817,0.1315,0.3952,-0.3234,0.2423,0.5065,0.9881,0.4145,-0.6306,-0.4376,-0.3896,0.0439,0.3612,-0.6396,0.7161,0.841,0.8221,-0.3993,0.1162,-0.7345,-0.3938,0.772,-0.5161,-0.8735,0.3467,0.2882,-0.3989,-0.5897,0.4611,0.5493,0.2548,0.0974,-0.1549,-1.2823,1.0849,1.9439,-0.1577,-0.2344,0.2171,-0.5865,-0.4363,-0.3527,0.0232,0.3361,-0.6437,-1.033,-0.5005,0.4153,1.0589,0.7538,0.607,-0.7802,-0.0298,0.9328,0.3726,-0.3316,-2.0478,-0.3364,-0.5583,-2.0635,-1.6935,-1.1477,-0.1565,-0.0357,0.5377,-0.2381,-0.6718,-0.9127,0.9029,0.2134,-0.0619,-0.6626,0.9621,-0.1002,0.1025,2.1538,2.0895,2.0389,2.3532,2.3933,0.8148,0.4631,0.3423,1.9586,2.0823,1.5987,-0.2387,-0.8192,-1.2747,-2.1108,-0.7451,-1.5755,-1.375,-1.9278,-1.6605,-0.2734,-0.9968,-2.4072,-1.4142,-0.2751,-0.1867,0.0346,0.4137,-0.3477,2.19,1.2108,-0.372,0.1674,-0.1231,0.5778,1.0043,0.0036,-0.3016,-0.7833,-0.0743,0.7574,-0.305,-0.7617,-0.2651,1.1018,-0.0425,-2.1906,0.0861,0.5137,0.2522,-0.3418,-0.4341,-0.5685,1.6182,0.9469,0.5192,-1.0231,0.1801,-0.519,-0.2172,-0.3427,-0.2633,-1.0291,-0.107,0.3114,0.5066,1.6502,2.518,2.9549,1.8017,2.758,1.465,-0.2577,-0.7225,-0.9291,-2.2472,-1.6714,-0.2857,-0.6276,-2.4328,0.4282,0.3476,-0.4253,-0.9543,-0.479,-0.0242
"IC33",0.7735,0.9353,0.1741,1.1333,0.8958,-0.2319,0.5116,0.2458,0.7336,0.4435,-0.1161,0.2971,0.2724,0.4551,-0.2047,0.7115,-0.1212,0.1236,-0.3487,-0.2801,-0.5982,0.127,-1.5708,-1.8558,0.4231,-1.1098,-0.6421,-0.9815,-0.3167,-0.4805,-0.5913,-0.5902,-0.705,-0.2901,-0.4467,0.1755,-1.4068,-1.4249,-0.3535,-0.2859,0.4472,-0.0873,-0.5706,-0.7258,-0.6371,0.4057,0.06,0.3509,0.4988,-0.4073,0.431,-0.6645,-0.396,0.7043,0.8447,0.8033,0.1102,0.711,0.8406,2.1534,2.1162,1.5808,0.881,0.3131,0.397,0.0749,0.6469,0.8447,1.2871,0.0538,0.1455,0.5186,0.1996,1.0276,0.5434,1.1416,0.4352,-1.6592,-2.0839,-1.5062,-0.4985,-0.6566,-0.9527,-0.3702,0.0867,-0.0351,0.171,-0.1416,-0.3886,-0.0558,0.2366,0.5733,0.1063,-0.8693,-1.0025,-0.9177,-0.5323,-0.0942,-0.3987,-0.545,-0.1294,-0.7736,-0.4928,-1.0696,-2.3684,-1.4279,-1.0018,-0.815,-1.3744,-0.8669,-0.4992,0.3416,-0.0103,0.5744,-0.0743,-0.0641,1.1694,0.6039,1.0848,1.394,2.1366,2.1014,1.8818,2.6249,1.8648,1.9145,2.1097,1.9724,0.8914,-0.3399,-1.4716,-1.4409,-1.1959,-1.9552,-1.1195,-0.4627,-0.6262,-0.1767,0.4158,0.1438,-0.1702,0.6189,-0.6581,-0.0124,-0.0798,0.4153,-0.5753,-1.0307,1.4744,-0.1107,-1.298,-0.0249,-0.096,0.7407,0.0069,-0.0213,-0.3224,-0.4555,0.5553,0.1644,1.291,2.4463,0.7781,0.0228,0.0172,-1.2557,-0.071,0.2442,-0.5747,-1.9181,-2.3704,-1.234,-2.4186,-2.4509,-1.8276,-1.3456,-1.5441,-0.9104,-1.1912,-0.5448,0.1233,0.5139,1.6137,0.8622,1.2483,1.2908,2.072,1.8345,1.1438,2.1251,1.1524,0.5647,0.1558,0.2577,0.2513,-0.1154,0.1656,-0.0356,0.1796,-0.0771,0.5621,-0.7345,-0.8272,-1.083
"IC36",1.2042,1.0049,-0.3665,-0.2857,-1.2,-0.8763,0.537,0.5071,0.1742,1.4168,1.2439,0.6084,-0.865,-0.7177,-1.4297,-1.1959,-0.6541,0.166,-1.0714,0.5432,-0.2692,-0.9804,0.75,0.6452,0.1685,-0.412,0.0237,-0.515,-0.1695,0.5631,0.2517,0.5855,-0.7586,-0.493,-1.3742,-0.2509,-0.243,0.4317,-1.2259,-1.1478,-0.1775,-0.5771,1.4478,2.453,1.2656,1.8831,1.2662,1.1355,2.4787,1.1404,-1.4906,-0.581,0.25,-0.2029,-0.7392,-1.0042,0.4339,-0.1426,-0.5191,0.3712,0.8733,0.7237,0.1807,-0.0263,0.2106,-0.5105,-1.1569,-1.7043,-0.5892,-1.0603,-0.0474,-1.2549,-0.4576,-0.6091,-1.0057,-1.2139,-0.6459,0.9774,0.0262,-0.4455,0.6928,-1.6229,0.1242,-0.4611,-0.0051,-0.0707,1.53,1.2046,1.8801,1.9756,1.8089,1.68,0.3801,-0.7642,-1.421,-0.3381,-1.5405,-0.123,-0.5432,-0.761,0.31,-0.2954,0.2372,1.1301,0.5981,1.8448,2.3297,1.0574,-1.4942,-0.6765,-0.3177,-0.2891,-1.3627,-1.9328,-1.0462,-0.982,-0.9488,-0.8505,0.1784,-1.2435,0.6883,0.7539,0.4256,2.1904,1.7592,1.5208,0.0216,0.9027,0.8438,0.7677,0.7191,-0.3702,0.5087,-0.3922,-0.7248,-2.707,-1.9188,-1.2594,-1.3686,-1.3821,-0.709,-0.6065,-1.8577,0.3556,-0.25,-0.4135,1.0391,0.8632,1.9377,0.8614,1.8759,0.6373,0.8052,0.8879,0.8226,1.2986,0.9661,0.274,-0.9276,-0.6876,-0.7427,-0.1165,0.4418,0.3978,0.6561,-0.9376,-0.7397,-0.3511,-0.541,-0.9395,0.2553,0.6267,-1.3282,-1.5452,-0.9765,-0.0619,-0.7588,1.1098,-0.6448,-1.939,-0.2735,0.0995,0.0258,0.6424,1.4632,1.5104,0.2765,1.6349,1.0487,0.0748,-0.3622,0.0752,-1.1968,0.3019,0.7567,0.734,0.6028,0.4532,-0.887,-0.6066,-0.1742,0.3319,-0.571,-1.1281
"IC37",0.8818,0.198,0.4747,0.307,0.5698,1.1566,0.5326,0.0422,-0.4648,-0.9848,-0.4688,-1.0303,-0.2725,1.1632,1.0594,-0.2523,0.2307,0.1565,0.098,0.9236,1.1657,0.5899,0.236,-0.2394,-0.5931,0.1226,0.1393,-1.3629,-2.0998,-1.1645,-0.9357,-1.4018,-0.8763,-0.3435,0.3751,0.715,0.6433,0.2826,-0.5364,0.7322,0.3099,-0.3141,-0.0438,-0.1399,0.5525,0.5156,-0.2697,-1.3157,-2.2083,-0.7869,-0.4199,0.5495,-1.2026,-1.0956,-0.6826,-1.2068,0.3169,-0.5354,-0.1741,0.7204,1.1661,1.1091,-0.8635,-0.5352,0.1007,0.9413,1.7077,1.2787,1.0186,1.2496,1.4229,0.3874,1.9911,1.2284,1.8195,-0.0859,-1.1589,2.8467,1.0869,-0.8346,-0.4235,-0.7218,0.4863,0.1981,-0.3464,-0.5428,1.0549,0.0177,-0.204,-0.8757,-1.2617,-1.6323,-0.7933,0.5102,-0.0781,-0.9972,-1.0434,-0.2735,-0.1421,-1.0638,-0.9684,-1.4015,-0.2938,-0.5409,0.7111,0.3556,0.0566,-1.0109,-1.7157,-1.1812,-1.6457,-0.127,-0.3568,-1.754,-1.5063,0.2559,1.1316,1.3007,0.7674,-0.105,-0.133,-0.5219,0.4353,1.8917,3.2206,2.7939,2.0904,1.3909,2.0602,1.6267,1.1305,0.476,-0.2415,0.3126,-0.0109,-0.8391,-0.7421,-0.5017,-0.9429,-2.1237,-1.9839,-1.8394,-0.7891,-0.7383,-0.2589,-0.204,-0.3633,0.1147,0.4526,1.0266,1.7762,0.3227,-0.112,-0.3557,0.5741,1.4898,0.5898,-0.054,-1.5503,0.3632,1.21,-0.3546,-0.8761,-0.6811,0.4703,1.4169,-0.4896,0.2548,0.3964,-0.1197,1.094,-0.5253,-2.2682,-1.5855,0.1418,1.14,-0.1853,-0.8139,-1.5458,-1.2628,-1.1031,-0.7599,-0.1051,-0.1335,-0.7933,-0.8526,-0.5124,-0.6269,1.3191,0.4536,0.5988,1.3362,0.3045,0.759,-0.0813,0.4279,-0.6638,-0.1813,-0.144,0.57,-0.0261,1.6339,1.3014,-0.024
"IC38",1.117,0.0578,0.5393,-0.0874,-0.0671,0.5858,0.019,0.8425,0.2,-0.1259,-0.2217,-1.0688,-1.0759,-0.6457,-1.0946,-0.7609,0.714,-0.0665,-0.0585,-0.3813,0.7937,1.1786,1.6593,0.59,-1.506,-0.7973,-1.1115,-0.2531,-0.7404,-0.0183,-0.38,-0.6707,0.0517,-0.6745,0.2368,0.7468,1.8286,1.2324,-0.5158,0.0813,-0.5999,0.2511,0.9805,0.4515,1.4817,0.3604,-0.5668,-1.0582,-2.0713,-0.8084,-0.6807,2.139,-0.2709,-1.136,-1.0468,-0.9022,0.2001,-1.2578,-0.1191,0.4205,1.731,1.3046,0.1983,0.4769,-0.3285,1.1172,1.4095,0.512,0.0347,0.4722,-0.0297,-0.9405,-0.0036,-0.2318,1.3837,-1.2215,-1.713,2.7325,-0.2262,-0.9127,-0.382,-0.424,0.8098,0.3671,-0.4399,0.0753,1.5441,1.1124,1.0913,-0.1529,-1.0592,-2.0887,-1.49,-0.3517,0.2984,-0.0565,-0.386,-0.2627,-0.6277,-1.1039,-1.5585,-0.9326,0.2957,0.4413,2.0723,1.5734,0.9505,-1.2624,-1.7348,-1.328,-0.8286,-0.298,-0.4105,-1.872,-1.4185,-0.4239,-0.4988,0.2859,0.7798,0.1852,0.9176,1.3933,1.1447,1.5163,2.2221,2.2384,1.4456,0.6525,1.9684,1.6315,2.1611,1.4594,0.148,0.1505,-1.1071,-1.1088,-0.684,-0.6839,-1.0784,-2.3995,-1.6162,-1.0675,1.4908,0.573,-0.1219,-0.7551,-1.4402,-0.8146,-1.7834,0.0407,0.1152,-1.0256,-0.5534,-1.0582,-0.2462,-0.0845,0.2093,0.3924,-0.585,0.5512,1.0817,-0.6147,0.2214,-0.115,-0.585,-0.2598,-1.4055,-0.2028,0.0796,1.1188,2.6693,1.9605,-0.1348,-1.1507,0.592,1.7496,0.9625,0.2901,-0.9286,-0.9104,-0.7693,-0.0022,-0.163,0.2119,0.1099,0.5969,0.5215,0.76,1.1935,-0.3383,0.2458,-0.5042,-0.7622,-0.4799,-0.7231,-0.6814,-1.2712,-0.6309,-0.5348,0.317,0.0963,1.2261,0.739,0.0399
"IC41",-1.2913,-0.8774,0.2042,0.3785,0.4792,-0.7454,0.3905,0.8498,0.2287,0.1534,-1.7698,-0.6478,-0.3372,-0.166,-0.2459,-0.4495,-0.8258,1.0911,1.3673,0.3345,0.397,-0.1183,2.41,0.8137,-0.5123,-0.1126,-1.4158,-0.2378,-0.5548,-0.6552,-1.1651,0.6941,1.3136,0.7335,2.1272,1.3929,0.1651,0.3952,0.2076,-1.1037,0.0803,1.0288,0.1906,1.0202,0.7477,-1.6693,-1.0506,-1.101,-1.5113,-0.9234,-0.304,1.3058,-1.0451,-0.7455,-0.55,0.3363,0.9451,0.7099,1.4421,0.8718,0.0942,-0.3273,-0.8418,-1.1254,-1.2129,0.6747,-0.0794,-0.9063,-0.3958,-0.9494,-0.5743,-0.2056,-0.8554,-0.6004,0.6495,-0.747,0.3819,3.9719,2.9238,0.0546,0.4044,0.1457,-1.0149,-1.0684,-0.8751,-0.9811,-0.9927,-0.2062,-0.0621,-0.5396,-1.1538,-1.0829,-0.2222,0.4311,1.9326,1.1875,0.531,0.2062,0.8138,0.28,-0.8018,0.3358,0.4755,0.0946,0.9202,1.1948,-0.8517,-0.8269,0.1999,-1.0979,0.9893,-0.438,0.2425,-0.3735,0.5319,-0.1321,1.2115,1.2359,0.1964,-0.5178,0.1091,0.9295,-0.6729,-0.6803,0.8806,0.2075,-0.806,-0.8314,-0.2095,1.15,0.8573,-0.073,-0.0872,-0.5887,-0.7096,0.4565,0.1362,-0.1289,-1.437,-1.4088,-2.4109,-2.237,-1.4197,-1.0347,0.0793,0.1366,0.1994,-0.1082,-0.3732,-0.0637,0.9593,1.4774,0.5504,0.7765,1.5767,0.7366,-0.6012,-0.6268,1.0349,0.4237,0.0349,-0.2915,0.1783,-0.4555,-0.6499,-0.8057,-0.0572,-0.5992,-0.2426,1.8886,2.9655,3.9463,1.8992,0.3738,0.3682,0.9171,0.0548,-0.9133,0.4326,-0.17,-1.5762,-0.9778,-1.0303,-0.9162,-2.1976,-0.8175,-0.6398,0.4934,0.4479,0.9054,-0.6232,-0.7519,0.2196,-1.2386,-1.0476,-0.5566,0.1993,-0.1291,-1.1747,0.6536,0.8029,1.7155,-0.141,0.4121
"IC42",0.6079,0.472,-1.1384,-0.4086,-0.5369,-0.5447,0.8305,0.1847,0.7754,1.7408,0.4056,0.7693,0.0073,-0.6429,-0.9917,0.811,-0.1451,-0.2891,-0.6484,0.5154,0.2223,0.6082,1.4704,0.4064,1.0183,0.1642,-0.0834,-0.3848,-1.1489,-1.2614,-1.8975,-1.1605,-1.4253,-0.8429,-0.8343,0.3523,-0.4956,-1.0082,-0.2709,-0.6947,0.5784,0.7912,1.1829,2.1402,2.0787,2.3429,1.835,0.4196,0.224,-1.8987,-1.5726,-0.4626,-0.812,-1.0145,-1.2701,-0.4556,-0.3646,-0.5498,-1.9047,-0.3608,-0.8479,-0.8539,1.7865,2.0601,1.7558,1.2183,0.025,-1.6148,0.7061,-0.0787,-0.7409,0.3552,0.5477,1.2123,0.8192,0.2738,0.6562,-1.4576,-2.3956,-1.6194,-0.0684,-0.7087,0.1205,1.3335,0.9287,0.0046,0.5457,0.6038,0.8,1.9244,0.4056,-0.4994,-1.1174,-0.2316,-1.0786,-1.1797,-0.5159,0.5767,0.3005,1.0854,1.2739,-0.1385,0.3745,1.2565,0.111,1.4036,1.5232,1.0137,-0.1356,-0.1732,-1.2788,-1.3176,-1.189,-1.0692,0.0066,-0.3507,-0.9005,-1.617,-0.7535,-1.4483,-0.9625,-0.9139,-0.8,0.5983,-0.0346,-0.2682,-0.1812,0.518,0.0006,0.7008,1.7462,0.7807,0.7402,-0.9251,-0.7133,-0.1601,0.8936,0.682,0.0804,0.4444,-0.6081,-1.3279,-1.9092,1.2195,1.4909,1.3627,1.3903,-1.5945,0.005,-0.116,0.2226,1.1832,0.5544,0.568,0.811,1.4954,1.3943,-0.5592,-0.5579,0.0155,-1.4437,-0.0055,-0.1999,-0.302,0.9766,-0.3053,-0.2802,-0.1106,-0.4609,1.72,0.504,-0.8375,-0.6798,-0.9682,-0.3122,0.7155,0.5644,1.4708,-0.3492,-2.4001,-2.1425,-2.1314,-0.6454,-0.5288,-0.1284,-0.579,-0.4975,0.4476,-0.1559,1.4203,0.5795,0.5748,-0.3794,-0.802,-0.8877,-0.8982,0.7738,0.51,-0.5764,-0.3643,0.9068,1.5741,1.3584,0.9464
"IC43",1.4141,1.3675,0.6971,0.6158,1.3495,1.2461,0.8325,-0.8722,0.0538,0.3283,0.1858,-0.8134,-0.5702,0.6942,0.1188,0.7894,0.2333,-0.2056,-0.4503,0.5274,-0.4228,-0.7072,-0.5131,-0.7185,-1.1124,-0.8436,-0.0117,-1.1676,-1.0868,-0.9139,-0.4247,-0.9371,0.2136,1.0691,-0.2604,1.184,0.2261,-1.0629,-1.8029,-0.2649,-0.7167,-1.2267,-0.4942,-0.3477,0.4701,0.1424,-1.3899,-0.805,-0.3442,-0.6198,-0.8911,-0.1772,0.0647,0.048,-0.7876,-0.372,0.748,0.2169,-0.4344,1.4384,1.243,1.0808,0.1486,0.7927,0.7519,0.3992,1.1421,0.7917,2.7623,1.6904,1.1606,0.7614,2.2736,1.9197,0.5687,1.4605,0.9649,0.1312,-1.3758,-1.1079,-0.926,-0.9715,0.0368,-0.8965,-1.9262,-0.8581,0.4459,-0.6646,-1.2622,-0.8511,-0.3303,0.1667,-0.3755,-0.3323,-1.0633,-0.6464,0.9236,0.7104,-0.5044,-0.3355,0.0419,-1.1415,0.5793,-0.0686,-0.9848,-0.7091,-0.2952,-0.7666,-1.4931,-0.8303,-0.2355,-0.1552,-1.4674,-1.6104,-0.3889,0.4505,0.5576,-0.2517,-0.3546,-0.1575,1.3949,0.3338,0.4966,1.0374,0.3671,1.0518,1.2593,1.4364,2.3066,2.2456,0.8886,0.9578,1.2361,1.0591,0.1189,-0.5086,-1.1327,-0.8278,-0.776,-0.8297,-1.8428,-1.8604,-0.9887,0.3763,-1.0037,0.0442,-0.1674,-0.4541,0.9839,0.7983,1.0301,0.5972,1.2352,1.5808,0.42,1.9318,1.2828,-0.175,-1.02,0.0948,0.2962,1.0385,-0.3184,-0.6078,0.2584,0.5641,-0.5426,0.0346,-0.2883,0.9663,-0.6537,-2.3775,-2.1769,-2.7082,-1.3608,-0.7974,-0.8344,-0.7383,-2.318,-1.3551,-1.6838,-1.7036,-0.6443,-0.1076,0.6413,-0.1833,-0.1424,1.0834,1.5886,0.9231,1.1466,0.7893,-0.4003,0.9874,0.4453,-0.3681,0.4013,0.8681,0.3589,0.0668,1.5213,2.2446,0.5855,-0.6011
"IC44",-1.4285,-0.6838,-0.2629,1.141,0.3248,-0.3346,-0.6418,-1.1323,0.1562,-0.5352,-0.0511,0.0029,0.1231,0.7833,0.8348,1.588,0.3093,-0.2811,0.2237,0.4379,0.0088,-0.7183,-0.6226,0.1456,0.1627,-0.2009,0.5588,-0.2865,-0.1828,-0.2143,0.9902,0.8508,1.2511,2.0663,0.6141,0.5218,0.7141,-0.2203,0.3258,0.1755,-0.5431,-0.5443,-0.7937,-1.0183,-1.6016,-0.7015,-1.3797,-1.4389,-0.3366,-0.3011,0.3462,0.9561,0.585,-0.3071,-0.3469,0.1479,-0.7462,-0.276,-0.0595,0.7596,-0.178,-0.2824,-0.7422,-1.268,-0.8017,-0.3591,0.1123,0.6935,1.0867,0.434,-0.1566,0.0974,-0.6003,-0.7803,-0.7993,-0.1898,-0.8634,3.2943,5.1982,1.9045,1.5064,0.9973,-0.489,-0.8884,-0.9869,-0.8112,-1.3274,-1.6578,-1.9,-1.63,-1.6287,-0.228,-0.1664,2.3312,2.6037,2.352,1.537,1.048,0.1728,-1.2633,-0.8276,-0.1688,-1.0675,-1.0318,-1.627,-0.7421,-1.1193,-0.5703,-0.5565,-0.6161,-0.2536,-0.1219,-0.4038,0.1586,0.438,0.7413,0.857,1.3611,2.2029,0.8815,0.7704,-0.0928,-0.2815,0.1056,1.0667,1.5138,0.3147,0.1753,-0.1542,-0.1794,0.0823,-0.1206,-0.5596,-0.9285,-0.5712,-0.9856,-1.0964,-0.4804,-0.0678,-0.6238,-1.5269,-1.3486,-1.3436,-1.0926,-0.4764,-0.2459,-0.2811,0.5081,0.6078,-0.1472,0.291,0.7075,0.8037,0.3228,0.0756,0.2306,0.3564,0.0189,1.099,0.2583,-0.0668,0.6853,1.0932,1.2932,0.3231,0.5123,1.0206,-0.3564,-0.8713,-1.2323,0.4474,3.0174,1.5738,1.1768,-0.2826,0.256,-0.7959,-1.0195,-1.0568,-0.8814,-1.0972,-1.3797,-0.5105,-0.2555,0.6159,0.6698,1.0816,-0.1762,0.1341,-0.2793,-0.9325,-0.4683,-0.8241,-1.6637,-1.4699,-0.8143,0.0224,-0.7046,0.7601,0.177,0.6993,1.0759,1.0431,0.9371
"IC45",0.2893,1.1234,0.879,0.3314,0.7471,-0.2973,-0.7628,-0.1462,0.3973,0.702,-0.1208,0.2761,0.7115,0.9086,0.7387,1.3633,0.1249,-0.1884,0.0842,-0.2353,0.5923,-0.2347,-0.8428,-0.2885,0.6703,0.1279,-0.8293,-0.8509,-0.6365,-0.1277,-1.165,-1.4036,-0.9372,0.2149,0.921,-0.4592,-0.1765,-0.3402,-0.1862,-1.0461,-1.0422,-0.7999,-1.0921,-0.283,0.3881,-0.047,-0.0624,-0.297,-0.2091,-0.2082,-0.4512,-0.2086,-0.1035,0.3695,-0.629,-0.6285,-0.6503,-0.7283,0.3148,1.0676,0.8133,0.0772,-0.406,-0.6147,-0.1808,0.4186,0.8882,0.9868,1.3458,1.24,0.4184,0.8853,0.4612,0.9198,1.7594,1.1489,0.6088,-0.3962,-1.045,-0.1318,-0.0259,-0.2314,-0.084,-0.3117,-1.0252,-0.8909,-0.9568,0.3028,-0.025,-0.1177,-0.4302,0.0721,0.3938,0.9481,0.0684,-0.0262,0.0479,0.6144,0.705,0.8822,0.9702,0.652,-0.7638,-0.4682,-0.1803,-0.6668,-0.6631,-0.8916,-0.0471,0.353,-0.3967,-0.6975,0.1331,0.5827,0.7835,-0.0382,-0.1,-0.6794,-0.8992,-1.8179,-1.5806,-1.2174,-1.1442,0.5334,0.0273,-0.5942,-0.5514,-0.5334,0.5751,1.6824,1.5341,0.933,0.5567,-0.0591,-0.412,-0.2975,-1.4348,-0.6964,-0.9639,-1.0097,-0.5415,-1.3391,-1.5021,-0.5407,0.5063,0.995,1.4441,0.4252,0.0689,0.6723,0.8755,1.3725,1.7186,1.169,1.7456,1.6174,1.8405,1.7063,1.7593,1.1133,0.3097,0.5914,1.2629,0.774,1.8448,1.3747,0.5001,0.46,0.1227,0.5595,-0.7536,-1.5848,-1.5911,-1.8672,-2.3346,-2.5643,-2.6976,-3.3466,-1.8956,-2.1766,-1.3606,-2.0586,-1.368,-1.762,-2.2302,-1.3223,-1.1856,-0.2479,0.6508,0.6745,0.9719,0.8745,0.7472,0.1137,0.4041,0.0468,1.0172,0.8182,0.4251,0.4482,1.7378,1.9077,1.9594,2.3973
"IC46",0.0932,-0.1051,0.7222,0.7135,0.4429,0.0232,0.8814,-0.0136,-0.2226,0.2618,0.9011,1.2674,0.9443,0.4084,-0.7028,-0.6695,-1.8916,-0.7957,-0.0704,-0.002,-0.142,-1.1935,-1.4888,-0.045,0.8278,0.558,0.3302,-0.051,-1.3641,-1.6247,-0.9545,0.0535,0.6687,0.8861,0.3062,0.5718,0.4531,-0.2715,0.0374,-0.8712,-0.1029,0.2467,-0.185,0.9301,0.8229,0.1303,0.0333,-0.4822,-1.1317,-1.256,-0.9581,-0.0872,0.1644,0.5728,-0.3454,0.6386,0.9145,1.0595,0.0367,0.5346,-0.7548,-0.8073,-0.7347,-0.6484,0.2285,-0.2421,0.087,-0.0016,0.471,0.3213,0.3295,-0.2413,-0.4583,0.0569,-0.2096,-0.0331,0.7873,2.5222,2.6819,1.6492,1.7196,1.3378,0.7573,-0.5787,-1.0427,-1.3996,-2.1357,-1.5192,-1.544,-0.8945,-1.2632,-0.6976,-0.1711,1.404,0.1886,0.315,1.356,2.4898,1.6882,0.9263,0.1147,-2.0627,-2.2205,-0.6179,-1.2631,-1.186,-1.2075,-1.0632,-1.3953,-1.2662,-1.11,-0.583,-0.2614,-0.6903,0.1653,1.3004,2.8877,1.6795,0.2969,-0.2776,0.701,0.24,-0.1234,0.5862,0.4167,0.9523,-0.268,-0.7928,0.7685,0.9207,0.009,0.2635,0.8932,0.9754,0.5791,0.4181,0.0842,0.7549,-0.4909,-1.0968,-2.1383,-2.0438,-1.2331,-1.0873,-0.4574,0.4688,-0.6187,0.2798,1.4096,-0.0478,0.9968,1.3103,1.6878,2.1724,1.6922,1.5753,0.7817,-0.7041,-1.536,-2.3437,-1.2836,-0.5059,-0.341,-1.4926,-0.2401,0.4458,-0.6845,-0.8256,-0.4826,-0.0813,1.482,1.6404,-0.3792,-0.2128,-0.1006,0.3434,1.1169,0.9616,-0.9479,-1.847,-1.9542,-1.4763,-0.4025,-1.2589,-1.2787,-0.4561,-0.3524,0.463,0.9443,0.7594,0.532,1.406,0.8073,0.5528,1.0267,0.3544,0.3349,-0.5,-0.2434,-0.5372,0.0131,0.3138,0.6007,0.2426
"IC47",-1.1919,-1.0464,0.0612,-0.6857,0.0898,1.1972,1.963,1.2357,0.9448,-0.1053,-0.7096,0.1572,0.7038,0.2964,0.0283,-0.0236,0.4969,0.4934,-0.1329,-0.1501,-0.3668,-1.8016,-1.3889,0.9597,-0.1184,0.1353,-0.5497,-0.3766,0.0284,-0.1106,-0.1152,-1.1003,-0.8862,0.2428,0.5256,-0.1062,0.1301,0.7514,0.0034,0.1262,0.5928,0.0859,0.132,-0.054,0.4032,-0.272,-0.4379,-0.4032,-0.6555,0.1271,-0.7986,-1.1055,-1.1339,0.3217,0.0717,0.1504,0.8638,1.0902,0.8748,-0.4735,-0.3493,0.4706,-0.2,0.3666,0.2594,-0.2529,-1.1431,-0.1365,0.93,0.4827,0.8509,1.0387,1.8501,1.0366,-1.6549,-1.5151,-2.6275,-0.1788,1.193,-0.0391,0.5347,0.5469,0.494,0.4604,0.1375,-0.1536,-0.0614,1.1563,0.5251,-0.1759,-0.1786,-0.3795,-0.1442,-1.8219,0.84,0.132,-0.285,0.7319,2.0132,0.6002,-1.002,-0.5831,-0.3588,-0.6588,0.873,1.6677,0.3039,0.2804,-0.8539,-4.1429,-1.519,-1.5745,-0.5185,-0.4483,-0.6502,-0.6459,0.2921,1.344,0.041,-1.2632,-1.8617,-0.1922,-0.4324,0.5019,1.9703,0.317,-0.4558,0.0191,1.6989,2.3788,0.1394,0.173,0.4276,-0.0098,-0.6975,0.4683,0.8027,2.2702,1.5611,1.3066,0.0877,0.0819,-0.1105,-0.4052,-1.4151,0.0544,-0.2257,-1.3786,-1.3676,0.1896,0.922,0.6075,0.8391,1.0193,0.7193,0.4784,-0.866,-0.6575,-0.0771,-1.2839,-2.3277,-0.4711,1.1486,0.5908,0.0781,-0.2256,-0.9001,-0.9533,-0.808,-1.2845,-1.607,0.7656,-1.2157,-1.2058,0.0534,1.5813,2.4474,1.9191,0.5592,-1.425,-2.3539,-0.6613,-0.3058,0.6185,-0.8592,0.614,0.1086,0.7393,2.5054,2.4205,1.4748,-0.2311,-1.5275,-1.9355,-0.7883,0.2356,0.8516,0.5754,-0.6447,0.6824,0.3965,0.0946,-1.3954,0.1469
"IC48",-1.1745,-1.1451,-0.9871,-0.8099,0.5428,0.4361,0.4354,-0.5398,-0.1712,-0.1356,0.4233,0.4123,0.4822,1.0953,0.0392,0.4591,-0.0731,-0.5622,0.0606,0.4556,0.2096,0.1781,0.5465,0.9217,1.2476,0.7612,0.0724,-1.3249,-2.3384,-0.9168,-1.0802,-0.8871,0.2132,0.4425,0.2822,1.6254,1.9639,0.2493,-0.1618,0.6495,-0.1022,-0.3731,0.2737,0.2688,1.0263,-0.1877,0.5051,-0.3933,-1.9364,-2.1027,-0.3791,-0.0205,-0.201,0.4505,0.0151,0.0984,0.2654,-0.4411,-0.1135,1.1488,1.0272,0.4127,0.6648,1.5324,1.1771,0.5319,0.1631,-0.3232,0.6784,0.2663,-0.749,-0.8597,-0.0752,0.0931,-1.5683,-0.9414,-1.2776,-2.776,-3.2363,-3.1221,-0.5158,-0.0869,0.668,1.5044,-0.1944,0.4025,1.7784,1.79,0.4122,1.2373,1.145,-0.3478,-0.7925,-0.8461,-0.4623,0.4366,0.3443,0.4142,-0.1391,0.4595,0.1833,-0.2881,1.8896,2.1316,1.424,1.5349,1.6245,1.0042,0.6577,-1.1211,-1.2908,-0.8205,-0.2111,-1.3591,-0.3864,0.2891,0.0382,-1.2959,-2.0318,-1.4404,0.6089,-0.5059,-0.8058,-0.3241,-1.8821,-1.6543,-0.7025,0.8307,2.3682,2.0081,2.412,2.0401,0.1595,-0.9269,-1.1808,-0.7317,-0.6036,0.7164,-0.1255,-0.8017,-1.4583,-1.3785,-0.179,1.0203,1.1241,1.0806,-0.8829,-1.7477,0.2109,0.4778,0.0303,0.4145,-0.7171,0.7215,0.7897,0.5078,0.4724,-0.4482,-0.3915,0.351,0.1286,0.8101,0.0881,-0.5718,-0.6364,-1.4947,-0.7359,-0.1318,-0.7298,0.2647,1.3266,1.5684,-1.0961,-0.8467,0.9421,1.4606,1.8335,1.6288,-0.0247,-0.9119,-0.579,0.2282,0.0427,-0.1863,-0.4961,0.274,-1.0972,-0.2758,0.1498,0.7492,0.8834,0.8718,0.1353,-0.0159,0.8095,-0.6634,-1.0432,-1.0773,-0.8097,-0.5485,0.1302,0.0616,-0.0491,-0.3187
"IC49",-1.2835,-0.4967,0.4362,-0.2905,0.0036,-0.5403,0.0034,0.5593,-0.0811,-0.0372,-0.3855,0.0898,-0.1737,0.6573,0.0306,-0.5596,-1.4571,-0.3089,-0.0708,-0.3515,0.0946,0.0127,0.3082,-0.3621,0.1757,-0.4102,-0.2689,0.1545,-0.1613,0.9505,-0.016,0.5559,0.4289,0.4867,0.8535,0.0427,-0.3391,0.5228,0.8171,0.3363,0.852,0.2468,-0.3074,-0.0508,0.0562,-1.0997,-0.305,-0.0974,0.0973,-0.2054,0.5173,0.5008,0.1205,1.703,1.0612,0.5814,0.1213,-0.0065,0.2953,0.435,0.8172,-0.1408,-0.0213,-0.0644,-0.5655,0.0858,0.4097,0.4879,-0.0724,-1.2503,-1.231,-0.7018,-1.1041,-0.6977,-0.2784,-1.1348,-1.096,0.8435,-0.3181,0.1858,0.961,0.3318,0.9569,0.8505,0.0908,0.0632,-0.0598,-0.3498,-0.9439,-0.8214,-0.497,-0.2506,-0.4625,-0.7268,0.7771,0.9127,0.475,0.1524,-1.4359,-1.9569,-2.0269,-1.6291,-1.2036,-1.117,-1.1239,-0.7568,-0.4952,0.4022,0.5108,-0.1247,1.1993,0.877,1.2891,0.827,1.6067,1.0011,1.5588,1.4704,1.4184,1.7329,2.5674,2.6018,1.2864,1.3067,1.3675,1.581,2.1035,2.0001,0.6126,-0.8401,-2.0206,-2.706,-2.3869,-2.4895,-2.091,-1.1503,-0.4393,0.28,-0.7779,-1.0776,-0.3794,-0.0949,-0.2741,-0.3852,-0.101,-0.6783,-0.0417,-0.8739,-0.8863,0.0018,-0.8114,0.2287,-0.1818,0.0705,-0.3108,-1.8262,-1.8159,-1.3103,-0.6229,-0.1358,0.6443,0.3854,0.3878,-0.5336,-0.4898,-0.7506,0.8508,0.5281,-0.7051,-1.5046,0.6369,1.495,0.8292,2.161,2.0145,1.1351,0.1374,0.0238,1.0526,0.2407,0.604,1.2977,0.785,0.9172,0.9323,2.0354,1.5575,2.2817,1.8919,1.4855,-0.0669,-0.8486,-1.4335,-1.7117,-0.4954,-0.9877,-1.5641,-0.8856,-0.5936,-0.2195,-1.3014,-1.6457,-1.103,-0.8478
"IC50",0.7705,0.7873,-0.4697,-0.4197,-1.0928,-0.1958,0.687,0.7203,1.0306,1.3324,0.6328,-0.0865,-0.845,-0.0379,-0.2649,-0.3383,0.5324,-0.8705,-1.7788,-0.8809,-0.8725,-0.5482,0.8521,0.6554,-0.3912,-1.169,-1.1888,-0.7904,-0.3018,0.343,0.3391,-0.3985,-1.0166,-0.8619,-1.4557,-0.3652,0.2896,0.8135,0.0109,0.6995,1.1859,1.2996,2.1518,1.9487,1.8739,3.2135,1.7732,0.5861,0.6529,-0.1139,-0.9872,-0.1256,-0.2475,-2.4186,-2.0359,-1.6244,-0.7255,-0.9924,-2.499,-1.503,-0.0505,0.7534,1.2896,1.5369,1.5965,0.659,0.6143,-0.0903,0.2765,-0.1927,-0.3697,-0.7878,0.4569,0.5542,1.809,0.7361,-0.609,-1.695,-0.8776,0.1434,-0.5115,-1.6874,0.0666,0.639,0.8025,0.1412,0.5425,0.7094,1.0237,0.7598,0.2201,-0.4631,-1.3636,-0.8258,-0.6791,-1.0028,-1.3415,-0.418,-0.2864,-0.3341,-0.3981,-1.3239,-0.9488,-0.4636,0.1557,0.7095,1.7894,1.5806,-0.4508,-0.7755,-0.8361,0.5704,0.2123,-0.2079,0.3255,0.0112,-0.4397,-0.0091,-0.4312,0.178,-0.1571,0.6027,1.4381,1.9759,1.581,2.9063,2.5093,2.0955,1.6265,0.5801,-0.5461,-1.0473,-0.6923,-1.9217,-2.1964,-2.6353,-1.4503,-1.4649,-0.7463,-0.35,-0.0073,-0.316,0.3856,1.5294,0.7711,0.1099,0.8006,0.3457,-0.6839,-0.1563,0.2606,-0.4289,0.4778,-0.239,-0.9565,0.0346,0.1498,-0.3675,-0.7635,-0.1202,-0.6173,-0.9461,-0.6562,-0.4973,-0.3065,-0.7577,-0.9696,0.3396,0.5606,0.9793,-0.2856,-0.3332,-0.2819,-0.5486,0.3634,0.522,0.08,1.0881,0.2104,0.3749,1.2462,-0.0083,0.2688,1.193,1.4848,0.6536,0.3206,0.8557,0.3787,0.4123,1.26,-0.0559,-1.7223,-0.543,-0.2122,-0.1352,0.5758,0.1438,-0.9617,-1.3032,-0.776,0.3553,0.0284,-0.972
"IC51",-0.258,0.3,-0.733,1.0244,0.7508,-0.686,-0.3023,0.3087,0.2618,0.7791,0.6154,1.335,1.2752,1.4255,0.6883,0.2488,-1.0251,-1.1639,-0.6609,-0.0952,-0.6201,-1.0125,-0.8767,-0.5162,1.7913,0.6826,0.0478,-1.3409,-1.1651,-0.8145,-0.6473,-0.5013,-0.9501,0.2927,-0.0021,-0.2766,-0.8221,-1.068,0.1858,-0.9276,-0.3268,-0.39,-0.9903,-0.3341,-0.5821,1.3376,0.6041,-0.1831,0.333,-0.035,1.8046,-0.3097,0.2825,0.347,1.2665,1.3701,0.8133,1.6536,1.1396,1.0786,0.644,-0.2386,0.4133,-0.5581,-0.267,-0.7124,0.2752,-0.6729,0.1907,-0.0665,-1.7126,-0.3129,-1.0843,-0.9446,-0.3946,0.3856,0.5529,-0.8406,-0.6094,0.2285,1.1038,0.7974,1.2632,0.3767,0.205,-1.2047,-0.6212,-0.0939,0.5432,0.5005,-0.1667,1.0605,-0.3743,-0.0209,0.103,0.4555,0.614,0.8219,-1.1032,-2.191,-1.7492,-1.6453,-1.7709,-0.0784,-1.0395,-0.1992,-0.7788,-0.0166,-0.1676,0.3946,-0.0725,0.968,0.9206,1.84,0.9129,0.2657,0.3398,-0.7021,-0.2187,0.046,-0.1325,0.8542,1.4762,2.4746,0.6271,0.3054,1.1602,2.4673,2.3392,0.9358,0.3446,-1.1832,-1.2446,-2.0956,-1.2583,-1.9608,-1.5959,-0.7933,-0.5546,-1.2913,-2.2783,-2.3253,-1.6964,0.2294,0.4377,-0.5479,-0.5525,-1.3438,1.0293,0.7026,0.2966,2.0204,1.9433,1.912,2.6373,1.5451,1.1681,-0.1826,0.9958,-0.6353,-0.4603,0.3726,-0.0235,0.204,1.485,-0.8412,0.0831,0.8264,0.7056,-0.9147,-1.9802,0.6795,-0.3798,-0.4582,-0.625,-0.4997,-1.8722,-1.1545,-1.0006,-1.3481,-0.4803,-1.6823,-0.2521,-1.0487,-0.621,-0.4983,0.1487,0.5256,-0.2759,1.2521,1.1339,0.5374,0.7945,1.0684,0.7124,0.6904,1.6497,-0.3026,0.0745,-0.1892,1.2789,-0.1935,-0.8251,-0.5465
"IC54",0.4216,0.1705,-0.6,-0.7459,-0.535,0.1042,0.4469,0.6826,0.5628,-0.0031,-0.0895,0.0993,0.3199,-1.1345,-1.3724,-1.0604,-0.5914,-0.4316,-0.3173,-0.3538,-0.586,0.305,0.2809,-0.775,-0.7819,-0.1518,-0.372,0.5447,1.3436,0.623,0.1295,0.7873,-0.03,-0.1976,0.6224,-0.3854,-0.4446,0.0566,0.2401,0.363,0.399,0.2837,0.1798,-0.0163,0.1926,0.5053,0.9596,0.3835,0.4021,0.4797,0.7114,0.417,0.1455,0.0976,1.1812,1.6204,0.6628,-0.0876,0.2176,-0.0981,0.2178,0.9715,1.1056,0.309,0.2799,0.2247,-0.8948,-0.7793,-1.2405,-1.5974,-1.6983,-0.9511,-1.1561,-0.7041,-0.1162,-0.1388,-0.083,-0.7706,-0.5485,-1.2305,-1.1491,-0.7483,-0.5956,-0.0452,0.7395,0.9839,1.2011,0.6936,0.6731,0.516,1.2653,1.6542,1.0211,-0.2246,-0.4034,-1.802,-1.5509,-0.9512,-0.9801,-1.4934,-1.4873,-0.669,-0.7628,-0.396,0.182,0.5871,-0.0939,-0.5438,-0.437,-0.2649,0.4316,1.7552,1.0536,0.8012,0.6212,0.6586,-0.1121,-0.3006,1.4364,1.7605,1.0204,1.2406,2.0597,1.5138,1.3596,1.6647,2.0677,1.6831,0.4111,-0.134,-0.4327,-0.7102,-1.1851,-1.8878,-1.3625,-0.7883,-1.1296,-1.5893,-1.1595,-0.575,0.0381,0.5444,0.0648,-0.8599,-0.6446,-0.3326,0.176,0.3461,-0.3979,-0.679,-1.3189,-1.1689,-1.1288,-0.9466,-0.601,-0.5932,-0.6195,-0.6528,0.5234,0.5296,-0.5514,-0.8653,0.4694,0.834,-0.5767,-0.4805,0.7217,0.7633,-0.4058,-0.6023,0.5113,-0.2083,-0.8606,-0.2939,-0.1553,-0.0309,-0.4042,0.1187,0.6799,1.3402,1.8612,1.8932,1.4862,1.8791,2.4143,3.005,3.4436,2.9266,1.6679,-0.4482,-1.7242,-2.0155,-1.881,-0.893,-0.1116,0.5366,-0.2962,-0.9493,0.302,-0.3617,-1.549,-1.4438,-1.8347,-2.2615
"IC56",-1.0128,-0.5929,0.0777,0.327,-0.2208,-0.0208,-0.1737,-0.7322,-0.0655,0.0603,0.3151,-0.2546,-0.5662,-0.1376,-0.5547,0.1971,-0.6517,-1.3541,-0.1565,-0.6543,-0.6024,-0.7173,1.0771,1.018,0.0904,0.289,-0.1451,0.874,0.4025,-0.0419,0.5343,1.0638,1.331,1.4009,0.976,-0.5827,1.2295,0.3854,1.0312,-0.0112,-0.8818,-0.3234,-0.609,-0.0358,-0.9322,-0.4114,0.2323,-0.3691,0.0399,0.2206,0.1309,1.8185,1.5004,1.0446,0.3667,0.9403,0.0051,1.4342,0.9874,0.3875,0.0305,-0.5134,-1.0393,-1.376,-0.022,-1.0431,-1.6064,-1.1337,-2.1919,-1.3575,-1.7413,-1.2285,-2.262,-2.0601,-1.3666,-1.2274,-0.8656,3.9237,3.2826,0.6499,0.8108,0.679,0.3576,0.7672,0.2803,-0.0796,-0.4119,0.3374,-0.5725,-0.7508,-0.7157,0.4933,0.0158,2.5342,1.2156,0.2541,0.6953,0.7908,0.4508,-0.1161,0.0923,0.2321,-1.7359,0.1647,0.0835,0.2611,-0.6627,-0.9279,-0.6332,-0.2037,-0.8921,-0.1154,-0.4281,-0.4376,-0.4382,0.4982,1.1387,0.5719,0.8572,0.4293,-0.1748,-0.0341,0.7009,0.7686,-0.3088,0.8547,-0.3599,-0.8973,0.2101,-0.4361,0.3797,-0.3084,-0.3615,0.9364,0.1399,0.0089,1.126,1.1194,0.718,0.3481,-0.2635,-0.9976,-0.0242,-0.8041,-0.3943,-1.1999,-1.2348,0.5478,-0.5507,-0.394,-0.5162,-0.018,0.7773,0.442,-0.2426,-0.9676,-0.1234,-0.8167,-0.3146,-1.2256,-0.917,-1.4846,-0.0972,-1.2624,-1.1669,-0.7129,-1.2466,-1.9436,-1.5575,0.228,2.6615,3.2234,1.4784,2.3396,1.7785,2.2915,1.3894,1.1831,1.5007,0.549,0.4224,0.4519,0.4649,-0.6651,-0.4592,-0.2498,-0.3514,0.0919,0.0523,0.5325,0.6812,0.4347,0.9655,-0.722,0.4946,0.3142,0.6213,-1.6803,0.2262,-0.7898,-0.7964,-2.1798,-1.5298,-1.3924
"IC58",0.5746,0.7454,0.3182,0.7316,-0.1253,-0.3192,0.6394,-0.5907,0.0239,0.1712,0.4606,0.0136,0.0983,0.1046,0.5416,0.3583,-0.2425,-0.0755,-0.5046,0.0474,0.1308,0.3594,-0.4133,-0.8803,-0.0972,-0.6348,-0.1817,-0.3014,-1.0964,-1.2986,-0.2812,0.4366,-0.7161,0.312,0.3842,0.8561,0.4069,-0.311,-0.5727,-0.5185,0.6894,-0.0678,0.3187,1.8038,0.8621,2.2233,2.0434,-0.2614,-0.2391,-0.3282,-0.5213,-1.846,-2.2352,-2.2146,-2.3401,-1.27,-1.4457,0.3828,-0.1069,0.3761,0.1914,0.3552,0.1324,-0.479,0.6435,0.7708,0.2286,0.4068,0.4646,0.6394,0.553,0.688,0.8997,2.4627,-0.5079,-1.3143,0.702,-1.0117,0.3533,0.0602,0.7968,1.0676,0.6351,0.0379,-0.8045,-1.2223,-0.5388,0.5002,0.3574,0.2824,-0.7804,-0.6769,0.1528,-0.1764,-0.5563,0.1841,0.2861,0.0283,0.1295,-0.0438,0.262,0.5344,-0.0089,1.0574,0.7916,1.7272,1.6043,1.5064,0.5722,-0.4222,-1.1511,-0.347,-0.8809,-1.5984,-1.9346,-0.7926,-0.5129,-1.6622,-0.9025,-1.2765,-2.0659,-1.9851,-1.5648,-1.0841,0.0738,-0.5129,-1.2894,0.3969,2.2734,2.7293,2.2419,1.3553,1.4965,0.7008,0.5783,0.5989,0.4427,0.0653,0.9304,0.9683,-0.748,-0.5213,-1.7868,-0.1456,1.0678,0.1244,-0.196,-0.915,-0.4374,-0.5723,0.3307,0.5114,0.5452,1.161,0.3589,1.2326,1.3682,0.5541,0.1534,0.0181,-1.9851,-0.9939,0.0436,-0.7724,-1.0906,-0.1899,-0.5993,-0.1783,0.5697,1.0088,-1.1906,0.2554,-0.2907,1.1904,0.656,1.2007,0.6707,1.1478,0.3941,-0.1737,-0.3016,-0.7337,-0.8077,-1.0906,-0.7588,-2.0643,-2.4521,-2.5329,-0.7325,0.5498,0.3634,1.1592,-0.0894,-1.0574,-1.3588,-0.2408,0.1947,-0.8198,0.0818,0.0921,0.4726,1.9486,2.9601,2.2518
"IC60",0.1771,-0.2389,0.0737,-0.0147,0.0368,-0.4387,-0.6623,0.9138,0.5452,-0.6229,-1.2929,-0.9446,0.6897,0.8436,0.3865,-0.1901,-0.0163,-0.0394,0.0721,-0.1592,-0.0782,-0.0377,-0.0023,-0.612,-0.9952,-0.57,-0.7508,0.0441,0.375,-0.1967,0.0487,0.0063,0.5039,-0.2977,0.2734,0.4121,0.0242,0.5638,0.5064,0.2659,0.2529,0.5419,-0.1358,-0.602,0.3667,0.0491,0.0602,0.2065,-0.4792,0.6852,1.2451,-0.0452,-0.8842,-0.4254,0.1609,0.6422,0.8095,0.2706,0.4256,-0.2015,-0.3522,0.4909,0.9257,0.8093,0.1988,0.6747,-0.2088,0.1797,0.224,-0.2508,-0.8022,-0.676,-0.0384,0.1092,0.7819,-0.1815,-0.7208,-0.1687,0.6129,0.2855,-0.4779,-0.5364,-1.5251,-0.6479,-0.1093,0.8314,0.0613,-0.8063,-0.9302,-1.0964,-0.2437,0.375,1.6091,0.564,1.0744,-0.1411,-0.7376,-0.9232,0.1426,-0.7643,-1.7342,-1.1415,-1.0555,-1.8273,-0.8903,-0.9454,-1.1661,-0.7897,0.3262,-1.184,0.3598,1.1566,1.0585,0.2767,0.5697,0.5359,0.0104,0.9004,1.8578,2.1534,1.8183,2.3059,1.8748,0.9773,2.1999,1.9858,2.676,2.0337,0.588,0.4717,-0.0955,-0.5224,-1.6214,-1.7148,-1.9593,-1.0366,-1.3937,-1.5154,-1.0959,-0.5177,-0.3192,-0.2145,0.258,-0.5052,-0.7093,-0.7214,-0.2578,0.9634,0.5416,-0.2573,-0.9815,-1.4528,-2.1049,-2.2335,-1.1113,-0.4264,-0.5035,0.1254,0.6352,0.0132,0.2328,-0.1793,-0.1449,0.2191,-1.4132,-0.3159,1.5575,1.4549,1.0377,0.1628,-0.4067,0.682,0.3951,-0.2509,-0.9926,-1.3821,-0.6248,-0.6009,0.1907,0.8391,0.6183,1.6994,0.8416,1.5142,1.6928,3.0283,3.811,2.658,2.4682,0.7173,-1.2431,-1.7477,-1.5345,-1.1244,-0.8151,-0.1673,-0.9841,-0.7808,-0.4767,-0.2098,-0.7453,-0.681,-1.659,-1.1655
"IC62",0.4295,0.2632,-0.3472,-0.2578,-0.2152,0.3928,1.1522,0.6203,0.3073,-0.25,-0.3923,-0.4416,-0.5072,-0.0092,-0.2097,0.0115,0.0582,0.5951,-0.2075,0.1567,-0.1538,0.1829,0.8628,0.2391,0.601,0.308,0.2469,-0.635,-0.8838,-0.8081,-1.3084,-1.606,-1.667,-0.455,-0.4409,1.0183,1.5601,1.1356,-0.2847,-0.232,0.6693,0.3064,1.4496,1.6808,1.87,2.2372,1.5755,0.8104,-0.3014,-1.4039,-1.9214,-2.0721,-1.8097,-1.1376,-1.319,-1.4279,-0.827,-1.3454,-1.6614,-0.8152,-0.7472,0.4651,1.0489,0.66,0.9984,-0.1788,0.6704,0.1243,0.7019,0.4854,0.5184,0.1923,1.2814,1.6084,0.7687,0.1488,-1.0501,-1.5184,-1.1286,-1.0809,-0.1581,-0.6187,-0.0055,0.1485,0.0708,0.1749,0.4604,0.9171,1.2582,1.247,0.3108,-0.2876,-0.2533,0.0454,-0.3068,0.1918,-0.3069,0.1377,0.4915,1.2279,1.6431,0.5249,1.3875,1.1887,1.4179,2.0707,1.845,0.1816,-1.8174,-1.2862,-0.8963,-0.8932,-1.5948,-1.4487,-0.7813,-0.9176,-0.629,-1.061,-1.2872,-1.9911,-0.9081,-0.991,-1.6136,-1.4042,-1.8629,-2.0097,-1.7556,-0.5926,0.481,1.3946,2.1016,1.9311,1.895,1.3706,0.7491,-0.1408,0.1863,0.7461,-0.4136,-0.9606,-0.6984,0.1076,0.5181,2.0625,1.4269,1.2876,0.9599,0.0445,1.0482,1.1662,1.3717,0.82,0.5674,0.8648,0.2906,0.673,0.9409,-0.0683,-1.4111,-1.8709,-1.4425,-0.9174,-0.9288,-0.911,0.235,-0.3368,-1.372,-1.0383,-0.4609,0.3751,1.0403,1.1117,0.3163,-0.4691,-0.3586,0.2694,0.3985,0.1488,-1.201,-1.5634,-1.1416,-0.7272,0.4651,0.0516,-0.2678,-0.268,0.1989,0.2202,-0.024,-0.4105,-0.291,0.6465,-0.03,0.0215,0.1988,-0.3742,-0.5858,-0.7509,-0.3621,-0.3401,0.432,1.295,1.8525,1.2366
"IC63",-0.4356,0.1591,0.2002,0.5896,0.3919,-0.3653,0.409,0.0485,0.981,1.0681,1.4908,1.4276,0.2014,-0.2309,-0.6581,-0.2155,-0.5961,-0.2159,-0.6225,0.3493,-0.6245,-0.6013,0.2038,-0.3108,0.2775,0.0004,-0.0294,-0.9923,-0.5045,-0.7344,-1.1287,-0.5096,-0.2929,-0.1881,-1.0168,0.4,-0.426,-0.1801,-0.1146,-0.0626,-0.2235,-0.8054,0.2549,0.9296,0.6965,-0.1209,-0.3123,-0.6353,-0.5541,-1.3832,-0.8613,-0.6575,-0.355,0.3002,0.526,0.6609,1.3148,1.0527,0.585,1.1166,0.4696,0.381,-0.0198,0.3822,0.6358,0.3103,-0.0209,-0.7483,0.4622,-0.0399,0.371,0.371,1.0595,0.7307,-0.6241,0.4119,0.767,0.5034,0.7244,0.1528,0.7246,0.4368,0.6976,-0.0592,-1.2474,-1.0515,0.211,0.3054,-0.2026,0.3025,0.2019,0.2551,0.1101,-0.7851,-1.0937,-0.7851,-0.3392,0.4754,-0.3512,-1.0487,-1.2852,-2.0301,-0.7236,-0.7125,-1.3576,-0.3911,-0.6145,-0.9543,-1.7599,-1.9985,-0.547,0.0732,-0.5936,-0.6262,0.6993,1.1667,0.7822,0.322,0.6831,0.3095,2.0778,1.6062,1.6248,1.8326,1.4604,1.5855,2.6147,2.631,1.9486,0.8824,-0.2333,-0.448,-0.3637,-0.7173,-0.9693,-1.5197,-1.6597,-0.6242,-0.8811,-0.8099,-1.5634,-2.1818,-2.343,0.2969,-0.3686,-0.0839,-0.4882,-1.2423,1.0106,0.7256,1.1462,1.4939,1.1931,2.6598,1.7653,2.3162,1.4739,-0.4147,-1.032,-0.7134,-0.2495,0.0796,-0.527,-0.2255,0.1784,-1.1772,-0.9198,-0.7447,-1.0381,-0.7334,-0.2229,1.079,-0.8352,-1.0449,-0.077,-0.5251,-1.2867,-1.1728,-1.8668,-1.7222,-1.766,-2.2007,-1.2365,-0.113,0.6853,1.465,1.4365,1.4314,1.0669,1.4229,1.5385,2.3925,1.5864,1.8473,1.1832,-0.0334,0.1522,0.3021,-0.1961,-0.5608,-0.5585,-0.333,-0.7571,-1.5601
"IC64",0.4129,-0.0055,-0.2011,-0.3679,0.1791,-0.8319,-0.6036,-0.3735,-0.3728,0.2566,-0.0574,0.046,-0.2264,-0.0556,0.4276,0.7714,-0.2447,-0.1914,-0.077,-0.7657,-0.2296,-0.373,1.8844,0.3054,0.1468,0.713,-0.16,-0.0979,-0.5671,-0.2773,-0.7651,0.0492,-0.361,-0.5109,1.3911,0.5192,-0.0356,-0.5245,0.0049,-0.8037,-0.2521,0.8163,0.2441,0.6839,0.1294,0.2856,1.5465,0.4852,0.544,0.4562,0.5664,1.1955,-0.2407,-0.0809,-1.2619,-0.8531,-0.9367,-0.8374,-0.3375,-0.5567,-0.0751,-0.966,-0.3207,-0.5,-0.6102,1.4383,0.7989,-0.1044,0.0908,0.6491,-0.1185,-0.2398,-1.2339,-0.7901,0.2969,-0.2501,1.0386,1.4823,2.4757,0.7216,0.4856,0.5415,-0.3349,-0.7484,-0.7531,-1.462,-1.3706,-0.5631,-0.6688,0.2584,-0.4367,-0.9558,0.4612,1.7641,1.7325,0.4949,0.1033,0.2172,0.474,0.1719,-0.6981,0.1629,-1.3721,-0.4058,-0.5794,-0.7578,-0.6565,-0.6772,0.8463,0.4158,-0.5915,-0.9184,0.3217,-0.144,-0.4056,-1.2023,0.0175,-0.832,-0.3945,0.7548,-0.5316,0.2697,-0.1302,-0.5252,-0.2236,0.7337,-0.7524,-0.8535,0.1534,2.783,3.4871,2.3322,2.0146,1.3381,0.9441,1.7821,1.5025,-0.1454,-0.5391,0.1454,0.1721,-1.0778,-1.7345,-1.721,-0.1557,0.0121,0.4051,-1.1496,-1.6508,-0.1032,-0.3157,0.2038,-0.1458,-0.6339,-0.1494,-1.0975,-0.8947,-1.0164,-0.979,-0.2784,-1.0684,-1.6345,-0.8794,-0.6396,-0.148,-1.4446,-1.9746,-1.3726,-1.0867,1.3442,2.7019,1.6546,1.9265,2.0311,2.0269,1.8071,-0.0357,0.0143,1.296,0.1444,0.5067,0.6008,0.7641,-0.2864,-1.0993,-1.1661,-1.646,-0.4895,-0.0258,3.2796,2.2922,1.0413,2.29,0.5188,-0.4067,-0.857,0.0572,-0.7063,-1.8369,-1.0593,-1.325,-1.3972,-0.7199,-0.1694
"IC65",0.2694,-0.1814,0.346,0.8226,0.1324,0.5454,0.0866,1.7104,0.3245,0.4485,-0.3347,-0.7845,0.5796,-0.3677,0.293,-0.9627,-0.148,-0.4794,-0.1241,0.4987,-0.2311,0.0281,-0.742,-0.6735,0.0522,-0.6135,-0.5005,0.5174,0.8593,-0.0428,-1.0973,-0.0655,-1.3291,-1.4483,-0.543,-0.591,-1.5429,-0.517,0.2257,0.9674,0.6883,0.3625,0.5005,-0.3925,0.3375,0.1579,0.3307,0.2978,0.0309,0.5043,0.6412,-0.6025,-0.8343,-0.9559,0.1916,-0.4982,0.8983,-0.4168,0.1516,-0.2264,-0.1183,0.833,2.6012,2.0379,0.547,1.47,0.0305,0.1548,-0.3879,-0.2381,-0.2171,0.8378,1.6068,0.0867,0.1782,-0.6719,-0.3283,-0.2496,0.8543,1.1233,-0.5414,-0.9554,-1.2461,-0.7653,-0.5535,-0.5639,0.187,-0.4658,0.7588,-0.3573,-0.5821,0.0042,0.5929,-1.2256,-0.9501,-0.5207,-0.2858,-0.6011,-1.0868,-1.8934,-2.7198,-0.5988,0.3949,-0.1573,0.1707,0.4426,0.4686,-0.5777,-0.2918,0.0641,-0.0597,0.3064,0.8041,0.4037,0.3076,0.3892,-1.2645,0.4384,1.7154,1.7893,2.1321,2.6224,1.9675,0.3619,1.8267,1.5425,2.2332,1.4658,-0.3626,-0.5481,-0.6285,-1.2281,-1.2017,-2.5078,-1.6872,-1.9958,-2.1787,-1.9661,-0.0874,-0.2682,0.0116,-0.5354,0.0958,0.9448,0.7262,0.9542,0.1817,-0.0498,0.9199,1.085,-0.2683,-0.1516,0.558,-1.5226,-0.0832,-0.0806,-1.004,-1.0876,0.2427,0.9715,0.7503,-0.047,-0.9948,0.4972,0.3754,0.426,1.5662,1.5611,1.9231,0.6235,-1.7869,-1.0499,-0.5435,-0.8021,-1.4389,-3.0294,-1.3738,-1.2061,-1.0876,0.0551,-0.9579,-0.5385,0.2975,0.5944,0.9521,1.5433,2.9737,1.4213,1.9734,0.4573,-0.266,-1.2361,-1.109,-0.1152,-0.4983,1.861,0.5912,0.7445,-1.2309,-0.4085,-0.0854,0.6323,-0.7763,-0.3161
"IC66",0.6119,-0.2766,0.1761,0.2723,-0.5779,-0.2539,-0.8497,0.2433,-0.3441,0.5902,1.0659,0.5741,1.432,1.2272,0.5596,-1.5555,-0.62,-1.3881,-1.2866,-0.318,-0.6668,-0.4195,0.2677,0.1933,0.0732,0.7171,0.158,-0.0344,-0.6248,-0.2037,0.7838,-0.0156,-0.3711,-1.1299,-0.7176,-0.5315,-0.1022,-0.1732,-0.6504,0.4489,-0.0339,0.1348,0.2891,-0.1882,0.3724,0.6396,0.0842,0.4475,0.1386,0.699,-0.194,0.0919,1.059,0.5935,-0.0358,-1.3871,0.3605,-0.0062,0.3017,-0.6303,0.2086,1.0166,1.4658,2.4031,1.3489,0.9485,-0.3016,-0.8004,-0.6782,0.5238,-0.3217,-1.4846,-0.2612,-0.3065,1.2007,-0.6337,0.272,-0.5007,-1.1384,0.4086,-0.0542,-0.3144,-0.7063,-1.0851,-0.0716,-0.3146,-0.2821,-0.1188,0.6272,0.2802,0.344,0.0816,0.4028,0.3677,0.3192,-0.868,-0.8977,-0.9251,-0.2704,-0.8801,-1.9001,-1.725,-1.4701,-0.8848,0.4668,-0.9501,0.5803,0.7638,0.4545,-0.0915,-1.1522,0.1057,0.1337,-0.6061,-0.2324,0.7609,1.8181,1.0852,0.6223,1.8245,2.2044,3.2616,2.9354,1.4798,0.7915,2.6581,1.6169,0.8847,1.0556,0.1779,-1.4135,-2.3667,-2.3289,-1.7858,-1.9129,-1.6081,-0.9605,-2.0781,-0.8899,-0.978,0.1533,-0.4926,0.5176,1.3742,0.1529,-0.6686,-0.7023,0.2964,-1.0454,0.7383,0.4885,-0.5566,0.9185,-0.1418,-0.2183,-0.5851,-1.1363,-1.3352,-1.9114,0.5603,1.9885,-0.0638,0.0344,0.1449,-0.0263,0.5405,-0.6201,1.1091,2.2154,1.554,0.3279,-0.0238,-0.7071,-1.8496,-0.7389,-0.9454,-1.2222,-0.335,-0.0236,-0.0407,0.0489,0.8126,-0.0223,-0.2578,0.0208,-0.0253,1.6405,1.7468,2.7454,1.6901,1.0388,-0.5244,-1.2557,-0.0236,0.4619,0.5419,-0.2013,0.3308,-0.9212,-0.614,-0.9541,0.3819,-0.4603,-2.2959
"IC67",0.1434,-0.1115,0.3902,0.339,-0.4612,0.1751,0.1186,-0.0311,0.749,-0.1564,0.0948,0.5704,0.7095,-0.1458,-0.2388,-0.4948,-0.8061,-1.1186,0.1774,-0.1711,-0.4068,0.6352,-0.0145,-0.15,-0.3215,-1.0997,-0.7689,-0.2234,0.9623,-0.059,-0.0437,-0.6869,-0.7677,-0.3713,-0.0337,-0.5589,0.4009,1.5314,1.4686,0.1294,-0.0344,0.4815,0.2546,-0.5973,-0.9149,0.5911,-0.0826,-0.4153,-0.7362,-0.3555,0.2779,0.3399,0.4614,0.0231,0.5258,0.4509,-0.5824,0.7522,0.7595,0.0296,0.2257,1.4074,1.4145,0.5,0.2065,-0.4458,0.2081,-0.0104,-1.5094,-0.4846,-0.0413,0.9478,0.2358,0.0093,0.523,0.6521,-1.806,-1.0881,0.11,-1.1402,-1.7067,-0.6629,-1.0329,0.5331,1.5414,0.7104,0.9439,1.0841,1.1399,0.0448,-0.8716,0.0645,-0.6863,0.6965,0.3846,-0.9728,-0.7904,-1.1152,-1.357,-2.5136,-1.8181,-0.3223,0.0167,0.5006,0.2626,0.9363,-0.1214,-0.1275,-0.6555,-0.3475,-0.0513,0.961,-0.4602,-0.2382,-1.1751,-0.4006,0.6007,0.1771,1.4177,2.3155,2.2206,2.7409,3.111,1.4695,1.0545,2.1536,1.9145,0.4589,-1.0646,-1.1056,-0.7941,-1.3564,-2.8263,-2.7407,-1.1456,-1.4172,-1.6667,-1.6559,0.2229,0.6747,0.5478,1.512,1.9512,0.7944,-0.0047,-0.0909,-1.6321,-0.3726,-0.1029,0.2327,0.295,-0.2822,-0.805,-0.1914,-0.042,-0.9381,-0.4739,0.0181,0.3853,-0.2698,-0.5811,-0.9175,0.317,0.7818,-0.9872,-0.1422,1.1407,1.2922,0.7187,-1.0999,-0.0306,-0.022,0.6897,-0.3683,-1.7133,-0.5684,-0.6812,0.1971,-0.7094,-0.6567,-0.0461,0.5311,1.1884,0.2389,1.3348,1.8163,3.0619,1.9704,2.2624,0.8043,-2.1643,-2.2289,-0.6445,-0.5983,-0.2035,0.6438,0.3657,-1.6014,0.5591,-0.0265,-0.4346,-0.4068,-0.0908,-1.1711
"IC68",-0.379,-0.3948,0.1524,0.3807,-0.3664,-0.7275,-0.5512,0.0113,-0.5203,0.4911,0.0692,-0.8791,-0.1022,0.5708,0.2254,-0.7133,-0.3906,-1.4333,-0.3496,0.0077,-0.3112,-0.2257,0.0534,0.269,0.3459,0.8993,0.3387,-0.2127,-0.5161,0.0206,0.2666,0.191,0.5249,0.1951,0.0418,0.1475,0.5157,0.2711,0.5795,0.6029,0.4983,1.064,1.0879,0.1503,0.4721,0.6787,0.478,-0.36,-0.2796,-0.0854,0.462,0.6171,0.1241,-0.7279,0.2634,-0.0053,0.6676,0.0744,-0.4678,-1.0224,-0.4651,-0.1437,0.2288,-0.0382,-0.4771,0.0838,0.2217,-0.0283,-0.5878,-0.7088,-1.3901,-0.8828,-0.4656,-0.5772,-0.7237,-1.0867,-0.3258,1.201,1.3063,1.9229,0.9281,1.4513,0.2295,0.1154,0.6044,0.6945,0.3421,-0.8647,-0.9223,-1.8433,-1.0418,0.0114,0.1172,0.6001,1.5441,0.6892,0.6971,-0.8945,-0.9622,-0.537,-2.0392,-1.8981,-1.1924,-1.2729,-1.3089,-1.5541,-1.028,-0.3839,0.6341,0.4619,0.3298,0.6799,0.5194,-0.1719,-0.3588,0.3116,0.3884,0.5256,0.1828,1.654,1.664,2.2464,2.5117,1.3459,0.9769,3.2797,2.528,1.9231,1.5755,0.5184,-0.3253,-0.8966,-1.5998,-2.4244,-1.4475,-0.215,0.5722,-1.1299,-0.4832,0.0541,0.6757,-0.4243,0.4229,0.5296,-0.8092,-1.5874,-1.7893,-0.7543,-0.3686,0.2084,-1.111,-1.1217,-0.9798,-1.8368,-1.5465,-1.4255,-1.1321,-1.6999,-1.143,-1.1175,-0.6893,0.0218,0.1634,0.6397,0.3785,-0.1233,-0.4639,-0.7866,0.0605,1.0599,2.0011,2.4244,2.2897,1.6608,1.7595,-0.243,0.6227,0.2379,-0.2101,1.185,1.2792,0.9935,1.2699,0.3184,-0.1819,-0.4729,1.0448,0.8739,1.127,1.5255,0.9723,-0.7965,-0.204,-0.0104,0.5008,1.1052,0.0764,-0.5101,-1.2361,-1.3414,-0.9736,-1.7087,-2.4141,-2.1791
"IC69",1.771,1.1836,0.0846,1.756,0.3134,-0.5026,-0.3995,-1.3704,-0.8616,0.4614,0.2085,0.0282,-0.6601,0.3614,-0.1158,0.9668,0.0882,-0.0239,-0.5933,1.2483,0.4294,-1.0075,-1.0356,-0.85,0.8943,0.0641,-0.2996,-0.6542,-0.7911,-0.0521,-0.4292,0.328,-0.2107,1.1573,0.0929,1.1387,0.2651,-0.0462,-0.1706,-0.2634,-0.4941,-2.11,-1.4269,-0.8343,-0.9841,0.1909,-1.6274,-1.8939,-0.0424,-1.1176,-1.6012,-0.2278,1.6844,1.1876,0.5617,0.6887,1.2566,1.0927,-0.0045,2.2674,2.0446,0.5297,0.1373,-0.7042,0.0878,-1.3661,-0.8667,-0.1991,1.5534,0.4002,0.4096,0.6938,1.7533,0.6633,0.5226,0.1862,0.4332,-2.8938,-1.0211,-0.099,0.2637,-1.323,1.875,1.4654,0.4672,0.204,0.8807,-1.1837,-0.7502,-0.5413,-0.5082,0.8267,-1.2462,-0.1225,-0.5902,0.3542,0.0589,0.7971,-1.2171,-1.3126,-0.4342,-0.7426,0.2646,1.2717,0.2762,0.8513,-0.6375,-2.0801,-2.3024,1.3417,-0.1098,0.5344,-1.1033,-1.3698,-0.6021,0.0059,-0.022,-0.7154,0.4755,-0.1889,0.4132,-0.0804,-0.4174,0.933,0.586,2.3036,0.4377,0.8747,0.3078,0.5833,1.9714,0.7075,1.3439,-0.0076,0.4361,-1.0863,0.0978,0.059,-0.7477,-1.2009,-0.0266,0.9614,-0.3241,1.0974,-1.1853,-2.191,-0.8861,-0.556,0.7808,-0.7789,0.0623,-0.4035,0.4505,0.0194,0.1303,1.1013,1.0912,0.3245,0.1565,0.814,-0.296,-0.1132,-1.2435,-0.9259,1.2292,0.1362,-0.3527,0.0981,-0.3781,0.1898,-0.2246,-0.3143,0.7878,0.7347,0.9464,1.7511,-0.7452,0.7959,-2.0352,-3.3133,-0.8582,-0.6476,1.1922,0.1731,0.4166,-1.2939,-1.9378,-0.6841,-1.183,-0.1962,-0.3467,0.4605,-0.8367,-0.6681,-1.1187,-1.0558,1.0383,1.6353,1.8403,1.2652,1.8475,1.355,0.9713,-0.6948
"IC71",0.2479,0.0483,0.7499,0.6562,0.6095,-0.2993,-0.6135,0.5565,-0.1179,-0.3836,-0.6686,-0.6888,-0.2884,-0.3922,-0.4237,-1.3856,-0.7677,-0.7852,-0.2152,-0.3099,-0.2089,0.2404,0.3561,0.1947,-0.2205,0.3688,-0.5186,0.2359,0.9451,0.7996,0.4251,0.6233,0.9485,-0.9196,-0.2883,-0.4212,-0.756,0.0312,0.417,0.739,0.209,1.0981,0.5137,-0.6075,0.5204,-0.1768,0.178,0.1009,-0.2955,0.1054,0.4916,0.2528,-0.6249,-0.7099,0.4371,0.2884,1.0168,-0.483,0.0333,-0.7019,-0.3661,0.1838,0.4653,0.7322,-0.0089,0.8878,0.4236,0.5368,0.068,-0.3835,-0.2696,-0.6078,-0.6039,-0.6277,0.2652,0.0772,0.3936,0.6439,-0.2212,0.7218,0.823,0.9703,-0.4173,-0.1075,0.2248,0.5406,-0.1392,-0.5804,-0.998,-1.0814,-0.2429,-0.7805,-0.0741,-0.8623,0.6588,-0.2243,-0.4924,-0.9241,0.1996,0.624,-0.7863,-0.7256,-0.6606,-1.312,-0.7499,-0.8283,-0.4505,-0.6601,-0.1782,-1.2979,-0.7704,-0.8138,-0.2845,0.0157,-0.0149,-0.6439,-0.795,0.2668,0.4092,2.2842,1.3715,1.432,1.2754,0.7047,2.5407,5.0177,4.3245,2.7736,1.8105,1.4621,0.2534,0.0869,-0.7415,-1.2659,-1.4141,-0.5626,-0.4672,-1.0974,-0.7888,-1.2715,-0.5301,-0.5192,0.5588,-0.316,-0.6079,-0.5753,-0.2815,-0.648,-1.0285,0.4859,-0.6002,-1.0002,-1.3325,-2.2406,-1.6972,-1.3746,-1.7429,-1.2979,-1.0597,-0.6402,0.4135,0.1095,0.3822,0.8155,-0.5363,-0.6361,-1.0236,-0.8563,-0.0934,0.5149,0.2099,2.0747,3.6121,1.556,0.6444,-0.5465,0.0294,-0.0481,0.8034,1.1867,0.1245,0.6424,0.448,0.9008,0.2111,0.1591,0.8911,0.6884,1.286,1.9976,1.263,-0.2676,-0.3496,-0.039,0.4284,1.6013,0.5358,0.0056,-2.1799,-1.2242,-1.7497,-1.2252,-2.0984,-1.2556
"IC72",-0.8501,-0.4189,-0.5114,0.2188,-0.6634,0.658,1.7823,0.5488,0.6139,0.3213,0.5667,0.6176,0.5619,0.3261,-0.2811,0.6058,0.2252,-0.2825,-1.352,-1.4774,-1.0798,-0.0729,0.5382,1.2023,0.8539,-0.7211,-0.5286,-0.3883,-0.7191,-0.8608,-0.9159,-1.2049,-0.9315,-1.0326,-1.8676,-0.9453,0.3728,0.3815,0.5959,0.8126,1.5062,1.2869,0.6153,1.1313,1.0088,1.0284,0.753,0.0122,-0.6752,-0.3142,1.1502,0.5069,-1.0114,-1.7046,-1.3345,-0.6711,-1.2954,-0.3082,-0.1085,0.0081,-0.2473,0.6583,2.5993,2.6426,2.2711,0.0521,-0.7145,-0.2129,0.1225,-0.5775,-0.2826,-0.2995,0.023,0.9918,-0.0311,-0.153,-0.1762,-0.3966,-0.8589,-0.8197,-0.6799,-0.3506,0.323,0.3274,-0.7365,-0.7786,0.1891,1.4315,1.5861,0.8177,0.0883,0.0252,-0.1863,-0.1145,-0.4874,-0.675,-0.8709,-1.1674,-0.7228,-1.5219,-1.4034,-1.5325,0.0526,0.5019,0.4721,1.5918,1.4053,1.6526,0.392,-0.7485,-0.9945,-0.5605,-0.1731,0.3157,-0.2342,0.071,-0.6076,-1.1521,-0.5376,-0.3374,-0.5851,0.121,0.5291,1.222,1.4088,1.2267,0.5032,1.5859,2.5726,1.7755,0.5513,-0.5145,-1.1023,-1.3534,-2.1725,-1.9426,-0.5528,0.138,0.2978,0.727,-0.0219,0.3073,1.2932,1.4009,1.4325,0.8467,-0.1904,-0.7148,-0.0381,0.1509,-0.3298,-0.0676,-0.6719,-0.8678,-1.5332,-1.1803,-0.8492,-0.078,1.0428,-0.5161,-0.5115,0.3562,0.3918,-0.4463,-0.4158,-0.1636,-0.2846,-0.4202,0.9318,1.2008,0.2481,0.385,-0.8724,-1.2437,-1.4857,-1.1495,-0.4657,-0.7004,-1.0958,-0.9532,-0.7766,-0.5306,0.1368,0.9106,0.903,1.2155,3.1562,3.1673,2.7804,2.0792,1.1744,0.7719,-1.1737,-2.0554,-0.6807,0.2554,-0.0819,-1.0344,-0.1259,-0.9768,-0.3747,-0.5168,-0.4826,-0.4403
"IC73",-0.0977,0.5631,-0.5642,-0.3522,-0.3231,-0.775,0.3724,-0.6281,0.806,0.5456,0.7951,1.3398,1.0765,1.3446,0.0054,1.2804,-1.0581,-1.0275,-1.1499,-0.2807,-1.0373,0.6963,0.0923,-0.4595,1.5832,0.7175,0.9528,-0.2246,0.5721,-0.7965,-1.5204,-1.8489,-1.2398,-1.2371,-2.8455,-0.9058,-1.2628,-0.5571,-0.0436,-0.9862,0.6841,0.5919,0.6553,0.9252,1.5352,1.7411,1.0903,1.9682,2.3412,-0.0583,0.8261,-0.0288,0.018,-0.7301,-1.087,0.7186,0.0526,-0.2063,-1.8231,-0.4595,-1.5161,-1.6917,-0.3788,0.5259,1.8883,1.0973,1.2113,-0.6898,0.1635,-0.299,-0.0883,-0.7412,-0.7259,0.3045,0.0851,1.9116,0.4329,-0.9681,-0.5342,0.0502,1.2766,0.9011,0.1505,-0.6349,-0.8994,-0.0771,0.5726,0.0207,-0.7988,0.3499,0.6221,0.9134,0.5612,-0.3791,-1.7745,-0.6022,-0.3623,-0.9011,0.1048,0.5229,0.4085,-1.9145,-0.7938,-0.1695,-1.1,0.5649,0.5551,0.9943,0.7777,0.037,-0.5736,0.0619,-0.8728,0.231,0.415,0.5629,0.3568,-0.6967,-1.4249,-0.9133,0.5685,0.1557,1.0005,0.2405,-0.3504,0.8928,1.4578,2.0871,1.2383,1.4711,0.5302,-0.0631,-0.3483,-1.2217,-0.7686,-0.105,-1.2777,-1.7275,-1.8999,-0.8791,-1.1127,-0.6753,0.8475,1.7253,-0.3078,0.3622,0.2319,-0.4619,2.3059,0.316,0.0939,1.0101,-0.8821,0.5977,-0.2957,0.3924,0.513,-0.5249,-0.9073,-1.6592,-0.4578,1.1321,0.449,1.3327,1.8954,-0.0996,0.3937,-0.0197,0.0886,0.9553,0.2279,0.1904,-0.1731,-1.4071,-1.8337,-2.1842,-1.5802,-0.0686,-1.1901,-1.6273,-1.1209,-0.7417,0.7941,0.464,-0.1047,-0.8854,0.624,0.7593,0.5407,2.071,0.5372,0.5829,-0.0663,0.2842,1.3806,1.3454,2.6532,0.989,-0.3573,-1.8081,-0.5638,-0.1767,-0.6626,-1.5174
"IC74",-1.3041,-1.1619,0.0515,0.0774,-0.0953,-0.3719,0.29,1.4118,0.6076,-0.5095,-0.8996,-0.3456,0.7951,1.4087,0.1188,-0.8952,-1.0148,-0.1035,-0.1227,-1.852,-0.4086,-0.156,1.1528,1.9593,1.1635,0.3193,-0.6034,0.3834,-0.2326,-1.2605,1.1427,0.3867,1.0842,-0.4447,-0.4695,-0.4757,0.6109,0.3785,-0.0863,-0.8253,-0.2383,0.7749,-0.3919,-0.068,0.7349,-0.254,-0.4719,0.0217,-0.609,0.7787,0.7606,-1.0759,0.4193,1.3467,0.3898,0.257,-0.4726,0.44,0.7082,-0.3672,-0.2227,0.5098,-0.3498,-0.7601,0.3058,-0.3294,-0.5566,-0.3858,-0.7112,-1.5149,-1.0046,-0.4576,-1.1025,-0.3248,0.811,0.1766,-0.1425,2.2289,1.846,1.8938,0.9067,0.3281,-0.7581,0.0717,-0.1243,0.2547,-0.9873,-0.5967,-0.8405,-0.9421,-0.6074,0.5732,0.8876,0.191,2.1045,0.7465,-0.6871,-1.5394,0.6327,0.052,-0.2877,-0.6434,-1.4211,-1.911,-0.922,-1.6519,-2.1191,0.1995,1.4064,-0.5064,-0.4748,0.2528,0.8206,0.5444,-0.2672,0.2717,2.0122,0.9737,0.408,1.8429,0.0457,0.4875,0.4618,0.9943,0.1898,2.684,0.7524,-1.3293,-0.0828,0.1879,-0.5063,-1.054,-1.5154,0.208,-1.3978,-0.682,0.5975,1.2187,0.278,-0.1769,-0.6246,-0.4538,2.1378,1.7988,0.4892,-0.9493,-1.5532,1.0491,0.0655,0.6806,-0.1556,-0.7146,-1.1337,-0.9888,-1.2969,-1.3211,-1.2219,-0.3526,0.0557,-1.993,0.6847,-0.4338,-0.2236,-0.7911,-1.7125,-0.6208,-1.4641,-1.9176,-0.5094,0.1163,1.4381,3.6802,4.3939,1.5266,0.3005,0.6882,0.3185,-0.3242,1.1222,0.7602,-0.6892,0.379,0.1614,0.2861,0.194,0.8009,0.9099,-0.447,1.0458,1.52,0.1669,-0.0853,-0.445,-1.5007,-0.0814,-0.152,0.1682,-0.5161,-0.3518,-0.6161,-0.8434,-0.8486,-0.8549,-0.6
"IC75",-1.2168,-0.7622,0.427,0.2658,-0.621,-0.8632,0.4424,0.4037,0.3825,-0.2946,-0.0247,0.2081,0.3524,0.0138,0.4481,-1.1457,-0.2309,0.7477,0.303,-0.2906,0.0327,0.3763,-0.0255,1.0953,0.5321,0.2429,-0.368,0.0911,0.6069,-0.6002,0.6072,0.2116,0.4203,-1.1057,-0.6943,-1.1433,-1.2553,-0.102,-0.3243,-0.1026,0.1563,1.2857,0.9804,0.8284,1.1531,-0.086,-0.7775,0.8435,0.3386,0.7052,0.2539,-1.5857,-1.2706,-0.1625,-0.0833,-0.1649,-0.4944,-0.2918,0.4064,-1.0598,-1.0741,0.6213,0.3855,0.5434,0.1182,-0.3023,-0.0784,0.4818,1.0809,0.7758,1.2369,1.0103,0.7817,0.5766,-0.3608,-0.6237,-0.7985,-0.4773,-0.5222,-0.3144,0.2524,0.7873,-1.3254,0.0485,1.0475,0.8285,0.0809,1.0146,0.7159,-0.2056,-1.0553,-0.3267,1.1544,-1.0357,-0.3847,0.019,-0.8905,-1.8562,0.1679,-1.5147,-1.5111,-1.1482,-1.0499,-1.0646,-0.1968,-0.5555,-0.5675,0.6216,0.3876,-1.743,-1.1224,-0.3224,0.4885,0.161,-0.8451,0.3182,1.3557,0.524,1.201,3.1031,2.5131,1.9087,1.6467,1.611,2.676,4.1477,2.2826,0.6336,0.2307,0.0339,-1.402,-1.5529,-1.9957,-0.5784,-1.2823,-1.998,-1.4563,-0.3119,0.2219,-0.8635,-1.9538,-0.3918,-0.0158,-0.83,-1.5814,-0.9333,-0.9185,0.4925,-0.4072,0.3602,0.7091,-0.2546,-1.0636,0.0554,0.0029,-0.2098,-1.2414,-0.3663,-0.2662,-1.2418,0.1794,0.5429,2.1435,2.2933,0.3135,1.0448,-0.6316,-1.1837,0.796,0.8934,-1.2095,1.021,2.358,-0.4307,-0.9961,0.273,-1.435,-1.4467,0.3905,0.8304,-0.3252,1.6022,0.6933,-0.3583,-0.1904,0.8436,1.9255,0.2072,1.1437,0.27,-0.7085,0.2818,0.0678,-0.1605,0.6386,0.9607,-0.8496,-1.4498,-0.4055,0.8986,-0.69,-0.9871,-1.4131,-0.783
"IC76",-1.798,-1.4112,-0.461,-0.3215,-0.2973,0.569,0.578,0.4606,-0.1384,0.0538,0.3525,1.0527,1.3983,0.8992,0.4855,0.3475,0.3362,-0.354,-1.6365,-1.2483,-0.0238,-0.0932,1.1269,1.1719,0.7495,-0.1619,-0.4394,-0.031,-1.2984,-1.5639,-0.8431,-0.3664,-1.3354,-0.5823,0.2128,-0.3805,0.9099,0.908,-0.4041,-0.0856,1.0578,0.9015,0.3068,0.6633,0.1715,0.6791,1.147,-0.0547,-0.9521,0.221,0.4632,0.5814,0.4833,0.7238,-0.1281,-0.5462,-1.0573,-1.1149,-0.058,-0.4146,0.4773,0.9087,1.947,1.2396,0.8308,0.8105,0.402,-0.4146,-1.0609,-0.0416,-0.7225,-1.3727,-1.277,-0.5365,0.7432,-1.1168,-1.5239,-1.7857,-0.2149,0.4491,0.1847,0.2585,0.3579,0.1883,0.076,-0.4867,-0.3183,1.1647,0.8718,0.2316,-0.7764,-0.0855,0.9215,0.1342,0.3796,1.1023,0.1771,0.2353,0.129,-1.4483,-1.7454,0.1279,-0.1173,0.9289,1.8754,0.4023,0.1628,-0.2445,-0.9135,-1.0776,-2.0683,-1.524,-0.0667,-0.2773,-0.983,-0.7214,1.4838,-0.6612,-0.9125,-0.0274,-0.5348,0.621,0.7346,1.1311,0.9265,2.4112,0.8097,1.5423,2.9542,1.8748,1.0324,-0.9889,-1.4379,-0.7587,-0.2882,-0.4526,-0.307,0.1466,0.6859,0.9135,0.3831,0.3671,0.1789,0.4967,0.9385,-0.1482,-0.8698,-1.2196,-1.7089,0.6339,0.0587,-0.4395,-0.5,-1.4878,-1.595,-2.1289,-1.2712,-0.5151,-0.3794,-0.7109,-0.0075,-1.6063,-0.8396,-1.1951,-0.9422,-1.2344,-2.1659,-0.6774,1.6001,0.838,1.4725,2.6613,2.114,1.2107,1.1519,1.7052,0.3711,0.1292,0.387,-0.2987,0.3958,1.2434,1.1393,0.041,0.8354,1.7231,1.3713,1.4876,1.7577,1.1458,-0.1231,-1.0743,-1.4961,-2.1125,-1.1843,-0.3788,-0.0678,-1.749,-1.2907,-0.1413,-0.0806,-0.2952,-0.3196,-0.6893
"IC77",-0.5253,-1.0003,-0.394,-0.0346,0.1961,0.6633,0.9121,1.4797,1.0437,0.1358,-0.0369,0.2921,0.737,0.1968,1.3372,-0.0105,-0.2553,0.5726,-0.0004,-0.2827,0.0884,0.3552,0.4042,0.7264,0.3797,-1.0448,-1.9844,-0.9569,-1.1771,-1.9856,-0.9945,-0.4075,-0.2944,-0.0773,1.3289,0.8793,-0.5207,-0.5073,-1.278,-0.6342,0.0731,0.5782,0.7734,0.3912,0.1748,-1.1376,-0.3857,-0.0881,-0.9049,0.1626,0.8637,-0.8276,-0.8762,-1.2252,-0.7692,-0.9531,-0.3137,-0.3262,0.6026,0.1953,-0.1033,0.3007,0.4398,0.6408,0.7309,1.3878,1.3796,1.0261,1.2942,0.8146,1.8727,1.6131,2.01,2.0544,1.4419,0.2084,0.2091,-1.7163,-2.2463,-1.4019,-0.2984,-0.256,-1.4093,-1.3002,-0.6657,-0.1034,0.8217,0.8009,0.7437,-0.6124,-1.5344,-1.8973,0.0552,-1.4717,-0.4448,0.5639,0.8187,0.0788,0.9927,0.423,0.2583,0.6576,0.3694,-0.7568,0.4098,0.0447,-0.7428,-0.2686,0.7669,0.0418,-0.2495,-0.786,-0.0862,-0.7778,-2.1485,-1.256,-0.7799,-1.3206,-0.6969,0.1387,-1.2269,-0.9949,-1.8488,-2.0343,-0.3404,2.4717,1.2807,1.1886,1.9357,3.6744,3.0012,1.4888,0.5576,0.7634,0.7862,1.4005,0.8756,0.2428,0.408,-0.1706,-0.5487,0.1542,0.5298,0.667,0.1482,-0.2604,-1.6333,-1.9869,-1.8056,0.0889,0.7148,-0.4832,-0.8851,-0.7335,-0.4795,-0.7949,-1.1133,-0.5523,-0.2566,-0.2459,-0.0071,0.1452,0.4969,1.315,0.8527,0.9322,-0.4583,-0.4626,1.2605,0.8724,-0.7878,1.1539,1.5014,-0.4208,-1.8654,-1.3821,-0.6564,-1.0395,-0.5248,-0.2144,-1.7273,-0.5883,0.5261,0.4466,-0.4911,-0.3531,-0.4458,-0.8832,1.0752,1.3844,0.4409,0.6114,-0.6827,-0.7095,-0.7293,1.0869,1.4922,0.5217,-0.6435,0.1875,-0.0832,0.8762,0.1212,0.461
