"IC05","1.7583","-0.0400","-1.5921","-1.5954","-1.6762","-0.9460","-0.4252","-0.2770","-0.9260","2.1433","0.8327","-0.4313","0.9917","-0.0998","-1.0150","-0.5373","0.4581","1.2860","1.1129","0.9056","0.7914","0.3957","0.1378","1.1597","1.6873","0.9713","1.1995","0.9133","-0.7599","-3.0286","-2.5955","-0.8481","-1.0229","-1.8405","-0.9714","-0.9932","-0.1513","-0.4991","0.7135","0.2721","-0.2598","0.3895","0.6302","0.3361","1.4607","1.5988","1.6213","0.6631","0.5387","0.3531","-0.0144","0.2024","0.8729","1.5080","0.1148","-0.2946","-0.6091","-0.4412","-0.0925","0.1393","0.9688","0.0287","0.5908","0.8233","-1.4605","-1.2067","-1.5535","-0.7838","-1.4433","-1.7181","-0.1516","0.0750","-1.2387","-0.6695","-0.5351","0.1405","-0.3952","-0.1516","-0.9853","0.4275","1.6213","2.2771","0.0572","0.2789","-0.1874","-0.5887","-0.2388","0.2855","0.0100","0.7039","-1.6497","-1.1306","-1.2899","-0.3761","-0.4807","-0.0385","-0.2792","0.2998","-0.6130","1.4633","1.9704","0.3351","0.5983","1.0261","1.9531","2.5864","2.8345","1.3226","0.2609","-0.6166","0.1496","0.0595","0.1663","0.2148","0.3150","-0.0850","-0.7079","-2.3987","-2.1999","-1.3512","-0.7113","-1.1656","0.2296","0.2440","-0.9109","1.0912","0.6085","0.5854","-0.0496","-1.1320","-0.2140","-0.6936","-0.9110","-0.8629","-0.5708","0.4544","-0.0667","0.9285","0.6197","-0.7161","-0.6925","-0.4251","-0.1534","-0.8963","0.7195","-0.2908","0.4087","1.5940","-0.8302","-0.6807","-0.3863","0.7916","-0.1092","-0.1031","0.1571","-0.1377","0.2431","0.6332","1.4521","1.3315","1.7899","0.0029","-0.0015","-0.4436","-0.7578","0.1691","-1.2996","-1.3089","-1.2899","-0.0405","0.2305","0.8372","-0.6345","0.4565","1.1769","1.2273","0.8029","1.4745","1.6164","1.2017","0.9853","-0.5702","-1.0485","-0.8160","-0.5048","-0.5666","-0.9514","-1.3813","-1.3524","-1.2203","-0.1325","0.1971","-0.2207","0.7193","1.0322","1.2264","-0.4610","-0.1374","-1.1581","0.1763","1.1356","-0.6579","0.4167","-0.7970"
"IC08",2.4528,1.977,2.1473,-1.2568,-2.2346,-2.3855,-0.8529,-0.3719,-0.0787,0.3481,-1.1969,1.5803,1.0431,-1.6709,0.232,-1.0294,0.081,0.2844,0.9227,1.1689,-1.6616,0.0339,-1.488,-0.3186,0.4101,-1.0135,1.8131,-0.8415,-0.072,0.0634,0.1344,1.2152,-0.7982,-0.0018,-1.8229,0.306,1.6685,0.6877,0.5821,-0.0913,-0.4441,2.478,-0.7819,0.3244,-0.0256,0.2337,2.2174,-0.3094,-0.7929,0.1165,-2.526,-0.4176,0.6901,-0.84,1.4137,0.5296,-0.1361,1.0886,-0.2075,0.5685,0.8758,0.1524,0.4823,-1.068,-1.2888,-1.1299,-0.1492,1.5421,-1.1252,-0.3658,-0.4554,-1.8424,-0.3433,-1.0372,-0.9392,0.9059,-0.0266,0.7698,-1.0274,-0.7253,-0.3308,0.0986,-0.249,0.1846,-0.7634,-0.8336,1.1888,-0.8252,1.3279,0.609,0.8315,0.1884,0.5253,0.287,1.0782,1.5668,0.1267,0.3412,-0.9445,0.7781,-0.7625,0.7106,-1.3028,1.2622,-0.7581,1.1023,-1.5869,-0.1224,-0.4391,0.0964,1.8637,1.2693,1.2987,-0.6796,-0.4682,1.1051,-0.1688,1.4607,-0.4143,-0.4416,0.3539,-0.2428,0.6083,-1.5886,-0.3932,-0.1484,-0.7033,0.1366,-1.4454,-1.9326,0.4831,-1.4143,0.6404,-1.2102,0.2967,-1.0061,-1.1235,0.3841,-0.503,0.4273,-0.4524,0.7307,-0.934,0.4059,0.312,-1.185,0.4225,0.2234,0.2942,0.0464,0.0326,2.4548,-0.2618,0.8055,-0.7581,1.9153,-0.5392,-1.1748,-0.8022,-0.302,1.9295,-0.3278,1.8014,-0.2408,1.8296,0.507,1.7209,-0.9591,0.9242,0.1072,0.8871,0.7622,-0.5201,-0.7535,-0.6485,-0.0629,-0.1771,0.5871,-0.5974,-0.8663,-2.3416,-0.1053,-1.2561,-0.0316,-0.4375,-0.6472,-0.9489,-1.0647,0.0761,-0.7619,-0.176,0.1144,-0.2439,0.7224,0.5738,0.3472,0.214,0.0866,1.6717,-0.1992,1.5747,-0.326,0.3517,-0.507
"IC09",1.483,2.3511,1.3323,-0.7019,-1.0006,-1.9018,-1.8274,-1.3917,0.0803,0.6755,2.1717,4.5538,2.1612,0.4577,-1.7159,-2.308,0.9973,-0.5171,-0.0831,-0.6107,-0.5021,-0.3908,-0.3849,0.6605,-0.5563,0.1572,0.8694,-2.1347,-1.2469,-0.935,0.8904,-0.8624,-0.4542,-0.5764,-0.8341,1.0015,0.3141,0.2269,-0.7003,-0.2888,0.7948,-0.8232,-0.7956,1.0819,-0.792,-0.292,-0.3519,-1.0115,0.5399,-1.0163,-1.5507,1.5141,0.4419,-0.33,-0.3675,-0.0203,0.4055,0.1396,-0.3762,1.4114,0.6078,0.4508,-0.4748,0.9537,1.4123,-0.4977,-0.6568,-1.82,-0.4994,1.7083,2.01,1.1834,0.2888,-0.2439,2.2706,1.494,1.0101,0.0823,-0.6456,0.9002,0.1356,0.2063,-1.2941,-0.357,-1.2564,-0.9173,-2.146,-0.01,-0.7552,-0.5069,1.1084,0.2224,0.5937,-0.1477,0.4554,-0.6365,1.1514,-0.6275,-0.8943,-1.3241,-0.7733,0.267,-1.1146,-0.3039,-0.1397,0.8522,-0.5833,1.5037,0.1525,1.1432,-0.1749,0.202,-1.6747,-1.1708,1.0942,-0.7305,-0.4303,-0.7139,-1.2555,0.3452,0.1805,0.9093,-0.6653,0.0559,1.0544,0.6868,0.3304,-0.0251,0.4188,1.0653,-0.0907,-0.0818,-0.3968,-1.2641,0.3682,-0.9877,0.5214,-0.5811,0.5078,-0.1531,-0.3523,0.4239,-0.3671,1.0008,0.3826,0.8153,-0.9829,0.1017,2.1067,0.417,1.5604,0.6887,0.8699,0.0072,0.2011,0.9848,0.2274,1.7424,-0.2633,0.4606,0.9886,0.7429,-0.992,-1.4231,-1.1021,-1.5665,-1.0519,-1.4148,0.2263,-2.194,-1.8362,-1.6639,0.218,-0.1048,0.2185,-0.4862,-0.5714,-0.8808,0.7331,0.1845,-0.2993,-0.1307,-1.1898,0.0305,-0.7027,0.6277,0.1064,1.153,-0.3218,0.8456,-0.3463,0.5032,0.4171,-0.1335,0.0496,-0.121,0.6944,-0.0889,1.0178,0.1093,-0.688,1.1355,0.5193,0.8211
"IC15",-1.0988,1.3505,0.315,-0.7292,-0.7381,-0.7986,-1.2034,-1.1537,0.2256,1.5348,0.7846,2.4603,1.3681,0.0859,-0.0518,0.1933,-1.2781,-1.1986,-0.0889,-0.4895,1.2931,0.9747,1.289,-1.7857,-0.7377,-0.3991,-0.3442,-1.4401,1.0365,3.1048,1.4259,0.3552,0.6138,-0.293,0.969,-1.2507,-1.9877,-0.46,-0.1888,-0.2118,-0.5279,-2.019,-0.3047,-1.3966,-0.5943,0.5861,-0.4247,0.9712,0.0644,-0.2491,0.2297,-0.7261,-1.1667,0.2313,-1.2105,-0.1713,0.3711,0.8422,1.7264,0.1741,0.41,1.9045,0.257,0.7638,-0.1115,-0.2566,0.5812,-0.3667,0.7955,-0.3256,-1.2271,0.3641,-0.2944,0.9249,-0.3589,0.8287,0.6529,-0.1578,-0.1821,-1.1919,-0.9922,-0.1074,1.3172,-0.1432,-0.4748,-0.4846,-1.0144,0.8894,0.6258,1.1694,-1.1118,0.3396,0.07,1.1022,-1.095,-0.8698,-1.1329,-0.1472,0.205,-0.0129,0.1194,-0.3118,1.019,0.0124,1.9032,0.4891,1.0283,-0.6877,2.0027,0.5755,-0.9162,-1.3517,-0.4887,-0.0927,-1.6485,-2.0635,-0.0285,-1.0181,0.2719,-1.134,-0.5492,0.5794,1.7041,0.3699,-0.4339,-0.7914,0.8375,-0.0882,0.594,-1.6833,-1.088,-0.1145,0.2896,1.7638,-0.2271,1.2449,0.1128,-1.367,-0.8301,-1.3491,1.0204,1.1384,1.8753,-0.5648,0.0089,0.8938,0.1756,0.365,-0.6877,0.1967,0.3996,0.2802,1.4107,0.2411,1.8115,0.0345,1.7985,-0.6015,1.0057,0.0509,-0.1149,0.8341,0.6619,0.0417,-1.4322,-0.4269,-1.5536,0.1714,-1.6255,-1.3543,-2.3375,-2.0278,-1.851,-1.1126,-0.5774,-0.9626,0.295,-0.0231,0.8079,-0.4879,1.336,-0.4664,1.8014,-0.222,1.679,-0.3608,0.4195,0.0815,0.6374,-0.067,0.9268,1.061,2.1686,0.5679,0.4989,0.2857,-1.7227,-0.4904,-0.0418,1.3501,-0.4057,-1.5841,-0.9189,0.0337
"IC16",2.7712,1.9886,-0.451,-2.8169,-1.2273,-0.9229,-0.2359,0.622,1.8748,-1.6536,1.6842,1.2478,-0.3662,-0.5791,-0.8049,-1.0156,1.1644,-0.693,0.5294,-0.8724,-0.8888,-1.5067,-1.6363,1.0847,0.667,-0.179,0.8282,1.1356,2.0726,0.513,2.2303,0.3517,0.0603,-0.9944,-0.4015,0.1089,-1.102,-0.9406,-0.1965,0.0085,0.526,-0.384,-0.6692,0.0153,0.1294,0.3725,0.3708,-1.4245,-0.9094,-1.9904,-1.6472,0.0467,-0.4477,0.6189,0.6043,-1.027,-0.7643,0.3879,0.6055,1.4067,0.3942,0.2947,0.0952,0.9762,0.8149,0.4705,0.2179,-0.7365,-0.5965,-0.2425,-1.1407,0.1464,-0.495,0.6158,2.5266,0.6321,0.7941,0.5687,-0.9683,0.1986,-0.2492,1.2213,0.4,-0.6266,-1.0237,-0.8479,-0.9419,0.0405,0.1567,0.9206,-0.1905,-0.6602,-0.2818,0.8268,1.4491,-0.6086,0.3827,-0.9,-0.6558,-0.1109,0.2465,-0.0101,0.1151,2.395,2.3426,-0.0588,-1.2022,-0.0382,-0.327,1.3613,-0.2737,-2.0268,-2.7176,-0.5032,-0.362,-1.8266,0.0624,0.22,-0.5156,-0.6076,-1.9664,0.2784,0.5695,0.7649,0.1274,-0.5308,-0.1407,0.0758,0.3275,0.4729,0.4569,0.2784,0.2781,0.173,0.9131,-0.142,0.5231,-0.0825,1.4972,1.5346,1.2364,1.2774,0.2647,0.4108,-1.2042,-1.5759,-1.7196,-0.1704,-0.101,-0.2471,-0.4544,0.1754,-0.5051,0.3636,0.7085,1.0003,0.0659,-0.6119,-1.279,0.6326,0.3307,-0.0322,0.3468,1.3809,2.2963,0.6667,0.4026,-1.8784,-0.9705,-0.3831,1.2712,-0.3752,-0.2086,-0.6911,-0.2371,-0.3001,0.4245,-0.3954,-1.022,-1.0628,-1.2047,-0.3454,-0.1102,0.9004,-1.9162,-1.28,-1.506,-0.2249,-0.0283,-0.6106,-0.9052,0.283,0.2791,1.8847,2.1428,0.9771,1.4992,0.2598,1.1104,0.4652,0.9672,-0.6551,-1.2627,-0.378
"IC17",-1.928,0.4775,-0.8171,0.8055,-0.3258,0.1399,-0.0936,0.204,1.4346,-1.9034,1.1666,2.3504,-0.1369,0.3043,0.5125,0.8915,-1.3657,0.1017,-0.0958,-0.6125,1.3051,1.2915,0.7144,-1.4723,-1.1667,0.6867,0.1276,-2.0803,-1.2591,1.0242,-0.3736,-1.2402,1.0214,0.5739,1.5803,-0.6245,-1.7282,0.0541,0.6084,-0.5731,-0.1403,-1.6586,0.9733,-0.8272,0.7735,1.7888,-0.3183,-0.0277,-0.2443,-2.2251,0.6489,-0.4112,-1.0497,0.6484,-1.0704,0.482,0.5649,0.0427,1.1555,0.0968,-0.4228,1.0937,-0.004,0.3879,-1.8724,-0.2529,1.3451,0.3697,1.6077,-1.3802,-1.5533,1.1313,0.7582,0.756,0.7535,-0.2496,1.8473,0.2997,-0.5528,-1.2764,0.3656,-0.0978,1.7279,-0.0646,0.5396,-0.0848,0.4503,1.2975,-0.2707,-0.6142,-1.5979,-0.9948,-0.7392,-0.953,-0.9273,-0.3516,-0.2073,-1.544,0.6728,0.0878,-0.6847,-1.0042,0.4319,1.8954,1.8142,-0.9777,-1.2092,-1.7997,-0.0562,0.179,-0.8523,0.0357,0.6401,1.4429,-0.7858,-1.3063,0.4095,0.3863,0.8477,1.0844,-1.3771,1.2998,1.0663,1.575,-0.7993,-0.4332,-0.0338,0.146,-0.1101,-0.1874,-0.8277,1.5103,2.2614,1.0155,-0.8302,0.833,0.8193,0.4667,0.4332,1.0463,0.1177,-0.8792,-1.5171,-2.7884,-0.4965,-0.5088,0.0587,-1.3288,-2.7986,-0.3926,-0.4378,-0.5296,0.9453,1.4434,1.4799,-0.0434,-0.1591,-0.6999,0.044,-0.1764,-0.8292,0.5674,0.945,0.9012,0.875,1.2408,0.4017,0.1654,-1.002,0.3965,-0.8337,-0.4473,-1.3927,0.8607,-0.3057,0.2656,0.5164,0.3398,0.6682,0.6098,0.2737,0.1778,1.132,-0.888,-0.7508,-1.1251,-0.9761,-0.6554,-0.7387,-1.6462,-0.8001,-0.806,0.5459,1.0935,2.2265,1.1946,-0.3614,0.3005,0.0953,0.7922,0.442,-0.0117,-0.3294,-1.0868
"IC18",-2.2474,0.8402,0.736,-0.2485,0.1526,0.1207,0.2421,-1.8081,-1.2073,-2.6616,0.0578,1.4705,0.8383,-0.6445,0.2235,0.1581,0.8859,0.5339,1.2032,-0.9704,-0.4994,-1.0222,-1.652,0.5717,-0.5959,-0.5773,4.1019,1.0225,0.4847,0.5963,1.8311,-0.1242,0.6228,1.3974,-0.2632,0.264,-1.4008,-0.5526,-0.4769,0.7359,0.965,-1.1409,-0.256,2.3341,1.306,1.253,-0.32,-1.6299,-1.0138,-1.1165,-1.8645,0.1998,-0.6307,0.0263,0.2736,-1.1811,0.0852,1.3247,-0.386,1.6468,-0.7071,-0.7875,-1.9264,-0.7243,0.0909,-0.0966,2.0357,1.5809,-1.1464,-1.3529,-2.3015,0.0579,-0.0967,-0.1074,2.1079,0.8187,-0.4341,-0.5408,-1.7557,-0.0216,-0.0208,1.6261,-0.7749,1.7342,0.5527,1.0709,-0.69,0.2365,-0.3597,-0.5729,-0.2264,0.3055,-0.8796,-0.2586,0.7088,0.0717,1.2213,0.9185,0.2051,-0.0974,-0.4463,-0.0169,-0.6316,-0.0911,-0.4037,1.0104,-0.4724,-0.7731,-0.4069,-0.2905,-1.1346,-0.0486,1.1325,-0.3831,2.5174,-0.3659,1.4054,1.6322,0.005,0.7879,0.8678,-0.4584,-0.6495,-2.1626,-0.607,-1.4318,-1.0318,0.7282,1.4534,0.3647,-0.4317,0.138,0.8119,-0.8533,0.2503,-0.5577,-1.6322,-0.9462,0.7981,0.7545,-1.3938,-0.074,0.1741,0.7075,-1.2784,-0.8846,-0.5891,0.3736,0.5969,0.1025,0.6825,-0.1613,0.2647,0.06,-0.0738,-0.1042,-0.3495,-0.1983,0.4128,0.253,-0.3222,0.6369,0.4859,0.3121,0.0923,-0.5887,0.0837,-0.1838,1.4638,0.8805,0.7634,-0.9942,0.2532,-0.6363,1.5101,-1.0453,0.4448,-0.8989,0.0176,-0.806,-1.0666,-0.9478,0.655,1.4689,1.5707,-0.0437,-0.5835,-0.6346,0.6546,1.3201,1.8723,0.7083,-1.3064,-0.2905,1.1896,0.2365,-0.3012,0.4716,0.3325,-1.0982,-1.1933,-0.5887,-1.0195,-1.3044
"IC19",1.7959,-0.3789,0.3881,-0.5084,-0.4709,-0.2629,0.4857,1.958,0.4258,4.9755,1.8523,-1.3465,0.8642,-0.0424,-1.7668,-1.6072,-1.0819,-1.2519,-1.7384,-0.8824,-1.2332,0.1295,-0.0456,-0.7284,-0.3153,-1.1109,1.5578,-1.7234,-0.1095,0.5374,-0.2669,-0.0721,-0.9942,-1.1468,-0.0615,-0.1524,0.9892,-0.6974,0.0575,0.6538,-0.0456,1.3589,0.5106,1.7611,1.0863,-0.265,0.3519,-0.0944,-0.4246,1.3853,-0.0708,-0.2347,-0.2114,0.0014,-0.7372,0.2951,-1.1274,-0.0156,-0.5958,-0.2407,-0.0683,-0.7053,-0.042,-0.2401,-0.4697,-1.1737,-0.3593,0.5957,1.047,-0.6923,-0.0439,-0.0464,-0.243,0.2581,1.1963,1.7671,0.2682,0.491,0.3954,0.589,0.1063,1.0255,0.1812,-0.0013,-0.0813,0.137,0.3685,-0.093,0.2682,1.0201,-1.0553,-0.9489,-1.4836,-2.1922,-2.3962,-1.4546,-0.6889,2.1843,-0.036,1.8034,1.4943,2.3162,0.5856,0.8419,-0.0586,1.3524,0.3646,0.1893,-0.6139,-0.5248,-1.1486,-2.3207,-1.3813,-0.2741,0.4444,0.3341,-0.8258,-0.8097,-0.6676,-1.2561,0.3027,-0.3573,1.3912,0.3354,-0.6438,-1.0385,-0.9424,-0.8406,-0.5358,-0.4809,0.7259,-0.4009,0.5131,0.838,0.7669,-0.7064,0.1575,0.2802,1.505,0.2952,1.4615,0.4029,0.4698,0.8112,1.0176,-1.0918,0.3681,2.005,-0.1213,0.7813,1.0288,1.4232,-0.2157,1.172,0.1024,0.3852,-1.5344,-1.8191,-1.0037,-0.1419,0.6904,-1.2032,0.9965,-0.7923,0.2981,0.2878,0.7339,-0.2282,-0.6551,-2.1664,0.1198,-0.215,-1.0393,-1.7861,-0.5123,-0.7306,-0.9229,-1.1434,-1.2887,-0.1642,0.8523,1.3322,1.736,0.6747,-0.083,-0.9346,-0.5696,-0.218,-0.1568,-0.5208,-0.4024,-0.2156,0.6316,0.4391,-0.1066,-0.272,0.5189,-0.9284,1.4615,0.5026,1.5279,-0.0369,0.5832,0.6507
"IC20",1.2151,0.1239,-0.1623,-1.1217,-0.0016,-1.0073,0.9172,-1.8843,0.5154,-0.2592,0.3891,1.586,-0.0429,-1.2933,-0.351,-0.9541,1.1479,-0.9258,0.4697,-0.9914,0.5357,1.2778,0.2031,1.036,-2.4609,0.0745,0.7979,1.1338,1.35,-1.3994,-1.1251,-0.7089,-0.9344,0.6758,-0.138,-0.2805,-2.2109,-0.6272,0.7446,-0.4461,1.4881,0.2948,0.1992,2.1803,0.355,0.6801,2.0338,1.1893,1.5249,0.2834,-1.0081,-0.2465,-1.3581,-0.4246,1.1764,-1.4773,0.6559,0.8056,0.4935,0.9199,-0.9015,-0.3069,-0.2904,-1.1603,0.1169,-1.5029,0.4776,0.7757,-0.1272,0.6708,-1.8418,-0.5141,0.8876,0.7467,0.7189,-2.4431,-1.1772,-0.4475,-0.3087,0.3584,-1.0424,0.7121,-0.0289,1.066,-1.0625,-0.569,0.322,0.6349,0.5557,-1.0623,0.3186,-1.0812,0.2958,-0.2326,0.7388,-1.3359,0.6474,-1.6206,0.6395,1.1264,0.3615,0.5573,0.2037,0.664,0.5409,1.4608,0.3532,0.9741,-0.3339,-0.5504,-1.1679,0.4559,1.4706,0.6072,-0.02,-1.0529,-0.6599,-0.0973,-0.6422,0.0154,-1.0801,1.5184,1.0753,-0.1837,0.8006,-1.3341,-0.08,-0.0079,-1.8543,-0.591,-1.5615,0.2401,1.4947,1.2472,1.4976,0.0014,0.8959,-0.1243,-1.3484,0.8756,0.4837,0.772,-0.5135,0.3691,-1.7599,0.644,0.3537,-1.1338,0.1738,-2.2025,-0.2594,-1.011,0.3825,0.9344,-0.0877,0.0237,-0.9245,0.0087,-0.9283,0.4602,-1.7042,0.2486,-0.0491,0.0507,0.6994,-0.2048,0.9327,0.7025,1.0979,-0.4984,0.6721,-1.1122,0.0942,-0.9559,0.5442,-0.8515,0.1714,-0.8711,-0.1881,0.5291,0.6483,2.3509,2.2577,1.7518,-1.5157,0.1897,-1.4869,0.3389,-1.3708,1.2516,-0.5116,1.9967,0.9728,1.7117,-0.6692,-1.075,0.6964,-0.9944,-0.0431,-0.3855,0.343,-0.0074,-3.1143,-0.4357
"IC23",-0.9391,1.8906,-0.0024,-0.522,1.5786,-0.1074,-0.1932,-2.2548,-1.9066,0.4456,-1.1731,-1.5003,1.357,1.4799,1.5272,-1.4369,-0.2903,0.4876,-0.8652,0.6154,0.9657,0.1597,-1.5295,-0.6002,0.2329,-1.4503,0.1275,-0.3014,0.8356,1.3165,-0.0085,2.1574,1.3274,1.4796,0.5214,-0.2766,-0.8394,-1.1224,1.6241,-0.6927,-0.0818,-1.2153,-0.919,-1.0474,0.1523,0.4234,1.3937,1.0325,1.5803,0.5864,-1.0212,0.4404,0.3731,-0.3825,-0.3012,-0.7659,-3.2984,0.6307,-0.4648,1.4405,1.3999,-1.1373,-0.5289,-0.2452,0.2754,-0.4042,-1.3649,0.0403,-0.7619,-1.0871,-0.0962,-0.4412,-1.7694,-1.0371,1.0384,0.6403,0.8805,2.5786,-0.1169,0.1299,0.1837,2.5964,0.5419,0.7598,-0.5987,0.1177,0.1462,0.2914,0.6825,0.1607,-0.9212,-0.6665,-1.2344,0.0486,0.3568,1.5911,1.1462,0.7265,-1.5786,-0.0472,-0.5584,-1.0223,-1.4912,-0.6596,-0.4664,-0.0666,-2.3774,-1.178,-1.0612,-0.7739,0.9432,-0.1361,1.1803,0.2015,1.0173,0.8475,1.4213,0.1987,0.8995,0.9735,-0.0035,-1.3322,0.7506,0.2633,1.0475,0.4659,-1.2139,0.9969,-0.1359,0.4061,0.418,0.2995,1.5634,-0.1039,0.2553,-0.9142,-2.3051,0.6198,0.5096,-0.1066,0.092,-0.965,1.4279,0.5523,0.0367,-2.598,0.5173,0.5057,-1.8419,0.331,-0.8603,-0.7741,-2.1466,-0.2815,-0.131,-0.3028,-0.1572,0.8995,0.6739,-0.3991,0.382,-1.2603,1.3326,-0.3694,1.0168,-0.2199,0.2426,-0.6772,0.4669,-0.3267,1.7612,-0.1848,-0.324,0.2327,1.1238,-0.2469,-0.34,0.4845,1.2005,0.0398,-0.0059,-0.6141,0.4018,-0.4372,0.4334,0.9065,1.2122,-0.0403,0.5283,-0.5394,0.2686,-0.179,-0.5773,-0.3701,1.6702,-0.2481,-1.4105,-0.7986,-0.3842,-0.6012,0.7284,-2.0636,0.8926,-0.0267
"IC24",0.6535,-1.1001,1.3271,-0.8723,-1.109,-0.0563,-0.732,1.4389,0.4188,-0.3739,-1.2111,0.048,1.8453,-1.804,-0.7722,-0.7796,0.6168,1.2773,0.2448,1.0465,-0.4717,-0.4326,-1.3252,-0.2231,1.8293,0.2334,1.4877,0.0482,-0.4884,-0.8158,0.3406,0.8986,-0.873,-0.5102,-1.6444,-0.2004,0.5239,0.1148,-0.0486,1.1458,-0.9331,1.8125,-1.0508,0.2692,0.9588,1.6503,0.8958,-0.0798,-0.8288,0.9864,-1.8163,-0.5895,0.6771,-0.7776,-0.4372,1.2402,-0.3464,-0.525,-1.588,-0.1879,1.2085,1.2059,1.0156,-1.3707,0.4048,0.4381,-0.0656,0.9226,-1.4009,-0.6362,0.8931,0.3265,-0.8873,-1.7766,-0.8132,1.9072,-0.1857,-0.859,-2.191,-0.2192,0.0692,0.8042,-1.6945,0.8148,-0.3024,-1.0002,0.1289,-0.0319,0.509,-1.3887,-0.129,0.4682,0.3478,1.6755,0.7101,2.2552,0.1878,1.69,0.1755,1.9321,-0.9102,0.739,-1.3243,0.9075,-1.3817,2.0742,-0.66,-0.3405,-1.4355,-0.4902,0.5368,-0.0938,-0.2094,-2.0207,0.7982,1.0297,0.1625,0.1947,-0.3366,-0.8399,1.0459,-1.1916,-0.1848,-1.7336,0.1977,1.2227,0.8618,0.1912,0.0835,-0.9377,1.2073,-0.3815,0.3058,-1.8794,0.0231,0.1674,-0.9673,0.5789,-0.4455,-0.1521,-1.1799,0.1093,0.1752,0.1966,0.6905,-0.5178,0.9658,-0.5604,-0.0315,0.7979,-0.5983,1.8386,0.0111,0.3261,-1.4528,0.4772,-1.7517,-0.5634,1.7137,-0.528,1.1734,0.1059,1.7431,-1.0781,0.8959,-1.5013,0.2985,-2.1509,0.6184,0.4981,0.0211,0.0072,0.1131,0.0903,1.2256,1.2042,1.4873,0.7097,0.4962,-0.4986,-2.0183,-1.0028,-1.5906,-0.1073,1.0111,-0.8248,0.8181,-1.0635,0.439,-0.8226,1.1635,0.1152,-0.7438,0.3532,-0.361,0.5804,1.0329,0.8301,0.9374,-2.3507,0.7672,-1.2702,0.9269,-0.9725
"IC26",-1.1356,-0.8152,0.5378,0.0843,0.3993,-1.3678,-1.0358,-1.26,0.1233,0.4798,2.15,1.8966,1.8071,0.2745,0.7621,-0.5426,0.0182,-1.3633,1.5742,0.3823,-0.2723,-0.0004,-1.3807,1.422,0.2535,-0.0706,1.3621,-0.9131,-1.0252,-1.8263,-0.5793,-0.5389,-1.2739,0.4719,0.7108,0.3643,-1.5178,-0.6797,0.4336,0.5823,0.4802,1.7293,-0.2306,-0.0459,-1.2172,0.6865,1.5338,0.5017,0.06,1.6726,-1.1055,-0.7133,-1.0727,-0.454,0.2424,-1.925,-0.6593,0.7977,0.2609,1.1882,-0.5468,0.7759,0.9842,0.1008,0.4416,-2.0877,-0.8715,0.5509,-0.2132,-0.2166,-2.1188,0.2169,0.387,-0.4057,0.2034,-0.5589,-0.2306,1.2224,-0.2982,0.6855,-0.7406,0.1869,-0.7486,1.2564,-0.1858,0.2546,1.3794,-0.251,0.8644,0.0596,0.708,-0.0866,-0.775,-0.6462,0.0032,-1.0008,0.4883,-0.1857,0.2872,2.546,0.5313,0.6399,-0.5156,1.7961,1.1032,2.9165,0.6041,1.0891,-0.5173,-0.3211,-1.5425,-1.6666,-0.6025,-1.5938,-0.0812,-1.1786,-2.0483,-0.7915,-1.4484,-1.0009,-1.3301,0.2056,0.3739,-1.015,-0.1535,-1.9932,-0.3522,1.1383,-0.0426,-0.1523,0.3608,-0.0479,1.6816,-0.2599,0.9521,0.1917,1.2218,0.4705,0.1807,0.9482,0.6882,1.3327,0.7039,0.7672,-2.1104,-1.592,0.5762,0.5078,0.4304,-1.2574,-0.7949,1.2306,-0.3607,0.7505,0.0762,1.7697,0.2094,0.2868,-0.8672,0.9375,1.4235,0.4518,1.3966,-0.9275,0.3874,-1.2119,0.4558,-1.0713,0.2432,-1.4492,0.7978,-2.3315,-0.8135,-2.0606,0.4388,-0.8776,1.2379,0.3195,-0.6366,0.5313,-0.5996,0.4065,0.2708,0.948,0.2272,0.3371,-1.2423,-0.1664,-0.7189,-0.0341,-1.338,-0.5464,0.5393,0.8227,0.5736,-0.8064,1.6515,-0.5235,0.4117,-0.3385,2.4661,0.0533,-1.0723,-0.3153
"IC27",-2.1637,0.6699,-0.7636,-0.0699,0.1502,0.5436,-0.4316,0.0451,1.0182,0.9434,3.1714,2.6184,-0.0895,0.2983,-0.9564,0.646,-0.1679,-0.1118,-0.4845,-0.4689,0.523,0.6811,1.2114,-1.3028,-1.5969,-0.7742,-0.8845,-1.0128,-2.7403,1.0821,2.2764,-0.0652,-0.0725,-1.204,-0.0312,-0.7128,-1.1782,-0.1351,-0.0905,-0.9412,0.0939,-0.2671,0.8385,-0.9817,-0.75,-0.4674,-1.1937,-0.2812,-0.1951,0.3661,1.1281,0.2235,0.1872,0.9825,-1.7441,-1.3083,-1.0305,-0.4023,0.5575,1.1846,1.3584,1.8103,1.3066,2.9308,1.5771,1.3168,1.5318,-0.589,0.3244,-0.8287,-1.1463,0.405,-0.951,-0.0128,0.7831,0.141,0.9202,-0.5094,0.039,-0.5694,-0.7542,-1.2157,0.4344,-1.0204,-0.3756,-0.3766,-0.424,-0.2742,0.05,0.3546,-0.631,-0.5426,-0.7093,-0.2561,-0.8295,-0.7227,0.2778,-0.6333,0.6247,0.0557,-0.0558,-0.4277,0.1486,1.1075,2.1471,0.0859,-0.0573,-0.1328,1.5826,1.3092,-0.5334,-0.5681,0.1327,0.6544,-0.4193,0.2238,0.545,-1.0506,-0.9694,-1.4716,-1.7893,0.2645,-0.1679,0.4616,-0.2444,-0.7504,0.2243,-0.1565,-0.1143,-0.2719,-0.3571,0.5934,0.6077,1.2393,0.2818,0.3917,0.083,-0.8746,-0.5083,-1.2228,-0.6786,-1.7021,0.1056,-0.048,1.5581,1.0299,-0.1286,0.6183,-0.1899,1.8177,1.9535,1.391,1.7414,1.4858,1.5871,0.019,0.5336,-0.2453,0.2682,1.26,0.3821,0.403,-0.9681,-1.0605,-0.9739,-1.4696,-1.2981,-0.8988,-2.6744,-1.9529,-1.5683,-2.6105,-1.11,-0.0637,0.8863,-0.1158,0.0751,-0.1148,0.0446,-0.4826,0.6378,0.373,2.2806,-0.2827,0.5052,-0.3318,-0.8942,-0.6902,-0.4191,0.5863,1.1883,0.4959,2.1562,0.3295,0.8225,-0.0149,0.5972,-0.7672,-1.138,0.0909,-0.2314,0.6509,-0.0109,0.0803
"IC29",-0.3084,0.6269,0.9714,-0.62,-1.0122,-1.4303,-0.5556,-0.373,-0.1163,2.4271,3.1729,3.1046,0.6058,-1.2694,-1.4903,-1.8454,-0.5479,-0.3454,0.3236,-0.5211,-0.775,-0.1763,0.9341,0.998,-0.1899,-0.0575,1.5119,1.0749,-0.4682,-2.1417,-1.9567,-1.8122,-0.9771,-0.2052,0.3544,0.9003,0.4995,0.0205,-0.3312,-0.1737,-0.312,-0.9138,-0.7439,1.2378,0.6841,1.3861,0.6236,0.5959,0.4614,0.2971,0.3123,-0.7166,-1.5007,-0.3895,1.0239,1.604,1.7341,0.8596,-0.2633,-0.5356,-0.6139,0.1031,0.4084,0.2718,-0.3357,-1.5419,-1.3739,-1.8486,-0.9297,-0.3292,-0.097,-0.3824,0.0094,-0.4951,0.0008,0.3255,0.0337,0.1133,-0.3414,0.4687,0.4934,2.0742,2.0823,1.0998,0.0515,-0.6374,-1.0442,0.2924,-0.3605,-0.4237,-0.9136,0.051,1.3796,1.4787,0.6854,-0.012,-0.3846,-0.7423,-0.8538,-1.1798,-0.8759,0.7191,0.6016,0.6016,0.5051,1.3622,1.6216,2.1957,0.9673,-0.4118,-1.7707,-1.417,-2.5135,-2.001,-0.0961,-0.637,-1.0164,-1.5373,-0.7918,-0.554,0.5839,-0.2285,-1.0797,-0.3991,0.4116,1.856,2.0673,0.6731,-0.3746,-1.3422,-1.8203,-0.744,0.8419,1.0137,1.47,1.4006,1.5547,1.0707,1.2014,1.2382,0.553,-0.1747,0.2977,0.0684,0.2098,0.2006,-1.7381,-1.2316,-0.8661,-0.7535,-0.3546,-1.3186,-0.1952,-0.0366,-0.3123,0.2336,-0.1681,0.3089,0.9052,0.4629,0.6913,1.3785,0.4115,-0.1481,-0.8311,-0.9019,-0.0855,0.1601,0.1734,-0.1999,-0.7197,-1.0778,-0.9899,-1.0513,0.4385,0.3954,0.7281,0.0377,0.3691,-0.2019,0.5873,1.1337,1.4294,-0.0639,-0.2022,-0.4981,-0.1944,0.3378,-0.3869,-1.0466,-1.8648,-1.5177,-0.6396,-0.1641,0.0191,1.4318,1.0335,0.4086,0.6158,0.1333,-0.4493,0.1761,0.7384,0.1161
"IC31",-0.4145,0.016,-0.2058,-2.2837,-0.156,-1.3537,-0.7587,-2.3935,-1.4587,0.7668,4.417,2.0059,0.3897,-1.3377,0.0612,-0.8901,0.2891,-1.1126,1.6219,-0.7535,-0.4063,-0.9793,-1.8242,0.2651,-0.8381,-0.8566,2.5672,0.6532,2.9508,2.2682,2.6071,1.1596,0.2791,1.2038,0.868,0.8332,-0.3217,-0.5205,0.4331,0.4155,0.4503,-0.2169,-1.5106,0.2936,-0.933,0.2781,0.6977,-0.6814,-1.2448,0.815,-1.9567,-1.2669,-1.6458,-1.2176,0.4193,-0.8647,-0.2093,1.8022,0.2638,0.8324,-0.9585,-0.9264,-1.4752,-0.2779,1.5282,-0.885,-0.0248,1.1997,-0.7717,-0.6224,-1.8392,-0.3698,0.0697,-0.1782,0.0497,-1.2167,-0.8933,1.2596,-0.21,-0.098,-1.0434,1.329,-0.1125,0.7485,-0.0955,0.4191,0.9276,1.0386,0.8533,-0.2897,0.1567,0.3706,0.5128,0.4162,0.9597,-0.6654,0.3006,0.1697,0.4238,1.7408,0.5016,1.3322,0.3398,1.2508,0.6751,1.3033,-1.0559,-0.618,-0.3314,-0.3121,-1.0923,-0.374,0.6309,-0.7472,0.1432,-1.0487,-0.1717,0.8638,-0.7587,-1.2063,-1.2929,0.1655,0.0512,-1.3764,0.0305,-1.8299,-0.4989,0.8097,-0.6584,-0.8593,-0.1139,-0.4566,0.4984,-0.9733,-0.3205,-1.0434,-0.413,0.1284,0.4396,1.295,0.7846,0.7657,0.1795,0.6766,-1.8621,-0.5186,1.1791,0.9138,0.723,-0.2956,0.3375,0.792,0.2225,0.4329,-0.3693,0.9716,0.3941,-0.0591,-0.4632,0.4174,0.3149,1.2389,1.651,-0.1299,0.5264,-1.1371,0.0612,-0.8156,0.1131,-1.2968,0.3828,-1.5493,0.323,-1.2798,0.2742,-0.8211,0.6486,-0.5812,-0.4353,0.9393,-0.0073,0.3246,0.3772,0.3707,-0.4575,0.8309,-0.2304,0.5949,0.6503,1.9815,0.2805,1.0914,-0.0107,0.1243,-0.0306,-1.0416,-0.3105,-1.4752,0.1528,-0.703,0.3526,-0.7901,-1.3016,-0.16
"IC33",-1.483,0.3072,-1.6009,-0.5675,-1.0456,0.7364,-0.0271,0.0165,0.703,-0.0986,-0.3107,1.5362,0.4865,-0.046,-0.5808,0.6297,-0.2307,0.4414,-0.4179,0.5611,0.1695,1.253,0.7155,-1.051,-1.2287,-0.297,-0.848,-0.9863,2.388,4.3787,4.2787,3.1502,1.8068,0.1304,-0.0906,-1.1361,-0.8461,-1.6401,-1.4866,-1.9192,-1.7217,-0.8639,0.2017,-0.5249,-0.7015,-1.6208,-1.5427,-1.1576,-1.3471,-1.6314,-0.9562,-0.2282,0.205,0.3358,-1.3259,-0.1121,-0.9596,-0.5448,0.549,0.4729,0.9443,1.0551,1.0254,0.9357,-0.318,1.0758,1.4512,0.3062,1.0103,-0.8867,-0.1915,0.4252,0.0328,0.6088,0.9969,-0.1688,0.8744,0.3817,0.963,-0.1742,0.8448,-0.3102,1.2782,-0.6479,0.2231,-0.8082,0.0435,-0.1967,1.2838,-0.3652,0.0454,0.2559,-0.3953,-1.5646,-2.0682,-1.4722,-0.1109,-1.2664,0.772,1.4987,0.3803,-0.5006,0.343,0.8845,0.5579,-0.4241,-0.1512,-0.7059,0.6152,0.94,-0.1156,-0.7909,-0.4382,1.9529,-0.6081,-0.0666,-0.3626,0.188,0.1637,0.0873,-1.4291,0.0396,-0.2752,-0.4463,-1.543,-0.8308,-0.3543,-0.311,-0.8972,0.3201,0.4303,1.146,0.425,0.3945,-0.1973,-0.4625,0.9119,0.7801,-0.2661,-0.6583,-1.4957,-1.481,-0.8863,-0.7525,1.2663,0.1251,1.1892,0.6519,0.309,1.3221,1.2914,1.9834,0.7668,0.5849,0.1161,-0.675,-0.2399,1.1058,0.4637,1.0874,1.1759,0.3408,0.2935,-0.9485,0.0751,0.2403,-0.1045,-0.2453,-1.5062,-1.1441,-1.2985,-0.4494,-1.7775,0.6533,-1.379,-0.2667,-1.5249,0.1973,-0.0598,0.3107,0.0011,0.6725,0.3865,-0.0553,-0.6513,0.1196,-0.8967,-0.4864,0.0566,0.7288,0.4471,-0.4159,1.8117,0.8383,1.1472,0.3835,-0.3332,-0.7395,-0.8585,0.39,0.0501,0.156,-0.4261,-0.0304
"IC36",2.4348,0.9966,-0.0065,0.3195,-1.0104,0.586,0.6771,2.2711,1.8047,0.6419,1.8765,2.0074,-0.5174,-0.4558,-1.5069,-1.2557,-0.0451,0.297,-0.5942,-1.4426,-1.1214,-0.7646,0.4998,-0.1455,-1.1462,0.7727,-0.003,-1.7485,-3.3424,-2.0506,-0.9463,-3.0694,-0.5761,-0.2266,0.3363,0.0634,0.4475,0.9412,-0.8323,-0.8752,-0.3079,-0.6067,0.1792,1.3255,0.9635,-0.0564,-0.1146,0.8589,0.4225,-0.3962,0.5675,0.9229,-0.155,0.0475,-0.2356,0.5445,1.3862,1.0478,0.6081,1.2274,1.1346,1.4907,0.2322,0.0799,-0.544,-0.1168,-0.1092,-2.0363,-0.5104,-0.0959,1.0761,-0.1443,-0.7492,-0.4039,0.1871,-0.0305,0.6748,-0.902,0.1033,0.536,0.714,-0.7462,0.7041,0.1519,0.215,0.1735,-1.1688,0.1316,-1.0315,-0.584,-0.2364,-0.5379,0.9186,0.1838,0.315,0.0256,-0.5239,-0.0664,0.8893,-0.4544,0.5555,0.8786,-0.0228,-0.1818,0.4379,0.2358,0.5872,0.8615,-0.2166,0.4777,-1.5199,0.1308,-1.8944,-0.9536,-0.5088,-1.6768,-1.6297,-1.3656,-1.0237,0.2238,-0.0612,0.8535,-1.256,0.2195,-0.0256,1.3197,1.1491,0.0011,0.2829,0.1642,-0.7272,0.4152,0.2962,0.7773,1.1225,0.468,1.7285,0.085,1.782,0.3076,0.491,-0.8599,-1.5299,-1.0234,-0.1432,0.51,-1.7673,-0.8487,0.6288,1.4214,1.4322,-0.4285,0.8652,1.5107,1.3424,0.5232,-0.2666,1.1531,0.8256,1.4087,0.5556,0.9678,-1.2705,-0.5123,-0.2963,0.2971,-0.5045,-0.5253,0.0467,-1.1215,-1.2551,-1.1141,-1.0042,-0.7803,-0.9551,-1.4497,-0.9183,-1.4382,-1.2627,-2.0791,-0.6735,0.0544,-0.1097,-0.4492,-1.0063,-0.4251,0.9951,1.071,0.3393,-0.1538,-0.9554,-1.8621,-0.7372,-0.5014,0.7143,0.728,2.4518,0.9623,1.5681,0.2949,-0.7329,1.9243,1.6399,1.4754
"IC37",-0.7084,-0.0027,-0.3221,-0.6887,-0.0316,0.0352,0.3875,1.7239,1.1338,-2.3132,-0.7069,0.7173,0.4193,-0.2593,0.0883,-1.0531,0.7061,0.2923,1.0974,0.1549,-0.0309,0.167,-1.0548,-0.2307,-0.5945,-0.7517,0.3646,-1.146,-0.9336,0.6068,2.3227,0.082,0.3968,0.1886,0.2251,0.0372,-0.2716,0.1904,-0.6146,-1.0953,-1.3406,-1.2896,-0.8137,1.7564,-0.0622,0.1176,0.7518,0.8094,1.3637,0.7755,-0.729,0.8516,-0.8725,-0.5432,-0.3078,0.9039,1.2477,3.2532,0.8893,1.6722,-0.0719,0.6035,-0.2415,-0.4823,-0.003,-0.4756,0.9719,-0.8199,0.1827,-1.8069,-1.9848,-0.6174,-0.1896,-0.55,0.8508,-0.256,-0.4912,-1.4003,-1.8354,-1.5197,-2.3152,-0.9989,-0.246,1.763,1.2546,0.9019,0.0907,-0.1075,-0.7437,-0.6371,-1.1857,-1.806,-1.2546,-0.5601,0.1556,-0.1127,0.122,0.3768,1.1637,1.6922,1.2754,1.9586,0.4933,2.3947,2.1728,3.0836,0.0011,-0.9344,-1.9448,0.3974,-0.4019,1.6231,0.8949,0.154,0.4011,-1.3765,-0.3932,0.4155,-0.8354,0.5232,-0.6968,1.2911,-0.0645,0.2496,0.5414,-0.8544,-1.9374,-1.1851,-0.9154,-0.6154,-0.0636,0.7765,2.321,0.1198,1.2247,-0.5224,0.119,-2.8012,-1.183,-1.6688,-0.6389,-0.4953,-0.1317,0.4217,-0.4043,-0.9619,-0.8663,-0.2466,-0.2242,-0.2463,-0.1931,-0.4457,-0.3487,0.9575,-0.3092,0.9933,-0.1186,0.3891,0.3459,0.7218,0.4151,0.1887,-0.2044,-0.0217,1.4117,1.0615,2.3414,0.2071,1.1582,-0.8799,1.0235,0.3346,0.0293,-0.8557,0.1961,-0.6022,1.1814,-0.3365,0.0103,-0.4514,-1.1062,0.2343,0.7389,1.1088,-0.1136,-0.4002,-0.1382,-0.9323,-0.504,-0.0319,0.1738,-0.4412,0.0331,-1.7105,-0.6468,-1.1781,1.0019,-0.255,2.0108,0.1824,-0.5923,-0.4474,0.0407,0.152
"IC38",0.3147,1.214,0.8128,-0.4635,0.2557,0.0572,0.8179,1.4558,0.2644,-4.7164,-1.5791,1.6492,-0.6776,-1.6928,-1.1413,-1.1772,0.7619,1.1547,0.3064,-0.6353,-0.5548,-1.204,-0.3483,-0.1074,0.3538,-0.4189,1.1953,0.2892,1.2541,0.1477,1.8403,-0.0745,0.2451,0.2692,-0.1616,-0.2193,-0.1238,-0.2087,0.3,0.9741,0.7532,0.2987,0.2478,0.4855,1.2227,0.5618,0.5635,-0.2093,-0.1942,-0.3024,-2.0679,-1.2033,-0.2972,-0.1493,0.6902,1.0067,0.2502,0.7091,-0.2803,0.2567,1.5843,0.6499,-0.4566,-1.042,-1.2877,-2.064,-1.0378,-1.0785,-0.3709,0.8367,0.7736,-0.1434,-0.909,-0.8527,0.5819,0.5913,-1.1783,-1.0703,-1.0919,0.9555,0.4298,1.3284,1.4372,0.1757,-1.4507,-1.232,-2.4776,1.6914,1.5296,0.4702,0.2948,0.8474,0.9512,0.5325,0.3424,0.6558,-0.682,-0.4211,-0.9153,-0.8784,-0.1261,1.6002,0.7234,-0.2981,0.6063,1.2408,1.056,2.4453,1.2667,0.9148,-1.6497,-2.4096,-1.6387,-1.7304,-0.2327,-0.616,0.1964,-0.3478,-1.0632,-1.0678,0.1201,0.3335,0.145,-0.4461,-0.0897,0.5764,0.4514,-0.1476,-0.7628,-2.0272,-1.3446,-0.213,1.3285,1.295,1.2447,1.509,1.2685,-0.3528,-0.1606,0.3123,0.5759,0.6193,1.8662,1.2997,0.665,-0.1375,-1.256,-0.2783,0.2404,0.1635,0.1324,-1.7412,-2.6136,-1.5886,0.4617,0.3213,-0.5306,-0.6213,0.7439,0.6208,-0.7383,-0.5145,-0.999,-1.2812,-0.5635,0.0616,0.1623,0.6079,1.0531,0.5093,0.1952,-0.3487,0.32,-0.0758,0.7171,-0.0017,1.1292,-0.4968,0.1167,-0.5557,0.1342,-0.0429,1.4614,0.5431,0.5932,-0.4159,0.019,-1.2721,-0.6353,-0.2781,0.933,1.4156,1.2913,0.3724,0.4541,0.2397,0.8336,-0.34,-0.3024,-0.2844,-1.8956,0.1755,-0.554,-1.3863
"IC41",1.3227,1.4572,-0.762,-2.4855,-0.3863,-2.0988,-0.0693,1.9943,0.2007,0.0981,-0.9817,0.47,1.2915,-0.6827,-0.0115,-0.8161,0.6905,0.2727,0.1326,0.5074,-1.4493,-0.4484,-1.0396,0.5031,1.2973,0.2319,2.6522,1.5803,0.1823,-2.4689,-2.3486,-0.309,-0.3233,0.3169,-1.5799,-0.2798,0.2079,-1.1046,0.5857,-0.3906,-0.0413,1.8698,0.7928,0.4298,1.4917,1.0678,1.5797,-1.4473,-0.9541,-0.0173,-1.075,-0.2605,0.8823,0.3429,0.3068,0.1659,-0.1862,1.3169,0.457,0.8693,1.602,0.7695,0.2345,-0.655,-0.9425,-1.8866,-0.9268,0.916,-0.3774,0.3944,0.4882,-0.4123,-0.1577,-1.7121,-0.6117,0.5591,-1.9158,-1.2294,-2.0677,0.3963,-0.2039,0.5973,-0.4107,0.0756,-1.3044,-0.7757,0.4414,0.4084,1.6947,0.6138,0.3,-0.0032,0.8614,-0.2389,0.6837,1.2951,1.3048,1.0582,-1.1882,0.4631,0.1154,0.8431,-0.4019,0.8867,-0.7359,0.7023,-1.0626,-0.7113,-1.5681,-1.2911,1.0343,-0.2886,-0.6993,-1.8441,0.5257,1.5435,0.5923,1.1545,-1.2724,0.6346,2.4723,-0.7534,0.1691,0.0876,-0.171,0.1523,-0.9095,-0.3238,-2.0762,-0.1219,1.8711,0.0257,1.5344,-0.2672,0.8689,0.1226,-0.9566,0.2896,0.5185,1.0482,-1.485,-0.1674,-1.6308,0.4756,0.5613,-0.9108,0.505,0.0232,0.1064,-1.4004,0.0171,1.2689,-0.4559,1.002,-0.8445,-0.4062,-2.0423,-1.5571,-0.694,-0.6505,0.2006,-1.4306,1.2074,1.0395,1.1521,-0.0364,0.5802,-0.5102,0.6602,-0.1618,0.1022,0.9468,-0.0958,-0.2167,0.3727,1.4911,0.7913,0.6842,-0.5637,0.3922,-0.0631,0.6616,0.1974,1.1642,-0.339,-0.2714,-0.9012,-0.4555,-0.943,-0.3065,-0.0626,0.6921,-1.7393,0.3556,1.0832,2.3472,0.0261,-0.7498,-0.1589,-0.3854,1.0182,-1.4026,-1.0089,-0.5043
"IC42",1.2319,2.8915,0.7745,0.273,-1.0175,-0.9466,-0.277,0.9989,-0.3819,-0.545,1.0756,1.2263,-0.5182,-2.7848,-2.7681,-2.7314,-1.4329,-0.1391,0.017,0.2992,1.7371,0.7829,1.6172,0.4634,0.9527,0.1578,-0.4867,-0.8241,-1.4751,1.293,-0.46,-1.126,0.5745,0.0656,1.788,1.1145,0.7356,0.1977,-1.0422,-1.8974,-1.2927,-0.7757,-0.2931,-0.6945,0.3846,0.0311,-0.723,1.853,0.4228,0.3022,-0.3962,0.0886,0.0655,0.757,-0.0544,-0.3708,0.579,1.0358,0.3586,0.2185,1.5079,1.5828,-0.1161,0.906,-0.3167,-0.1599,0.0589,-0.0266,0.4067,-1.2354,-0.1175,-0.0041,-0.2219,1.2313,-0.8437,-0.4712,0.077,-1.7108,-0.8232,-1.6562,-0.0556,-1.5792,0.7999,-0.8608,-0.5238,-0.9348,-1.0168,0.2466,0.231,1.8437,-0.1428,-0.9708,-0.4571,0.5921,0.2979,1.4136,-0.7642,1.0333,-0.7516,-0.4807,1.4236,1.0105,1.5136,0.6533,1.7348,-0.4045,0.9392,-0.138,1.4405,-0.7652,-0.9737,-0.1328,-1.4878,-0.9859,-1.262,0.3585,0.9903,-0.28,-0.0023,-1.0516,-1.844,1.1455,0.7215,1.0738,-0.098,-0.0639,-1.2436,-1.8095,0.1224,-0.8049,1.3688,1.2039,-0.3979,1.3889,0.9986,1.6478,-0.9576,-0.3713,0.9295,-0.1938,0.8421,-0.3639,0.0623,-0.4926,-0.5784,0.2392,-0.5738,-1.3762,-2.0551,-0.7722,-1.115,-1.1206,2.1235,0.966,1.2185,-0.8056,-0.52,-0.7813,0.0192,0.0114,1.52,1.939,-0.1313,1.5806,0.366,0.8128,0.2864,0.8517,-0.0363,-0.4584,-1.536,-0.1158,-1.3282,0.0698,-0.9755,0.2699,-1.3452,-1.1916,-0.1818,-1.0156,0.5233,0.0468,-0.455,-0.4171,-0.7104,-0.6278,1.4895,0.0089,1.1773,0.1866,2.1497,0.678,-0.1365,-0.2942,-0.5416,0.3031,0.1679,1.2664,-0.2276,-0.2052,-0.1488,-0.3638,0.0283,-0.4998
"IC43",1.5216,1.6403,-1.4165,-0.3508,-2.0468,0.2605,-1.116,1.1037,0.4522,-3.7806,-0.1979,0.6331,0.435,1.9018,-0.5939,1.1248,0.4351,0.7704,-0.0015,-0.035,-0.9427,-2.6063,-0.5771,-1.5393,0.5774,0.0535,0.1105,0.9345,-0.4327,1.7595,2.6312,0.7454,1.6624,-0.9373,0.2331,-1.6839,0.5946,0.5837,-1.3924,0.9072,-0.8558,-0.3932,0.669,-0.5666,1.0945,0.5962,-0.2243,0.7054,-1.6584,-0.2852,-0.0244,-0.8774,0.8696,0.52,-1.9392,1.2887,0.2041,-0.9215,0.869,0.1082,1.2715,0.7334,-0.3325,0.9301,-1.476,0.9334,1.0138,-0.1584,0.7729,-2.3375,-0.3366,-0.9545,-2.4136,-0.15,-0.8832,0.7617,0.2003,-0.7005,0.549,-1.5632,0.2864,-0.4941,1.2307,-0.9904,1.0701,-0.0965,-0.2059,0.6612,-0.0329,1.0529,-1.341,0.2711,-0.5921,1.3439,0.0593,1.8369,-0.3024,1.0082,-0.7828,0.0521,0.687,-0.5244,0.7727,-0.4993,0.7977,-0.6907,-0.4551,-0.9561,0.5401,0.4841,0.4586,0.5111,-0.9748,0.3927,-0.5784,0.2945,0.2714,-0.4422,1.0315,0.2238,0.3925,0.0698,-0.121,1.3559,-1.0518,0.9759,-0.7771,-1.5828,0.351,-1.3869,0.9091,0.6467,-1.2425,-0.1102,-0.7848,0.7735,-0.3586,-0.78,1.1241,-1.5927,0.3693,-1.6963,0.6352,-0.9875,1.3321,-0.7265,-0.6962,1.5683,-1.8043,0.5548,-0.6703,0.7003,0.2965,0.0572,1.2388,-0.5182,0.6484,0.0672,1.0897,-0.7476,1.2227,-0.3153,-0.0739,0.5812,0.1123,1.0393,-1.2585,0.1055,-0.4829,0.4192,0.2653,0.9512,-0.809,0.1715,0.3366,0.6839,0.3555,0.1571,-1.0675,-1.179,0.1195,-1.3679,1.0971,-1.1669,-0.0003,-1.2736,1.0877,-1.264,0.7922,-0.2467,1.2129,-0.9929,1.2462,-0.6476,1.4711,1.9224,1.1051,-0.2239,-0.8083,0.1967,0.01,-1.0016,0.1995,-2.0415
"IC44",0.8122,-1.3581,-1.8167,-1.4185,0.3761,-0.653,0.5007,-1.6931,1.2196,1.0014,-0.4916,-0.5533,-1.1042,0.4765,1.6305,1.1436,1.1692,-0.5796,1.8854,-0.2259,-0.137,-1.0135,-1.3868,0.2814,-1.0484,0.2859,0.0775,2.3948,2.0174,-1.4952,0.4856,0.748,-0.6405,-0.5265,-0.1078,-0.2041,-0.6197,0.0825,-0.2627,0.809,1.9735,1.317,1.0593,0.102,-0.8519,-0.2655,-0.3217,-0.4987,-0.3165,-0.1896,0.5147,-0.5577,-1.2028,0.2745,0.6752,-0.9664,1.3114,0.624,0.3494,0.2891,-2.1441,-2.0253,-1.3468,0.5286,0.6352,0.4694,1.7206,1.3443,0.4134,-0.2274,-1.9183,-0.9937,-0.8794,-0.5108,-0.0669,-2.5045,-1.0507,-0.7757,-0.7887,-0.2881,-0.7589,1.0544,-0.2496,0.8635,1.145,1.0885,1.9668,1.6642,1.3394,0.8653,0.0069,-0.4065,-0.0333,-0.0372,1.3588,-0.7398,1.2538,-0.9045,0.891,0.2085,-0.3029,-0.5338,-0.1121,0.8266,-0.7075,-1.5673,-1.3474,-0.9607,-1.5002,0.4127,-0.0376,0.3607,0.0956,0.9091,1.1275,0.0134,0.6443,0.6649,0.7844,0.9632,-0.7576,1.7028,0.2403,-0.1053,-0.9067,-1.548,-0.1717,-0.1314,0.2596,0.9751,-0.9373,-0.267,-0.5577,-1.3242,-1.2253,-2.0825,-0.0336,-0.6376,-0.5126,0.5372,0.2078,0.1032,0.068,1.1291,-0.8886,0.4902,1.29,2.0949,0.5527,-0.5159,0.544,-0.551,0.3373,0.7289,0.2627,0.5598,0.5702,-0.8926,-2.9529,-0.3577,-1.6234,0.1954,-0.1003,0.3349,0.6846,0.4766,0.3982,-0.4346,-0.0478,-0.0905,2.4661,-0.2234,0.642,-0.5623,0.5494,-1.5581,0.5414,-0.8498,-1.1583,1.0369,1.8864,1.3385,0.5035,0.3223,-0.6388,0.5624,-1.5179,0.0021,-0.8079,1.3361,0.2232,1.4051,0.6611,0.7587,0.6324,-2.2667,-0.4093,-1.863,-0.3408,0.3726,0.2693,-0.381,-1.1894,-0.1129
"IC45",0.6913,3.6526,1.4429,-0.2327,-0.5336,-0.8121,-0.1264,-0.7684,-2.143,0.0718,0.1698,0.2336,1.1321,0.9031,-0.985,-1.8316,-1.0713,1.4394,0.1884,0.0397,-0.3528,-1.4817,-0.5249,0.0155,0.2291,-2.2207,-0.2412,0.1022,0.2086,-1.2809,0.7262,1.2421,1.2458,0.6133,-0.0441,-0.56,0.6294,-1.1224,0.5913,-0.6996,-0.773,-0.399,1.3722,-0.7292,1.5786,-0.6551,-0.0657,-0.2762,0.7006,1.0397,0.0004,-0.6853,0.6204,1.0104,0.5025,-0.6628,-2.0726,-0.0436,0.3992,1.0818,1.5729,-0.765,0.7274,1.6844,-0.1127,-0.0003,0.026,0.2287,-0.417,0.0102,-0.1172,-1.0292,-2.2871,-1.9967,-0.0788,0.1938,-1.5952,0.5304,0.6826,0.4404,-0.742,0.8683,0.8238,-0.0842,-0.7714,1.7525,0.1676,-0.013,0.6196,3.019,0.4982,-2.2209,-1.5482,-0.8036,0.6619,1.6588,0.6717,0.342,-2.1201,-1.9661,-0.2638,-1.0049,0.2163,0.3463,1.3521,-0.2458,-1.3562,-1.2957,-0.6612,1.0906,1.1424,-0.6029,-0.6029,-0.0215,-0.034,0.5202,0.5765,-0.046,-0.5086,1.8722,0.7716,-0.9483,1.3521,2.5121,0.8909,0.0184,-1.4539,-0.8869,-1.1344,0.7146,0.4445,-0.062,0.1897,-0.1299,-0.339,-0.0042,-1.38,0.1053,1.4944,0.9621,1.174,-0.7352,-0.6318,0.1505,0.6476,-0.9242,-0.5054,0.913,-1.892,-1.7741,-0.5996,-1.1191,-1.5032,0.0829,1.4726,-0.3349,0.6549,0.2162,-0.8092,-0.3138,0.145,-0.9275,0.0645,1.289,0.3448,1.0592,0.1656,0.5567,0.1866,-0.0031,2.0329,1.7349,0.4958,0.2011,0.1832,-0.1519,-0.0422,0.5239,-1.1791,-1.5701,0.0118,-1.3598,0.2045,-0.1187,-1.2287,-0.1022,-0.9525,-0.6515,-0.7704,-0.3581,-0.7848,-0.7918,-0.6934,1.0127,1.2055,1.0147,0.2545,0.0448,0.2248,1.16,0.6864,-0.559,0.3454,0.3462
"IC46",0.6481,0.2756,-0.4448,-1.5461,-0.3662,-0.0024,0.9735,0.6835,0.6341,-0.5652,-0.5273,-0.3009,-0.899,-0.3868,0.3047,0.0049,1.0663,0.8694,0.0997,-0.7232,-0.491,0.0515,-0.6125,-1.0475,-2.0592,-0.7548,1.0373,0.3364,-0.2095,-0.2115,0.928,-0.3347,1.0313,1.8912,1.0335,0.1913,-0.5749,0.1649,0.2234,-0.5673,1.0151,-0.737,-0.5671,0.9561,0.3685,-0.3202,-0.3219,-1.0779,-0.4436,-1.2103,-1.4818,0.4112,0.1973,0.5651,1.2609,0.7241,0.8525,2.0062,0.6852,1.2958,1.2726,0.7871,-0.1333,-0.0292,0.7276,0.1291,1.1515,0.7926,0.8325,-0.37,-1.0889,-0.841,-0.2557,-0.8802,-0.2384,-2.5786,-1.9699,-1.7715,-1.7813,-1.866,-2.3383,-0.7083,0.4655,1.0938,0.8094,0.8098,0.8145,0.622,-0.1006,-0.5064,-0.1382,-1.3666,-0.7381,-1.8458,-0.8304,-0.6116,0.2476,-0.1819,0.9286,0.7321,0.0574,1.1778,1.5197,1.5489,1.1015,0.9726,-0.6488,-0.0938,-0.4664,0.1346,-0.3376,1.4242,1.2309,1.177,1.6878,1.102,1.0179,0.8573,-0.3503,1.8591,0.7512,2.4927,1.0368,-0.0342,-1.394,-2.7767,-3.1047,-1.631,-1.188,0.8243,0.7777,1.2671,1.0653,-0.2445,0.061,-1.1651,-0.6357,-1.9388,-1.7726,-0.3967,-1.474,-1.0981,-0.7469,-1.4671,-1.5809,-1.3013,-0.7762,-1.0609,-0.3745,0.8687,0.5915,0.249,1.0493,1.6476,0.87,1.4992,0.3637,0.9644,-0.8142,-0.8825,-0.6814,0.0267,0.3351,0.1354,0.9612,1.0327,1.8019,0.344,1.0183,0.9342,1.5852,0.8712,0.1948,-0.9896,-0.8157,-1.0418,-0.1646,-0.1666,-0.336,-0.1743,-0.239,0.8888,0.5139,0.3028,-1.0073,-0.4587,0.5369,0.2314,-0.7256,-0.0884,0.4244,0.6605,1.1826,-0.2199,-0.5231,-1.2521,-0.2739,-0.6997,0.2143,0.4787,-0.3161,-0.5259,-0.9391,0.4226
"IC47",1.6754,3.1458,-0.5576,-1.6925,-2.4805,-0.7368,-0.6222,-0.2158,1.0413,0.8954,0.6921,-0.4122,-1.4228,-0.4711,-1.4407,0.4932,0.5632,0.5358,1.8783,-1.0912,-1.344,-2.167,-0.1327,-0.0236,0.651,0.9568,0.0993,-0.1126,1.7755,1.7369,0.8059,-0.7748,1.8613,-1.4028,-0.3252,-0.7976,-0.613,-0.5596,-1.7245,0.5965,0.413,0.443,2.2818,-0.2636,0.3242,1.3352,-0.8473,-0.9494,-0.9432,-1.5486,0.3256,0.2062,-0.2439,2.1474,0.5145,-0.5079,-0.2081,-0.7924,1.0795,0.9052,-0.4607,0.5361,-1.4985,1.557,-1.4886,-0.3108,0.7624,-0.2193,0.7062,-0.9255,-0.1033,0.6194,-1.2087,1.1805,1.2986,0.1905,-0.7494,-2.1912,-0.258,-1.3292,-0.5239,0.2644,0.8547,-0.3397,-0.0078,-0.7769,-1.1216,0.3445,-0.7918,1.5077,-0.8068,0.5521,-0.0603,0.298,0.9542,0.9656,1.1185,0.6699,0.077,-1.0593,1.6996,-0.5358,1.09,-0.3621,1.8582,-1.3107,-1.0828,-1.0653,-0.2112,-0.2993,-0.2877,1.1427,-1.4629,0.8128,0.8204,-0.8635,0.9012,-0.875,-0.7102,0.9305,-0.346,1.5781,-0.136,0.9701,-1.4602,-0.6215,-1.2604,-1.5327,0.5148,0.5489,0.4093,1.9842,-0.5923,0.331,-0.6714,-0.524,-0.6944,-1.1594,3.0372,0.9173,1.2631,-0.2279,-0.2224,0.0125,-1.3179,-1.4494,-1.288,1.6418,-0.4719,-0.0054,0.2723,0.0146,0.4891,-0.97,0.3539,-1.3997,0.0136,-0.8908,-1.1805,1.2906,0.0685,0.1904,-0.3458,1.9081,-0.6121,1.0789,-0.5773,0.6035,-0.065,-0.2777,0.2139,0.5596,0.0256,0.1077,1.2664,0.7791,0.8817,-0.9537,-0.9099,-1.4797,0.9296,-0.9677,-0.4518,0.0897,0.265,-0.5625,-0.7492,-0.0883,0.1506,0.1953,0.7611,0.6354,0.1258,-0.4235,1.677,-0.4666,0.0639,0.0987,-0.1684,0.6369,-1.0634,-0.2294,-0.4415,-0.0684
"IC48",0.395,1.3614,0.2018,-1.2389,-0.0748,-1.4561,-0.2296,-0.6226,-0.3236,1.5699,1.9223,2.2028,-0.468,-1.1247,-3.1916,-2.3904,0.1101,-1.4173,-0.4033,1.2088,1.1509,-0.2486,0.1782,0.9506,-1.0577,-0.5082,-0.5653,0.1187,0.8606,0.8877,2.5864,1.0181,0.7879,-0.1308,-0.218,1.4584,1.3597,1.6303,-0.272,-1.9076,-0.9957,-1.2861,-0.0383,0.8477,0.5126,0.4688,-1.1149,-0.2103,1.0188,-0.064,-1.7734,-1.4616,-1.1769,-0.0745,-0.761,-0.6312,1.7019,0.6677,-0.4093,-0.0231,-1.5225,-0.1768,-0.8176,0.7251,0.5556,-1.0298,1.2001,0.3015,0.5072,1.8819,0.17,0.0805,-0.3376,-0.2666,1.0976,0.4271,0.2914,-1.3982,-0.8658,-0.378,-2.72,-1.1036,0.6182,0.8649,-0.1146,0.9896,0.0892,0.7446,0.5068,1.3332,0.3797,-0.4239,0.5145,-0.3678,0.7732,-1.036,0.5255,-0.6836,-0.2183,-1.1134,0.2652,0.3802,0.4084,-0.1696,0.8951,-0.5482,-0.9216,-0.5862,-0.2401,0.9599,0.4225,1.5951,-0.3511,-1.2479,-1.3058,-0.0366,0.5331,-0.2354,-0.5272,0.8817,0.7279,0.9581,0.3817,0.5794,-0.1,-0.7984,1.0493,-0.9184,-1.8215,-0.3504,-0.6903,0.1906,0.1871,0.224,1.024,-0.2411,0.631,0.2809,1.4844,-0.0035,0.2541,0.8352,-0.526,-0.3654,-0.2842,1.9228,-0.938,-0.8303,-1.3114,-2.6811,-0.1352,-0.0329,0.7466,-1.3241,-0.0274,-0.903,-0.7635,-0.5022,-1.9747,-0.8419,0.8299,2.4296,-0.0634,0.6881,-1.1858,-0.2127,0.7509,1.4493,2.8237,1.0837,0.5146,0.5885,0.6557,-0.7857,0.2235,0.2385,1.0619,1.2148,-0.0109,-1.3115,0.0893,0.53,0.7831,0.6415,-0.235,-0.4899,-1.8421,-0.5353,-1.9219,0.1164,-0.771,0.417,-0.0335,-1.0969,-1.2291,-0.6409,0.1304,-0.6086,-0.065,0.5183,0.3599,1.5287,0.065,0.7127
"IC49",-1.1309,-0.1,-2.2455,-2.9403,-1.3211,-1.3166,0.05,-0.0741,0.4762,2.4399,1.1223,2.188,0.9313,-1.6565,-1.8231,-1.2666,0.4957,0.017,-0.0374,0.6282,0.0939,-0.3775,-0.8864,0.5687,0.2062,0.594,0.8407,-0.3731,3.061,4.1029,3.7042,1.8172,0.4713,-0.2353,-1.3569,0.582,-0.1143,-0.6946,-0.4757,-1.5494,0.5605,-0.1321,-0.5448,1.139,0.3307,0.5943,0.6111,-1.1316,-0.8819,-1.1527,-1.6114,0.0915,-0.8407,-0.7842,0.9574,0.5904,0.4973,0.585,-0.906,-1.3736,-1.721,-0.6166,-0.6948,0.1698,0.9233,-0.6251,0.5737,-0.2825,-1.6696,0.3194,-2.2162,-1.6331,-0.3318,-1.2949,0.4666,0.1882,-0.3483,0.6602,-0.666,1.309,0.4706,1.0332,1.1337,1.5687,-0.55,0.3504,0.0422,0.7432,1.4403,1.0867,1.2874,0.7153,1.3219,0.2694,0.914,0.1316,0.9153,-0.8186,-0.9187,-0.9987,-0.3226,-0.3935,-1.1934,-0.1944,-0.5643,-0.5041,-1.5571,0.0948,0.3094,0.4891,0.0871,-0.0276,0.2304,-0.7512,1.1223,-0.2257,0.3025,0.4293,0.0063,0.9853,1.2837,0.493,0.3243,-0.6872,0.1004,-0.947,0.3405,0.32,-0.5736,1.4966,-0.0442,-0.9823,-1.0863,-1.4011,-0.4901,-0.7719,0.2901,-0.5523,-0.6965,0.2487,-1.512,-0.2053,-1.1134,-0.2866,-1.3609,-0.003,-0.6691,-1.4004,0.3313,0.0059,2.3382,0.9211,0.9709,-0.3113,0.3144,0.3963,0.2949,1.1949,0.985,0.9288,0.3544,0.6481,-0.4377,0.4493,0.8755,-0.2718,0.3247,-0.2201,-0.8423,-1.1745,-0.219,-0.2376,-0.2992,-0.1007,1.0122,0.2402,0.1223,-0.1736,0.7152,0.4752,0.0153,0.2688,0.5076,0.7393,0.931,0.2498,-0.8355,1.0409,0.277,1.3751,0.2593,0.0965,-0.6222,0.0885,0.1577,0.0257,-0.8832,-0.2511,-1.2304,-1.775,-0.9543,0.2383,-0.9214,-0.5077
"IC50",1.833,1.9514,1.8008,-0.2799,-0.7314,-0.8219,0.0441,-0.64,-0.8213,0.8383,1.4051,0.6153,-0.5388,-2.9728,-2.2965,-1.9742,0.1708,-0.1313,-0.1249,-1.3803,-0.6301,1.2283,0.9876,1.2734,-0.2504,-0.0151,2.6388,0.8378,-0.8754,-1.2086,-1.4122,-1.0305,0.468,0.8526,-0.079,0.6155,0.2918,-0.4269,0.5706,0.1048,-0.0532,-0.7852,-0.3917,0.549,-0.115,-0.4731,1.079,0.398,0.3661,0.1867,-0.2213,-0.0243,-0.7477,0.05,-0.2718,-0.6279,0.3101,1.6049,-0.0926,1.3006,1.4064,1.6046,0.6942,-0.9157,-0.9597,-0.8465,-1.2688,-0.6691,-0.3944,0.0152,-0.2213,-0.9359,0.186,-0.6052,-0.3237,0.0481,0.7041,-0.344,-1.209,-0.2095,1.8799,1.3244,0.4572,-0.5051,-0.7042,-1.6704,-1.4493,-0.2541,0.4847,0.1969,-0.2922,-1.0767,0.5707,0.4633,0.3178,0.5031,-0.1769,0.0096,0.0572,-0.1528,0.4645,1.017,-0.2159,0.9722,1.4242,1.9826,2.4082,2.844,1.1261,-0.5496,-1.7849,-0.9457,-1.0899,-1.7773,-1.3504,-1.1344,-1.0678,0.1639,-1.4125,-0.7627,-0.9059,0.6669,0.1259,0.5909,0.7164,0.267,-1.1842,-1.0797,-2.1092,-1.644,-1.3041,0.8604,1.6724,0.9793,2.8025,1.3154,0.5303,-0.34,-0.5514,0.0647,0.0696,1.8447,0.7848,1.4904,1.3203,1.0528,0.1942,-1.2794,-0.553,-1.0709,-1.3017,-1.9978,-0.1798,1.1484,-0.9347,-0.8137,-0.8974,-0.3314,-0.4629,0.6705,-0.0911,0.5933,-0.0496,-0.1298,0.1866,-0.1849,0.861,0.6536,1.2028,0.6237,-0.2382,0.0871,-0.089,0.2425,-0.7063,0.3751,-0.0474,-0.8608,-0.6426,0.2759,-0.3938,0.7163,-0.2097,0.364,-1.2605,-0.6954,-1.0245,-1.1086,-1.6278,-0.5857,0.5359,1.769,1.0963,0.7828,0.5198,-0.1589,-0.2297,-0.1039,1.1526,0.4792,-1.093,-0.0972,0.236,0.6713
"IC51",-0.1834,0.9472,-1.0598,-0.0466,-1.2156,-0.657,-0.6513,-1.0113,0.5488,2.5059,0.8027,1.9433,0.0146,-0.7167,-1.2502,0.6242,-0.9996,-0.5832,-0.8419,-0.2217,1.0903,0.3149,-0.1242,-1.2976,-2.6871,0.0895,0.1681,0.1671,2.0393,2.654,2.6024,1.587,1.605,0.3915,0.8901,-0.5796,-0.2076,0.0863,0.6712,-1.4989,-1.8413,-2.3675,-0.5312,-0.6772,-0.8206,0.8571,0.8852,-0.5312,-0.337,-2.1294,0.329,0.911,-1.1061,-0.2079,-0.9038,0.249,-0.0051,-0.3817,-0.206,-0.2882,-0.8824,0.2929,-0.5192,0.7273,-0.2518,1.512,2.4039,1.1311,0.5496,-1.3721,-1.7352,-0.3251,-1.0584,-0.4115,0.3132,-1.6529,0.5155,0.3951,0.2374,0.3089,1.7537,-0.1993,1.8057,0.4375,1.404,2.0058,1.6493,1.3955,1.3055,0.2349,-0.8471,-0.8205,-1.0757,-1.7738,-0.5755,-1.2408,0.4023,-1.6013,-0.2817,-1.1335,-1.7035,-1.3603,-0.5193,0.8359,0.5121,-1.1922,-1.2428,-0.9711,0.0463,1.2139,0.195,0.8047,0.4154,1.8769,0.9865,-0.6028,0.0689,0.6781,0.7233,1.4609,-0.3338,1.1866,-0.2726,0.6175,-0.8431,-0.6829,0.4302,0.2626,-1.0123,0.6464,-1.3568,0.6197,0.3284,-0.1611,-0.948,-0.9563,0.4248,0.1003,-0.0685,0.9095,0.4472,-0.4922,-1.0144,-0.5814,0.4637,0.1423,0.2046,-1.4142,-1.4156,-0.3811,0.2252,-0.7104,-0.0801,0.8497,0.6516,-0.0797,-0.3495,-0.4598,-1.1398,0.0056,-0.5249,0.5093,1.2533,0.887,1.9515,1.9961,0.6061,0.3981,-0.0006,0.4926,0.3934,0.3578,0.1247,0.493,-0.6336,0.2533,-0.3093,-0.4918,0.0373,1.0096,-0.1045,-0.8859,-0.0071,-0.362,-0.4932,-0.9736,-2.3498,-1.1883,-0.7814,-0.3773,0.0888,-1.2302,0.1868,0.0834,1.9293,-0.2658,0.2387,0.2387,-0.7598,0.3749,0.3111,1.5847,0.5452,-0.4238
"IC54",0.1354,0.2233,0.6376,-0.0661,-0.1377,-0.7306,-0.9733,-0.5751,-0.2086,1.0183,1.7522,0.5632,0.7546,-0.9779,-0.6082,-1.1721,0.0927,0.5362,0.6848,0.2263,0.3901,0.5202,0.5517,2.3871,2.3853,1.6462,2.2205,-0.068,-2.2046,-2.6598,-1.7454,-1.3298,-1.508,-0.7274,-1.757,-1.0025,-1.0226,-0.7366,0.1458,-0.1326,-0.2127,0.348,-0.7483,0.157,-0.2281,0.4853,0.6911,0.7697,1.112,1.7454,0.5142,0.0747,-0.4584,-0.2164,0.2553,-0.1778,0.1014,0.6571,-1.2342,-1.216,-1.24,-0.5007,-0.3521,-1.6181,-0.3065,-1.5155,-1.6056,-0.4328,-0.5098,1.0215,0.0452,1.139,1.6008,0.6645,1.0776,1.863,1.0749,1.2172,0.3254,1.3871,0.999,1.9241,0.7337,1.266,0.0546,-1.3296,-1.4716,-0.1779,0.8852,0.434,0.3949,0.5188,0.9906,0.8087,-0.3835,-0.6917,-1.216,-0.7601,-0.6055,0.4003,0.1546,0.0385,-1.6328,-1.261,-1.379,0.2492,0.0372,0.5887,0.1977,-0.4202,-0.8083,-1.5188,-0.6964,-1.0934,-0.3387,-0.8048,-1.2696,-0.7089,-2.1492,-2.5613,-1.0848,-1.0292,-0.588,-0.3616,1.6416,1.9441,2.6365,2.018,0.3779,-0.8335,-0.7804,-0.0288,1.3412,0.641,1.1952,1.0744,1.5715,1.4457,0.6119,1.6729,1.4728,1.6989,1.1591,0.5929,-0.4849,-0.4305,0.1456,-0.4749,-0.0897,-0.4588,-0.5678,-0.4422,-0.0421,0.4814,-0.6188,-0.0659,-0.1966,-0.3507,0.0018,0.5015,0.9459,0.4756,-0.3301,-1.8424,-1.7679,-2.2394,-0.7844,-1.1925,-0.6096,-1.0096,-0.4945,-0.5856,-0.4198,-0.3191,0.6039,0.572,0.503,0.3563,0.9014,0.6707,-0.219,-0.1065,-0.0749,0.0535,-0.1071,-0.1822,-0.6084,-0.3079,-0.5562,-0.7272,-0.4724,0.0707,0.5179,1.0734,1.1424,0.9211,0.4499,0.4879,0.3395,-0.5754,0.5697,-0.0278,0.3521,-0.4228
"IC56",-0.378,-1.2631,-1.311,-1.0049,0.3151,-1.1318,-0.7163,-2.4137,0.7389,2.1654,1.7824,0.4761,-0.9237,0.4089,1.4592,0.549,0.7929,-0.4775,2.2207,-0.5992,-1.3746,-0.6405,-0.8633,1.0199,-0.5228,0.1919,1.4567,2.0331,1.9367,-0.2036,1.0245,0.4302,-1.7228,-0.1795,0.5364,-0.5659,-2.037,-1.0836,0.9771,1.6414,0.8766,0.7746,-0.3716,-0.3181,-1.2991,-0.484,0.1551,-0.631,-0.2495,0.4014,0.2264,0.0601,-1.3295,-0.9649,0.7287,-1.5776,-0.3319,0.5058,0.6682,-0.0501,-1.8261,-1.6283,-0.7067,-0.0717,0.6716,0.0653,0.7411,1.2939,1.2199,0.9234,-1.5953,-0.5994,1.1589,1.2194,0.5286,-2.1485,-1.8733,0.9729,0.511,-0.2578,-1.1285,0.2436,0.3585,-0.2014,0.5251,0.7615,1.0283,0.1149,0.3256,-0.3963,1.176,0.6019,-0.0534,0.936,1.1904,-1.1225,0.4905,-1.7634,0.2439,0.6038,-0.6086,0.9854,0.9312,1.0026,-0.9653,-0.8444,-1.6048,-1.2055,-0.2255,0.8221,0.0774,-0.4924,1.0786,1.3073,-0.3775,-0.4389,-1.1129,0.3036,0.5921,0.3638,-1.1851,0.4996,-0.4227,-1.1621,-0.216,-1.345,0.0947,1.6616,0.4183,-0.1623,-0.2816,-1.0414,0.2391,-0.2875,-0.3519,-0.6791,0.4806,0.0266,-1.0403,0.832,1.6793,0.1139,-0.5065,-0.0664,-2.0172,-0.5185,0.4502,1.4815,1.7164,0.0288,-0.2291,-0.1897,-1.0603,0.2864,0.2379,1.9231,0.7111,-0.3232,-2.0856,-0.0871,-0.6747,0.2546,0.6446,-0.4232,1.4891,0.8787,1.4715,-0.4418,-0.3129,0.2698,1.6371,-0.7839,0.0822,-1.3891,0.0834,-1.4725,-0.1173,-0.6309,-1.0153,0.7212,0.5075,1.6748,0.7805,0.0228,-1.0277,0.1945,-1.5635,-0.4861,-1.0977,0.2577,0.352,1.4242,2.1199,0.9848,-1.1099,-1.8722,0.5226,-0.5805,0.1469,0.2733,1.5181,-0.2791,-2.0067,-0.304
"IC58",-1.3217,-0.4716,1.1474,-0.9915,-1.439,-1.4482,-0.6733,-0.7208,1.1235,6.7449,1.9447,0.1048,0.2247,-0.7996,0.507,-1.2573,-1.0725,-0.455,0.9296,2.1875,-0.4552,-0.252,-1.7495,-0.109,0.0524,-0.519,-1.2837,0.5464,-0.6833,-0.3181,0.7356,1.8086,-1.1598,0.0574,-0.5022,-0.0198,0.2378,-0.3181,-0.1328,-1.7132,-0.5652,0.6254,-1.3604,0.2462,0.5575,0.084,1.3461,0.7322,0.0856,0.1487,-1.1143,-1.0295,0.167,-0.036,-0.3564,-1.2245,-0.391,-0.3523,-0.4046,0.517,1.3935,1.8845,2.1987,-0.9395,-0.1009,-0.3611,1.056,2.0382,-0.1472,-0.2626,-1.0157,-0.6276,-0.2008,0.3813,0.2636,-0.4746,-0.8798,0.2147,-0.0199,0.206,-0.3368,-0.3432,-0.8398,0.3537,0.2877,-1.1157,0.9088,-0.3458,1.5179,-0.546,0.7744,-1.0165,0.2171,0.7522,1.85,-0.1519,-0.654,-0.5106,-0.3155,-0.2006,-1.5973,0.268,-0.2984,1.2997,0.0703,0.7848,-0.3411,-1.1805,-0.9573,0.1572,1.0764,-0.5806,-0.5167,-0.9976,-1.1557,1.0551,-1.4222,1.0043,0.4906,0.0926,-0.0385,0.2569,1.2899,-0.4705,-0.4417,-0.9378,-0.1787,-0.0785,-0.8979,0.1846,0.7636,0.2559,1.7988,0.885,0.6398,0.0559,0.2103,1.1364,-1.0658,0.428,0.0545,0.6927,-0.0001,1.4117,-0.4437,-0.8267,0.1102,-1.8893,0.114,-0.4716,-1.5261,-0.0463,-0.9083,0.9587,-0.5342,0.6066,-0.1217,-0.351,-1.145,-0.0973,0.487,-0.0455,1.6383,0.0553,1.0999,-0.7642,0.7061,-0.1692,0.4981,-0.1677,0.0332,0.8203,-1.3029,-1.1403,-0.7015,1.4547,0.0837,1.4251,-1.4048,0.5285,-1.0442,0.7585,0.1286,1.2796,-0.2649,0.2126,-1.219,-0.9006,-1.1186,-0.9477,-0.9441,0.374,-0.1563,0.9148,-0.4099,1.6638,0.0674,-0.4407,1.4977,-0.8502,1.8594,-0.4111,-0.4288,-0.4425
"IC60",0.3469,0.5489,0.0806,-0.6726,0.6749,-0.8957,-1.1059,-0.5603,0.2842,0.8341,0.6855,0.8523,-0.0971,-2.8002,-1.9485,-1.0337,-0.1634,0.0858,-0.3779,0.8041,1.2697,-0.0302,0.2064,2.2762,2.7683,0.9006,1.5503,-1.075,0.1054,-0.7412,-1.3241,-0.5265,-0.6094,-0.3592,-1.1784,-0.4345,0.0279,-0.2196,0.3817,1.0929,0.5836,1.1467,-0.8598,-1.0822,1.0959,1.137,0.0912,-0.7186,-0.3022,0.7233,-1.8227,-0.6182,0.7192,-0.5306,-0.0503,0.3875,-0.0792,-0.4322,-0.7286,0.7,0.817,0.9345,1.0221,-0.5266,-0.6703,-1.5027,-0.9538,0.5987,-0.7174,1.8577,0.7418,0.3735,-0.3195,0.5458,1.3389,1.8984,-0.2154,-0.458,-2.2931,-0.0085,-1.1723,-0.4394,-1.5962,0.2437,-1.6748,-0.5809,0.4027,0.6884,0.8746,0.8609,0.1763,0.6699,0.7185,0.7714,0.5436,-0.344,-1.064,0.4309,-0.8576,1.182,0.4177,0.2259,-1.5356,-0.0538,-0.1371,1.3772,-0.4442,-0.0142,-0.4001,-0.7141,-0.3968,-1.0709,0.6201,-1.4555,0.6931,0.8082,0.7403,-0.4178,-1.4067,-0.8122,0.7009,-0.7492,1.3971,-0.402,1.4176,0.7594,0.2504,-0.8881,-1.7591,-1.0554,0.8469,0.0664,0.9496,-0.6513,0.6585,1.2333,-0.4948,0.2225,-0.2584,0.2644,-0.353,1.9258,1.0772,1.3736,0.794,-0.6201,-0.0626,0.0902,0.1378,-0.4886,0.078,1.5915,0.4662,0.0275,-0.474,-0.3489,-1.0078,-2.7746,-1.2249,-0.5882,1.2682,-0.578,-0.7077,-2.0556,-1.2509,-2.4609,-0.5286,-0.8889,-0.1508,0.1176,0.6412,0.1123,0.726,0.1126,1.2233,0.8713,1.8854,1.9268,1.2923,0.7507,-0.993,-0.5904,0.52,1.4101,1.5694,-0.764,-1.8575,-0.9997,-0.3698,0.2797,1.0206,1.7542,0.306,1.6853,0.564,0.5883,-0.6703,-0.5234,-1.4733,-1.8826,0.9449,-0.1937,-0.4313,-1.6304
"IC62",1.4683,0.1731,-0.3578,-0.4386,-0.6626,-0.3197,-0.1067,-0.3366,-0.6431,1.9244,0.9537,1.8801,-0.5102,-2.1621,-2.5411,-1.4415,0.4912,0.4951,-0.4683,-0.0881,0.277,0.7683,0.6618,-0.3935,-1.5512,-0.6614,0.294,0.8817,0.4172,-0.8908,-0.4365,-0.6464,-0.0367,0.2603,0.5908,-0.3909,-0.0976,-0.1545,-0.0731,1.0931,0.4807,0.6419,0.7643,1.736,0.7928,0.3606,0.3884,0.4856,0.2543,-0.4068,-1.7267,-0.7162,-0.1314,0.3628,-0.3122,-0.0602,-0.6706,0.3704,0.0949,1.7286,1.7802,1.0401,0.1905,-0.0181,-0.6422,-0.6692,0.0045,-0.6238,0.1501,0.2676,1.3453,1.3439,1.5862,0.5052,0.7915,0.2397,-1.1362,-3.0919,-2.0524,-1.8041,-1.7605,-1.6948,-0.6524,-0.7009,-1.4035,-1.1295,-0.0781,0.7351,0.9688,0.2416,0.1166,-1.1862,-1.0709,-0.7755,-0.3408,-0.2333,-0.3084,0.0012,0.8405,1.3368,0.2956,1.1749,0.6868,1.275,1.2265,2.7489,1.8801,2.0071,-0.2904,-0.4172,-1.5728,-0.4007,-0.9464,-0.6903,-0.2561,0.6901,0.6411,0.7146,-0.3199,0.5601,1.2689,1.9171,1.1145,0.9305,-0.5852,-1.0599,-2.4031,-2.7971,-2.1549,-1.0872,-0.0571,0.762,0.8716,0.8334,1.8047,0.442,0.3126,-0.7595,-0.6839,-0.5741,0.4884,0.5998,0.5463,-0.2978,0.7266,-0.7442,-1.6402,-0.9555,-0.8311,-0.4589,-0.2841,0.2848,0.0468,1.5229,0.9468,0.7328,-1.3539,-1.0544,-1.3346,-0.8895,0.1027,-0.8786,-1.0555,-1.7796,-1.0308,-0.5245,0.2089,0.2652,1.112,0.6095,1.1365,1.1506,0.7747,0.5288,0.5687,1.2941,0.8583,0.5604,0.4722,0.091,0.0487,0.9603,1.3579,0.954,0.4287,-0.6041,-0.6368,-0.8035,-0.9602,0.5927,1.3524,1.0883,0.5696,-1.3141,-0.8563,-0.4419,0.0704,-0.4349,0.1531,-0.5671,-0.8199,-0.8091,-0.2809,-0.4369
"IC63",0.6278,1.0574,-0.8657,-2.6097,-1.0526,-0.8387,0.2655,0.9882,0.566,1.7089,1.6048,3.2702,1.1276,-0.1294,-1.3798,-0.9359,0.7272,-0.1556,-1.2633,0.0453,-0.531,-1.3711,-1.2876,-0.2147,-0.4856,-0.5862,-0.433,-1.1449,0.4345,0.7244,1.1114,0.2105,0.5586,0.2197,-0.3376,1.2825,0.8206,0.2113,-1.0689,-0.9302,-0.238,-0.6746,-0.3478,0.9614,0.4011,0.4151,-0.7779,-0.9986,-0.0674,-0.8953,-1.5975,-0.3415,0.1593,0.4243,0.4903,1.2502,1.4282,0.3479,-0.2413,0.079,-0.0989,0.8664,0.6976,1.5749,1.2307,0.5889,2.0303,0.4164,-0.194,-0.1238,-1.3801,-2.0907,-1.5452,-1.6664,-0.6072,-1.4276,-1.1246,-1.1636,-0.6904,-0.1333,-1.2276,0.1505,2.3124,2.2315,1.2421,1.0002,0.6271,1.1083,1.0291,0.2879,0.1841,-0.6577,-0.2024,-0.8516,0.1079,-0.7459,0.8,-0.1394,-1.3544,-1.4085,-0.4096,0.4103,-0.1197,-1.3444,-0.6504,-0.0588,-1.5129,-0.5382,-0.5276,0.9665,0.4536,0.45,-1.1077,-0.684,0.5376,1.0861,1.385,0.4312,0.0557,1.5432,2.3657,1.7292,0.4535,0.4058,-0.048,-0.3516,-0.1059,-0.183,0.0838,1.9976,0.5184,-0.2718,-0.9021,-1.2159,-0.4409,-1.1644,0.3165,-0.0186,0.323,0.4459,-0.2442,-0.9427,-2.2403,-2.072,-1.0428,-0.4351,-1.8298,-1.5823,-1.5194,-0.8104,0.6303,0.8041,1.5969,0.2048,1.021,0.4812,0.5082,1.3034,-0.3623,-0.5408,1.8756,1.5656,0.6894,0.9727,-0.0137,0.1124,1.0167,0.237,1.4476,0.028,0.044,0.6491,0.0087,-0.8256,-0.2069,0.2488,0.1547,0.0215,-0.9132,-1.7914,-1.368,-0.5322,-0.0926,-0.1145,-0.9265,-1.3075,-0.38,1.2241,0.7456,1.0024,-0.499,-0.9168,-1.263,-2.0771,0.2273,1.1481,0.9708,0.2312,0.1882,-0.1561,0.5692,0.4361,0.4534,0.514
"IC64",-0.3677,-1.5597,1.5264,1.9363,-0.2538,0.5152,-0.0732,0.9491,-1.2611,2.7889,-0.6459,-1.5439,1.7506,0.7239,-0.9757,-0.7316,-2.1671,1.6871,-0.1976,0.3206,0.2588,-0.1576,0.057,-1.325,0.3858,-2.1995,-3.2714,0.4896,-1.8953,-1.0995,-0.1887,0.926,0.5083,0.2001,-0.138,-0.9045,1.7456,-0.1986,1.143,1.517,-0.7845,1.7155,1.1954,-2.2816,0.4058,0.0662,0.3589,1.1533,-0.6427,1.5417,1.4393,-0.9955,0.4941,0.5873,-0.1558,0.1365,-1.4117,-0.546,-0.0925,-1.4302,1.1592,0.7171,1.4665,1.4355,0.4564,0.8418,-0.4622,1.2186,-0.0012,0.0464,1.2632,0.3899,-1.1748,-1.628,-2.7002,-0.0429,-1.1986,-0.8971,-1.3021,-1.8222,-0.2519,-0.5163,-1.1147,0.23,0.1517,0.7504,0.5862,-1.0228,-0.2235,1.2395,0.2949,-0.261,-0.5162,-0.3971,0.1115,2.9063,-0.1534,1.4553,-0.3316,-0.12,0.4814,-0.211,-0.5275,-0.8155,0.3638,0.3056,0.8798,-1.2057,-0.2321,0.1907,1.5775,0.7815,0.9,0.0784,-0.6659,-0.0449,0.2266,0.0914,-0.3166,-0.1884,0.6058,-0.3551,1.3628,0.8766,-1.0676,0.7099,-0.5425,-0.6098,-0.0823,-0.9575,-0.973,-1.0197,-0.5944,0.2047,-0.6652,1.2195,-0.8658,1.1688,0.9715,0.4647,-1.0869,-0.1743,0.1362,0.291,1.4008,0.1989,0.0813,-0.1443,-0.678,-0.0044,-0.74,-0.7036,-0.7781,-0.3521,-0.8406,-0.3878,0.8841,-0.2066,1.0876,-0.1896,0.1506,-0.5564,-0.6111,0.1011,-0.3161,0.2649,-0.5933,-0.3464,-0.8225,1.7453,-1.1826,2.3995,0.8151,1.2359,-0.5027,1.5413,0.0469,0.4539,0.2842,0.9072,-0.966,-1.9221,-1.5235,-0.373,0.6918,-0.6596,1.0987,0.28,-0.0749,-0.8542,0.517,0.489,-1.2819,-0.1264,-0.2412,1.4322,-1.2758,0.5768,-0.3798,-0.9809,0.0246,0.0255,1.5681,0.0162
"IC65",2.1629,0.8599,0.3859,-2.005,-1.5408,-1.2946,-1.0496,-0.3585,0.0346,0.5376,0.2915,1.0132,0.5105,-1.5576,0.8689,-0.723,-0.6689,0.3497,0.6877,-0.0667,-0.0384,1.1885,-1.338,-0.5173,0.4307,-0.181,2.1699,-0.8658,0.2293,1.4892,1.5996,0.3245,-0.0954,2.0309,-0.6419,-0.2573,-1.0501,-1.1906,0.0235,-1.2452,-0.6099,0.3056,-0.9043,-0.4867,-0.7485,-0.1271,1.6428,-0.1781,0.5814,0.4779,-1.0524,0.2568,-0.1002,-0.6826,0.757,0.9073,-1.1828,0.6854,-0.8767,-0.0633,0.5855,-0.8351,0.7505,0.1058,1.1478,0.7861,2.1065,1.1573,-1.2372,-0.9319,-0.4014,0.2252,0.1628,-1.7822,-0.2348,-0.5207,-0.7463,0.8184,-2.2052,-0.2175,-0.8186,0.3066,-0.7261,0.4242,-0.7052,1.5391,0.002,-0.6059,0.4028,-1.2696,0.8725,1.172,1.0718,-0.676,-0.523,0.6348,0.2678,0.9681,0.9968,0.4387,-0.2925,2.1166,-1.706,1.4372,-0.8969,1.1059,-2.0082,-0.077,-0.8258,1.2047,-1.4702,-1.596,1.5996,-1.4193,0.1651,-0.0723,0.3623,1.3089,-0.1282,-0.1318,-0.0473,0.2947,-0.2029,-0.8382,0.924,0.4809,0.0798,0.8032,0.0032,0.3243,-0.3538,-1.31,2.0084,-1.3012,-0.5626,-0.7129,0.2536,-0.5466,-0.309,1.2273,-0.4134,-0.0415,-0.246,0.1533,0.0355,-0.8773,0.0278,-0.2443,0.9584,0.8673,0.2554,-0.5551,-2.1981,0.1016,-1.1572,0.8785,-2.6266,-0.6972,1.7177,1.8774,0.7137,-0.5873,0.6374,-1.8896,2.0637,-0.4917,1.4318,-2.0228,0.394,-0.706,1.3947,-0.222,1.4221,0.6927,2.5752,0.6605,1.0766,-1.1195,0.006,-0.2043,-1.4825,0.0456,-1.0792,-0.4266,-0.8664,-0.4755,0.6356,-0.207,0.3463,-0.2245,0.695,-0.8645,-0.8838,0.2127,-0.1358,-0.1676,1.5195,-0.5961,-0.3532,-2.0757,1.0584,0.7803,0.8977,-0.4954
"IC66",0.6769,-0.3684,0.5028,-0.753,-1.9467,-1.5257,-1.2769,0.6728,-0.2054,3.4739,3.0683,2.4327,0.8777,-0.7886,-0.0899,-0.4649,-1.8401,-1.1492,0.2063,-0.6642,0.5308,0.0209,-0.4695,-2.2785,-1.2374,-1.5099,1.668,3.3086,1.5093,1.5231,0.2944,-0.5226,0.2495,0.2254,0.0533,0.0825,1.3467,-0.2374,-0.9061,-0.2888,-1.5396,-0.6442,-1.8158,-1.0494,-0.8843,-0.2433,-0.8093,0.015,-1.0808,-0.5895,-0.689,-0.9197,-1.1746,-0.0084,1.8429,1.7368,0.8485,0.6842,0.3623,-0.1167,0.5447,0.4264,0.4924,-0.5838,-0.056,1.2302,0.9608,0.2039,-0.2926,0.0437,-0.2243,0.5251,0.7611,0.3756,-0.6307,0.4292,-1.5095,-1.1083,-1.8302,-0.041,-0.128,0.9697,-0.3703,1.5048,0.7185,0.1707,-0.7434,1.4776,-0.5373,0.4336,0.5534,1.7662,-0.066,0.3539,-0.2978,0.1729,-0.6403,-0.5722,-0.6434,-0.614,-0.4588,0.1655,-0.2025,0.0104,-0.3656,0.1729,0.2909,-0.6527,-0.2627,-0.8451,-1.2028,-1.2551,-0.6667,-1.2661,1.6968,-0.3348,0.6315,-0.124,1.5055,0.7462,2.8684,0.2149,-0.0395,-1.1358,-1.0565,-0.4088,-0.1102,-0.6381,0.0677,-0.5793,-0.0406,0.2859,1.2446,1.3111,0.3185,-0.157,-0.5054,-0.0751,0.8708,0.3189,0.1107,0.1707,0.8018,-1.1444,-1.3394,0.1469,-1.1555,-0.7776,-0.7997,-0.7614,-0.309,-1.4262,0.8143,1.0769,1.2194,0.9284,1.1549,-1.0229,0.8958,0.5453,-0.4647,-0.0017,-0.2552,-0.0112,-0.216,0.7508,0.0137,0.7254,0.5912,1.4228,0.4932,-0.3472,1.9208,-0.576,1.0204,-0.5583,0.4043,-1.6439,0.8667,-1.5912,-1.1355,-1.5261,0.1292,-1.361,0.2035,-1.5813,-0.2445,-0.6109,0.3527,0.1361,-0.0456,-1.2034,-1.2457,-0.8331,-0.2538,-0.3786,0.2732,0.3925,1.569,1.9825,-0.3338,1.1077,0.7902,0.4555
"IC67",1.8138,-0.0275,-1.3475,-0.8724,0.0417,-1.3474,-2.0843,-1.5651,-0.8946,1.7331,2.2078,2.4261,0.6801,-0.4801,-1.3134,-2.0598,-1.6225,-0.4372,0.0634,-0.479,1.8622,-0.8444,-1.6441,-1.0185,-0.1808,-0.2383,1.8621,2.7363,2.0874,1.1843,0.983,0.3383,-0.1249,0.3195,1.7534,0.3295,0.7406,-0.2878,-0.0256,0.8845,-0.1445,0.808,-0.3533,-1.5418,-0.5618,1.1014,0.1451,0.621,-0.5473,1.0118,-0.8618,-2.0531,-1.3389,-0.8095,1.074,0.7341,-0.6642,-0.1941,0.9157,-0.8265,-1.2679,-1.1705,-1.4218,-0.4044,0.8524,0.0019,-0.1979,0.7315,0.2057,0.8413,-0.9966,0.4864,-0.6532,-1.0852,-1.0507,-1.224,-1.7489,-0.1503,-0.0668,-0.3509,-0.2913,0.7342,-0.3526,1.3857,0.0339,-0.1967,0.7171,3.1681,1.5807,0.6259,1.1769,2.3803,-0.0383,-0.0036,-0.4209,0.2072,-0.1405,0.006,-0.754,0.6406,-0.529,-0.275,0.1233,-0.1568,0.189,2.1211,0.448,-1.5681,-1.1987,-0.4545,-0.808,-0.6517,0.4484,-0.5527,0.6217,-0.2316,0.7794,-0.6972,-0.4479,-1.0433,0.217,0.7485,0.3153,-0.781,-0.5677,-0.5193,0.6248,-0.2765,-0.7955,-0.3246,-0.8051,-0.6089,0.3068,0.0004,-0.7725,0.1151,0.0301,1.1271,1.0008,1.6596,1.9977,1.4131,0.4553,-0.1611,-2.0609,-1.7211,0.3583,0.4637,-1.0971,-1.0218,-0.4538,0.0954,0.2579,-0.7334,-0.195,0.6179,-0.0918,-1.2102,1.4952,0.0996,-0.3453,-0.845,0.8042,-0.383,-0.5757,-0.1876,-0.7063,-0.3148,1.349,1.8613,1.2017,0.0107,0.9786,0.0144,0.4876,-0.8192,0.6714,0.0427,1.072,0.5916,-0.1737,-0.7484,0.2933,-1.2841,-0.7809,-0.6262,0.7771,-0.4009,0.4449,0.9771,1.6222,1.1202,0.2312,-1.5662,-0.4049,-1.4656,-0.5279,0.1079,-0.7445,-0.4431,1.393,-0.4749,0.0539,-1.0607
"IC68",2.0941,0.8194,-0.7382,-0.1148,-3.0382,-1.122,-0.954,0.757,1.4733,-1.0644,-0.9319,0.1418,-0.6164,0.4016,0.9418,0.655,-1.0967,0.791,-0.0746,0.323,-1.6534,-0.6935,0.4843,-1.526,0.534,1.0753,2.6834,2.0536,1.0841,1.5138,0.1205,-0.7875,-1.5608,-0.5328,-0.6582,-0.9027,0.2305,0.7834,-0.2446,0.6573,-0.2072,0.1123,-0.7356,-0.4956,0.7925,0.5906,0.8726,1.2414,-0.3743,-0.2352,0.4614,-1.5804,0.4499,-1.3819,-1.35,1.3167,0.5998,-0.63,1.1584,-1.0564,0.4277,0.0427,0.6746,-0.4411,-1.5177,0.113,1.2043,0.3735,0.422,-1.1043,-0.9607,-2.0588,-1.1998,0.5627,-0.2698,0.7159,0.4917,-0.3728,-0.05,-1.7951,0.2964,-1.0649,0.8807,-0.7187,1.3075,0.16,0.1204,-0.6664,-0.1677,-1.3789,0.8649,3.7779,0.4501,0.9019,-1.3606,0.4798,0.715,1.8026,1.4937,-0.6913,-1.3617,0.2826,0.2389,0.1393,-1.2934,0.201,-0.312,-1.5088,0.5341,0.9498,0.1291,-0.6826,0.5644,-0.1498,-0.6203,1.7798,-0.5871,0.1636,1.4129,-0.8838,0.0622,0.6652,-0.2755,-0.4437,-0.4456,0.045,0.2911,-0.4592,0.1668,-1.1633,-0.4959,-1.0455,0.284,0.6758,-0.8632,0.3633,0.5968,-0.6704,-1.8006,-0.0146,-0.024,0.0875,0.7793,-0.251,0.8949,0.1533,-0.4898,-0.8105,-0.1394,0.8136,0.0398,-0.6824,-1.2047,-0.5707,-0.1486,0.2131,-0.7517,-2.0882,1.0694,1.6621,0.9951,0.9385,0.0188,-1.8038,-0.0579,0.8726,1.3682,0.9572,0.2252,1.6817,1.2959,0.3758,0.0908,0.1654,1.7093,1.7187,1.2357,0.1089,-0.3133,-0.8554,-1.8587,-0.7894,-0.1205,-0.6083,0.1227,-1.8582,-0.8637,-1.431,-0.1553,-1.2612,0.7002,-1.1525,0.7773,-0.6995,-1.0819,-0.1752,1.2809,0.789,-0.9256,0.2992,0.8434,1.5851,0.7808,-1.2622
"IC69",0.3773,-0.8939,-0.2433,-0.7609,-1.1127,-1.0887,-0.5701,0.1115,-0.5476,3.2988,4.9536,0.0196,-0.9921,-1.268,-0.183,0.1822,0.2424,-0.4983,-0.4158,-2.1618,-1.1375,-0.1351,-0.5889,0.0275,-0.4895,0.3293,1.8094,1.4981,1.1065,1.0014,1.7151,0.4834,1.4842,0.4561,-0.2552,-0.7056,0.1783,-0.2159,0.1794,-0.175,-0.3189,-1.3523,-1.6941,0.1063,-1.2809,-2.0141,-0.7259,-1.7916,-1.6692,-1.0767,-0.7317,1.0075,0.5363,0.8772,-0.2639,0.7983,0.9889,1.9214,-0.6144,0.379,0.7269,0.2571,-0.2404,-0.5642,0.1306,1.5203,0.6041,0.5653,1.2129,0.2703,0.1088,-0.2025,1.2802,0.4901,0.96,0.357,0.1671,0.0098,-1.6324,-1.5577,-0.4392,-1.1982,-1.6636,-1.8603,0.2888,0.1064,-0.6619,0.4677,-0.2684,0.5577,1.0188,0.8913,0.6297,-1.3006,-0.9963,-0.3945,-0.3056,1.0225,1.6104,1.0071,1.0408,0.782,-0.3423,0.4544,-0.5568,-2.3253,-1.5998,-0.0876,-0.2033,-0.2658,-0.8489,2.0049,1.581,0.3141,-0.2784,-0.6498,-0.5617,0.3838,-0.7355,-0.1552,0.9878,1.4527,-0.5022,0.5698,-0.22,0.632,-0.9752,-0.727,-1.2119,-1.7166,-0.2594,1.1501,0.8303,0.3638,0.9618,0.0224,0.198,-0.7882,-0.6345,-0.5242,0.4684,0.1461,-0.023,-0.206,0.0847,0.352,-0.2131,0.8459,0.2157,0.8731,0.4299,-1.3785,0.3971,1.6621,0.4744,-0.1805,-0.0549,0.7478,-0.3136,-0.9197,-1.4766,0.0376,-0.5971,-0.8622,-0.6539,-0.6604,-0.2153,0.6671,0.4663,0.3414,-0.5834,0.6156,1.7647,0.8534,-0.4681,-0.5896,-1.4993,-1.9203,0.0446,1.1164,0.3296,0.9053,0.6984,-0.0456,-1.035,-0.1858,0.3526,-0.4371,-0.1259,1.5869,1.83,1.02,1.0138,-0.237,-0.9098,-1.2597,-0.9759,-1.1233,0.152,-0.1451,-1.7119,0.165,0.5422,1.1758
"IC71",-0.5897,0.5807,0.7536,-0.3242,0.1462,-1.8565,-1.1951,-0.0672,0.9193,2.3849,-1.9983,1.406,2.3084,-0.084,1.4019,-0.4714,-1.3293,-0.5898,-1.5224,0.4526,-0.8472,0.0618,-1.4213,-0.2894,2.021,1.0478,2.3408,-0.4228,-0.4548,-0.0848,-2.0279,-0.3088,-1.6263,0.5067,-1.1297,0.3012,-0.3128,-0.7637,0.6735,-0.6719,-0.2518,1.8343,-0.8857,-1.3596,0.2516,1.0411,1.8728,0.6072,0.175,0.1257,-0.2696,-0.0075,0.912,-1.1447,0.5866,1.6606,0.1879,0.7365,0.3233,-0.2365,0.7143,-0.6312,0.6402,-0.8329,-0.3104,-0.5201,-0.5338,-0.2833,-1.4319,0.3858,-0.1056,-1.4775,-1.3144,-1.0933,0.0351,1.1924,0.1028,0.9441,-1.9118,0.0991,0.2991,0.9007,0.1347,1.7737,0.3539,0.2264,0.4613,-0.3525,0.8696,-1.2659,0.5528,2.3222,0.2828,0.3824,-0.3745,0.8988,0.694,0.3707,-1.2952,-0.9146,-1.5052,0.1983,-2.1976,-0.0272,-2.002,1.0584,-1.3336,-0.7088,-0.4342,-0.4168,-0.2346,-0.9369,1.3505,-1.743,0.6195,0.9682,1.1567,1.2004,0.8468,-0.1751,1.2198,-1.1986,0.4276,-0.384,1.8261,0.5283,0.1708,1.2062,0.5875,1.037,1.0052,-1.2919,0.6506,-1.341,-0.3688,-0.3625,-0.6369,0.319,-0.9481,0.9709,-1.5317,1.2503,1.2785,0.5212,-0.4656,-1.3505,-0.171,-2.4972,-0.265,-0.1103,-0.6368,-0.2509,-0.9532,0.3488,-1.0368,0.273,-0.8436,-0.7302,1.6657,1.0868,1.4822,-0.308,0.983,-1.1406,1.5076,-0.4382,0.7944,-1.0494,0.3053,-0.1435,0.7902,-0.5108,-0.0058,-0.2883,0.9784,0.6089,0.8459,-0.0523,0.5375,0.0008,-2.076,-0.6967,-0.7038,0.123,1.6879,-0.6032,-1.0536,-0.9322,0.6967,-0.3255,0.2747,-0.1055,0.3039,0.1526,0.3393,1.3459,0.3135,-0.6444,-0.7342,-0.4723,1.7689,-0.0123,0.4594,-1.7488
"IC72",0.4158,1.7325,0.6064,-1.5654,-2.1955,-2.5742,-1.0269,-1.5801,-0.0398,3.7712,2.3664,0.7345,-0.6976,-1.2787,-1.5426,-1.8656,-0.5008,-1.512,1.6093,1.8394,-0.0876,-0.1068,-0.5187,0.1836,-0.2998,0.0019,0.9546,1.5133,2.2888,0.7912,0.5749,1.3634,-0.2657,-0.6024,0.01,0.0609,0.356,0.4186,-0.1905,-1.1737,-0.8394,0.3855,-0.0772,0.8945,0.3195,0.1783,0.3879,0.1923,0.5347,0.4985,-1.2106,-1.7778,-0.7489,-0.4342,-0.2961,-0.1161,2.1937,0.8462,-0.2992,0.1474,0.4565,0.5427,-0.0225,-0.0066,-0.7857,-1.2837,-0.3075,0.892,0.9918,-0.9968,-1.9865,-1.7422,-1.541,-0.4325,0.053,-0.2488,-0.5303,-0.8981,-0.069,-0.1425,-0.6081,0.8547,1.4752,-0.2739,-1.1478,-1.5466,-0.0622,-0.078,1.3551,0.2361,0.1456,0.723,1.3021,1.4162,1.0647,0.143,-0.0854,-0.5114,0.0636,0.5784,-0.0202,0.0693,0.7841,1.1039,1.5172,1.3875,0.4345,0.615,-0.2021,-0.1895,-0.2445,0.1783,0.1637,0.3948,-0.5072,0.5942,-1.0243,-0.2138,-0.6985,-0.8897,-0.4544,0.9819,0.6887,-0.4036,-0.0917,-0.5467,-0.3737,-0.5463,-1.615,-2.4427,-0.5588,-0.2186,-0.0295,0.1478,-0.0175,-0.9534,0.1194,0.7985,-0.1169,-0.1352,1.5873,1.182,0.1816,-0.0404,-0.9512,-1.2466,0.1087,0.6667,-0.9325,-2.5249,-1.2461,1.5474,-0.0495,-0.5624,-0.9042,-0.4393,-0.4306,0.4632,-0.1297,0.8406,1.1197,1.0919,1.2084,0.872,0.8723,0.2265,0.6686,0.4715,1.2667,0.1148,0.6804,-0.3078,0.724,0.5192,1.1493,0.8013,1.7994,2.0788,-0.5036,-0.6637,-0.0405,-0.3968,-1.2609,-0.4087,-1.7892,-0.2501,-1.6961,-1.7085,-2.4049,-0.7055,-0.7003,0.3427,0.6465,0.3716,-0.1661,-0.4285,1.1468,-1.0604,0.3019,1.1748,0.8109,0.238,-0.4359,-0.11
"IC73",1.6354,1.1465,1.1252,1.67,-0.101,-0.0795,0.5999,-0.4066,0.5716,0.8512,0.265,1.7928,1.3096,0.0212,-1.9295,-0.6253,0.2065,-1.8487,-2.3242,-0.5664,-0.8863,-0.439,-1.1548,-0.0983,-1.2729,0.1003,-1.045,-0.9043,1.2931,-0.4981,0.1232,0.5267,-0.3407,0.2542,0.6462,0.712,0.043,0.4114,-1.3229,-1.2193,-1.1665,-1.6851,-0.7718,1.7021,-0.2138,-1.1077,-1.8682,-1.3793,0.5604,1.206,-0.4869,0.5396,0.6661,0.8194,-0.4676,-0.3099,0.7609,0.2449,0.151,1.2106,0.4186,1.8516,2.442,1.3998,0.254,0.1416,0.966,1.0357,0.9823,0.515,0.6276,-0.1701,0.4749,-0.1261,0.0593,-1.2079,0.1937,-1.6166,0.4701,-1.0396,-0.7363,-2.2044,0.0503,-1.2532,-0.0764,-0.9427,1.0326,-0.056,2.3234,0.0987,-0.3719,-2.1178,-0.4915,-0.8032,-0.1497,-0.6553,0.6256,0.1019,-0.1446,0.8074,0.2266,-0.0038,-0.5138,-0.8991,-0.4131,-0.8033,-0.7857,1.6508,0.1992,-0.0532,-0.2478,1.092,-1.2369,-0.3045,-1.8073,1.2819,-0.213,0.4903,-0.6463,0.824,-0.4082,0.6465,0.1591,0.8826,0.8105,0.0425,-0.7989,-0.8936,-0.5936,1.8602,0.7653,0.9044,0.1745,0.5907,1.9481,0.3113,0.9189,0.7865,-0.6432,-1.0265,-0.4991,-0.6882,-1.1563,0.0266,1.156,-0.183,-0.2985,-1.0001,-1.361,-0.9961,-0.1498,1.794,0.6182,0.181,-0.0295,-0.1935,-0.9777,1.3884,-0.8944,-1.5362,1.5989,0.955,2.0418,0.5682,-0.6024,-1.2477,0.5015,0.1626,1.9726,-0.5406,-0.8037,0.0915,-1.6932,0.4055,-0.6859,0.1988,-1.6323,0.8311,-1.9538,-2.0671,-1.9163,0.6586,-0.5723,-0.0268,-1.3712,0.2211,0.5335,0.6162,-0.5553,-0.3692,-1.4245,-1.0927,0.4921,-0.7612,0.9951,0.9807,0.955,0.201,1.1656,0.3235,2.3537,0.2625,0.6594,0.7409
"IC74",1.7844,1.8217,0.7685,-1.6778,-0.8209,-2.0608,-1.0154,-1.8188,0.0493,4.4168,3.8044,-0.4174,-1.9632,0.1384,1.5421,-0.4042,-1.1868,-1.9396,1.8371,-0.4983,-1.1152,-0.8716,-0.3304,0.3182,-0.3156,-0.543,0.2584,1.3927,3.0376,0.4227,-0.617,-1.3427,-1.5422,-0.8018,-0.1228,-0.2158,-0.7299,0.0033,-0.7123,0.3486,0.3818,1.4919,-0.4173,-0.9426,-1.8498,-0.1814,0.3323,-0.5353,-0.4218,-1.0919,0.2428,-0.1116,-0.9069,0.1422,2.3817,0.801,1.8328,0.2745,0.8385,0.6759,-0.4207,0.6881,0.7783,0.0735,-0.0658,0.01,0.0689,0.3012,0.9436,0.7145,-1.2825,-1.1691,-0.8768,-0.3981,-0.996,-1.4193,-0.5448,0.8951,-0.0924,-0.5493,-1.0715,0.0734,0.2416,-0.4031,-0.7085,0.1695,0.6057,-0.4195,-0.8936,-0.0781,0.6067,1.0907,0.0779,0.2013,1.1363,0.5411,0.9034,-0.5219,0.3619,0.1153,0.2771,0.2772,0.8926,1.0937,0.4708,0.5291,0.6061,0.4676,-0.27,-0.6494,-0.5897,-0.4859,0.0689,1.078,0.1499,-1.3614,-1.096,-0.1526,0.1354,-0.3206,-0.913,0.2548,-0.1427,-1.4267,-0.448,-1.1211,-1.1352,-0.6989,0.6741,-0.3238,-0.5609,-0.2919,0.3269,0.8844,-0.0557,-0.5777,0.4403,-0.5056,-0.4073,0.4509,1.6523,1.3273,0.1577,0.3881,-0.8233,0.5542,-0.4875,1.2686,1.1847,-0.3996,-1.0083,-0.3935,0.3545,0.2283,-0.244,0.3203,1.4147,-0.9941,-1.9539,0.6471,0.653,1.0028,0.2996,-0.0552,0.4879,1.0775,1.3322,1.3327,0.5453,0.3188,0.9301,-0.8624,0.3558,-1.348,-0.9813,-1.3829,0.6456,-0.1407,-1.3048,-0.8179,-0.5747,-0.9894,-0.6009,0.2242,-0.0968,-0.9791,-1.7876,-0.8226,-0.5464,-0.1955,-0.4911,-0.3743,0.6524,0.8601,-0.6958,-1.9745,-0.2182,-0.0206,0.98,2.0073,1.3165,0.689,0.8309,1.4772
"IC75",2.3146,-0.197,-1.122,-2.8426,-0.9194,-1.6175,-0.66,-2.0261,0.3,2.8893,2.9117,3.3365,0.2396,-0.4707,-0.4586,-1.5086,0.4707,-0.9226,0.9357,-1.0859,-1.0187,-0.5502,-0.7325,-0.1597,0.3475,-0.6443,2.3621,1.7487,0.8197,0.112,-0.298,-1.2056,-0.4822,-0.3019,-0.5762,1.054,0.3006,-0.3391,-0.8293,2.0679,1.9856,2.0322,0.3765,-0.9394,-1.3181,1.1898,-0.2787,-1.5626,-1.0628,-0.1041,0.2952,-0.0169,-0.7057,-0.1424,0.7553,0.7691,1.3431,-1.0791,-1.6907,-0.3212,-0.909,-0.7207,-0.475,0.5664,-0.0377,-1.5149,-0.5022,-0.0045,0.0736,1.0521,-0.6408,0.2236,-0.0584,-0.3705,-0.1076,-0.7244,-1.7463,-0.4239,-0.8283,0.2402,-1.6267,2.3101,0.2742,1.7316,0.1052,0.6532,0.1894,1.2138,-0.0777,1.4429,1.3996,2.5623,1.1754,-0.0479,0.3801,-0.0222,0.4094,-1.1708,-0.8557,-0.6265,-0.5695,-0.4437,-0.1747,-0.0041,-0.2448,0.8337,-0.5773,0.1086,-0.998,-0.7566,-0.7557,-0.3276,0.6822,0.8209,1.4624,-1.1056,0.909,0.2062,0.15,0.0015,-0.3657,-0.8151,0.1729,-0.6579,-0.7061,-0.3098,0.837,-1.0589,-1.6495,-0.6674,0.2651,0.173,0.2692,-0.9527,-0.5183,-0.8945,-0.3768,-0.1731,0.2945,0.0455,1.162,1.9684,-0.0642,-0.393,-0.9965,0.3088,0.7753,3.1383,0.2383,-1.1724,0.0393,0.1011,0.6202,-1.1107,-0.8165,-0.6912,0.6147,-0.2308,-0.071,0.6985,1.0891,0.0501,-0.5513,0.3032,0.8372,0.7778,0.1554,0.3411,0.9481,-0.0784,0.8548,-0.3667,0.2432,-1.3971,0.6093,-1.329,0.3036,-1.1132,0.3282,0.3088,0.1598,-0.8664,-0.0954,-0.7706,-0.8053,-0.1941,-0.7223,0.5971,-0.2969,0.5386,-0.9023,0.8924,-0.583,0.6171,0.5608,-0.1366,-0.6647,-0.7325,1.3405,0.7587,-0.5851,-1.2998,0.1069,1.2433
"IC76",0.6084,0.513,1.1989,-0.8447,-1.738,-1.8437,-1.0614,-1.4407,-0.1811,2.5026,0.6664,1.3101,0.1223,-1.7233,-0.7911,-1.123,-0.7145,-1.0443,0.6113,-0.0732,0.5467,0.8051,-0.0085,-0.5158,-1.4466,-1.2328,1.4781,2.0039,1.9665,1.7908,1.143,0.4657,0.0024,0.2336,0.4873,1.0891,1.3264,1.1541,0.5522,0.1024,-0.7132,-0.7466,-1.8017,-0.1038,-1.0397,0.3183,0.8646,0.5727,-0.0624,0.0697,-1.3517,-1.5046,-1.6708,-1.1024,0.4324,0.7357,1.1276,1.3326,0.0142,-0.7783,-1.544,-0.3801,-0.845,-0.8908,-0.0621,0.0523,1.1388,1.5567,0.83,0.333,-0.9415,-0.8268,0.1083,-0.3415,-0.6803,-0.6069,-0.9273,0.2013,-0.5608,-0.776,-1.8619,-0.6075,-0.0386,0.4406,-0.3524,0.2722,0.2812,1.0421,0.4543,0.6743,1.4271,1.4097,0.6645,1.0924,1.6299,1.0347,0.4345,-0.6483,-0.796,-0.7877,-1.4935,0.4231,0.2091,1.0754,-0.262,-0.025,-0.917,-0.5275,-0.5276,-0.2837,-0.3411,0.9948,0.8367,-0.1341,0.3797,-0.6345,0.3015,1.2544,1.6044,0.8089,1.1647,0.3478,-0.6682,-1.2378,-1.269,-1.3089,-1.0202,-0.9521,-0.348,-1.7968,-1.1709,-0.0118,1.2998,1.0908,1.1405,0.5223,-0.0308,-1.127,-1.325,-0.9272,0.6431,0.805,1.5464,1.1564,-0.6068,0.9324,0.7302,0.1301,-0.4783,-1.6641,-1.3502,-2.0073,-0.7539,-0.334,-0.89,-1.0626,-0.9999,-0.7604,0.1898,0.4931,-0.3531,0.8364,0.7742,-0.1754,0.7335,1.0088,1.781,1.9969,2.1018,1.1367,1.2756,-0.2016,1.3798,-0.435,0.6626,-0.247,1.3078,-0.6036,-0.0363,-0.6865,-0.4571,0.0262,1.085,0.5965,0.2807,-0.7073,-1.8033,-1.9775,-1.2996,0.1393,0.2566,0.8175,0.0284,-0.4633,-1.615,-2.2993,-0.469,-0.9208,1.0873,0.7803,0.1632,0.4614,-0.1408,1.2484
"IC77",0.4928,0.5048,1.8726,-1.5,0.6002,-1.653,-0.8023,-2.0413,-0.4125,3.1251,-0.4654,0.6482,-0.2282,-1.7419,0.6395,-1.6964,0.7804,0.6797,0.6238,-0.1134,0.3869,0.8682,-1.1321,1.2095,-0.1092,-1.4511,1.3409,0.298,0.8726,-0.4087,-1.4511,-1.0766,-0.8035,0.0354,-0.9075,1.1644,-0.6786,-0.1336,1.8667,1.2136,0.109,0.5757,-0.0772,0.2809,-1.613,1.1348,2.6028,-0.5252,0.5616,-0.9482,-2.5944,-0.7487,-0.9196,0.1202,2.4786,1.0274,0.6233,0.4488,-0.5577,1.9264,-0.4716,-0.0324,-1.2107,-1.2689,0.2625,-0.4547,-0.8515,0.0317,-0.6902,0.4533,-0.1219,-0.2525,-0.3231,-1.7533,-0.1185,0.4269,0.9456,1.9911,-0.9464,-0.055,-1.0107,1.0576,-1.0522,0.5628,-1.8481,-0.5221,-0.3575,-0.2269,-0.7131,-0.232,0.2059,-0.3264,-0.2535,-0.4362,1.7786,1.3973,1.7828,0.6916,-0.7701,0.0536,-0.0445,0.3496,-0.7005,0.876,0.098,2.6778,-0.4024,0.9096,-0.6123,-1.231,-0.2733,0.6577,1.3634,-0.0322,1.4505,-0.7836,0.5543,0.7148,-0.6818,0.5227,0.1033,-0.9155,-0.0753,-1.46,-0.4757,-0.4514,-0.7499,0.411,-1.3495,-1.7299,-1.1735,-0.321,1.2661,-0.6678,1.1912,-0.7889,-1.282,-1.2244,0.1336,1.014,-0.4617,1.1852,-0.3515,1.2304,-0.7859,0.2436,0.7527,0.4482,1.0345,-0.0183,-0.6635,-0.1899,0.5697,0.4823,-0.9015,0.2277,-0.963,-0.6118,-1.4794,-0.0175,1.049,0.4519,1.1164,0.6234,1.049,0.1831,2.0054,0.5943,2.5958,0.5435,-0.2468,-1.5225,-0.1572,-1.1434,-0.673,-1.2193,-0.0466,-1.1484,-0.1563,-0.0819,-0.968,-0.0762,-0.6647,1.0975,0.1394,0.2597,0.1492,0.7583,-0.0117,0.1107,0.1095,1.1878,-1.1402,-0.3877,-0.4708,-1.6789,-1.5185,-0.438,1.3506,0.7309,0.7086,-0.4187,0.4155,0.6781
