"IC05","0.8099","0.3115","0.3813","0.7504","0.7252","0.2168","-0.5073","-0.4727","0.0228","0.7291","-0.1783","-0.2869","-0.4761","0.7287","1.1880","-0.0427","-0.3456","-0.9533","-0.7489","-0.4291","0.2109","0.7623","-0.6335","-0.0133","0.0168","-0.9948","-0.5622","-0.4720","-0.2322","-1.5874","-1.0718","-0.6288","-0.9513","-0.3973","-0.2740","1.3614","1.0349","0.2993","0.3949","0.2201","0.2249","0.3694","1.1481","1.1989","0.8684","0.8399","0.2291","-0.9393","-0.6341","0.4074","0.2908","0.6571","0.7893","0.7634","0.0149","0.3142","0.2935","0.4053","0.8304","0.3279","-0.1726","0.4278","-0.1226","-0.9327","-1.0603","-0.8515","-0.9156","-1.3461","-1.4817","-1.8444","-1.9832","-1.9992","-1.1070","-1.1182","-1.2888","-1.2314","-0.1609","1.5726","2.3139","2.5271","0.3683","-0.2908","-0.3666","0.1227","0.0351","-0.2200","0.0685","-0.3987","0.1216","0.2233","-0.0229","0.8115","1.0935","0.6399","0.0914","1.1131","1.4044","1.3845","1.6179","0.7902","0.6573","1.2164","1.0602","0.6402","1.1166","0.5881","1.0329","0.4795","1.3640","0.6876","-0.7993","-2.0029","0.0679","0.1209","-0.7653","-0.4149","-1.2426","-0.7555","-2.4901","-2.4774","-1.7723","-1.8085","-1.9887","-2.5400","-1.4606","-0.8388","-0.5606","-1.2907","-0.9553","-0.2979","-0.3876","-0.2326","0.9020","0.8955","0.7832","0.3573","0.7374","1.1239","0.0696","0.7430","0.3956","0.4516","1.6513","1.6468","1.0276","1.0442","1.7655","1.3805","1.5325","1.6968","-2.4452","-0.9127","-0.0313","-0.2265","0.1600","0.4492","0.5747","0.2366","0.8437","0.6913","0.2600","-0.0416","-0.2600","0.0863","-1.0185","-0.6994","-1.0773","-0.6163","0.6021","0.4144","-0.1230","-0.1412","-0.5697","-0.8116","-0.0997","-0.7938","-0.1207","-0.0806","-0.4316","0.2440","-0.7176","0.3805","0.4767","-0.0992","-0.3801","-0.4079","-0.6282","-0.6022","0.1631","-0.4649","0.0673","-0.5645","-1.0512","-0.7741","-0.7824","-0.8233","-0.4839","-1.0862","-0.8184","-0.0693","-0.3185","1.2649","3.1732","4.2136"
"IC08",0.8061,0.545,1.1333,1.6141,-0.1476,-0.2434,-0.0734,0.0801,0.1889,0.1014,-0.5015,-0.4037,-0.3214,-0.6068,-0.8324,-0.2243,0.1949,0.1751,0.0621,-0.6135,-0.795,-0.5635,-0.6495,-0.1679,-0.2348,-0.166,-0.2933,-0.7765,0.4703,1.714,2.2268,1.2444,-0.4551,-1.2686,-1.147,-0.4211,0.0031,-0.0823,-0.193,-0.096,0.0462,-0.3977,-0.0833,-0.5325,0.4327,0.7778,0.9191,0.9468,0.3972,-0.0221,0.3607,1.6055,0.983,0.1226,-1.1512,-0.6942,-0.7819,-0.0279,0.2377,0.2342,-0.2177,-0.4684,-0.9098,-0.7434,-0.3704,-0.2659,-1.1155,-0.908,-1.3596,-0.8737,-0.5673,-0.4923,-0.6907,-0.8093,-0.7675,-0.0863,0.3335,0.1341,1.2597,2.2211,2.4475,1.3308,0.5814,-0.3366,-0.7152,0.225,0.5898,0.9113,0.6168,0.208,-0.8968,-0.9134,-1.0573,-0.6003,0.021,1.424,1.8963,1.9553,1.3363,-0.0661,0.3332,0.7727,1.2165,0.5712,-0.3238,-0.9273,-1.2812,-1.0469,-0.6792,-0.2764,0.2101,-0.0721,0.2143,1.2621,1.108,1.0096,0.3185,-0.5511,-1.2222,-1.3343,-1.7611,-2.5234,-1.8861,-1.7152,-1.6406,-1.4048,-1.2329,-0.8373,-0.0531,0.1156,-0.1725,-0.5397,-0.2799,-0.4643,-0.0776,-0.2954,-0.378,0.0302,0.0736,0.8477,0.9229,1.1299,2.3422,2.6354,3.1471,2.3271,1.2464,-0.1875,-0.1122,0.3889,1.4415,1.692,1.9345,1.8786,0.3221,0.2005,-0.8791,-0.8793,-0.2997,-1.156,-1.5425,-0.4101,0.7037,0.1206,-1.2146,-1.4227,-1.0932,-1.1604,-1.3445,-1.5174,-1.3423,-0.7136,-0.0682,-0.1252,-0.5052,-0.2959,0.3888,0.7912,0.7059,-0.3582,-0.3993,0.0156,-0.0201,0.0115,0.3102,1.0905,0.6823,0.2639,0.243,-0.8322,-0.9566,-1.3883,-0.8749,-0.5062,-0.2227,0.7822,0.5792,0.3876,-1.225,-1.4845,-0.8563,1.3997,2.6356,2.6511
"IC09",-0.1129,0.0151,0.6104,-0.1132,-0.383,-0.1541,-0.0171,0.4156,-0.4063,-0.6474,-0.2095,0.1438,0.2193,-0.0009,0.3048,0.3458,0.2116,0.0299,-0.3464,-0.5254,-0.1354,-0.4722,-0.2755,-0.0757,0.1691,0.0616,0.1104,-0.3899,-0.3188,0.0864,-0.0816,-0.3728,0.1656,-0.2748,0.5285,-0.5567,0.096,0.6415,0.6785,1.0399,0.227,0.7088,0.9227,1.3441,0.9073,0.5962,0.9601,-0.3185,0.0419,-0.1096,0.6178,0.0992,-0.6189,-0.2727,-0.8492,-0.5508,-0.7851,-0.7585,-0.0207,-1.4169,-0.9104,-1.2435,-0.746,-1.2847,-0.6976,-1.1505,-0.479,0.143,0.6614,0.6693,-0.1656,-0.4861,-0.3061,0.2954,1.4244,2.2662,1.521,0.2728,-0.5759,0.598,0.9218,0.107,-0.9257,-2.3328,-1.6352,-1.714,-0.7006,-0.4924,-0.3316,0.1065,0.4709,1.0041,1.8093,2.5831,3.9457,3.2026,2.4044,1.019,-0.9837,-0.2366,0.5335,-0.0243,-1.3685,-1.6154,-1.5255,-0.7931,-0.5585,-0.568,0.0157,0.1758,-0.3269,0.3421,1.3714,1.0507,-0.6018,-1.6594,-1.2639,-1.7904,-1.9748,-2.3544,-1.8222,-1.4165,-1.1144,-0.9333,-0.9809,-0.2835,0.4411,1.0706,0.7816,1.036,1.249,1.3993,0.8886,0.7372,0.6697,0.5864,0.1366,0.0263,0.9156,0.5885,0.9302,1.9966,2.2816,1.5108,0.9938,0.0415,-0.9771,-0.2454,-0.7431,0.5059,0.0137,0.8982,0.5179,-0.1433,-0.4187,-1.5375,-1.9498,-2.69,-1.9963,-1.2112,0.0899,-0.1406,0.4533,-0.3281,-0.2168,-0.308,-0.4625,-0.5716,-0.6971,-0.3626,-0.0579,0.3451,0.0059,-0.008,0.2372,0.2198,0.7511,0.4469,0.7991,0.5654,1.0468,1.2123,0.7421,1.92,1.5781,1.1783,-0.2574,-0.8752,-1.0477,-0.7967,-0.7693,-0.1133,-0.2827,-0.3402,-0.8651,-0.5072,-0.9446,-0.8937,-0.3111,0.1822,1.768,1.5964,-1.1978,-0.357
"IC15",0.4586,0.588,1.7257,1.4888,0.574,-0.0041,-0.1228,-0.8801,0.1029,0.5301,-0.0016,-0.1568,-0.11,0.7929,-0.207,-0.5701,0.0437,-1.2087,-0.8844,0.1274,-0.2572,-0.2064,-0.3118,0.5269,0.2189,-0.3682,-1.0757,-1.0392,-0.694,-1.2381,-0.593,-0.1137,-0.3659,-0.1267,-0.5324,0.1819,0.0483,0.002,0.2908,0.1942,0.1545,0.4862,0.8612,1.2808,1.6493,1.7816,0.5322,0.1315,0.6473,0.0049,0.1769,0.4549,-0.0248,-0.9831,-0.7612,-0.9361,-0.1103,-0.353,-0.0514,-0.5627,-0.6048,-0.9693,-0.7924,-0.9367,-1.0717,-1.0913,-0.4784,-0.1095,-0.4779,0.1271,-0.2722,-0.4862,0.515,0.3176,0.8491,0.8523,1.1052,0.1497,0.447,0.9907,2.0129,1.8309,0.2242,-1.1826,-1.8902,-1.7086,-1.6044,-1.1115,-1.3114,0.4068,0.7189,1.0509,1.2649,1.0301,2.1798,3.0356,2.1611,0.4455,0.6785,0.5197,0.4802,0.0715,-0.8301,-0.6995,-0.875,-0.4398,-0.3888,0.0742,-0.48,-0.2947,-0.39,0.2384,1.2372,0.8286,0.4812,-1.0074,-1.7987,-1.6658,-1.4762,-2.2746,-2.4377,-2.112,-1.8739,-1.158,-0.6372,-0.5198,-1.2453,-0.2691,0.505,0.1933,0.7914,0.4111,0.7266,1.6201,0.4486,-0.2038,0.1286,0.3913,0.2203,-0.4007,1.7419,2.158,1.6069,1.6142,2.0943,2.6848,0.5805,0.7535,0.5454,0.2917,1.354,0.1393,0.0155,0.2486,-0.4301,-1.3071,-1.1777,-1.2361,-0.6282,-1.6405,0.1157,0.488,0.0501,0.5754,-0.0027,-0.674,-0.7199,-0.4791,-0.5452,-0.4456,-1.0228,-0.8279,-1.0028,-0.7763,-0.0789,0.4523,0.3026,-0.474,-0.1655,-0.2921,0.2323,0.4673,0.3794,1.1177,1.053,0.0428,-0.5142,-1.2588,-0.8057,-0.9363,-0.5124,-0.4323,-0.2628,-0.3993,-1.1941,0.0929,-0.6904,-1.1223,-1.0626,-0.4032,1.2222,1.7299,2.1461,3.8353
"IC16",1.0724,2.2223,1.7586,1.3963,0.4931,-0.1908,-0.8344,-0.5445,-0.7172,-0.2854,-1.0833,-1.1141,-0.6772,-0.0818,0.0579,0.3187,0.5212,0.7451,-0.0148,-0.832,-0.5523,-0.365,-0.6294,0.3097,0.4908,-0.2132,-0.5966,-0.4377,-0.0299,-0.8017,-1.5416,-1.0546,-1.1815,-0.5376,-0.0896,1.413,1.7701,0.9704,0.7373,0.4725,-0.4671,-0.7138,-0.1429,-0.2236,0.4318,0.9071,0.3328,-0.4254,-0.3112,0.7625,0.2602,-0.1381,0.1874,0.2624,-0.6626,-0.6691,-0.7411,0.8373,0.7971,0.2843,-0.7849,-0.4123,-0.1128,-0.1498,0.5372,0.0532,0.3192,-0.5586,-0.1857,-1.0308,-0.5766,-0.2698,-0.7188,-0.285,-0.2041,0.3255,0.3497,2.5765,2.934,1.3383,0.1567,-1.1003,-1.8831,-1.7465,-1.2179,-0.0019,0.7605,0.1127,0.627,-0.0248,0.2398,-0.2153,-0.31,-0.6679,-0.618,0.7675,0.9521,0.761,0.4922,-0.275,0.1578,0.5774,0.7566,0.8615,0.8406,-0.1505,0.8977,0.0731,1.0901,0.8947,0.5816,0.0905,0.8391,0.3658,-0.6154,-0.4716,-3.2411,-2.9225,-2.7886,-2.0522,-2.2282,-1.5765,-1.1145,-1.2158,-0.0123,1.0997,0.6703,-0.6542,-0.1486,-0.4264,-0.5532,-0.0981,-0.0395,0.4498,0.4145,0.2974,1.3328,1.3253,1.6136,2.308,2.0888,0.8906,1.0651,1.4247,0.2903,0.3489,0.729,0.2596,0.968,1.1001,1.1687,0.572,1.3168,0.5015,-0.5323,-0.263,-0.2034,-0.767,-0.2893,-0.2419,-0.9339,-1.3803,-1.1477,-2.1317,-2.6129,-1.897,-2.4586,-1.7402,-0.1905,0.1723,0.3305,0.2284,-0.0014,-0.4401,0.3957,0.3087,0.951,1.0253,-0.3694,0.8231,0.4126,0.8029,0.3271,-0.3578,-0.3304,0.4746,0.6573,0.5688,-0.0632,-0.4017,-0.528,-0.6354,-0.9196,-0.2237,-0.2046,-0.6937,-0.4378,-1.0553,-0.771,-0.3573,-0.0308,2.6724,1.8368,1.8062
"IC17",-0.0022,0.296,1.9248,0.256,-0.8563,0.1065,0.8615,-0.9219,0.0776,0.8262,0.0704,-1.4085,-1.611,0.6799,-0.6131,-0.7717,0.5715,-0.1113,0.4488,0.5934,-0.4241,0.414,-0.5016,-0.0897,-0.3066,-0.6977,-0.7313,-0.1399,0.8117,0.4042,1.3068,0.032,-0.8482,0.1304,-0.0017,0.3267,0.401,-0.0465,-0.4124,-0.8574,-0.5346,-0.2757,-0.3919,0.3707,1.0638,0.6805,-0.1322,-0.5236,0.2798,0.4262,0.6243,1.4208,0.9194,0.2625,0.5943,0.0733,0.1768,0.637,-0.2114,-0.5185,1.0297,-0.051,-0.2517,-0.2988,-0.7029,-0.5496,-1.1237,-0.7511,-1.9515,-0.4255,-0.7917,-0.7236,-0.4233,-1.4862,-1.4756,-2.2303,0.6334,-1.5092,-2.0545,1.8984,1.9059,0.9816,-0.0917,0.4528,1.2397,0.7206,0.4621,1.0384,-1.0221,0.0672,0.1215,1.3536,0.5842,1.2681,0.5588,1.0489,0.0048,-1.0036,1.6262,1.9093,2.2147,0.97,0.6116,0.494,-0.5592,0.257,-0.6982,0.4114,-0.0337,-0.0921,-1.0408,0.493,0.4171,-0.2602,0.6914,0.3416,-0.1303,-0.5956,-0.8306,-2.3844,-2.5507,-2.425,-2.1406,-0.9777,-1.0838,-1.8531,-1.7285,-0.7446,-0.968,-1.228,-1.0986,-1.1601,-0.0189,0.9217,0.6735,0.2362,0.5529,2.3449,0.4087,-0.1035,3.3388,1.1841,2.2138,1.0457,1.5648,1.5623,0.4712,1.2344,0.8043,0.7448,1.2791,-0.4169,0.78,1.4782,0.0146,0.0133,0.1258,0.5268,0.793,-1.2214,-0.2265,-0.9938,-2.1745,-1.1327,-1.869,-1.8895,-0.6659,-0.7545,-1.1987,-1.1367,-0.9712,-0.1,0.1124,-0.129,-0.4453,1.7507,0.9759,-1.0476,0.2304,-0.4473,0.4932,0.4401,0.9562,0.9947,0.4932,-0.2453,0.1633,-0.3792,-0.0808,-0.4646,0.0497,-0.2739,0.0644,-0.5934,-0.9659,1.1609,-0.329,-0.3542,0.0058,0.7251,0.6628,-0.9075,-0.5672,2.0789
"IC18",2.643,-0.8625,-0.7744,-0.7096,-1.0679,-1.1886,-0.5587,-0.8112,0.6727,0.9086,0.2306,0.4056,-0.181,-0.0859,-0.1461,0.399,1.9737,0.006,-0.5307,-0.4756,-0.0991,0.7318,-0.8629,-1.0205,-1.7505,-0.2038,1.738,0.0891,-0.0427,-0.7081,-0.2986,-0.5956,0.2559,0.571,-0.9418,1.1954,0.9378,0.3264,1.6535,0.4453,-0.2651,-1.019,0.3528,0.0496,-0.3994,-0.3301,-0.4922,0.5859,-0.0685,-0.032,-1.613,1.1438,1.109,1.8679,1.4402,1.1131,1.4468,-0.1878,0.373,0.6481,-0.1722,-0.8505,-1.5878,-1.4585,-1.1727,0.6931,-0.3958,0.4498,-1.5268,-1.1521,-0.3568,-0.6192,0.1393,0.0081,-0.5686,-0.3807,2.7336,2.0114,-0.1599,-0.2741,-1.5969,-2.0823,-1.5127,-1.9853,-1.8044,-0.1947,-1.0367,1.1571,-0.4685,0.7291,0.0381,0.0599,-0.0973,0.6411,0.3333,0.509,1.0677,1.144,1.6361,0.6269,1.31,1.477,1.0683,0.3415,-0.2137,0.1709,0.825,1.1488,1.0593,0.0858,-0.332,-3.2193,-0.5871,-0.7877,-0.3676,0.1116,0.2312,-0.0666,-0.1153,-0.0367,0.0503,-0.7272,-0.6301,1.1666,-0.4884,-1.4012,-0.989,0.4195,1.3264,1.6224,0.8277,-0.3108,0.5442,-1.5297,-0.4195,-0.0486,-0.6506,-0.5886,0.2952,-0.9295,-0.0972,-1.2032,-1.3763,-1.0161,0.2919,1.0483,0.5242,-0.0634,1.0275,0.8338,-0.8585,-1.0451,-0.4619,1.1251,0.5058,0.3388,0.3204,0.5436,0.9311,0.1821,-0.474,-0.1402,-0.2588,0.5208,-0.8221,0.1715,-0.1147,0.1053,0.6169,-0.22,0.249,0.7086,-0.8965,-0.7646,-0.3249,-0.1745,-0.3332,0.1475,0.2389,-0.312,0.4487,1.2415,1.4143,-0.186,0.5778,0.1156,0.4241,-0.9571,0.6402,-1.0775,-0.1404,-0.1452,1.2952,1.2586,-0.3699,-0.1085,0.7684,0.4715,-0.0665,-1.3512,-3.2012,-3.8228,3.4111,0.7286
"IC19",5.8161,0.2131,-1.3322,-1.6864,-1.0431,-1.0036,-0.2137,-0.0188,-1.0297,-1.1739,-1.4648,0.1575,-0.1031,-0.5736,-0.3085,-1.114,-0.9235,-0.3838,-0.6784,0.1785,0.6507,1.9102,1.3472,0.1768,0.0707,0.1874,0.1392,0.0158,0.5622,-0.2771,0.345,0.8022,0.2364,0.7815,-0.227,0.0566,0.2571,-0.1992,0.7615,0.5134,0.1082,-0.5177,-0.0395,0.3422,1.3855,-5.1459,-1.3406,4.3483,1.3097,1.1366,0.4827,0.2606,0.644,0.394,0.4587,-0.2623,-0.366,-0.972,0.4876,-0.4625,-0.6929,-0.3107,-0.4766,-0.0549,-0.5868,-0.4179,-0.8328,0.1415,0.4261,0.1996,-0.1875,-0.5401,-0.092,0.3491,0.7329,0.9543,-0.5291,-1.5855,-1.5301,-1.0185,0.6072,0.2475,-0.735,-0.5664,-1.4531,-0.7313,-0.8415,-0.4352,-0.7321,-0.322,0.2947,-0.3113,-0.1687,-0.0623,0.7766,0.5232,1.2069,0.8745,1.1951,0.6053,0.3263,0.9661,0.4191,1.5963,1.1515,1.5632,1.9053,1.6455,1.1809,1.1446,0.9357,-2.9621,-1.7628,-0.8451,-0.2031,-0.7819,-0.5354,-0.2321,-0.0126,-0.2961,0.113,0.0947,-0.7991,-0.6198,0.2747,0.1011,-0.7201,-0.2574,-0.5177,-0.4795,-0.0042,-0.4653,-0.6448,0.2578,-0.3446,-1.0131,-0.0679,-0.8774,-0.1099,0.0681,-0.1988,0.2184,-0.2302,0.038,0.6068,1.4164,0.1608,0.338,0.5056,0.5568,-0.4068,-0.0297,-0.1132,0.2882,0.114,-0.499,-0.6409,-0.9632,-0.4209,-0.242,0.6986,0.5786,0.4392,-0.0105,-0.4908,0.0763,0.1999,-0.0604,0.1839,1.042,0.2661,0.2227,-0.0081,0.0663,1.466,0.1296,0.2862,-0.6696,-0.1361,-0.4527,-0.3576,-0.1687,-0.7828,0.0408,-0.0334,-0.2417,0.6402,0.1115,-0.3757,-0.1713,0.393,1.0019,0.7107,0.4217,-0.5184,0.2406,0.251,0.3706,0.3398,0.0536,0.5393,1.9087,-2.8061,-2.6817
"IC20",0.1154,0.9284,0.3891,0.7526,0.2935,1.2521,0.2979,0.4418,-0.0013,-0.5582,-0.0901,-0.8965,-0.0346,-0.6963,-0.5022,0.433,0.1393,0.64,0.0376,-0.4006,-0.2523,-1.6284,-0.3443,-0.8492,-0.5816,0.0371,-1.3484,-0.1388,-1.407,-0.3271,0.2156,0.5961,0.6871,0.1458,1.8089,-0.031,-0.1687,0.6089,-1.1347,0.1047,-0.69,1.1182,0.5423,0.8313,0.3681,-0.8901,-0.4151,-1.1649,-1.2064,-1.0611,0.8641,-0.2474,1.0568,1.4104,1.3807,1.0295,0.8875,1.2467,-0.0451,0.673,0.4625,-0.0497,-0.2388,-0.2629,0.5601,-0.4389,0.881,-0.6858,-0.3199,-1.3335,-0.4671,-1.0931,-1.4298,-0.7615,-0.7996,0.1826,-0.3426,3.3819,0.3995,-0.2647,-0.2222,-1.6464,-1.1341,-1.6904,0.7252,0.2862,0.5863,-1.2023,0.3773,-2.3876,-0.8662,-0.6253,-1.1289,0.5969,-0.4939,-0.1373,0.3393,2.1045,0.3824,1.1756,0.7914,0.6191,2.0069,0.4815,1.9541,0.9556,1.7041,0.1886,0.0917,0.2964,0.4602,-0.137,-0.2935,1.4452,-0.279,1.2805,0.2469,-0.4818,-2.1093,-1.5124,-1.9822,-1.0092,-1.5886,-1.4177,-0.7681,-1.181,0.3515,-0.9029,-0.4167,0.7315,0.0828,1.1932,-0.5318,-0.1374,0.9896,-0.1911,-0.7506,0.3968,1.093,0.8492,-1.6483,0.5166,-0.6613,0.9398,0.0961,0.2702,0.9927,-0.1904,0.2856,2.3656,-2.5636,-0.238,0.6716,-0.3659,0.5658,0.2514,1.1247,1.4168,0.1836,0.1902,-0.44,-0.7408,-0.6881,-0.1343,-1.0326,-0.325,-0.6146,-0.1796,0.3975,0.056,0.6279,-1.0332,0.155,0.4813,-0.3275,1.1001,-0.2747,0.8964,-0.9025,0.4514,0.4631,0.7488,0.4217,-0.4904,-0.1327,0.23,-0.7786,0.6396,-1.8069,-0.3168,-1.3919,-0.2106,-0.42,-0.6271,0.7587,-0.6494,-0.8409,-1.2732,-0.9367,-0.406,-0.4279,-0.7902,5.6521,1.749
"IC23",1.5376,0.6255,0.9058,1.5298,0.5436,-0.1649,-0.8409,-0.897,0.0815,-0.2973,-0.7283,0.0592,0.485,-0.7373,-0.6788,-0.1248,-0.1608,-0.7651,0.3929,0.1974,-0.5175,-0.879,-0.2821,-0.3572,0.4017,-0.2179,-0.1988,-0.0824,-0.2874,0.2805,0.4741,-0.437,-1.1471,-0.931,-1.0449,0.158,-0.267,0.0484,0.742,0.9259,0.3014,0.1417,0.2815,-0.0508,-0.1789,0.3408,0.2828,2.0492,0.0372,-0.8491,-0.2482,1.7734,1.0207,0.428,-0.0118,-0.1686,0.3512,-0.3271,0.745,1.1651,1.0805,0.4246,0.006,-0.3331,0.1648,0.7051,-0.2764,-0.373,-0.4348,-1.7212,-1.5164,-1.3388,-0.8309,-1.4282,-1.1263,-0.9513,-1.4189,-1.7759,-0.8164,-0.8875,1.8421,1.1256,1.1616,0.0454,-1.0597,-0.0109,0.1471,0.3237,0.9673,0.7534,0.7697,0.5626,0.5123,-0.5576,-0.0397,0.3047,0.5787,0.2557,0.8124,-0.0242,-0.2723,-0.0458,0.0428,0.8822,0.6866,-0.0884,0.3035,0.4812,1.3606,1.1061,1.0686,0.8784,1.1745,1.3567,1.3533,0.7853,-0.2851,0.3084,-0.4985,0.106,-0.8721,-2.1615,-2.5092,-1.7459,-2.3888,-2.6547,-2.4393,-2.0158,-0.804,-1.1122,-1.4451,-0.5158,-0.7326,-0.1822,0.7578,-0.33,-0.2404,-0.1902,-0.0749,0.1547,0.2363,-0.0151,0.3148,1.3168,1.9282,3.0672,1.9549,1.6799,1.2199,1.405,1.5226,2.3758,2.208,2.0073,0.8328,0.3378,-0.2902,-0.3574,0.4697,-0.2851,-0.5785,-0.77,-0.6582,-0.9643,-1.8926,-1.1165,-1.5243,-0.98,-1.4713,-0.7046,-1.2137,-1.6878,-2.0961,-1.1577,-0.3618,-1.0523,0.0196,0.6198,0.2261,-0.2991,-0.9404,0.9686,1.3756,0.9725,0.0397,0.4013,1.372,1.2675,0.8029,0.2869,-0.2275,0.2043,-1.0707,-0.1598,0.0164,1.3342,0.3027,-0.4512,-0.1761,-0.462,-0.2471,-0.812,-0.2806,1.9646
"IC24",2.5673,0.3761,-0.084,1.7514,-0.4145,0.2103,-0.0884,0.1701,0.4605,-0.4502,0.5835,-0.1368,0.0235,-0.2068,-1.5976,0.0909,0.826,0.1999,-0.0303,-0.6118,-0.5296,-0.2753,-1.2973,-0.2727,-0.7577,-0.4088,-0.0388,-1.2753,-0.9139,-0.7144,0.0738,-0.9667,-0.9144,-0.3573,-0.5279,-0.1144,0.0482,0.9866,0.3865,0.2402,1.2381,0.0467,0.8234,0.3511,0.5838,0.0951,1.0055,0.4603,0.0984,-0.2033,-0.2004,1.3038,0.7422,0.4912,-0.2338,0.2908,0.1858,0.1786,-0.3998,0.5441,-0.0486,0.7949,-0.3067,-0.2895,-1.0764,0.6674,0.0401,-0.1702,-1.086,-0.5408,-0.7566,0.1863,-1.2368,-0.7277,-1.2959,-0.9248,-0.4232,1.7548,0.3875,0.0802,-0.1535,-0.3178,-0.2835,0.0291,-1.201,-0.8108,-0.9972,0.0757,0.3526,0.5454,-0.0842,0.7935,-0.4844,0.3221,-0.2674,0.5063,0.1676,1.56,1.3261,0.6576,0.3006,-0.626,1.1928,0.4237,0.8621,0.9277,0.0943,1.0032,0.8203,0.4995,1.0553,2.2989,0.2512,1.6466,0.8197,-0.301,0.7111,-0.3795,-1.3811,-2.4103,-1.1529,-3.0273,-1.6989,-2.5522,-1.6986,-3.0776,-1.4114,-0.4254,-1.014,-0.0853,-0.4131,-0.9619,-0.5094,-0.8129,0.0109,0.9772,-0.235,0.7394,-0.8906,0.9021,0.855,-0.0605,1.0074,0.8362,2.1075,1.1466,2.2917,0.7332,0.6451,0.9053,2.4144,1.6753,1.8309,1.6076,0.6578,1.4286,-0.1897,0.1441,-0.3675,0.2703,-1.6259,-0.1237,-0.8832,-0.6119,-1.0226,-1.8104,-0.7366,-1.3063,-0.8221,-2.0221,-0.8508,-0.1251,-0.5727,0.1486,-1.735,-0.3607,-0.0552,0.8418,0.5014,-0.1413,0.5826,-0.5698,0.2145,-0.1214,-0.2529,-0.0544,0.7919,0.778,0.7715,-0.5451,0.1687,-1.2327,-1.0271,-1.5634,-0.1722,-0.7375,-0.4372,0.4284,-0.7588,0.3219,-0.7462,0.2535,3.6332,3.0004
"IC26",0.4093,-0.5991,-0.6408,0.749,0.3523,0.4885,0.6649,0.0464,-0.3371,-0.0685,-0.3309,0.251,-0.1601,0.2538,0.1366,0.3262,0.2468,-0.1258,-0.1067,0.178,-0.1157,-0.3552,-1.0177,-0.1705,-0.1357,-0.3034,-0.1759,-0.4211,-1.3621,-1.4909,-1.1751,-0.8996,-0.5856,0.2207,0.967,1.3952,1.4098,1.1359,0.3888,-0.0752,-0.8968,-0.5755,-0.2625,-0.51,0.5997,1.0218,0.3022,-0.1873,0.0895,1.1125,0.3482,0.9593,1.4135,1.2355,0.7682,0.3385,0.3857,0.8888,0.0959,0.3539,0.3797,-0.3203,-0.0736,-0.8679,-0.4189,0.0771,0.1304,-0.6786,-0.6884,-0.3664,-0.552,-1.3916,-0.7166,-0.1815,-0.2343,-0.8952,-1.5163,-1.6743,-0.3476,0.1531,-0.9216,-2.2677,-1.3512,-1.4416,-0.4739,-0.082,-0.1779,0.4223,0.8756,0.2043,0.7753,1.7384,0.2766,0.9078,1.3597,1.7088,1.3864,1.2899,1.3728,0.6174,0.7666,0.8799,1.1819,1.441,1.2147,0.2088,0.9876,1.0478,1.0444,0.0806,0.0924,-0.9687,-0.8511,-0.1992,-0.5255,-0.1202,-0.9328,-0.1912,-2.2399,-2.8502,-1.8884,-1.8163,-2.8494,-3.0447,-1.7787,-0.7981,-0.5027,-1.5509,-0.2719,0.6375,0.898,0.3983,0.1394,0.3267,0.4924,0.0085,0.9973,1.6856,1.984,1.049,0.2447,1.2471,1.9794,2.079,1.8318,2.0759,0.7861,0.3929,0.3626,-0.4329,-1.28,-0.376,0.5811,1.3492,0.4129,0.4714,-0.4741,-0.4706,0.0044,-0.6775,-0.6976,-1.007,-1.6069,-0.6187,-1.6462,-1.4843,-1.9907,-1.2425,-0.6826,-1.1346,-1.3671,-1.0444,-0.6998,0.2862,0.4553,0.0796,0.2006,1.1426,0.1902,0.7793,0.4434,1.1324,1.8274,1.2755,0.6042,1.4136,0.4704,0.1604,0.863,1.4681,1.0863,-0.1317,-1.6898,-1.4658,-0.3503,-0.4969,-0.7523,0.258,0.5465,0.3055,-0.4169,1.0545,-0.4836,-1.8078
"IC27",1.2611,-0.3201,-0.0312,-1.1364,-1.4856,-1.4548,-0.6405,-0.5324,0.4807,0.3334,0.3124,0.5545,1.1421,1.3808,0.745,-0.3881,0.4026,0.4308,-0.4455,0.6194,0.6789,0.6041,0.6182,0.4799,-0.0375,-0.5491,-0.6167,-0.3705,-0.6837,0.2003,-0.9607,-1.0617,-0.5092,-0.5271,0.4416,0.2864,0.5512,-0.3985,-0.0234,0.542,0.6585,1.4343,1.1046,2.0812,0.155,0.4869,-0.3672,-2.3972,-1.5763,-1.7597,-0.9068,-0.4828,-0.9767,-1.3813,-0.6567,0.2159,0.6456,1.3791,1.534,-0.0363,-0.3346,-0.5195,0.0876,-0.8341,-0.7382,-0.5252,-0.4272,-0.1466,0.182,0.9307,0.8519,0.5276,1.3948,0.849,1.7573,2.3933,1.6011,0.7847,-0.1028,-1.4707,-2.0839,-1.2286,-0.9157,-1.5236,-0.0871,-1.0534,-1.1873,-0.465,-1.055,-0.0391,0.8286,1.3272,2.0287,1.9713,2.187,1.916,0.9522,-0.9005,-1.5219,-1.0602,-0.8528,-0.8078,-1.1242,-1.1319,-0.9056,0.3291,0.2981,0.7074,-0.097,0.1907,-0.512,1.3585,1.8665,-0.2447,-0.9166,-1.6914,-1.7084,-1.7982,-1.2327,-1.6532,-1.0477,-0.2637,-0.5639,0.933,1.0848,1.848,1.1349,0.8179,1.3826,0.7861,1.1458,1.594,1.7065,1.0195,0.2599,0.7677,0.3884,0.1865,-0.4115,-0.7875,1.3347,0.292,-0.2845,-1.0449,-1.3305,-1.4829,-1.6742,-1.2804,-1.7601,-1.1612,0.2263,-0.4272,-0.2519,-1.1977,-0.4224,-0.5718,-0.3127,-0.221,-0.2535,0.0004,1.3101,0.521,0.1848,0.4693,1.1022,1.1293,1.3491,1.1745,0.6623,1.1476,1.0745,0.606,0.0765,-0.4134,-0.2618,0.2828,-0.261,-1.4373,-0.7395,-0.4753,0.5052,0.7355,0.8313,0.3832,0.0816,-0.272,-0.6798,-0.9866,-1.0118,-1.3354,-0.8671,0.1479,0.8533,0.7827,-0.7793,-0.3197,-1.1135,-1.469,-0.7167,0.2677,1.1566,0.2826,0.7183,1.674
"IC29",2.3423,0.2499,-0.2731,0.2437,-0.6714,-0.2187,-0.2406,-0.1807,0.3137,0.3766,0.9775,0.5336,0.4765,0.3666,-0.448,-0.8075,-1.5647,-1.1604,0.0841,-0.1637,0.8133,-0.1951,-0.1137,-1.0147,-2.0096,-1.2429,-1.6212,-0.4457,-0.6933,-0.5219,-0.2235,-0.8292,0.904,1.2974,1.7976,1.4618,0.101,0.4635,-0.6674,-0.3122,-0.621,-0.3524,0.1982,0.5092,0.9803,1.2412,1.0571,0.9211,-0.1707,-0.1026,0.103,0.8827,0.5306,0.4409,0.5326,-0.0203,1.1456,0.9404,0.7866,1.0692,0.2918,0.6231,0.4195,0.4293,0.6229,-0.3457,-0.7077,-1.2577,-0.1589,-1.1471,-1.2353,-1.0175,-1.6664,-1.4071,-2.3629,-1.9484,-1.9762,-1.9419,-1.3191,-1.2373,-0.6216,-0.8682,-0.3573,-0.2942,0.5638,1.6093,2.279,2.0041,1.9569,0.9815,1.3465,0.8217,0.6162,0.1198,-0.9389,-0.7735,-0.8813,1.222,1.0179,0.5168,0.9671,0.5993,1.2406,-0.3156,0.4429,0.4208,0.4973,0.5386,-0.1837,-0.0831,0.831,0.7892,0.8521,0.5967,0.2534,0.0494,0.3017,0.0236,-1.7646,-1.3328,-2.0594,-0.8018,-1.7448,-1.6945,-1.3803,-1.95,-0.1043,0.2727,0.0604,-0.1822,-1.0882,-0.3004,-0.6263,0.2872,1.169,0.0841,-0.1447,0.1254,1.1013,0.7381,-0.425,0.8631,0.9923,1.9343,1.4748,1.4027,0.2113,-0.4815,-0.6309,-1.5399,0.4627,-0.213,-0.6143,0.2566,0.1288,1.004,0.6595,1.4358,1.6277,1.6787,1.2994,-0.1959,-0.3985,-1.3294,-2.6918,-0.8403,-1.2094,-0.8547,-1.0022,-1.782,-1.3034,-1.6363,-0.4487,0.212,-0.1419,0.1071,-0.6722,-0.4313,-0.7473,-0.1049,0.4994,1.2681,1.5805,0.8843,1.2438,0.6538,1.1093,1.6092,0.8481,1.7858,0.4846,0.2039,-0.6517,-0.7602,-0.5281,-1.0783,-0.6533,-0.4247,0.4218,-0.8251,-1.0206,-0.6291,0.4362,0.7683
"IC31",0.78,0.9153,1.0432,1.2927,0.3043,0.0159,-0.0125,-0.3579,-0.6731,-0.3383,-0.5007,-0.1633,-0.7225,-0.3464,-0.5419,-0.1936,-0.046,-0.1249,-0.0184,-0.1302,-0.2842,0.0631,-0.2241,0.5218,-0.3075,-0.432,-1.029,-0.3967,-0.2931,-0.5224,-0.3465,-0.5357,-0.1637,-0.7146,0.1843,0.5382,0.1158,0.6697,0.6301,0.4858,-0.4917,-0.1772,0.1197,-0.3237,0.9043,1.1858,1.2455,0.5057,0.5144,1.9508,1.9656,1.7339,0.5926,0.3041,-0.4676,-0.6238,-0.7681,-0.3003,-0.2359,-0.3408,-0.8448,-1.4103,-0.793,-1.2157,-0.4908,-0.7767,-0.508,-0.9082,-0.2952,-0.3157,-0.7501,-1.7016,-1.449,-0.754,-0.1388,0.9265,1.0212,0.2242,0.9324,0.6471,0.9205,-0.1701,-0.3673,-1.4295,-0.5385,-0.4321,-0.0984,-0.0484,0.668,-0.2589,-0.437,0.2214,0.431,0.9888,1.9905,3.2761,2.9326,1.454,0.6658,-0.2053,0.3856,0.6428,0.7755,0.4959,-0.3153,-0.7969,-0.4527,-0.6095,0.4892,0.2054,0.5709,0.0131,0.6312,1.5053,0.0762,-0.5857,-2.1647,-2.2938,-2.7552,-2.8928,-3.2433,-2.5743,-2.8221,-2.424,-0.7651,0.2938,0.2367,-0.6075,0.2471,0.6243,0.6284,0.8576,0.88,1.0489,0.8489,0.3332,0.7871,1.2197,1.4446,0.9983,1.0445,1.6134,2.3386,2.7731,1.2017,0.9134,0.1642,0.4081,0.6278,0.269,-0.0448,0.1411,0.1289,-0.3686,-0.9489,-0.5856,-0.8494,-0.8453,-1.0514,-1.4833,-0.5932,-0.9137,-0.4274,-0.1901,-0.7344,-0.6283,-1.5568,-0.9676,-0.2277,-0.4407,-0.3195,-0.6257,-0.763,-0.4292,0.4626,0.5241,1.0065,1.2765,0.0644,0.3751,0.604,1.3221,0.7222,0.9641,0.5111,0.8506,-0.2106,-0.4798,-0.7815,-0.4362,-0.4243,-0.2713,-0.3158,-0.5267,-0.8879,-0.9054,-0.6713,-0.5992,-0.4341,0.1464,1.2656,2.5138,0.3427,0.03
"IC33",-3.1085,-0.8469,0.4509,-0.2401,-0.1591,-0.6157,-0.105,-1.0195,0.073,0.6473,0.748,0.9637,0.445,0.8198,0.4887,-0.0423,0.2318,0.1067,0.2252,1.1206,0.7914,0.676,0.4632,0.8096,0.5485,-0.1668,-0.5069,0.1666,0.4167,-0.2541,-0.8395,-1.0068,-0.8051,-0.1813,-0.1611,0.085,0.0258,-0.8307,-0.3313,0.3935,-0.2272,0.1781,0.324,1.5596,2.4053,-0.1991,-0.592,-1.2096,-1.0927,-0.1851,0.442,-0.2148,-0.2196,-0.6161,0.5718,0.374,0.5618,0.6619,0.3453,-1.329,-1.3275,-0.7923,-0.3895,-0.7357,-0.6428,-1.3893,-0.4975,-0.0772,-0.2395,1.0011,0.6614,-0.1268,0.9317,0.7565,1.9986,1.8244,0.8849,-0.313,-1.0455,-0.9606,-0.8989,-0.7834,-0.622,-0.5991,0.8122,0.0321,0.0657,-0.2131,-1.3029,-0.2197,1.3703,1.9934,1.9436,1.7392,2.2456,2.2273,0.8506,-1.461,-1.571,-0.792,-0.105,-1.1098,-0.8334,-0.8901,-1.6996,-0.3902,-0.3538,0.3944,-0.0865,-0.0311,-0.9672,0.2487,-0.337,-1.1005,-1.0365,-1.5786,-1.4116,-1.1057,-0.1438,-0.6227,-0.7575,0.2954,-0.2067,0.5606,1.5721,1.8743,1.5025,0.908,0.8579,1.0731,1.7389,2.3569,1.5893,0.7203,0.3336,-0.3699,-0.627,0.3532,-0.3415,-0.5602,1.5665,1.2974,0.8602,-0.016,-0.6993,-0.9362,-2.485,-1.9947,-1.407,-0.6032,-0.3645,-0.9794,-0.4959,-1.2638,-2.173,-1.7116,-0.9907,-0.8128,-0.9547,-1.3029,0.2603,0.8929,0.8722,1.2234,1.3737,1.1454,0.9048,0.8078,0.5389,1.3301,1.5859,0.7996,0.4953,0.4637,0.8737,1.1445,0.216,-0.5295,0.242,-0.3101,0.619,1.1693,0.995,0.7556,0.0845,-0.9503,-1.8663,-2.1111,-2.0341,-1.0105,-0.5831,0.6322,0.4037,-0.0099,0.1473,0.2487,-0.3215,-0.1665,0.4127,0.7472,1.2159,-0.1457,-1.0894,-1.0723
"IC36",1.4269,0.1323,-0.4028,-1.4229,-0.9027,-0.9367,0.1723,0.5592,0.1213,0.7205,1.2063,1.7096,1.7327,0.4811,-0.4157,-1.061,-1.0465,-0.565,0.2762,-0.1055,0.5706,-0.2538,-0.5097,-1.3522,-1.3928,-0.5945,-0.414,-0.1746,-0.2602,0.4265,0.3425,-0.4788,0.5623,0.273,0.5602,-0.3694,0.1472,0.6704,-0.3831,-0.3699,0.0735,0.1841,-0.204,0.2911,-0.2761,1.6305,1.4066,0.077,0.6171,-0.0427,0.9273,0.0921,0.2279,0.7135,0.0766,0.9354,-0.0161,0.0154,0.3931,-0.1965,-0.123,-1.3213,-0.1795,-0.805,-0.4043,-1.7452,-2.0568,-1.2421,-1.0823,-0.8424,-0.9299,-0.4932,-0.7859,-1.0443,-0.346,-0.54,-0.5876,0.4408,-0.5852,0.9346,0.6333,0.1954,0.2489,0.3755,1.5766,1.2302,2.436,1.5254,0.8974,0.7636,0.4681,0.0354,0.1182,0.7009,0.4356,-0.466,0.3941,0.9576,0.0002,0.186,0.7766,0.9823,0.6357,-0.2419,-0.6578,0.8702,0.7842,0.7218,-0.3334,-0.9714,-0.5411,-0.0871,0.9376,-0.1088,-0.366,-0.0096,-0.0231,-1.485,-1.8756,-1.8906,-2.6838,-2.3228,-1.3517,-1.516,-2.2763,-1.8978,-0.9978,-0.2307,-1.0972,-0.4854,-0.2048,0.0063,-0.27,0.5218,1.2137,1.1394,1.6569,1.0604,1.3115,1.5691,1.2151,2.6419,2.6295,2.3001,2.6762,1.0316,0.1186,0.686,-0.5985,0.0495,-0.8089,0.5501,-0.5765,0.1984,0.5322,-0.0913,0.0469,0.073,-0.0653,-0.0908,0.3868,-0.8604,0.0642,-1.7894,-2.0458,-1.0857,-0.4801,-1.6429,-2.4596,-2.2519,-1.3464,-0.7165,0.1868,0.8698,0.2763,0.3161,0.4829,0.1759,0.4277,-0.2704,0.5903,0.3639,0.7667,2.0438,0.9121,1.2258,-0.1043,1.3567,0.8045,0.4744,-0.7463,-1.3315,-1.5787,-1.2125,-0.592,0.0865,-0.8648,-0.2328,-0.5237,-0.411,0.9854,-0.0233,1.235,1.1799
"IC37",0.5359,0.7569,1.6376,-0.2575,-0.319,-0.4499,-0.0362,1.1071,0.2224,-0.1666,-0.7813,-1.3013,-0.6808,-0.5457,-0.152,-0.6933,0.1097,0.597,-0.337,-1.1848,-1.2256,-1.2624,-0.777,-0.1913,0.1904,0.8376,0.5626,0.5158,0.4109,0.5379,0.144,0.2425,0.5721,-0.1593,0.1858,0.048,-0.0271,0.5508,0.7097,0.3793,0.4829,0.7426,-0.4475,-0.0281,-0.6938,-0.6857,-0.0404,0.3763,-0.0919,0.3154,1.2165,0.5256,0.864,1.4045,1.9492,0.69,0.0992,-0.5263,-0.3031,-0.3104,0.1366,0.1188,-0.1682,0.4324,0.3953,-0.5181,-0.2576,-0.7209,-1.3352,-1.907,-0.9877,-0.6402,-1.6735,-3.0234,-3.3033,-2.6754,-0.1533,0.4155,-1.2224,1.9353,0.6808,0.366,-0.3203,0.028,0.294,0.8561,1.4635,1.4424,1.9032,1.0971,0.5915,-0.1894,0.2799,0.1601,-0.5626,-0.6422,-0.1464,1.0662,0.1886,0.4941,0.886,1.5455,1.4782,1.1605,0.661,0.2409,0.5291,-0.2983,0.2993,0.4846,0.8301,0.4033,1.2656,0.5988,0.0288,0.499,0.4033,-0.8083,-1.758,-2.0303,-3.2398,-2.1254,-1.3076,-0.5057,-1.5734,-1.3478,-0.749,-0.3568,-0.1875,-0.8071,-1.0837,-0.3174,0.0157,-0.5545,0.1222,-0.0635,-0.2942,-0.3653,0.6776,0.8586,0.2267,0.0755,0.7064,1.298,0.7997,0.7479,1.9635,1.7069,2.1089,2.0956,-0.5256,0.3426,0.6721,-0.0654,0.3157,-0.6142,1.1534,0.7179,0.7753,0.6904,0.1646,-0.8627,-1.674,-1.4359,-2.348,-0.8258,-0.8986,-1.0952,-1.4588,-1.991,-0.5246,0.2404,0.3028,-0.7396,-0.3084,0.9173,0.1218,0.6762,1.111,0.7214,0.2914,1.1131,1.1984,0.7025,0.482,-0.2715,-0.1027,-0.4952,-0.613,-0.2767,-0.6576,0.6537,0.7942,0.3092,0.7244,0.3747,0.6175,-1.0275,-1.1919,-1.6069,-1.6884,-1.4588,2.5528,1.3341
"IC38",0.3905,-0.0834,0.2676,-0.342,1.0276,0.8093,0.3213,0.5739,0.5602,1.2143,0.5233,0.767,1.0924,1.4616,1.7642,0.2935,-1.3059,-1.0085,-1.5281,-1.0532,-0.7772,-1.2749,-0.2179,-0.5201,-0.0643,-1.2495,-1.8291,-2.119,-1.9013,-2.561,-2.1801,-0.7193,0.2071,0.4807,0.6325,1.0884,0.8183,0.1578,0.1882,0.1881,0.9448,1.6613,1.1397,1.7505,0.7101,-0.0406,-0.4834,-1.2045,-1.7037,-2.2037,-0.8441,-0.2852,0.355,0.5002,1.1806,0.9292,1.0776,1.03,1.8859,1.5152,1.6268,1.5353,1.4317,1.0294,0.4337,-0.035,0.5288,0.2676,-0.0105,-0.8408,-0.7639,-1.1253,0.0703,0.3197,-0.6161,-1.5595,1.7439,-0.9494,-2.3334,1.1978,-0.812,-0.9922,-1.2373,0.1401,-0.007,-0.549,-0.7779,-1.3738,-1.5304,-0.0753,-0.1978,-1.5438,-0.7369,-1.0452,-1.0471,-1.0746,-0.6725,-0.1884,-0.2505,0.0255,0.0556,1.1928,0.6796,1.3837,1.9848,2.2568,3.2974,1.9807,1.0213,-0.3629,-0.9567,-0.1313,0.8347,0.4432,0.2545,0.66,1.2289,0.0354,-1.4288,-1.1373,-1.0901,0.419,0.1577,0.5579,-0.5921,-1.0261,-1.2592,-1.3391,-0.8966,-0.1131,0.2915,-0.023,0.4106,0.3036,0.0146,0.1544,0.1684,0.1386,0.4188,0.0579,0.4386,0.6463,0.3854,0.6829,0.5992,-0.1694,-0.2109,0.41,-0.3101,0.0525,-0.021,-0.0291,-0.1226,-0.2402,-0.2342,-1.4309,-0.6247,-0.7106,0.2201,-0.447,-0.4185,-0.7774,-1.0827,-1.2212,-0.8539,0.3363,1.016,1.3149,0.6593,1.4754,1.2682,0.2028,0.7551,-0.4343,-1.0205,-0.5728,-0.2865,-0.7929,-0.3344,0.2545,0.0239,0.9594,0.4188,0.3392,0.4019,0.045,0.0245,-0.652,-0.3766,0.398,0.2807,-0.3813,-0.8062,0.2729,-0.3823,-0.5436,-0.8271,-1.2582,-0.5598,-1.1858,-0.5328,0.6329,2.685,2.5924
"IC41",0.7894,0.4668,0.6869,0.9626,0.3566,0.2089,-0.6284,-0.4247,-0.0431,0.6704,0.3479,-0.71,-0.394,0.063,0.3723,0.6443,-0.0681,-0.156,-0.5385,-0.8257,-0.5677,-0.6033,-0.6864,0.0497,-0.2195,0.1451,-0.0649,-0.4321,-0.4407,-0.5485,-0.5659,-0.5992,-0.1543,-0.2734,-0.2516,0.5834,0.1857,0.0253,-0.3361,0.1375,0.5965,0.3087,0.6096,0.0619,-0.0216,-0.0983,0.1627,-0.017,-0.122,0.0877,0.7992,1.2157,0.8954,1.2018,0.6191,0.8323,-0.3651,0.1502,-0.2309,0.7121,-0.2452,-0.2676,-0.6118,-0.5482,0.1865,-0.1831,0.1073,-1.2302,-1.2551,-1.4256,-0.9136,-0.2233,-0.5245,-0.5497,-1.2874,-0.826,0.1224,2.5627,1.4927,0.6893,-0.8932,-0.8999,-0.9111,-0.1081,-0.4897,-0.0427,0.5153,-0.1918,0.4802,0.5134,0.0301,-0.3112,-0.3263,-0.0136,-1.0544,0.4689,0.7705,1.3309,1.3349,0.6282,0.537,1.27,1.9511,1.3691,1.7233,0.7264,0.7486,-0.045,0.4459,0.3452,0.4913,0.8662,0.6276,0.0975,-0.8515,0.0774,-1.4614,-2.4674,-3.8303,-3.1595,-3.0128,-2.7079,-2.0485,-1.3777,-1.2696,-0.9603,-0.0633,-0.824,0.0269,0.6373,-0.1934,0.2388,0.9285,0.384,0.6507,0.8097,1.0747,1.5574,0.2842,1.5215,1.6801,0.8122,1.8934,1.6307,1.3959,0.7679,1.5599,0.3127,0.8324,0.5725,1.3295,0.6627,0.8753,1.0833,0.5028,0.0718,-0.0544,-0.3222,-0.1386,-0.8877,-2.5547,-2.2176,-1.2121,-1.3306,-1.9749,-1.2468,-1.4266,-1.5426,-0.9952,-1.6822,-0.8025,-0.3222,0.1339,0.48,0.0849,0.4908,0.1388,0.8222,-0.0466,0.6561,0.8208,0.9445,1.0782,-0.114,-0.0681,0.7126,0.5998,0.8102,0.396,-0.3115,-0.0043,-0.6481,-0.0184,0.5767,0.695,-0.2402,-0.5113,-1.4349,-1.4412,-0.6839,-1.0927,-0.4598,3.2869,1.4958
"IC42",2.0102,0.5564,-1.0698,-0.2104,0.3054,0.3141,0.7568,0.0895,-0.8512,-2.0973,-0.1426,1.6834,1.4839,-0.2181,-1.0825,-0.9523,-1.0854,-0.6459,-0.6322,-0.9732,0.1025,-0.87,-0.7056,-0.2873,-1.2936,-0.3358,-0.8661,-0.7794,-1.1858,-0.2021,0.5979,-0.3285,1.1954,0.7869,1.4975,0.3526,0.6088,1.5311,0.1419,0.2137,-0.0992,-0.0614,1.036,0.6958,1.9867,1.5374,1.8067,0.5395,-0.0609,0.3647,0.0931,0.8149,0.7679,1.2363,0.5328,0.3724,-0.3257,-0.1775,0.4948,0.1019,0.5038,-0.1581,0.8077,-0.3459,-0.1766,-1.161,-1.0796,-0.4803,-1.3777,-1.9306,-2.4055,-1.3874,-1.8319,-0.5982,0.3718,-0.1814,-1.9115,-3.0571,-2.0659,-1.2358,0.1292,-0.2402,-0.1645,-0.9243,0.4384,0.2577,0.5805,0.8268,1.2694,1.0701,0.7638,0.4494,-0.6586,0.101,1.1981,0.4508,1.17,1.2068,0.6251,0.3195,1.2051,0.3709,1.4908,1.8323,1.1418,1.4527,1.2784,0.7469,-0.2863,0.1504,0.3291,0.9334,1.3703,1.1915,0.5901,-0.2552,-0.2848,-0.6398,-1.173,-1.8906,-2.5879,-2.0013,-2.1906,-2.7474,-1.5103,-0.4882,0.2926,-0.0319,-1.0993,0.0297,0.2245,0.37,-0.1444,0.6591,0.3196,-0.2081,-0.325,-0.1046,1.4841,-0.3523,-0.8358,-0.0307,0.4247,0.8725,1.0906,1.4921,0.993,1.757,-0.0791,-0.9048,-0.5495,-1.2545,-1.6978,-0.9214,-0.518,0.7119,0.145,0.1433,-0.433,1.1636,2.1685,0.5898,0.6359,-0.0213,-0.6974,-1.0406,-1.511,-1.2423,-0.5363,-0.3665,-0.3941,-0.4404,-0.4157,0.1983,0.401,0.3831,1.0463,0.7074,0.4105,0.1071,0.5688,0.1388,-0.0577,1.3379,0.7635,0.7652,-0.0326,0.8612,0.4588,1.4864,1.1217,0.0046,-0.5237,-1.4498,-0.9061,-0.3611,-0.022,0.5256,-0.8575,-1.5484,-1.1326,0.6149,-0.7538,0.0673
"IC43",2.6069,0.8431,1.2213,-0.5551,0.7744,-0.1514,0.161,-0.0466,-0.819,-0.0883,-0.7115,0.0965,-0.5159,-0.7757,0.1273,-0.4592,0.1452,0.3461,-0.1913,-0.6239,-1.2152,-0.5395,-0.5098,-1.1693,0.1887,-0.0384,0.0507,-0.433,-0.3047,-0.281,-0.4906,0.1559,0.4298,-0.3484,-0.0787,-0.169,0.767,0.3622,0.8106,0.3924,0.1974,-0.4494,-1.023,0.0493,-0.4431,0.175,0.7181,0.1432,-0.0144,0.5975,0.7693,0.9448,1.0566,1.5889,0.7809,0.2553,-0.3679,-0.9532,0.9885,-0.2677,0.4209,-0.379,-0.2497,0.0295,-0.0328,0.0321,-0.9239,0.157,-1.1188,-0.821,-0.5474,-0.4255,-0.7908,-1.8873,-0.816,-1.0045,-0.0745,-1.9361,-1.1322,2.8919,1.1737,0.6202,0.2671,0.1381,0.2726,0.0706,0.1188,1.4535,0.5151,1.4077,0.2967,-0.8079,-0.4163,-1.2096,0.1327,-0.4164,1.2712,0.9135,0.5025,0.1647,0.5136,1.4667,0.2326,1.4126,0.1575,0.4101,-0.3471,-0.4011,-0.5245,-0.4355,-0.5141,-0.2242,1.5205,0.2699,0.8665,0.135,0.6732,-1.393,-1.5978,-2.04,-2.3085,-1.9974,-1.7168,-1.1889,-2.5727,-0.8296,-0.8651,-0.1992,-0.1313,-0.5876,0.3,-0.2548,0.275,0.9847,0.5883,0.227,0.835,-0.0278,2.2238,1.4065,1.1886,0.8855,1.9673,1.6363,2.3709,2.343,0.6977,1.4634,-0.2904,0.18,1.1366,1.2725,0.9858,0.7829,0.4199,-0.5197,-0.3273,-1.2668,-1.1809,-1.4586,-1.0109,-1.516,-0.6564,-2.3529,-2.1015,-1.6081,-1.2639,-2.0335,-2.5367,-0.9889,-0.6958,0.574,0.0398,-1.3546,-0.0941,-0.4231,1.1585,0.1759,1.4895,0.5747,1.1008,1.5056,0.5379,1.321,0.5012,0.9752,1.1556,0.0716,0.674,-0.1061,0.0023,-0.306,-0.7931,0.4462,0.1299,0.1787,-0.227,-0.0607,-0.4201,-1.9825,-0.8219,1.5804,-0.9004,1.8632
"IC44",2.3273,1.7026,0.4128,1.171,1.0016,0.4285,-0.3616,-0.9899,-1.2665,-1.0549,-1.0031,-1.4769,-2.1601,-0.4372,-0.534,-0.5249,-0.3136,0.5091,0.9687,0.3134,-0.2105,-0.5598,-0.1165,0.2345,-0.0195,0.0397,-0.4167,0.7298,-0.7534,-0.0596,0.6134,0.1221,0.2413,-0.9611,0.3897,0.2129,0.4144,0.6326,0.3389,1.1384,-0.1954,0.4775,0.038,-1.0222,0.2679,-0.2459,1.1114,0.6282,0.5752,1.5844,1.8586,1.0293,-0.2269,0.5945,0.3931,-0.4541,-1.623,-0.846,-1.1284,-0.8647,-1.3792,-1.2947,-0.5927,-1.2277,-0.3392,-1.4251,0.0733,-0.62,-0.0355,-0.2533,-0.9945,-1.4373,-1.6498,-0.1307,0.0073,-0.3781,-0.3421,4.3054,3.9754,1.6768,0.3107,-0.1245,0.0051,-0.8276,0.0507,-0.6359,-0.0721,-0.5542,1.0991,0.3887,0.52,0.2301,-0.7072,0.0409,0.5237,1.6173,0.2493,0.2217,0.3369,-0.1965,0.4811,0.4236,1.0395,0.2647,0.6506,-0.0668,-0.5511,-0.5884,0.1503,0.7501,-0.0826,0.4584,-0.0485,0.9563,-0.1557,-0.814,-1.2884,-1.5014,-1.7425,-2.4459,-2.4201,-1.6441,-2.3088,-2.4056,-0.3577,0.3641,0.4337,-0.6964,0.2529,1.1165,0.5955,0.546,-0.3476,0.13,0.4447,0.3117,0.6782,1.3678,1.73,1.1025,1.1166,1.8014,1.5297,0.7927,0.0802,-0.3972,-0.0672,0.799,0.8573,0.8732,0.3071,0.7292,1.9248,1.4494,0.5178,0.6286,-0.0416,-0.5824,-1.7667,-1.7271,-1.1846,-1.8974,-1.403,-0.9174,-0.7578,-1.4422,-1.74,-1.3276,-0.9529,-0.3695,0.4294,0.0783,-0.2206,0.1132,0.0278,0.5272,0.4727,1.3826,-0.1836,0.09,-0.1229,0.2415,-0.1652,-0.3433,0.0663,1.2409,-0.1719,0.9971,0.3849,1.0869,0.1531,0.2928,-0.3647,-0.6425,0.0526,-1.0414,-0.6281,0.0944,-0.1071,-0.2908,0.1364,0.3886,1.3561,-0.0351
"IC45",1.0284,-0.2675,1.5373,0.8317,-0.0526,-0.5426,-0.5665,0.2139,0.0291,0.2042,-0.0266,0.4298,0.5717,0.3994,-0.2783,-0.4979,-0.3327,-0.3937,0.3907,0.2004,-0.5242,-0.8177,-2.0219,-0.6166,1.0846,-0.0815,-0.1988,-0.859,-0.461,-1.2279,0.2395,0.95,-0.6011,-0.8148,-0.932,0.5781,1.1559,0.5869,0.1797,0.611,-0.1657,-1.3764,-0.6876,0.3469,0.0689,1.3412,0.9012,1.7593,-0.0667,-0.7312,-0.0762,1.3629,1.377,0.6472,-0.1114,-0.0647,-0.7461,-0.7689,0.8742,0.4887,0.5643,0.2597,-0.8493,-0.6061,0.1254,0.2108,-0.841,-0.6982,-1.3019,-2.0448,-1.1048,-0.5043,0.2365,-0.6836,-1.1057,-1.1272,-0.2501,0.6419,0.5137,-0.4195,1.1961,1.9997,1.0826,-0.3605,-1.2551,-0.0474,0.5474,0.6183,0.7115,1.1151,0.3919,0.6254,0.0598,-1.2675,-0.1461,0.633,0.3613,-0.2587,-0.2504,-0.6747,0.403,1.5506,0.4479,0.9713,0.5214,-0.1553,0.658,0.004,0.0951,-0.3225,0.6392,0.9725,0.7043,1.5989,0.972,0.8287,0.1201,-0.3495,-0.849,-0.7573,-1.9337,-2.148,-1.927,-1.6317,-2.5427,-2.1614,-1.9539,-1.5251,-1.5359,-0.3735,-0.9577,-1.2811,-0.0997,1.029,0.274,0.8585,0.7953,0.0709,0.5993,0.2513,0.4206,-0.4892,0.3916,1.1975,1.7636,2.0262,2.0819,2.0693,1.4188,2.529,1.7148,1.4827,2.0679,1.738,1.1472,0.1998,0.4531,-0.3921,-0.1144,-1.0963,-1.5553,-0.9406,-0.0279,-0.7546,-1.8156,-1.1877,-1.3721,-2.6467,-1.5812,-0.7994,-1.5772,-1.2348,-1.4358,-1.0813,-1.0915,-0.211,-0.0507,-0.3098,0.3215,-0.5647,-0.1838,1.2326,1.8586,0.3927,-0.3852,1.1975,1.073,0.6058,0.8961,0.4072,0.7257,-0.255,-0.2515,0.6026,-0.3198,-0.2216,0.7874,-0.4729,-0.0189,-0.9189,-0.9382,-0.1049,0.5458,1.6143
"IC46",-0.523,0.2154,0.6435,0.4295,0.6511,0.2406,0.2612,0.0951,-0.438,-0.8813,-0.7053,-0.3676,-0.759,-0.795,-0.6293,-0.4688,-0.1614,0.2269,0.4307,0.086,-0.0368,-0.2844,-0.0622,-0.0683,0.0187,0.3553,0.3232,0.8498,0.6547,0.8244,0.8126,0.1891,0.1722,-0.8776,-0.3637,-0.4457,0.1246,0.2465,-0.2235,0.4701,0.1245,-0.4412,-0.8338,-0.4958,1.1082,0.6035,1.4643,1.2899,1.1876,1.5,1.2616,1.0653,-0.2165,-0.151,-0.3735,-0.1002,-0.4801,-1.1957,-0.4201,-1.3169,-0.7523,-1.1488,-0.9922,-0.5958,-0.3411,-1.1606,-1.2592,-0.9328,-1.5788,-1.3968,-0.9995,-1.002,-0.9636,-0.4923,-0.2546,-0.5419,0.2555,0.5224,0.8199,2.3568,1.5122,1.1128,0.8365,-0.1883,0.3182,0.4237,0.6248,0.8593,0.8304,1.2614,0.5939,-0.0134,0.4861,0.0697,0.5558,0.444,0.8801,0.4459,0.123,0.0318,0.5674,1.3014,1.5697,1.3299,0.0383,0.1088,-0.2396,-0.3307,-0.4948,-0.0028,-0.5743,-0.2678,-0.0347,0.112,-0.0096,-0.4825,0.4403,-1.2673,-2.0025,-2.5793,-3.4794,-2.5415,-2.2086,-1.6256,-2.1904,-1.7892,-1.291,-0.7348,-0.1705,-0.3026,-0.6654,-0.4211,0.1749,0.7917,1.0592,1.5171,1.6604,1.2652,2.8304,2.0192,2.3507,2.1166,2.2633,2.0054,1.7983,1.1283,0.8644,1.2844,0.5965,0.817,0.3025,0.7666,0.5217,-0.0909,-0.5081,-1.092,-1.1705,-0.9079,-1.4982,-1.5283,-0.8282,-1.1599,-0.2492,-1.1788,-1.6669,-1.4605,-1.0157,-1.7025,-1.8829,-0.9237,-0.4852,-0.1096,0.1882,-0.258,0.1187,0.2246,1.1414,0.34,0.2844,-0.1828,0.4766,0.6979,0.537,1.4341,1.155,1.1221,0.943,0.9295,0.0818,-0.3398,-0.1765,0.5276,0.5931,0.1155,-0.2413,0.0264,0.5012,-0.1635,-0.734,-1.0583,-0.0226,0.7284,-1.1786,-0.8082
"IC47",-1.6274,0.0003,0.7641,2.4997,0.1481,0.4866,-0.5448,1.0016,0.104,0.1031,0.2743,-1.3015,0.1489,-1.3518,-1.6218,0.6994,0.4776,0.2463,-1.2175,-1.7314,0.1935,0.5278,-0.3846,1.1037,0.2394,-0.0132,-0.3007,-0.542,-0.4512,0.4844,0.9793,0.336,-0.4385,1.0677,0.1175,0.1713,0.3891,0.5292,-0.3296,0.061,-0.6333,-1.4889,0.673,0.5946,-0.4326,0.1222,0.6224,0.181,0.4875,0.3507,0.1763,1.0124,0.3791,-1.0803,-2.3185,-0.1321,-1.83,0.5954,0.4557,1.3015,0.2396,0.1557,0.3031,-0.592,0.2554,0.2734,0.477,-1.0685,-1.1764,-1.1502,0.165,0.4947,0.0556,0.3077,-1.933,0.2983,-0.1328,1.4912,0.159,0.5033,1.005,0.6394,-1.0725,-0.3879,-0.4871,0.1173,0.8727,-0.1596,0.5244,-0.0808,-1.341,-1.5026,-0.9131,0.0864,-1.8313,1.7501,1.4263,1.8637,0.1947,-0.4525,-0.3588,0.5671,2.1107,0.5186,0.6953,-0.2416,-0.1574,-0.852,1.7496,0.2832,1.1837,0.5721,-0.028,1.5271,-0.1704,0.3724,-1.7746,-2.2948,-2.5912,-1.6537,-0.5993,-1.6787,-1.4726,-0.8322,0.5155,0.2202,1.5344,-0.2542,-0.8041,-0.2282,-0.962,0.4652,0.2895,0.1077,0.3179,0.7616,0.8991,2.0366,-0.7903,1.8488,1.1692,-1.5345,-0.6934,0.4578,1.5749,-0.1977,0.365,-1.1558,-0.0622,0.9283,0.4034,-0.9089,-0.3183,1.1248,0.6262,0.7821,0.9778,0.654,1.5555,0.8159,-2.8596,-2.6115,-1.862,-2.1457,-2.0538,0.2745,1.0755,1.1989,2.0461,-0.5438,0.0677,-0.332,-0.1443,-0.1287,-1.3817,0.7585,-0.0364,1.3659,-0.027,-0.1079,0.2192,0.8048,1.2964,-0.6582,-0.576,0.7796,-0.1851,-0.4307,-0.161,-0.0226,-0.0409,-1.1844,-0.0044,0.6143,0.2855,-0.5211,-0.6485,-0.6588,-1.0826,-0.7227,-0.8873,0.5454,2.1398,1.4387
"IC48",1.0949,0.7098,0.9015,-0.0529,0.1381,-0.5771,-1.0111,1.4848,0.9273,0.7123,0.5257,-0.3698,0.2381,-0.439,0.0753,-0.6363,-1.7385,-0.6387,-0.2662,-0.7246,0.2821,-1.1425,-1.4888,-2.274,-1.383,-0.223,-0.5715,-0.7778,-1.1757,0.1054,0.4857,0.7683,1.0357,0.555,0.8664,0.074,0.7081,0.7093,-0.6213,0.2202,0.433,0.7431,-0.0706,0.9692,1.2164,1.6109,2.0652,0.6269,-0.0839,-0.0307,0.9836,0.0452,1.0726,1.4366,0.6526,1.1055,-0.1837,-0.6668,-0.182,-0.2739,-0.4173,-0.1939,-0.0307,-0.2675,0.2006,-1.837,-1.8787,-1.8526,-1.0715,-1.5035,0.1584,1.0483,-0.854,-2.1342,-3.1846,-1.826,-0.5227,-0.7689,-0.7809,0.6113,1.007,1.731,0.6289,0.1136,0.1794,-0.6271,-0.0341,-0.9049,0.5914,1.187,1.0583,-0.4864,0.6165,0.8363,0.4162,0.3292,1.2079,1.9453,-0.0158,-0.6336,-0.2229,0.8846,0.7983,0.635,0.5662,0.3301,1.496,0.2836,0.5078,0.1037,0.7287,1.3112,1.7117,1.932,0.3974,0.9978,1.2628,-1.0041,-2.1679,-2.4074,-3.355,-2.0102,-1.4807,-1.6225,-2.08,-1.6809,-0.8312,-0.1553,-0.5436,-0.8093,-1.4613,0.13,0.1534,-0.0039,0.4205,0.7281,-0.0575,-0.6587,-0.1071,0.2968,-0.1919,1.1053,0.7944,1.4143,1.6591,1.3907,2.1559,1.1305,-0.0933,0.58,0.6425,0.6541,0.1797,-0.3509,0.2992,-0.7647,0.4046,-0.3489,-0.6628,0.3088,0.4239,-0.7524,0.5373,-0.6118,-1.0798,-0.0048,0.1271,-1.061,-1.141,-1.4616,-0.7198,-0.6675,-0.2325,-0.2427,-0.6988,0.2984,0.4146,0.9478,0.7405,-0.1491,-0.1539,0.4051,0.7189,0.6944,0.7898,1.2808,0.7049,1.0338,0.244,0.0308,-0.794,-0.4403,-1.1345,-1.5397,-1.1966,-0.7782,0.3339,-0.1068,-0.0568,-0.8676,-0.3867,0.666,1.3972,1.15
"IC49",0.5739,1.6852,2.7657,0.377,-0.863,-0.592,-0.3139,0.5377,0.21,-0.3454,-0.3783,-1.0685,-0.3253,-0.8377,-0.8763,-0.4802,-0.3475,0.2799,-0.5214,-0.8762,-0.508,-0.9565,-0.1177,0.4743,0.8377,0.8549,-0.0734,0.2062,0.168,0.9771,-0.5414,-0.849,-0.2331,-0.8982,-0.2324,-0.2656,-0.01,0.4124,0.2294,0.6539,0.3587,0.2592,-0.4891,0.929,0.5245,-0.2854,0.9174,1.4294,2.4374,1.3181,1.1582,0.4953,0.0545,-0.502,-0.8579,-0.2485,-0.5509,-0.7966,-0.9204,-1.1463,-0.2636,-1.0155,-0.8433,-1.0678,-0.7507,-1.4623,-1.0718,-1.3149,-1.0274,-0.5998,0.0505,0.0414,-0.1676,-1.2747,-1.0884,0.5037,0.6878,0.46,0.741,1.7322,1.1579,1.6034,0.5777,-0.2928,0.001,-0.2309,0.0416,0.157,0.2045,0.143,0.0056,-0.1184,0.5905,1.2382,1.2359,1.5731,1.1918,1.6559,0.6999,1.3875,1.3319,1.1025,0.3854,-0.9996,-1.3981,-0.7245,-1.007,-0.2008,0.0455,0.3555,0.5859,0.5825,0.2936,-0.2295,-0.5081,-0.4275,-1.0388,-2.5614,-1.9336,-2.2209,-3.1437,-2.6146,-1.4432,-0.3847,-1.7967,-1.3489,-0.527,0.1224,0.5107,-0.4868,-0.6297,0.491,0.8558,-0.1694,0.3371,1.1815,0.4028,0.7412,0.3996,1.065,1.9223,1.9078,2.0788,1.867,2.0227,1.7086,1.3601,0.7051,1.0042,1.3812,1.3099,0.9158,1.221,0.3132,-0.3748,-1.2494,-0.8762,-0.9043,-0.97,-0.9743,-0.7471,-0.7255,-0.8756,-1.5757,-1.4727,-1.1753,-1.4832,-1.2296,-1.7454,-1.2607,0.4103,0.345,0.2178,-0.7907,-0.9094,0.9972,0.5371,0.2546,0.5824,0.0926,0.329,0.3603,0.9934,1.0224,0.8037,0.4541,-0.2877,-0.4427,-0.3232,-0.697,-0.8469,-0.1602,0.1102,-0.1724,-0.032,0.5326,-0.3576,-1.2926,-0.9336,-0.1468,1.1708,-0.4173,1.7969,1.8178
"IC50",1.0219,0.5754,-0.2335,0.6062,0.0537,1.1469,0.3834,-0.708,-0.3872,-0.3826,0.5935,1.4083,1.8326,1.2809,-0.4119,-0.6633,-0.8394,-0.9482,-0.1548,-0.2028,-0.6639,-0.8836,-1.0923,-1.0583,-1.2309,-1.2663,-1.9904,-1.4654,-0.8734,-1.2615,-0.1485,0.0441,0.7064,0.4372,0.866,0.7323,0.2843,0.5237,-0.455,-0.482,-0.221,-0.0823,1.2113,1.0918,2.1029,1.5235,0.4481,0.025,-0.963,-0.9475,-0.6619,0.4549,0.3214,-0.1236,-0.2748,0.2377,1.263,1.6853,1.5318,2.0779,1.2659,1.6152,1.4638,0.7454,0.0558,-0.1801,-0.6328,0.4562,-0.1101,-1.2407,-2.5788,-1.8767,-1.0216,0.3016,0.762,-0.0897,-1.6986,-1.6985,-1.2276,-1.3996,-1.0761,-1.6842,0.2513,0.3378,0.505,0.723,0.0303,-0.3983,-0.6309,-0.9911,-1.169,-0.0179,-1.2418,-1.362,-0.735,-0.0753,-0.4068,0.2145,0.1746,0.1487,0.71,-0.0662,0.8861,0.6025,1.8748,2.3349,2.3747,2.6261,1.0505,0.5983,-0.0603,0.3185,0.0862,0.7932,0.5417,0.0239,0.4306,0.1439,-0.6746,-0.8648,0.3383,0.6824,0.4045,-0.549,0.2295,-0.3268,-0.0799,-0.5461,-1.288,0.152,0.4323,-0.1287,-0.3558,0.2714,0.1511,-0.3559,-0.8357,-0.0021,-0.0339,-0.9497,-1.207,-1.5224,-0.8155,-0.8151,0.0921,0.2299,0.0915,-0.0894,-1.2935,-1.3571,-0.8873,-1.2536,-1.6022,-1.7459,-0.9933,0.8213,0.4555,1.2215,0.7458,2.0242,1.8395,1.8763,1.079,0.7502,0.3944,0.2794,0.7788,0.8751,2.0536,2.1878,1.3691,0.6679,-0.3413,-0.8097,-1.0185,-1.1184,-1.2072,-1.1173,-0.884,-0.7817,0.1805,-0.3309,-0.2008,-0.3456,0.2906,0.3764,-0.2135,-0.118,-0.567,-0.3204,-0.1326,-0.8509,-0.0721,0.0691,0.5969,-0.7889,-0.7855,-0.4011,-1.0781,-0.719,-1.1109,0.6075,2.465,2.6346
"IC51",1.0717,1.1058,2.3361,1.3082,-0.4997,-0.6271,1.1946,1.6084,1.3841,-0.3549,-1.226,-1.4899,-0.5903,0.2461,-1.2098,-1.3521,-0.5722,-1.7445,-0.8793,-0.5555,-0.596,-0.4752,-0.4101,1.4124,0.0543,0.0397,-1.6775,-1.117,-0.605,-0.1339,-0.0937,0.1619,1.2177,0.542,-0.1192,-0.404,-0.6867,0.3694,0.041,0.6986,0.2571,0.265,-0.0642,0.1441,0.5883,0.318,-0.3333,-0.7084,0.8677,1.0819,1.3871,2.1508,1.4405,0.5725,0.0127,0.3891,-0.3725,-0.0094,-1.0641,-1.4662,-0.1495,-0.7913,1.2638,0.4368,1.0505,-0.7878,-0.5935,0.253,-0.8287,-0.4779,-1.3142,-1.7725,-0.7886,-0.7264,0.0034,-0.5997,-0.4442,-0.627,-1.0911,-0.5646,0.3825,1.8604,1.8602,-0.5015,0.6195,-1.11,-0.8075,-0.4044,-0.0402,-0.243,-0.784,0.8898,-0.4313,-0.0036,0.0085,1.5551,1.6245,1.7267,2.0102,1.0195,1.1598,0.148,0.1965,-0.3726,-0.5089,0.2804,-0.9597,0.0595,-0.9488,-1.0673,-1.3484,1.0469,1.311,0.8606,0.6992,1.3059,0.2248,0.3669,0.6111,0.2006,-0.2444,-1.1743,-2.1095,-1.6761,-1.1425,-1.2796,-1.2968,-0.9703,-1.0494,-0.6,-0.5945,0.2486,0.4538,-0.5078,-0.6362,-1.2007,-1.6571,0.2487,-1.4817,-1.118,2.0652,0.7416,1.3317,1.1178,2.4291,2.3923,1.3098,1.2722,0.6795,0.1944,1.7288,1.1878,0.615,0.9186,-0.2789,-1.0017,-0.5821,-0.0166,-0.7931,-1.9204,0.6006,1.1979,0.794,0.8714,0.1153,-0.1487,-0.19,-0.661,-0.7254,-1.3724,-0.2227,-1.2314,-1.8206,-1.2319,-1.7961,0.3565,-0.6076,-0.7128,0.5351,0.3757,0.3118,-0.3686,0.4334,0.5795,0.6724,0.5873,-1.1549,-0.0983,-0.93,0.0488,0.2723,0.14,0.9184,-0.6003,-1.2176,0.7401,-0.273,-0.119,-0.7215,-0.4996,-0.0741,-0.2323,2.5664,2.5129
"IC54",0.5043,-0.0274,0.3645,0.9025,-0.3183,0.2219,-0.7776,-0.1768,0.541,0.7344,0.5565,0.8329,2.245,1.2115,1.0027,0.4364,-0.7388,-1.0409,-2.3562,-1.6543,-1.0055,-1.0874,0.2467,1.0693,0.1646,-1.6059,-0.9688,-1.2466,-1.5875,-1.2925,-1.6807,-0.9024,0.4206,0.3104,1.3611,1.0209,0.7365,0.3101,0.2582,0.7376,1.0037,0.9852,0.7563,1.0105,0.479,-0.427,0.0037,-1.4268,-0.772,-0.3811,0.418,1.9183,0.3477,-0.4968,-1.884,-0.1163,0.2282,0.8593,1.8775,1.1079,0.5954,-0.6723,-0.1939,-0.3208,-0.3154,0.0735,-0.3167,0.1616,0.4917,-0.8162,-0.777,-1.1105,0.0145,0.5061,0.4865,0.9069,-0.6929,-0.09,-1.3705,-2.0417,-1.2366,-1.0412,0.737,-0.5333,0.2446,-0.0364,-0.4048,0.7274,0.1189,-0.2953,-1.0181,-0.2695,0.5412,0.3443,1.2345,1.1077,1.8242,1.5605,0.7659,1.2581,0.1979,-0.0369,-0.2623,0.4859,1.6043,1.1777,1.1644,0.1234,0.943,0.4169,-1.0337,-0.8427,-0.3865,-0.389,-1.4118,-1.3666,-1.2704,-0.776,-1.6819,-2.0089,-1.0718,-0.8478,-1.3708,-1.3146,-1.517,-0.7683,-0.5187,-0.7862,0.9798,1.2618,1.1448,0.6752,0.1209,-0.2512,-0.2451,0.3894,0.0658,0.9313,0.4225,0.397,1.4825,1.5932,2.716,2.9727,2.8959,1.376,-0.2338,-0.5199,-0.109,0.6059,0.0068,0.4905,0.3699,-0.8679,-1.6896,-1.5937,-1.716,-1.2876,-0.5868,-0.3938,-0.8028,0.32,-0.2513,-1.4171,-0.4294,-0.235,-0.0526,0.2745,-0.8137,-0.0395,-0.5361,-0.5099,-1.065,0.0219,0.0641,-0.3201,0.5213,-0.0091,0.2244,1.3717,0.6017,1.5212,1.4266,1.1352,0.1276,-0.3656,-0.1322,-0.6399,-0.7478,-0.7586,0.1642,0.1536,-0.9834,-0.1651,-0.5503,-0.165,-1.3803,-1.6894,-0.6978,0.1098,1.6802,2.4736,0.4927,0.8571
"IC56",-2.8295,0.5807,0.1369,1.7737,0.5816,0.1533,-0.2982,-1.1229,-0.6683,0.126,-0.0499,-0.4471,-1.4588,0.3851,0.0685,1.0266,0.7237,-0.9475,0.2816,0.0171,-0.2146,0.2895,0.0745,1.5817,-0.4171,-0.1634,-0.5694,0.2948,0.4869,-0.3383,1.0983,0.3042,0.772,0.2635,0.1513,1.6621,0.3123,0.3483,-0.1297,0.3028,-0.4941,-1.0362,0.1519,-1.802,-0.6231,-0.2914,0.016,-0.7879,-0.3478,2.1312,1.7986,0.4803,0.14,0.3682,0.6383,-0.0028,-0.4674,1.0143,-0.7245,0.2017,-1.2086,-0.6571,-0.4419,-0.9864,-0.5816,-2.4462,-0.1074,-1.1053,-0.3896,-0.315,-1.8439,-2.4254,-1.6298,0.0973,0.8674,0.6007,0.1765,1.261,2.3274,0.9042,0.2711,-0.2589,-0.0062,0.0706,1.2501,0.4445,1.0804,-0.9827,0.4071,-0.6564,-0.0958,1.0585,-0.4718,0.4653,0.1456,2.0408,0.9274,0.7493,0.7023,-0.381,1.2812,0.4799,1.5705,0.8627,0.7993,0.0372,-0.4988,-0.472,0.6734,0.9948,0.9351,-0.9886,-1.3851,0.6005,-0.968,-0.5054,-1.8753,-1.6425,-2.91,-1.9333,-1.4044,-1.3313,-1.3622,-2.2546,0.5507,-0.1562,0.4126,-0.8452,-0.7493,0.9336,0.6475,0.7221,-0.1355,-0.1136,0.1822,-1.1352,0.1357,1.5946,0.8,0.5735,-0.7598,1.2962,1.0016,1.5518,0.117,-0.123,0.7324,0.6897,1.7796,0.1722,1.065,1.5899,1.7789,2.1333,0.3759,0.9538,-0.0303,0.3468,-1.313,-1.9527,-1.0451,-0.8703,-1.6975,-0.7021,-1.0737,-0.8551,-1.8197,-1.5128,0.0531,-1.0136,-0.0819,-0.5557,0.12,1.1515,0.7168,0.5795,-0.4012,1.529,-0.2379,0.1381,0.6709,0.3249,-0.6402,-0.7845,0.3986,0.9881,-0.3328,0.3303,-0.6304,0.7377,0.3162,0.6901,0.6444,-1.5121,0.3907,-0.4739,-0.1438,0.5451,-0.0095,0.1953,0.3593,1.4238,-0.0064,-2.7913
"IC58",0.6666,0.7236,0.8531,2.1256,1.8378,0.2388,0.981,-0.3465,0.0895,-0.3987,-0.2767,0.0245,-1.1303,-0.457,-0.6066,-1.02,-0.2194,0.4017,0.1019,-0.4957,-1.1647,-1.3671,-1.1876,-0.7304,-0.7147,-0.4695,-0.1073,0.19,-0.9278,-0.5603,-0.7999,-0.6444,-0.626,-0.5131,0.4146,0.2539,0.9087,0.915,1.4164,0.5569,0.9542,0.201,-0.2147,-0.9754,0.1481,0.1443,0.2215,-0.362,-0.8273,-0.3654,-0.1456,0.7081,0.7594,1.7188,0.7553,0.3065,-0.7467,0.4666,1.2029,1.314,1.4222,0.9225,1.3065,-0.2569,0.5645,-0.0715,-0.2177,-0.2293,-0.9355,-0.5064,-0.4486,-0.4858,-1.5665,-0.9516,0.3199,-1.159,-2.8718,-1.3351,1.3793,0.6902,0.2994,-0.059,-0.3374,-1.9712,-0.9465,-1.2932,0.0117,0.334,1.2494,1.6616,0.5188,0.0092,-1.1371,-0.9059,-0.0291,-1.0951,0.7221,0.1654,1.2314,-0.7016,-0.8622,-0.7343,0.8563,2.1083,1.9775,2.7167,1.5341,0.9903,0.5274,0.4145,-0.146,0.6458,1.1199,1.4355,1.3463,0.3555,-0.4414,-1.4197,-2.1981,-2.7342,-1.8008,-1.3172,-1.9164,-2.0568,-1.3285,-0.5765,-1.8437,-1.3205,-0.451,-0.1968,0.9236,0.0368,0.0822,0.5086,0.3035,0.3214,0.0508,0.447,2.4695,0.4156,1.0494,1.2187,0.5361,0.5411,1.2178,1.544,1.0083,1.1746,-0.021,0.1708,0.5882,0.9861,1.1298,0.3708,-0.3829,0.1475,-0.4431,-0.4389,-1.0284,-0.5514,-0.3671,-1.0598,-0.7451,-0.9291,-1.0124,-2.1358,-1.5537,-0.9936,-0.768,-0.1869,-0.9643,-0.2967,-0.8349,0.2922,0.2135,-0.3666,1.4323,0.6198,0.5892,0.4245,1.5629,1.3454,0.0056,0.0497,-1.0837,0.2371,-0.6307,0.6214,0.7925,-0.2757,-0.1577,-0.9649,-0.6621,-0.4787,-0.1943,0.0926,0.2513,1.6821,-0.5409,-1.3016,-0.3822,0.0353,0.2758,2.8079
"IC60",0.7332,0.254,-0.1587,0.1991,-0.9797,-0.3341,-0.7725,0.547,0.3847,0.3131,0.8592,0.9241,1.0105,0.2724,-0.1433,0.426,-0.0755,-0.0106,-0.3327,-0.2469,-0.7637,-0.5144,-0.9018,0.0064,-0.6503,-0.5766,-0.8399,-0.4868,-0.3653,-0.7698,-0.3369,-0.1373,0.0148,-0.2529,-0.5248,0.2075,-0.4066,-0.0154,-0.1344,0.3277,0.3303,0.4006,1.1403,0.7819,1.1417,0.5745,0.7882,1.0973,0.7454,1.7046,1.9769,1.5734,0.4264,-0.2962,-1.0309,-0.4085,-0.2607,-0.6473,-1.3339,-0.352,-1.0018,-0.4734,-0.5925,-0.9788,-0.8013,-0.8934,-0.6597,-1.1411,-0.0446,-0.5919,-0.3646,-0.1044,0.0199,0.3754,-0.5998,0.8282,0.488,0.4925,0.1678,-0.81,-1.1839,-1.3796,-1.1831,-0.5808,-1.1285,-0.1186,0.1779,-0.1587,1.4731,0.9482,0.8783,0.9392,0.7541,0.6493,0.6253,3.2726,2.1012,1.6403,0.5868,0.3082,0.5175,0.7157,1.1572,0.4744,0.1853,-0.4524,0.4205,0.2806,0.9042,0.2169,0.5759,-0.4514,-0.6053,0.4506,-1.3158,-1.2332,-2.7612,-2.6021,-3.1946,-3.1182,-1.8481,-1.7497,-1.7115,-1.298,-0.1264,-0.1922,0.2373,-0.2086,0.5667,0.8447,-0.3072,0.7751,1.0945,-0.2583,0.1027,0.4843,0.0006,0.7307,-0.414,1.1533,1.6074,1.6163,3.0666,3.087,1.6529,0.4739,0.5927,-0.6735,1.5193,1.4566,1.71,-0.0643,-1.0227,-0.4688,-0.78,-0.7702,-1.3278,-0.8503,-0.4899,-0.4329,-0.8162,-0.2013,-0.2341,-0.372,-1.6475,-1.3061,-1.5892,-1.1697,-0.2153,-0.8399,0.69,0.2732,0.2054,-0.3913,-0.5566,0.0912,0.0547,1.4275,-0.0116,0.7866,0.3117,0.6142,1.8266,0.4466,0.3828,0.1785,-0.5712,-0.4668,-0.8067,-0.9226,-0.1688,0.2804,0.0138,-0.4692,0.1204,-0.2293,0.2257,-1.5034,-1.0852,0.8545,1.8423,2.0328,0.279,-1.3436
"IC62",-1.2583,-0.2332,-0.2241,0.1028,1.0016,1.1994,0.8915,0.5283,-0.25,-0.9352,-0.6356,0.1259,0.271,0.0263,-0.3612,-1.155,-1.2077,-0.2377,0.4751,-0.0032,0.5137,-0.2781,-0.7374,-1.661,-0.4399,-0.2644,-0.1764,0.2906,-0.0131,0.751,1.2572,0.5435,0.735,1.1778,1.2998,-0.2581,-0.0826,-0.4333,-1.6958,-1.4962,-1.3634,-0.6078,0.3591,0.8108,1.8016,1.1192,1.4249,1.3654,0.9635,0.6635,1.1161,1.013,0.6641,1.5122,0.529,0.6915,-0.4774,-0.9072,-0.347,-0.5058,0.3932,0.268,0.4349,-0.5499,-0.3645,-0.6069,-0.9815,-0.6692,-1.9188,-1.6656,-1.1717,-0.7676,-1.2105,-1.3789,-2.1472,-3.0573,-1.8602,0.0317,-0.8217,-0.7196,0.3158,0.4528,0.8664,0.9418,0.9489,0.652,0.8151,0.4406,0.6449,1.4204,1.0722,0.325,-0.0497,-0.2207,-0.0596,-0.1691,0.3736,0.6285,0.5152,0.7303,1.3063,1.4037,1.7142,1.6185,0.8425,0.8999,0.8047,0.5629,0.2741,-0.3891,-0.9758,0.5443,0.1802,0.8736,1.1709,1.1565,1.7385,0.4871,-0.9155,-1.5019,-1.5061,-1.7667,-2.4651,-2.4801,-2.7412,-2.495,-1.9325,-1.2924,-1.2962,-0.5773,-0.9641,-1.1521,-0.2839,0.7479,0.695,0.9859,0.4178,-0.018,-0.0406,0.0804,0.5613,1.2523,2.4759,1.7353,1.972,0.6133,0.2643,1.0671,-0.2742,0.3112,-1.1702,-1.1271,-1.3563,-0.2656,0.5442,0.6145,0.402,0.5698,0.5406,1.4244,0.7743,-0.7518,0.4485,-0.3555,-0.7155,-0.838,0.2731,-0.1976,-0.4369,-0.1844,-0.74,-0.2003,0.1507,0.3324,-0.4594,-0.6827,0.049,-0.4657,0.3158,-0.2028,0.1412,0.1359,0.503,0.6351,-0.1557,0.1426,-0.0375,1.9561,1.7067,1.1142,0.0381,-0.8997,-1.5235,-1.0905,-0.2984,0.5081,0.0692,-0.1087,-0.7493,-1.4354,-1.1188,-0.4353,0.9681,1.0968
"IC63",0.9969,0.3265,1.1777,0.6144,-0.1694,0.0044,0.9371,0.9921,0.3329,-0.8832,-1.1558,-1.3037,-1.1555,-1.7263,-1.8072,-0.4677,-0.0429,-0.3083,-0.2507,-0.8086,0.4002,0.298,-0.5041,0.0151,0.6308,0.8077,1.0334,0.3981,0.2367,1.5157,1.2882,0.415,0.0496,-0.9637,-0.5571,-1.2711,0.1506,1.1667,0.7246,0.586,0.4346,-0.6069,-1.2455,-0.678,-0.1804,0.7184,1.0615,1.2058,1.5636,1.6651,1.5796,1.4758,-0.2631,-0.7117,-1.2062,-0.6522,-1.2325,-1.0858,0.3126,-0.1828,-0.1965,-0.3026,-0.7023,-1.3103,-1.2136,-2.0833,-1.721,-1.1263,-1.3109,-1.2638,-0.5912,0.4775,-1.0842,-1.4628,-0.7277,0.0836,0.1851,-0.0194,0.113,0.6133,0.4461,1.4091,1.4816,1.1213,1.1582,1.2938,2.5023,2.3414,1.4742,0.7436,-0.5293,0.0007,0.4277,0.3325,1.1008,1.5166,1.6648,1.6431,0.7689,0.6787,0.8497,0.5024,-0.3199,-1.1718,-2.4035,-1.7963,-1.6223,-0.851,-0.559,-0.2193,-1.4187,-0.6421,-0.0607,-1.4953,-1.1549,-0.1752,1.0546,-0.4013,-0.3637,-0.8983,-1.5874,-1.8525,-0.7182,-0.6558,-1.4097,-1.3912,-0.0743,1.0802,-0.0047,-0.7724,-1.1191,-0.1358,0.2381,0.4138,-0.2315,1.1406,1.2335,0.542,0.993,0.8291,0.9865,1.9663,2.1123,1.7542,1.6378,0.5861,0.9122,0.8697,0.3612,1.4803,1.077,0.2579,0.0893,0.1095,0.0639,-0.4973,-0.5877,-1.1929,-0.8338,0.315,0.5211,-0.7823,-1.348,-1.7246,-0.9723,-1.3984,-1.1043,-1.0746,-1.2965,-0.829,-0.1795,0.4532,0.229,-0.3767,-0.3392,0.2613,0.5809,0.0154,0.2327,-0.8485,-0.1523,-0.5032,0.2481,0.9161,0.7979,0.6433,-0.3196,-0.1545,0.453,-0.1086,0.1655,-0.0286,0.3336,-0.0946,-0.2014,0.0505,0.28,0.8383,0.4052,1.3221,2.2946,0.0656,-1.9084,-1.8281
"IC64",2.9546,-0.3961,-0.7726,0.8648,0.8721,-0.3554,0.4036,-0.3647,-0.5404,-0.3722,-0.4351,0.8059,0.1076,0.0669,-0.7868,-0.8894,1.1136,-0.0443,0.0674,0.454,-0.1611,0.3815,-0.9802,-0.5989,0.0363,-0.7305,-0.4063,-1.4322,-0.5757,-0.6652,0.6245,1.6013,-0.1838,-0.0127,-1.2144,-1.3123,-0.0768,0.5679,0.5578,-0.7779,0.7081,0.1363,0.3389,0.3581,-0.3802,-0.4572,-0.4854,1.8816,1.7509,-0.6244,-1.4115,1.3354,1.6794,0.0169,-0.0271,0.2171,-0.3085,-0.8537,-0.4056,-0.2445,-0.0821,0.0685,-1.105,-0.3222,-0.6383,0.7836,-0.1866,1.2991,-0.0494,0.0745,-0.3017,1.0717,-0.1548,-0.5131,-0.3033,-1.5939,-1.6905,0.4705,0.5339,0.0125,0.7678,2.4617,1.5514,0.8807,-1.4585,-0.5755,-0.9559,-0.0841,-0.4667,0.6623,-0.5193,-0.1346,-1.5325,-1.5037,0.2797,0.188,-0.0232,-1.0916,0.8191,0.5675,-0.1922,-0.8809,0.1484,1.7523,0.504,1.0967,0.4982,0.5125,-0.5668,0.7004,-0.0335,1.2999,-1.0277,0.1038,1.609,0.2447,2.0476,1.4744,1.4996,-0.3339,0.0194,-1.7556,-0.4676,-1.3957,-1.1811,-1.6042,-2.5431,-0.0566,-0.5889,-0.2876,-0.7792,-2.0191,-1.1221,-0.5431,-0.9353,0.7351,-0.5788,-0.5881,0.0555,-0.3813,0.7926,-0.9688,-0.8082,0.2564,2.4976,0.9374,1.533,1.0725,-0.2351,0.8301,0.5939,1.1033,2.4749,1.6748,1.5301,1.1487,0.5571,0.3279,0.2705,-0.2147,-1.5804,0.4725,0.4024,0.8761,0.7431,-1.9237,-0.2166,-1.6715,-1.1748,-0.3535,-1.3162,-0.6979,-1.3808,-0.3482,-0.9398,-0.7697,-0.3694,-0.2051,1.2397,-0.1995,0.2449,-1.8472,-0.5587,-0.0452,-0.9223,0.1689,0.8074,0.7618,1.5413,0.031,0.0925,-0.8803,-0.3097,-0.5568,-0.2172,-0.8173,0.0985,2.0976,-0.5609,-0.822,-1.8071,0.316,3.3574,1.6026
"IC65",0.4128,0.5222,1.9102,1.5525,-0.8278,-0.1502,0.4265,-1.1029,0.2408,-0.1288,1.2243,1.1141,-0.2395,-1.322,-2.6009,-1.3521,-0.6676,0.8204,0.8319,0.1954,0.3571,-0.4959,-1.6427,-0.0277,-0.8614,-0.4743,0.9819,0.0202,0.2637,0.0639,1.9151,-0.5081,-1.1769,-0.5251,-1.1523,0.0682,-0.7597,-0.2008,-0.387,-0.9676,1.1567,0.3531,2.0311,0.2587,-0.0397,-0.6535,1.1227,1.8945,0.3231,-0.4238,0.4374,1.4373,-0.0187,0.2344,-0.7889,-0.0905,0.6935,0.7328,-0.0081,-0.2563,-1.2848,-0.6816,-0.7227,-0.7707,-0.4177,0.8405,-0.5454,0.12,-1.3231,-0.1889,0.6836,1.0987,0.232,-0.2996,-1.3582,-1.6621,-0.6592,-1.4032,-0.6662,0.3166,1.6332,0.3257,-0.7672,-1.3993,0.3761,1.8479,0.8827,1.4331,0.8918,1.2393,-0.5294,0.2419,-0.5372,0.0849,0.0479,-0.2145,0.4837,0.7797,0.7763,-0.9457,-0.4072,-0.6604,1.0393,0.4207,-0.2942,-0.2514,-0.8814,0.4724,0.8839,-0.1348,1.5618,0.208,-1.1538,1.232,0.9312,0.7032,0.9724,-0.2028,-0.8257,-0.7083,-0.333,-1.6055,-2.0098,-2.7201,-1.2377,-1.5835,-1.1085,0.015,-1.7626,0.8333,0.8031,-0.7621,0.3919,-0.4433,-0.2854,0.9939,-0.1606,0.7361,0.2234,0.454,0.6681,0.2156,1.3799,1.6394,2.7284,0.6195,0.4519,-0.1905,-0.0814,0.4903,2.1211,-0.4413,-0.474,1.1573,0.1606,1.3804,-0.443,0.584,0.4957,0.3428,-1.4679,-0.3485,-0.1392,-1.1697,-1.7165,-2.1849,-0.9559,-1.0877,-0.1035,-0.7026,-0.82,-1.0989,-1.2617,0.9601,-0.9119,0.5271,0.8837,0.2064,0.3846,-0.8781,1.2163,0.7042,0.7174,-0.7008,0.6287,1.2218,1.3369,1.1506,0.6923,-0.6317,-0.1946,-2.7557,-1.5539,-0.7679,-0.3964,-1.1229,0.8475,1.2004,0.4499,0.1473,0.0682,-2.0317,1.9743,1.8324
"IC66",2.1842,0.9194,0.4463,-0.1534,-0.6353,-0.1597,0.1891,0.2635,-0.6943,0.0025,-0.0135,-0.5195,-0.7215,-1.9783,-1.97,-1.8679,-0.5193,0.7417,0.8631,1.5254,0.8065,0.196,-0.3595,-1.8171,-0.7543,0.1312,0.1448,0.7197,0.9599,2.2467,2.5378,2.0342,0.1019,-0.6815,-0.7603,-1.2524,-0.437,0.0166,-0.776,-0.805,-1.7058,-0.5184,-0.8761,0.4511,2.0201,1.9243,1.2826,2.0142,2.2119,0.4749,0.2853,-0.1727,0.2832,-1.0963,-1.2483,-1.3894,0.0704,-0.4343,-0.9264,-1.1257,-0.8369,-1.3851,-1.5156,-0.4123,-0.7882,-0.2353,-1.12,-0.7722,-0.5939,-1.18,0.1457,-0.343,0.1438,-0.2233,-0.7742,-0.1806,-0.6139,1.0865,1.2658,0.9551,2.6654,1.1048,0.8316,-0.8196,-0.381,0.4779,0.8961,0.6593,1.7881,0.2993,0.3708,0.2659,0.4477,0.9175,0.9534,0.942,0.4325,1.2115,-0.2859,0.5467,0.341,0.8079,-0.0934,-1.9414,-1.4851,-2.3243,-1.2764,-1.3937,-1.1911,0.0418,0.6049,0.585,-0.3065,0.7169,0.274,0.9901,1.009,1.3639,1.1061,0.0628,-0.814,-1.7125,-2.1016,-1.914,-1.8319,-0.8638,0.0299,-0.6801,-0.2826,-1.0412,-1.6578,-1.5436,-1.3818,-0.195,0.7734,0.352,0.6242,1.0794,0.6286,0.9649,0.3055,1.1328,1.251,2.2561,1.6284,1.2924,0.4152,0.7925,0.5655,0.5462,0.5533,0.4069,0.023,-0.8888,-0.1907,-0.6275,-0.0822,-0.1081,-0.1194,0.0377,-0.1528,1.0397,0.9147,0.6481,-0.0764,-0.1508,-0.2016,-0.6294,-0.9343,-0.7522,-1.4079,-1.8797,-0.7331,-0.1732,-0.2907,0.8854,0.6655,0.3697,-0.8807,-0.5305,-1.0592,-0.4241,-0.4433,-0.596,0.1778,-0.0837,0.4782,1.3739,0.5546,0.5831,-0.2513,-0.1169,-0.651,-0.5531,-0.6011,-0.645,-0.0846,1.0344,1.1575,0.0532,-0.1566,0.0776,1.2949,0.0107
"IC67",0.8965,0.0779,0.4077,0.9904,1.1511,0.4197,0.7449,0.5701,0.4194,1.173,0.1961,-0.202,-1.2229,-0.6055,-0.5615,-1.0935,-0.4122,-1.4623,-1.188,1.6507,1.459,-0.2383,-1.794,-1.1888,-1.9625,-1.4053,-0.4259,0.2517,-0.3493,0.0948,-0.0428,0.1439,0.0006,0.581,-0.0603,1.1491,0.6144,-1.0122,-1.1684,-1.3139,-0.5883,-0.3283,-0.6794,0.2984,1.5549,1.9365,1.572,0.7156,1.025,0.3428,0.5395,1.2889,0.4434,-0.277,-0.0237,-0.6572,1.0251,1.3574,0.2948,0.0032,1.0898,0.705,0.3018,-0.194,-1.5385,-0.7762,-0.8745,-1.6085,-0.9024,0.4636,1.0631,-0.8267,-0.2016,-1.2892,-1.2886,-1.9398,-2.0652,-1.613,-0.4101,0.8559,0.2293,-0.4074,0.2072,-0.8214,0.3477,1.6834,1.478,0.4734,0.1782,-0.5375,-1.2979,-0.5815,-0.5792,0.0295,0.8388,1.3754,1.8069,1.4405,2.2982,1.4531,0.0828,0.872,0.2108,0.2939,0.0061,0.1027,0.9331,0.1832,0.2205,-0.5629,-1.1464,-0.4837,-0.0834,0.3012,-0.1451,0.6746,0.6784,-0.0813,-1.3085,-1.4717,-0.694,-0.652,-0.8637,-1.0243,-1.1178,-0.3217,-0.9468,-1.9783,-0.4508,-1.1303,-0.9952,-2.0194,-0.8098,-0.2889,0.4726,0.5974,0.7175,1.2326,1.3601,0.7092,0.4823,1.1574,2.4261,3.5969,2.2731,1.3131,0.375,-0.4758,-0.3742,-0.5908,0.2686,-0.7122,-1.0922,-2.296,-1.1232,-0.2139,0.3175,0.9693,1.608,0.8292,0.4332,0.3674,-2.1318,-0.5964,0.0821,-0.387,-0.6639,0.5155,0.747,0.0447,-0.2417,-0.7267,-0.9771,0.0123,0.2387,-0.4563,0.17,-0.3104,-1.3164,-0.2896,0.3754,1.0439,0.2328,0.2532,0.1778,-0.3328,-0.6686,-1.5611,-0.0967,0.5008,0.3939,0.0614,-1.1547,-0.8401,-0.676,-0.5698,-1.0465,-0.3956,0.1377,0.0141,1.3444,2.5911,0.8995,1.3004
"IC68",0.9195,0.9502,0.6973,1.2873,0.8333,-0.2549,-0.527,-1.0852,-0.1786,0.0068,-0.3337,-0.0964,-0.1373,-0.5898,-0.6062,-0.7261,-0.4624,0.0952,-0.3178,-0.4822,-0.4979,-0.8429,-0.7642,-0.2115,-0.2742,-0.5759,0.337,0.1504,0.5047,1.4364,1.776,1.0292,0.1553,-0.1567,-0.7436,-0.4559,-0.5823,-0.544,0.5344,0.0959,0.728,0.4901,0.4497,-0.6365,0.1206,0.4247,1.169,1.2954,0.4179,-0.4161,0.7603,1.0776,0.1892,0.1384,-0.0073,-0.4572,-0.3162,-0.4298,0.1735,0.087,-0.669,-0.3428,-0.6773,-0.6434,-0.496,-0.0418,-0.673,-0.9746,-1.6054,-1.4179,-1.7457,-1.8008,-1.2576,-1.129,-1.0406,-1.1815,-0.3087,-0.3404,1.5166,2.3345,1.9518,1.1422,0.2978,-0.3315,0.2497,0.2014,0.695,1.363,1.5016,1.3572,0.0782,-0.7952,-0.4588,0.0295,0.5976,1.065,1.8162,1.4728,1.3232,0.1181,-0.0387,0.765,1.3993,0.6254,-0.3264,-0.5761,-1.3808,-0.8839,0.0472,0.5203,0.8248,0.0445,-0.394,1.2051,0.5521,0.097,0.1409,-0.3131,-0.6822,-0.8939,-1.0953,-1.9396,-2.1558,-2.4027,-1.9386,-1.5692,-2.0503,-1.8062,-1.5762,-1.0837,-0.3006,-1.1986,-0.8747,-0.4027,0.0173,0.0717,0.0134,0.4985,0.8845,1.0582,1.0903,1.7378,1.9043,1.9182,2.3906,1.6366,1.2558,1.4005,1.0497,1.0175,1.892,1.8913,2.0407,1.434,0.5672,-0.3261,-1.0136,-0.5045,-0.8229,-0.689,-0.9908,0.3981,0.6823,-0.2801,-0.7645,-2.0454,-1.5193,-1.4809,-1.8047,-1.7652,-1.2088,-0.6181,-0.1453,0.1206,-0.461,-0.7774,0.595,0.6398,0.0699,-0.8139,0.0965,0.4513,-0.109,-0.0864,0.7571,0.6056,0.68,0.6889,0.0845,-0.4129,-0.7757,-1.1632,-0.3962,0.1226,0.6873,0.7569,0.3605,0.078,-1.2401,-1.619,-0.4794,1.3328,2.2058,0.9901
"IC69",0.2879,-0.1323,-0.8179,-0.3613,0.6581,0.27,0.5382,0.0998,-0.3466,-1.7661,-1.0312,-0.2496,-0.6452,0.0242,-0.7643,-0.1133,1.6076,0.5798,1.2344,-0.2183,-2.2173,-1.8815,-0.6739,0.0816,0.1857,0.1492,-0.8203,0.2271,0.0164,-0.0002,0.4783,1.1669,1.895,2.2569,2.3278,0.5759,0.8038,0.4807,-1.2621,0.0009,-0.1675,-0.196,0.3711,0.0868,-0.3813,-0.6998,-0.7442,-0.5312,-0.3208,0.0764,0.218,-0.4056,0.1794,1.0875,1.7763,0.7,0.3541,-1.0117,-0.757,-0.7442,0.2699,-0.3621,0.1851,0.768,1.3902,-0.1749,-1.1893,0.2896,-0.2721,0.2452,-0.8084,-0.9272,-0.2991,0.2614,1.0271,0.0909,-2.5723,-1.9916,-0.0195,-0.9844,-0.58,-0.5751,0.6983,0.8576,1.9702,1.1005,0.2202,-0.3496,-0.0125,-0.5954,0.1124,0.8315,-0.4413,-0.7521,0.232,-0.6734,-0.934,-0.819,-0.842,-0.8536,0.6705,0.1185,0.2484,0.7076,1.1096,1.4589,0.3992,0.4307,-1.2777,0.1659,-0.5552,-1.1582,-0.4324,0.5093,1.419,0.8074,1.3807,0.6805,0.3972,0.2203,0.8759,1.14,0.6045,0.156,0.0073,-0.4134,-0.3405,-0.8785,-1.2219,0.3766,1.2783,0.4059,-1.4783,0.3016,0.02,-1.0951,-0.7075,-0.6149,2.0579,-0.4289,-1.536,0.0674,-0.5141,-0.4188,-0.0313,0.2547,-1.3992,0.1073,-1.0863,-0.3999,0.2398,0.3715,0.6165,0.829,0.6949,0.5861,-0.2828,-0.1585,-1.8369,-1.5523,-1.3695,-1.9893,-0.0562,0.4444,0.9656,0.6395,0.9028,-0.3417,-0.1531,0.1998,-0.3026,0.2844,0.1117,0.6112,2.2754,1.4782,0.5758,0.2122,0.0999,-0.5391,0.7307,-0.2673,-1.2883,-1.2448,-0.361,0.7457,0.3193,0.9727,0.1178,0.7794,-0.1823,1.014,1.7183,1.0481,1.984,0.7332,-0.0608,1.371,0.6465,-0.9086,-0.7656,1.0336,-4.7369,-4.4007
"IC71",0.96,0.004,-0.1694,0.9621,-0.5728,-0.6512,-1.0962,-1.1509,-0.1858,0.066,0.4551,0.5473,1.1461,0.0388,-1.0751,0.0429,0.2613,0.6479,0.4905,0.1431,-0.0226,0.0547,0.069,1.3113,0.5943,0.2291,0.7355,-0.0901,0.0931,0.6015,0.7304,-0.3432,-0.4032,-0.6325,-1.5273,-0.7451,-1.2992,-0.1497,0.504,-0.311,0.373,-0.0152,0.2979,-0.9399,-0.3911,0.119,0.5311,0.9784,0.5996,-0.3757,-0.2248,0.6946,-0.3077,-1.0747,-0.8573,-0.0881,-0.3732,0.0246,-0.42,-0.3848,-1.1391,-0.4644,-0.9185,-1.1374,-0.8608,0.4267,0.4647,-0.2662,-0.9039,-0.5214,0.0376,0.2113,-0.2181,0.6753,0.3191,0.8975,1.9081,0.8412,1.9658,2.2166,1.2901,-0.1102,-0.9709,-0.9104,-1.0639,-0.7025,-0.818,0.545,0.7836,1.2943,0.987,0.8522,0.404,0.5468,0.6415,1.1233,0.887,0.6944,0.2117,-0.2731,-0.2878,-0.3022,0.6786,0.4165,0.0901,-0.5294,-0.8274,-0.0743,0.2392,0.3115,1.108,-1.4105,-0.5925,-0.2773,-1.6386,-1.5772,-2.0135,-1.657,-2.3307,-2.0666,-0.7355,-1.8144,-2.2528,-2.4161,-1.2151,-1.3527,-0.8483,0.2532,0.4593,1.0394,0.779,0.7126,1.3776,-0.0159,1.1243,1.8874,1.2137,1.7521,0.5263,1.8882,1.1891,1.3522,1.8425,1.7326,2.5471,1.2357,1.58,0.8509,1.8979,1.1311,1.7269,1.2313,0.6133,0.3291,-0.9026,-1.6949,-2.8088,-2.4429,-1.982,-1.5263,-2.7859,-0.5702,-0.9983,0.1005,-0.3083,-0.7671,-0.7245,-0.1656,-0.0478,-0.7911,-0.3989,-0.7381,-0.47,0.1548,-1.1152,-0.7839,-0.1548,0.1954,-0.3801,0.2359,0.9245,0.3805,0.9703,0.5569,1.0266,0.711,1.1562,0.5754,-0.3508,-0.5907,-0.1629,-1.0913,-0.3402,-0.1291,0.8859,0.3327,-0.1053,-0.3147,-1.1835,-0.2297,0.2385,0.506,1.5599,0.2891
"IC72",1.605,0.9176,0.9334,1.1786,0.5023,0.3134,0.1251,-0.1369,0.5537,0.3165,0.325,0.0148,-0.7102,-0.4643,-0.5631,-0.857,-1.1513,-0.9788,-0.4375,-0.4596,0.1044,-0.2051,-1.3236,-1.2961,-1.493,-1.1718,-0.2313,-0.0834,-0.409,0.0007,1.6093,0.8875,0.5346,-0.1098,-0.1773,0.3837,0.0425,-0.1694,-0.7312,-0.5371,0.11,-0.5779,0.8217,0.3568,0.8775,1.0666,1.4982,0.3122,-0.8952,0.2411,0.1858,1.2903,0.5029,0.8476,-0.6891,-0.0521,0.1923,0.2245,0.8775,1.2418,0.5356,1.196,0.2198,-0.8022,-0.6586,-0.554,-0.7197,-0.5553,-1.061,-0.5946,-0.0519,0.312,-0.8658,-1.4894,-2.052,-1.8078,-1.6482,-1.91,-0.8103,0.9861,1.3294,1.2635,0.5187,-0.1853,-0.1703,0.0679,-0.3571,-0.5366,-0.3334,0.492,-0.7037,-0.9045,0.1926,0.6205,0.6341,1.543,2.331,2.004,1.7837,0.2641,0.4537,0.4182,0.8244,0.8166,0.2116,-0.0926,-0.0158,0.5199,1.1069,0.363,-0.5597,-0.1616,0.3038,1.1407,0.8755,0.8012,1.0067,0.051,-1.4797,-2.3443,-1.7718,-1.7233,-2.5002,-2.7778,-1.6299,-0.5052,-0.452,-1.3793,-1.5972,-0.9881,-1.0196,-0.6902,0.7118,0.8051,-0.057,0.0548,-0.1945,0.1005,0.1291,-0.1032,1.0789,0.5098,2.5275,1.6281,1.9274,1.5551,1.3095,1.0797,0.1617,0.0706,0.8912,-0.6996,-0.4536,0.049,0.4053,1.3063,0.5438,0.7445,0.7571,0.7083,-0.2679,-0.9147,-0.0629,-0.6553,-0.9746,-0.7592,-0.4576,-0.5143,0.0846,-0.0119,-0.4621,-0.2371,-1.1559,-1.4604,-0.9226,-0.9936,-0.0841,-0.458,-0.5132,-0.4454,-0.4705,0.3681,1.1339,0.341,0.5795,0.4465,0.2578,0.1348,1.4405,0.7288,0.6036,-1.2654,-2.074,-1.7784,-1.4117,-1.3496,-0.1986,-0.3169,-0.268,-0.4959,-0.1301,1.8299,1.7744,4.0284
"IC73",1.6695,0.315,0.6024,0.635,0.0164,-0.6308,0.2721,0.5746,0.4944,-0.0778,-0.3637,-0.654,-1.1846,-1.3516,-1.448,-1.5573,-1.2232,-0.4332,0.2595,-0.0272,0.1039,-0.6042,-0.3361,-0.0845,-0.3605,0.3392,0.9046,0.9712,0.9682,1.585,1.7825,1.5115,1.159,-0.6532,-0.6963,-0.9835,-0.5384,0.2324,0.2778,0.0897,0.4035,-0.263,-0.628,-0.8128,0.4188,0.5108,1.7102,1.3271,0.7522,0.7983,0.5928,1.0297,0.0803,-0.0854,-0.7217,-0.4012,-0.9034,-1.4706,-0.8086,-0.6057,-0.408,-0.4536,-0.7255,-1.0336,-0.4065,-1.2708,-1.2927,-1.2368,-1.6139,-1.4533,-1.388,-0.1604,-0.2202,-0.4416,-0.5316,-0.9203,-0.6131,-0.2573,0.8555,1.9301,1.9288,2.3208,1.8469,0.8083,0.6071,0.0576,0.6837,1.0455,1.4185,1.9392,0.5553,-0.67,0.1679,0.4593,0.2932,0.0235,0.9718,1.3145,0.9303,-0.0041,0.2678,0.4269,0.3834,0.1886,-1.2453,-1.3658,-1.5723,-1.0199,-0.3426,0.0274,-0.0644,1.4539,0.217,-0.4823,-0.0166,-0.0604,1.3683,0.1697,-0.124,-0.6901,-2.3494,-2.6092,-1.7463,-1.1947,-2.1653,-1.8431,-1.3766,-0.6332,-0.5292,-0.9898,-0.8504,-0.8987,-0.4424,-0.31,-0.5326,0.543,0.5524,0.1372,1.3273,1.371,2.5242,1.5431,2.0467,2.0976,2.6363,2.093,1.9693,1.6329,0.5173,-0.0289,1.8674,0.6394,0.0745,-0.0889,-0.7118,-0.9467,-0.9161,-0.5376,-0.8322,-0.5902,0.1772,-0.3966,0.9361,-0.1567,-0.5956,-1.2913,-1.1718,-1.6034,-2.0377,-1.507,-1.2245,-0.4712,-0.0901,-0.2537,-0.2496,-0.2621,0.6506,0.767,1.2457,0.1028,0.0832,-0.1334,-0.4891,0.0539,0.302,0.6425,-0.0994,0.3295,0.3829,-0.1988,0.0447,-0.0498,0.0468,-0.2305,-0.7561,0.0199,0.5484,1.0283,0.1562,-0.8427,-0.5146,0.9671,0.96,-0.3227
"IC74",-1.8002,1.3313,1.3731,1.7995,0.9135,0.3969,-0.5659,0.2566,-0.4415,-0.4083,0.0743,-0.4627,-0.8059,-0.4447,-0.6091,-0.4034,-0.3118,0.9918,0.669,0.0244,0.409,0.0596,-0.9684,-0.3454,-0.5736,-0.1599,-0.0108,0.2862,0.966,0.5164,1.1247,0.2011,-1.3947,-0.8542,-1.7585,-0.2385,-0.1704,-0.8304,-0.4799,-0.4185,-0.433,0.1767,1.8433,0.7133,0.7436,0.5278,1.4075,1.1611,0.5314,1.1934,1.3038,0.7703,-0.8187,-0.9298,-1.4086,-0.5225,-1.4925,-0.6214,-0.8669,0.0418,-1.2839,-0.6431,-0.603,-0.7903,-0.8785,-0.245,0.3108,-0.2495,0.1071,-0.9579,-0.3886,0.4994,-0.0348,0.5128,-1.3054,-0.8421,0.6251,0.2683,3.2382,1.8625,1.4388,0.5349,-1.2634,-0.3358,-0.7933,0.087,-0.2065,-0.2145,0.9416,1.0681,0.1142,-0.8139,-0.2021,0.507,-0.4794,2.5442,2.2979,0.9992,0.235,-0.459,0.6397,0.8115,1.2585,-0.4276,-1.1808,-1.1244,-0.2265,-1.5833,-0.0353,-0.278,1.0869,-0.2048,-0.6385,1.2644,-0.2066,-0.5016,-2.9414,-1.5717,-1.3759,-0.4937,-1.1289,-1.4327,-1.9882,-1.4701,0.7805,0.9722,0.2521,-0.4102,0.886,0.7041,-1.0037,-0.4605,0.6113,0.5087,0.2658,0.269,0.4729,0.7958,-1.0295,0.6429,1.4742,0.2938,1.5882,2.049,1.6884,0.2605,-0.0058,-0.8571,0.7065,0.6926,1.0525,-0.6378,-0.7612,-0.1167,-1.4228,-0.3301,-0.5743,-0.2762,1.1378,0.9055,-0.3486,-0.2524,1.9658,0.5609,-1.2666,-0.3147,-0.6757,-0.8317,-0.037,-1.0264,-0.0473,0.2308,0.3318,-0.0782,-0.4826,0.0869,1.0069,1.4046,-0.5096,-0.8361,-1.2349,0.1451,0.8556,-1.2669,-0.6551,0.5329,-0.0762,-0.0873,-0.3581,-1.184,-0.9255,-1.3011,-0.4624,-0.2005,-0.8155,-0.7617,-0.2256,-1.8366,-1.055,0.3367,0.7767,3.7698,1.8239,2.4898
"IC75",3.6235,0.4848,0.498,1.0664,-0.1288,-0.7792,-0.1554,-0.8877,-0.3752,0.9153,0.3538,0.0156,-0.3132,-0.8055,-0.44,-1.366,-0.7974,-0.3432,-0.7311,-1.7061,-1.2191,-0.2662,0.4329,-0.0134,0.4423,0.3626,0.9971,1.1849,1.1809,1.1162,1.6396,0.3636,-1.8644,-2.3399,-2.0258,0.2807,0.316,-0.5836,-0.2286,-0.0557,-0.0637,-0.0615,1.0152,0.2596,0.294,2.4548,1.3188,1.2818,0.07,-0.4577,-0.2485,-0.0195,-0.7683,-1.2427,-2.5939,-1.2375,-1.5487,0.1843,1.593,0.9143,-0.6351,-1.0685,-0.9232,-1.099,0.5843,0.0744,-0.7847,-0.3091,1.0833,-0.0947,-1.0915,0.4086,-0.0357,0.0407,0.4847,1.3812,2.8767,1.4124,2.5248,1.408,1.6488,0.3037,-1.2351,-0.7389,-1.197,-0.613,0.2359,0.0683,-0.1128,-0.2837,-0.0712,-0.4065,-0.2284,-0.7595,-0.7695,0.3612,0.5545,-0.7426,-0.17,-0.0542,1.0889,1.0507,0.5243,-0.4064,-1.6012,-1.4808,-1.2102,-0.9845,0.7382,1.5475,1.2756,-0.4819,-0.6468,-0.8626,-0.2501,-0.9812,-2.1056,-0.0128,-0.1403,0.1961,-0.5796,-1.3915,-0.053,0.0955,0.1312,0.7343,-0.0645,-0.3357,0.2825,0.1643,-0.1808,-0.0687,0.3795,1.6008,1.8476,1.0092,1.8967,0.8278,0.1257,0.8024,0.6683,-0.2348,0.845,0.4951,0.1474,-0.6299,-0.6,-0.5904,-0.4506,0.432,-0.9912,-0.5006,-0.4051,0.4252,-0.9321,-1.0846,-0.1336,-0.1243,1.0254,-0.3026,0.0298,-0.3972,1.4542,0.7892,-0.9868,-0.0522,0.3744,-0.121,-1.0519,-0.2794,0.236,0.6232,0.9036,0.4837,0.2662,-1.1554,-0.3381,-1.0555,-0.9167,-0.2937,-0.8973,-0.96,-0.8573,-0.3486,-1.0368,-0.4133,-0.5428,0.2318,0.1919,-1.0797,-0.6809,0.0324,1.6989,3.3,1.4826,1.5206,0.2715,-1.6524,-2.3632,-0.1399,0.1427,1.224,0.3919,1.4126
"IC76",1.9835,1.2774,1.8441,1.2735,0.0607,-0.6128,-0.5982,-0.3064,-0.0628,0.4284,-0.0451,0.0816,-0.3191,-0.7101,-1.0456,-1.7331,-1.602,-0.7641,-0.224,0.0107,-0.6389,-1.1325,-1.6936,-2.0582,-1.3831,-0.8269,-0.8054,-0.0705,0.2193,1.0568,1.8075,1.8202,1.3223,0.7153,0.3856,0.1401,0.3758,0.2852,0.4147,0.3628,0.0268,-0.2077,0.1121,0.6569,1.2805,1.296,1.0899,1.1872,0.9198,0.4484,0.7218,1.0691,0.915,0.0172,-0.5674,-0.5903,-0.1143,0.0642,0.1283,0.1441,0.4277,0.072,-0.2147,-0.5632,-0.8331,-1.3742,-2.2338,-2.2213,-2.3768,-2.5146,-2.1363,-1.4356,-0.6371,-1.0086,-1.7206,-1.605,-0.8194,0.7141,0.9763,1.114,2.3227,1.7748,1.4325,0.3378,0.3842,0.8172,0.9436,0.7973,1.0849,0.6008,0.1193,-0.7489,-0.9011,-0.3623,0.0648,0.5926,1.0818,0.98,0.4352,0.258,0.1453,0.7667,1.3154,1.2794,0.7507,-0.1098,-0.2381,0.0424,0.4567,0.702,1.0909,0.4989,0.1698,0.9365,0.379,0.0091,-0.5263,-0.8777,-1.4596,-1.3125,-1.5963,-1.817,-2.2169,-1.5895,-1.3423,-1.0927,-0.8476,-0.3138,0.1079,0.1582,-0.3673,-0.7273,-0.6657,-0.2526,0.3732,-0.1889,-0.5238,-0.6957,-0.2511,-0.3288,-0.6003,-0.1789,0.7283,1.8378,2.329,2.7278,2.0975,1.3856,0.7916,0.8684,0.3428,1.1074,0.4114,-0.037,0.0874,-0.1076,-0.0069,-0.1546,0.0049,-0.2911,0.0023,0.2338,0.5802,0.6198,-0.3076,-0.6037,-0.9901,-1.2335,-1.5178,-1.2757,-1.1444,-1.0961,-0.9644,-0.3528,-0.2578,-0.0387,0.3975,0.4208,0.1231,-0.0035,-0.2354,0.1125,0.5348,0.441,0.782,1.1392,0.8398,0.9883,0.3259,-0.1036,-0.7992,-0.9063,-0.9623,-0.5315,-0.7998,-0.3841,-0.0856,-0.2413,-0.4845,-1.3402,-0.5371,1.2213,1.6202,2.1743
"IC77",2.3951,0.3178,-0.5644,-0.7119,-1.0582,-0.3,0.6135,0.6333,0.379,0.628,1.2392,1.0707,0.3983,-0.2214,-0.4365,-0.4182,-0.0442,-0.6248,-0.5911,-1.0643,-1.3178,-0.1891,-0.9231,-0.6462,-0.4777,-0.6007,-1.2661,-1.4911,0.6514,0.3134,0.7439,0.2448,0.64,0.4301,-0.5464,1.2033,0.4997,0.1625,-0.4072,-0.9441,0.1203,0.6577,1.6742,0.0941,-1.197,-0.1227,0.3408,0.3882,-0.8893,-0.9976,-1.0573,0.8306,1.41,1.7728,1.0384,0.1974,-0.2607,-0.2653,-0.0889,0.1572,0.373,0.6424,0.0528,1.089,0.5578,1.6737,0.0594,-0.4687,-0.7282,-0.7478,-0.0124,0.5524,-0.2686,-1.4445,-2.2603,-1.9556,-1.0061,0.1506,0.4798,0.043,1.0797,-0.0792,-0.0982,1.2251,-0.1538,0.8009,-0.4431,-0.5297,-0.9379,-0.1817,0.0396,-0.4643,-1.663,-1.5657,-1.7373,-1.3909,-0.4773,0.7671,1.4911,1.0618,0.4525,-0.2996,0.5649,1.0926,1.5166,1.1526,0.3677,-0.4018,-1.1137,-1.0603,0.9797,0.7267,1.3011,1.1244,1.1949,1.5412,1.2671,2.0459,-0.0564,-0.6119,0.061,0.2928,0.0327,-0.5339,-0.4982,-1.1641,-0.7447,-0.7739,-0.4255,-0.0041,0.0176,-0.4792,0.3436,-0.8196,-0.1557,-0.3663,-0.9005,-0.6729,-2.4863,-1.1483,-0.7029,-1.6992,-0.6926,-0.5045,0.1051,0.8173,0.9407,-1.283,-0.3661,-1.0435,0.6916,0.7197,0.0141,1.974,1.6705,2.4848,1.8934,1.0577,1.8231,0.3344,-0.9719,-0.1686,0.212,0.8925,-0.2104,-0.4093,0.0664,0.7562,0.18,-1.8567,-1.7999,-0.667,0.0244,0.2513,-0.3746,-0.9847,-0.6702,0.0791,0.3522,1.1018,0.0376,0.0507,0.6301,-1.0864,-1.6495,-1.3421,0.9813,0.9099,1.7464,-0.0153,-1.0184,-1.8882,-1.4289,0.6683,1.0468,1.3301,1.0172,-0.3899,-1.0321,-1.0613,-1.8849,-0.8484,0.9325,3.852
