"IC05","-1.0677","-0.6796","-0.3178","-0.2124","-0.6000","-1.1013","-0.0507","1.1071","0.4694","-0.4607","-0.4693","0.2549","0.7041","0.6988","0.8140","-0.8881","-0.3323","0.4662","1.7459","1.9698","0.8257","0.0994","-0.8783","-0.8672","-0.3967","-1.8949","-2.3914","-0.7944","0.8827","0.7952","0.4553","0.9449","0.0711","-0.5151","0.1937","0.8240","-0.0182","-0.9652","-0.8635","-0.3062","-0.3371","0.2239","0.6506","0.7074","0.7985","-0.4167","0.0832","1.7309","2.1773","1.3395","0.6439","0.0006","-0.3430","-1.2322","-0.9386","-0.2965","0.7567","0.2547","-0.1654","-0.4428","0.0171","0.4297","-0.5827","-0.5445","0.0403","-1.2837","-0.1853","0.8656","2.1509","-0.5372","-0.6896","-0.7386","-1.7439","-2.0796","-1.9486","-0.3996","-0.3475","0.1263","-1.2062","-0.1396","0.3120","0.5011","1.2781","0.6187","2.1826","1.6745","0.8296","1.0800","1.0298","0.0126","0.2065","1.1809","0.2602","-0.1427","-0.2893","-0.9358","-0.8694","-1.1134","-0.2592","-0.4886","0.5582","0.1744","-0.2578","0.2146","-0.4666","-0.6499","-0.7262","-0.7074","-0.2049","-0.3656","0.7022","-0.0268","-1.2695","-1.0248","-0.8952","-1.4609","-0.8594","0.6823","0.1661","0.1584","0.4938","0.4866","0.0501","-0.4130","0.7512","0.7259","-0.0059","0.8482","0.2737","0.9595","1.6634","2.3885","0.4197","0.5549","1.3213","1.1412","0.5835","0.3448","0.7633","0.9250","1.0175","0.8470","1.0982","-0.6564","-1.5492","-1.4583","-0.4581","-0.6265","-1.1818","-1.7446","-2.0383","0.0435","-0.1575","-2.0898","-1.1438","-0.4169","-1.5526","-2.0387","-1.7080","-1.7767","-1.6138","-1.7169","-0.9060","-0.0047","0.9808","1.3679","0.5282","1.8033","1.5896","1.2765","1.0306","1.0836","0.0182","0.3135","0.6804","0.4174","0.3740","0.7082","1.7628","0.9271","0.4120","0.2804","0.7358","2.3723","2.2002","0.7454","1.1543","-0.1391","-1.2082","-0.5731","-1.2323","-1.0163","-1.0538","-0.6293","-0.8074","-1.0903","0.9966","0.6984","0.5413","-0.5907","-0.5971","-1.9163","-1.1239","0.0770"
"IC08",0.1072,0.2423,-0.5102,-0.5768,-0.2035,-0.1425,0.786,0.9309,-1.1025,-1.7034,-0.9442,-0.362,0.4008,-1.1183,-0.9594,-0.2759,0.2555,-0.0165,0.5019,-0.1045,0.1763,-0.5751,-0.3783,1.6641,1.5669,0.3601,0.0631,0.983,0.1174,-0.917,0.2468,-0.6647,-1.1913,-0.7684,-0.0395,0.8861,1.6852,2.0382,0.6131,-0.4781,0.7622,2.4786,2.1143,-0.0325,-0.7267,0.6636,1.5434,1.4,0.848,0.0962,-0.9687,-1.8207,-2.3298,-1.9272,-1.3383,-0.2579,0.8156,0.3826,-0.306,0.2277,0.4711,-0.7095,-1.3639,-1.7165,-1.0832,-0.8069,-0.8231,-0.4621,0.0543,0.6048,0.5292,-1.8416,-3.2715,-1.299,1.593,2.4669,0.5628,-0.4926,-0.1215,0.1686,0.5418,1.5463,0.7312,0.6477,0.5308,0.0771,1.1874,1.5288,1.3653,0.3214,-0.1971,0.2657,0.4288,0.6363,-0.1942,0.4423,-0.2951,-0.4422,-0.3842,-0.2821,0.942,0.298,-1.0307,-1.1649,-0.6221,-0.8438,-0.467,0.4465,0.8953,0.0225,-0.061,-0.9775,-1.3651,-0.2007,-0.3275,-0.6425,-0.7266,0.7963,0.885,1.0713,0.0876,-1.622,-0.8457,-0.735,-1.1252,-0.4675,-0.8355,0.911,1.6199,0.8095,0.5115,0.0705,-0.3847,0.392,1.5331,1.4967,1.0365,1.7968,0.4678,-0.1786,0.0633,-0.1673,-0.0691,-1.1576,-0.9994,-0.2089,-1.0996,-0.3486,-0.8685,-0.8195,0.4473,0.5035,-0.2061,0.6148,1.4982,0.2518,-0.9655,-0.964,-1.122,-0.9791,-0.5844,0.0393,0.5358,0.7158,1.1167,0.4624,-0.3845,-0.7527,-1.4996,-0.767,0.1977,-0.8215,0.1047,1.1987,0.3091,-0.4267,0.5726,1.0126,0.64,-0.8524,-1.3985,-0.9983,0.8519,0.1248,-0.7525,0.498,1.4483,1.1919,1.3081,0.9945,1.1062,0.5596,0.4925,1.5124,1.4507,1.2917,1.3474,-0.256,-0.9025,-0.1472,-1.4089,-2.3568,-2.2073,-2.5686
"IC09",-1.6362,-0.7386,-0.647,-0.8122,-0.1915,0.0462,-0.2301,-0.7787,-0.3256,-0.4724,-0.055,0.5297,-0.4211,-0.3025,-0.0924,-0.1244,0.144,0.3281,0.6925,1.1106,0.4611,0.8249,0.4732,0.0968,0.2683,0.2501,1.2902,2.1909,2.4102,1.1205,-0.0915,-1.4008,-1.6223,-0.6806,-0.5679,-1.4039,-0.7584,0.3122,0.5086,-1.1627,0.6021,1.5298,0.7683,1.5654,0.4411,-0.6846,0.0408,2.1676,1.695,1.1799,-0.8305,-2.3141,-2.2001,-1.8509,-0.8086,0.9435,0.5611,0.8786,0.5529,0.3582,-0.3411,-0.4689,0.1003,-0.2585,-1.1154,-1.5433,-1.5337,-0.3684,0.1859,0.9186,0.1457,-1.8389,-1.4358,-0.91,-0.1981,-0.574,-0.2538,-1.0459,-1.1906,0.8232,1.0657,1.3701,1.2101,0.3769,-0.2392,0.1854,1.2441,2.2497,2.6288,1.8381,0.6172,-0.3058,-0.306,1.1274,0.9419,-0.2043,-0.7195,-1.4544,-0.8188,-0.0072,-0.1582,-0.6022,0.4452,0.1814,-0.5198,-0.3189,0.0902,0.9492,-0.2842,-1.4403,-2.0657,-0.6468,-0.9322,-1.4191,-0.9269,0.1266,-0.0618,-0.1784,-0.0245,-0.1402,-0.6904,0.0107,1.44,1.1779,0.3935,0.3446,0.9496,1.5893,1.1469,1.8154,1.0639,-1.2134,-0.2529,-0.8088,0.7159,1.5497,1.4756,0.1066,0.5985,1.0375,-0.4374,0.0401,-0.8435,-0.9341,-0.497,-1.4853,-0.7852,-1.5072,-0.882,-0.6723,-1.2213,-1.2217,-0.37,-1.7983,-1.4712,-0.3579,-0.8663,-1.2172,-0.2616,-0.1209,0.0116,1.0902,0.4777,0.6942,1.7274,1.6391,1.263,0.9255,2.175,1.1172,1.2379,0.6411,-1.3193,-0.8031,0.6208,-0.3399,-1.1204,0.8972,-0.3888,-0.601,-0.4716,0.5919,1.1423,0.2291,0.4743,-0.1665,-0.1583,1.2977,0.8978,0.7101,0.889,0.2493,0.6929,0.2709,-0.2535,-0.8019,-0.8704,0.0215,0.0544,-0.2599,-1.398,-0.8324,-0.8636,-2.0392
"IC15",-0.3463,-0.5053,-0.9241,-0.4925,-0.025,0.3625,0.2136,0.5138,0.1048,0.1784,-0.0698,0.8159,0.1323,-0.5754,0.9947,0.353,-0.204,0.7008,0.4125,0.1507,-0.6851,-0.209,0.044,-0.3934,-0.7273,0.0263,1.1511,1.1075,1.1435,0.4982,-0.8671,-0.6188,-1.7017,-1.9869,-1.4681,-0.2629,-0.1236,-1.571,-2.0597,-1.0362,-0.7574,0.3027,0.8894,0.6324,1.1734,0.9836,1.6524,3.5994,3.6759,2.1276,1.0342,-1.136,-1.3022,-1.4489,-1.0924,-0.6451,0.6613,1.3222,1.7239,1.0903,-0.4635,-1.5323,-1.335,-0.3446,0.2091,-0.8393,-1.2022,-0.5881,0.6365,0.4619,-0.9127,-1.4199,-0.6741,-1.1241,-0.963,-0.3097,-0.6338,0.213,0.6959,0.6134,0.5055,-0.1665,-0.0918,1.3064,0.4447,-0.3658,-0.1163,1.8963,1.9569,1.1497,-0.3384,-1.1692,-0.8478,-0.8755,-0.8557,-0.8994,-0.4343,-0.9476,-0.181,0.024,0.2376,1.206,1.1,1.5741,-0.2367,0.2324,0.7114,0.2342,0.9836,1.5442,-0.3653,-1.6586,-0.693,-0.7078,-1.2411,-0.5669,0.2126,-0.0353,-1.0839,0.2835,-0.113,-1.2884,0.2267,-0.0339,-0.7263,-0.352,0.5285,0.6421,0.4476,1.164,1.1776,-0.1816,-1.7722,-1.8865,0.878,2.2591,2.1815,1.3741,0.9478,1.7929,0.1483,0.0308,-0.4712,-1.1732,-1.0071,-1.2093,-0.9722,-0.2814,-0.5143,-0.2705,0.2679,1.2834,0.5801,0.6307,-0.3086,-2.3933,-1.3882,-1.4064,-1.246,-1.0593,-0.1912,-0.7559,1.0656,1.8043,0.6795,0.3032,0.8745,-0.3917,-0.7857,-0.2037,0.0536,-0.2659,-0.4836,-0.5129,-0.0957,-0.1518,0.7401,1.2483,0.2563,1.0759,0.6759,0.2587,1.608,1.6973,0.866,-0.0195,-0.0446,0.196,-0.3736,-0.8866,-0.6173,-0.081,-0.9923,-0.937,-0.659,-0.3556,0.0074,1.2312,0.7249,-0.7448,-0.2984,0.4951,-0.2218,-1.0481
"IC16",-0.885,-1.0763,-0.1099,0.4437,0.3678,-0.1916,0.1548,0.0435,-0.2577,-0.3773,-0.5589,0.2195,0.9954,0.1207,0.4709,-0.4884,-0.59,0.1778,0.3819,0.5024,-0.9641,-0.4998,0.6008,1.3566,-0.1437,-0.1825,1.6378,0.8524,1.4068,-0.613,-2.8841,-1.6625,-0.3247,-0.3517,0.4517,-0.0522,-0.5857,-0.6206,-0.1017,-0.6461,-0.1497,0.8059,0.6567,0.5,0.0186,0.3461,1.3175,3.0219,1.6016,1.3987,-1.3839,-2.5509,-2.5305,-1.2048,0.5211,2.0513,2.3386,1.9589,1.1175,0.6994,-0.3469,-1.3216,-0.8374,-0.7079,-0.3159,-1.6336,-1.2847,0.1806,0.5394,0.1539,0.3061,-2.369,-2.0288,-0.6939,0.2351,1.4163,0.6684,0.062,-0.2701,0.261,0.458,0.039,0.029,-0.9782,0.1293,0.4862,0.9954,2.0917,1.5359,0.8328,-1.0117,-1.6033,-1.0806,-0.5007,-0.2266,-0.798,-0.8723,-0.9553,-1.1235,0.1978,0.8145,0.8103,-0.0591,0.5229,0.5099,1.1368,1.0335,0.0381,0.6932,-0.195,-0.3803,-0.6102,-1.5636,-0.6061,0.3762,0.0024,-0.3813,0.6818,0.3731,0.074,-0.3705,-0.7975,-0.6124,-0.7824,-0.2017,0.1175,0.0559,1.0435,1.3981,1.9491,0.5486,-0.3307,0.0944,0.2248,0.9581,1.8606,1.7848,1.0531,0.197,-0.2795,0.5299,-0.7129,-1.4198,-0.5811,-0.5278,-0.7177,-1.715,-1.9573,-0.5899,-0.2212,0.4715,1.3121,0.6181,-0.7839,-1.4441,-1.7667,-1.8998,-1.6152,-1.4113,-0.9247,-0.3851,0.6065,0.5258,1.2568,1.4731,0.4589,-0.9277,-1.5733,0.1583,1.6199,1.5493,0.8548,0.5094,0.7592,0.6016,0.2087,0.6922,1.0295,0.4866,-0.3588,-0.4129,0.385,1.2163,1.4216,0.4174,-1.2176,-0.1457,-0.3693,-0.2253,0.0267,0.7103,-0.3761,0.3298,1.079,-0.374,-0.7137,-0.8265,0.8814,0.5616,-0.0586,0.0288,-0.9833,-1.9536,-0.9814
"IC17",0.351,-1.1756,-0.7613,-1.2703,0.2652,0.5512,1.1101,-0.034,-1.9815,-1.5416,-0.4315,0.0451,0.1055,-0.8827,-0.6762,-0.1968,0.0477,1.0195,0.511,-0.5675,-0.8483,0.417,0.9101,1.17,1.3392,0.645,0.4656,0.7197,0.645,0.6791,0.0201,-0.73,-0.6315,-0.1039,-0.0041,-0.1234,0.5821,-0.1132,0.2103,0.0892,0.4659,1.272,0.8911,-0.5951,1.389,1.8555,2.3298,0.9739,0.3557,0.1978,1.9691,-1.011,-2.3042,-1.3349,-0.4881,-1.2021,-0.5233,-0.6925,0.7497,1.213,-0.7301,-2.9161,-2.1029,-2.2511,-0.6939,0.085,-0.9979,-1.4606,-0.746,0.9242,0.3582,-0.0783,-0.7304,-0.1574,1.6187,0.3298,-1.7009,0.2631,1.1613,0.1029,0.9511,0.2264,1.539,1.6719,0.6263,-0.1313,-1.6543,-0.1155,0.0364,1.6718,-0.2395,-0.8823,-0.1395,-0.7074,-0.1202,-0.4518,0.3511,0.9048,0.0452,-0.6215,1.8223,2.3683,-0.4365,-0.3675,0.1066,0.8192,1.5771,0.7901,-0.7096,1.0994,0.9461,-1.4171,-1.4879,-1.3426,-0.7262,-0.6597,0.342,-0.6136,-0.4632,-0.0858,-0.0802,-1.3387,0.2012,1.1484,-0.52,0.0966,1.2952,0.1687,-1.1524,-0.581,-0.8336,-0.9029,-0.6637,-0.3186,0.9005,1.5329,1.3202,0.8282,0.0785,1.9549,1.2779,0.4856,-0.959,-1.1961,-0.9063,-0.6713,-2.9126,-1.1984,-1.242,0.1686,0.0187,1.2761,0.501,1.3812,0.0081,-2.3217,-0.7404,-0.1607,0.422,0.6611,0.4563,-0.3271,1.7237,1.4738,0.2258,-1.0904,-0.6193,-0.8521,-0.025,0.1052,-0.5754,-0.5843,-0.7692,0.0783,-0.038,-0.1902,0.9168,1.9282,1.2242,1.1354,0.2155,-0.5161,1.5696,1.4225,0.462,0.8968,-0.4378,0.7931,0.5295,0.3005,-0.1793,-0.8018,-1.0745,0.453,0.9436,0.0238,-0.5783,0.4647,-1.1346,-1.1633,-0.77,-0.8055,-0.4352,-1.5374
"IC18",-1.3254,-2.1635,-0.931,0.4419,-0.3983,0.0487,0.2414,0.1624,0.3968,-1.1951,-1.0368,-0.2189,0.1091,-0.1792,0.5671,1.559,1.0847,-0.5596,0.5902,1.2048,0.093,1.0021,0.3189,0.5561,0.2755,-2.1545,-0.9484,-0.352,0.421,-0.0992,-0.1103,0.2196,1.2964,1.0642,0.9846,1.1324,0.2173,0.4457,1.4344,0.2497,0.1557,0.4594,1.0271,1.1339,-0.7929,-1.6676,0.3914,-0.5849,3.0857,-0.8193,-0.4849,-0.4763,-1.5717,-1.5978,-0.2426,-1.0506,-0.821,0.6086,-0.7261,-0.2929,-0.2147,-0.8193,-1.5559,-2.0174,-0.5506,-0.4033,-1.1443,-0.5161,2.5164,1.4181,-0.4632,-0.8105,-1.108,-1.3708,-0.0235,0.8848,1.9981,1.3045,1.1093,1.0884,0.0838,1.2254,0.2998,-0.1909,1.2606,0.3168,-0.2687,-0.3707,0.0363,-0.1528,0.5947,-1.2024,-2.0181,-0.0817,0.6563,0.5255,0.57,-0.0281,-0.2733,-0.2896,0.5625,1.0233,-0.1455,-1.1264,-0.5247,-0.2511,-0.3789,-0.8198,0.0406,0.1356,0.4318,0.1919,-0.1331,0.9222,0.8372,0.4266,-0.2826,0.362,1.3315,0.7211,0.4336,-0.2367,-0.2296,-0.164,-0.8121,-0.5222,-1.2201,1.6671,0.1751,-1.1386,-0.9038,1.0437,-0.5687,-0.4851,-0.43,-0.2112,-0.4049,0.2068,-1.1765,-2.0545,-0.0693,0.3894,1.2955,0.3642,0.6003,1.2798,0.8537,0.7659,-2.0642,-2.5727,-0.3105,0.081,-0.9616,0.467,0.5419,-0.0111,-0.1837,-0.2105,0.3201,-0.0291,-0.8634,1.0408,0.4521,0.2128,-0.6395,0.0232,0.2146,3.893,0.1631,-1.1482,-0.0829,-0.8302,0.1801,-0.1467,-0.2369,0.89,1.205,1.2473,1.4551,0.7252,0.4271,-0.6592,0.0777,-0.1543,0.0759,-0.4402,-0.9006,-0.6168,1.1389,-0.7522,-0.014,0.478,0.6945,-0.1659,-2.0077,1.1449,3.6916,-2.4398,-2.7303,-0.4324,-0.0465,-0.3624,-0.2119,-0.5804
"IC19",0.045,-0.2581,-0.1667,0.0075,-0.3964,-0.7957,-0.2354,-0.94,-0.3495,-0.4265,0.3466,-0.7483,-0.8449,0.5042,0.2624,0.0253,-0.8775,-0.4029,-0.3131,-0.4965,-0.427,0.202,-0.2659,-0.4093,0.2284,0.8948,-0.6126,-1.4037,-0.3874,-0.582,-0.2256,0.0996,1.0597,1.1958,0.9136,0.7853,1.3517,1.8958,2.2539,1.7361,0.5992,0.8886,1.1751,1.1901,2.2601,0.236,0.5035,-0.4899,-0.1878,0.5342,-0.561,-0.1148,-0.0199,0.0184,-0.3,-1.5132,-0.5727,0.1345,0.3443,0.0184,-0.2916,-0.3684,0.3182,0.172,-0.0899,-0.4947,-0.9755,-1.3811,-2.3922,-2.0527,-2.5892,-1.2913,-0.6488,0.6279,1.7455,1.4467,0.9592,0.9174,0.5009,-0.8017,-0.6559,-1.743,-1.9162,-1.9579,-2.1816,-0.4928,0.2304,-0.0016,-0.7214,-0.5635,-0.5898,-0.3087,2.3064,0.8234,0.459,1.8926,1.9651,0.7098,-0.5899,0.2098,1.5539,2.2048,1.5708,0.3961,-0.1914,-0.7881,0.1201,0.3595,-0.0885,0.7952,-1.0324,-0.1932,-0.1782,-0.1014,0.5741,1.3279,1.3024,1.34,0.9958,1.3091,0.2608,0.8024,1.2448,-0.2237,0.6042,-0.324,-0.9353,-0.7496,-1.5138,-1.4131,-0.3926,-0.8024,0.1384,-0.3919,-1.0994,-1.9415,-0.8869,-1.1385,-0.3293,-0.3815,-0.9649,-0.7732,0.2123,1.1816,0.0457,0.1511,-0.0029,-2.4464,-1.4461,0.1956,-0.9489,-1.1629,0.3251,0.6566,0.5026,0.7504,0.6311,-0.4854,-0.3559,0.6256,0.8171,-0.2853,-0.3312,-1.6863,-1.1678,-0.9677,-0.4753,-0.2266,-0.0411,1.1267,1.3207,1.9709,2.363,1.5671,2.2128,2.0717,0.8139,1.0968,0.4204,0.7966,-0.1741,0.093,0.9707,-0.4195,0.3899,0.1975,0.1854,0.8028,0.1087,0.2428,0.8128,-0.33,-0.2703,-0.1231,-0.6226,-0.0322,-0.8686,-1.9562,-1.5183,-1.4015,-0.8954,-0.2392,-1.0519,-0.3628
"IC20",-1.1893,-1.1591,0.1511,0.6253,-0.1879,-0.4671,0.0748,1.1216,0.7377,-0.0134,-0.4108,0.5363,0.9709,0.494,-0.2427,-1.8337,-1.625,0.8655,1.6307,1.726,0.4448,-0.4049,-0.4202,-1.0541,-0.8535,-0.5574,-0.1839,-0.0668,-0.9472,-0.4509,-1.1187,-0.8661,0.0579,0.7174,0.0881,0.0958,-0.7571,-0.164,-0.7228,-0.2411,-1.0301,-0.2476,1.8569,1.8473,1.2199,0.8096,0.6017,2.2957,2.1892,1.9184,0.7544,0.2311,-0.1079,-0.4082,-0.3832,-0.1019,-0.9907,-0.7262,0.2214,-1.3663,0.685,1.4355,-0.1792,-0.0425,0.6868,0.6029,-0.027,-1.1575,-1.8532,-2.3315,-1.2652,-0.1449,-1.3337,-1.5619,-1.2813,-0.2165,1.0807,0.0962,-0.4953,-0.7461,-0.3844,0.7975,1.0821,0.6022,0.1794,1.6207,0.7243,0.0833,-0.1519,-0.6061,-0.4384,-0.1081,-0.1938,0.8238,0.9626,0.0519,-0.3808,-0.9791,-1.4925,-0.248,1.4115,2.3737,0.5977,-0.3504,-1.0279,-0.2269,0.0443,0.7751,1.5427,-0.0267,0.2255,0.5237,-0.6569,-1.2356,-0.1209,-0.1704,-0.2631,-0.0838,1.0152,-0.4546,-0.8384,-0.3337,-2.1525,-2.0607,0.9879,0.1613,-0.5738,0.3044,0.543,1.8023,1.7428,1.1684,0.4104,-0.1667,1.2527,1.2908,0.8835,1.5005,0.0702,-0.5264,0.56,0.3651,-0.0717,-1.1396,-1.8816,-1.2798,0.3278,-0.2531,0.2959,-0.7209,-0.9965,0.7731,0.0945,-1.3408,-0.4342,-0.8245,-2.7129,-3.1296,-1.5659,-1.3101,-0.7045,-0.7869,-0.9117,-0.1368,1.4063,2.2121,0.57,0.0128,0.2466,1.0065,1.5485,1.0989,0.954,1.1975,0.8115,1.0694,2.1102,1.4876,0.3441,-0.1625,-0.5635,1.3693,0.6831,1.0515,0.6765,-1.9629,-0.6921,-0.0374,-0.7085,-0.2698,-0.5477,-0.438,-0.5052,0.0495,0.0725,-0.2589,-0.6448,0.0163,0.4237,0.1765,-0.5965,-0.8491,-1.2803,0.4689
"IC23",1.2021,1.4741,0.5074,0.238,-0.7443,-0.3073,0.6474,0.3628,0.3362,-1.1711,-0.5302,-0.6683,-0.9713,-0.3599,-0.4461,-0.2185,-0.4351,-1.1978,-0.3739,0.3189,0.1988,-1.2062,-0.6298,0.82,-0.3303,-0.7466,1.0609,1.361,0.9017,1.448,1.9178,-0.5374,-1.0774,-0.6547,0.4472,-0.4463,-0.862,-0.0884,0.2035,-0.8488,-1.0271,-0.6676,0.3915,1.4123,0.1893,0.5391,3.8026,0.6459,1.7321,0.9129,1.3449,0.4991,-1.3166,-2.9366,-3.0424,-3.0638,-1.3441,0.016,-0.0921,1.2655,0.6837,1.068,-0.2235,-0.7304,-0.4607,-0.1624,-0.1323,-0.0269,1.0529,0.4256,1.0554,0.6101,-1.4673,-1.687,-0.6805,-0.4327,0.8527,-0.5343,-0.1868,0.0811,-0.0074,0.3189,0.415,0.2669,1.2623,-0.1494,-0.5563,1.9065,1.8974,0.6641,1.5981,0.115,-1.2809,-0.3278,0.5553,1.356,-0.0968,-0.8468,-0.6642,-0.8423,-0.4653,0.2672,-0.1704,-0.2664,-0.0917,-0.3673,0.5471,0.1758,0.9062,0.2484,-0.6397,-0.5598,-1.1398,-1.6429,-1.1224,-0.675,-1.3244,-0.2276,0.1069,0.2082,-0.062,-1.0063,-1.2441,-1.5891,-0.5858,0.6305,0.1323,0.4478,1.1643,2.6079,1.2587,0.8126,0.0855,-1.1185,-0.129,1.5461,0.9541,1.9513,1.2985,0.5495,1.4663,1.114,-0.3701,-0.13,-0.1431,0.4929,-0.293,-1.0591,-1.0703,-1.8407,-1.4143,0.3235,1.1079,0.2909,-0.312,-0.3993,-1.0807,-0.0885,0.3727,-0.6824,-1.7859,-1.1635,-0.1715,-0.1325,0.1049,2.0363,0.5906,-0.1704,0.2015,0.6428,0.8076,0.3545,-1.2174,-0.8381,-0.615,-1.3873,-0.3393,0.5716,0.2794,0.5276,-1.5686,-0.5,-0.4622,-0.144,0.7561,-0.0908,0.2882,0.2123,-0.1838,1.4218,0.2437,-0.2774,0.6134,2.0491,0.6333,-0.3581,0.9765,0.325,1.1787,0.8568,-0.5432,-2.0483,-1.4532,-0.5199
"IC24",-0.2719,-0.4868,-0.0224,-1.1553,-0.8738,-0.6608,0.4302,1.4403,-0.03,-0.8619,-0.2926,-0.3422,0.2989,0.3724,-1.0514,-0.2037,0.3861,0.4291,0.9255,0.3433,0.6092,-1.2598,-0.878,-0.0085,0.2559,1.1358,1.3357,1.5741,1.67,0.0118,-0.0267,-0.3263,-0.9248,-0.112,-0.1105,-0.9259,-0.7187,0.044,-0.6426,-1.2291,-0.6236,-0.1245,1.5963,1.0462,-0.3234,1.622,3.2553,1.3154,0.1799,1.2898,1.5411,-1.3472,-1.8615,-2.3619,-2.1365,-0.9355,-0.5658,-0.3026,0.4267,0.9233,0.9218,0.0155,-0.7135,-0.7196,-0.5529,0.1342,0.7896,0.4836,0.4948,0.3103,0.3786,-0.7046,-2.6475,-3.5168,-2.3886,-0.7135,-0.1305,-0.5649,-0.6675,0.8492,0.9315,1.2054,0.1955,0.8403,1.1373,1.4069,1.3258,1.3944,1.7265,1.3628,1.637,1.1381,-0.0447,-0.0015,-0.0179,-0.3513,-1.4704,-0.4751,0.6238,-0.099,0.4926,1.1613,0.3028,-1.3038,-0.2959,-0.7992,-0.7462,0.4313,0.6816,-0.8684,0.0315,-1.005,-2.6463,-1.3571,-0.8642,-0.8605,-0.6823,-0.14,0.1607,-0.4789,-0.4626,-0.4545,-1.3488,0.2946,0.6353,0.2163,-0.3127,0.4754,1.786,2.1389,1.0422,0.1932,-0.6592,0.1176,0.9934,1.4103,0.814,2.2272,1.482,0.4773,1.1162,-0.1535,-0.0706,-0.9439,-1.8655,-0.0456,-0.4587,0.0289,-0.6443,-0.9499,-0.194,0.6435,-0.2887,-0.5244,-0.1474,-1.0989,-2.0172,-1.208,-1.4929,-1.5079,-2.0457,-0.7116,1.34,1.0055,1.311,0.9145,0.4377,-0.0155,0.1044,0.9363,0.9633,0.494,-0.0853,0.2106,-0.7375,-0.1511,0.6991,0.4956,1.0364,0.4092,0.0942,-0.1012,-0.652,1.0183,0.6135,0.5227,0.7836,0.2509,0.3747,0.5844,-0.2913,-0.8358,0.2523,0.508,-0.2717,-0.0667,-1.2402,-0.1722,0.4949,0.0531,-0.2263,-1.4043,-0.8247,-0.5152
"IC26",-0.0694,-1.3331,0.4599,-0.1794,-0.513,-0.2702,1.0008,1.7155,-0.0023,-1.1927,-2.3986,-0.4961,1.6024,0.6503,-0.531,-0.5072,1.327,1.7742,1.6589,0.0429,-1.5089,-1.8989,-0.5244,1.2748,0.163,-0.1842,0.0763,-0.3412,-0.1158,-0.1477,-0.0586,0.0076,-1.2497,0.1766,-0.602,-0.5723,-1.1874,-0.4367,-0.2187,-0.1204,0.1323,0.6065,0.8153,0.995,-0.0023,1.9354,2.2791,1.4259,0.7234,-0.3289,1.5822,-0.0853,-1.3049,-0.6644,0.2536,-1.2956,0.6666,0.1639,0.5925,0.3657,-0.3269,-0.1675,0.5219,-0.9663,-1.4753,-0.0902,0.3438,-0.167,-0.3208,-1.4961,-0.6791,0.0198,-0.9453,-1.6989,-1.1697,-0.0447,0.5825,0.2813,-0.4298,-0.7764,-0.6725,0.3274,1.589,0.9725,1.1119,1.2091,0.4036,-0.8403,0.0428,0.0158,-0.2959,0.2965,-0.0879,-0.1087,-0.4797,0.023,0.8744,0.7634,0.0576,-0.4766,2.0042,2.3184,0.0619,-0.1706,-1.1297,-0.3409,0.6309,-0.6485,0.758,-0.5505,0.3474,-0.7919,-1.624,-1.5526,-0.5039,0.0303,-0.9046,0.3554,0.8048,-0.0715,0.3992,1.1286,-0.2066,0.0912,1.1557,-0.1086,-0.724,-0.3586,-1.1779,-0.1164,-1.2681,-0.106,-1.3869,-1.0657,0.4356,1.4586,0.4208,2.032,1.4389,0.1289,2.3281,1.111,-0.0596,0.1159,-1.5634,-1.1348,-0.7871,-1.3819,-0.4562,-0.4283,0.3218,2.3655,1.0352,0.3587,0.0036,-0.8648,-1.8122,-1.9031,-0.6857,-0.6211,0.1571,1.8444,1.3816,-0.187,0.1866,0.0974,-0.0838,-0.6615,0.106,0.874,0.184,-1.2526,-1.6356,-1.0332,-1.8345,-1.8983,0.4484,-0.0503,1.6333,1.277,0.3774,0.1871,0.272,2.9316,2.1488,0.9067,1.2057,0.0895,0.9276,1.1212,-0.0709,-2.1004,-1.5719,-0.1649,-0.6223,0.3448,-0.1148,0.4083,-0.131,-1.1787,-0.5274,-1.5053,-0.8569,1.3886
"IC27",-1.2836,-0.9825,-2.3556,-1.2872,-0.6054,-0.3985,-0.623,-1.0874,0.4325,1.208,0.8527,1.5462,0.1011,-0.9247,0.8687,0.143,-0.585,-0.1807,0.275,0.6373,-0.2539,0.5372,0.623,1.2494,0.1487,-0.0332,1.1255,0.8288,-0.1574,0.3452,0.1846,-0.0024,-0.1758,-1.3955,0.2642,1.5311,0.7312,0.1584,0.7407,-0.6214,0.226,1.4447,0.0484,-0.2982,0.4441,0.5285,1.8989,2.0414,0.3423,-0.4788,1.0439,-1.1023,-1.2254,-0.9512,-0.1541,-1.7218,-0.8199,0.6113,-0.0528,-0.7898,-0.2537,-1.8143,-2.3553,-1.3552,0.7453,-0.4954,-1.5877,-0.0692,1.7606,0.7832,-1.4401,-1.3946,-0.267,0.0191,0.2167,0.4639,-0.2661,0.3876,0.4474,-0.2991,0.8235,0.3465,0.4046,0.1452,0.3168,1.819,0.881,1.0021,1.0812,1.0801,-0.1637,0.0213,-1.0005,-2.8701,-2.5697,-0.8851,-0.0122,0.9129,0.4801,-0.604,-0.2678,-0.0176,0.1671,0.8237,-0.5314,1.3416,1.4769,1.6728,2.2804,0.3394,-0.015,-0.2921,-1.2989,-0.8272,0.7552,0.7918,-0.1598,0.5282,-0.4945,0.8259,-0.482,-2.8779,-0.8636,-1.0099,-0.3305,1.7579,1.5892,0.8679,-0.9821,-0.0585,1.3341,0.1987,-0.0256,-1.1941,-0.1047,0.4621,0.6602,0.463,-0.0305,-0.288,-1.2965,0.2285,-1.2548,-0.9265,-0.1351,-0.5338,-1.252,-1.5642,-0.879,0.098,-0.7291,-0.5731,0.7243,1.4225,0.1378,-1.0624,-0.5989,-1.241,0.1668,-0.3063,0.1794,-0.8244,0.2076,1.0821,0.4599,0.9832,1.1889,-0.6804,-0.1707,-0.8182,-0.0631,2.0883,2.087,1.4472,2.0436,1.4098,1.5824,0.9084,-1.3042,-0.2319,-0.3125,-0.0887,0.9307,0.8119,0.4449,-0.4413,0.2813,1.1971,-0.9368,-1.2751,0.5871,-0.1293,-1.7637,-0.0629,1.1392,-1.1034,-0.9383,0.6635,0.2668,-0.1231,-0.2738,-0.6021,-1.2662,-2.2396
"IC29",0.2839,-0.3021,-0.0628,-0.5552,-0.8339,-0.4663,0.0225,-0.0177,-0.6085,-1.5517,-0.8805,-0.4135,0.8484,1.7004,1.0949,1.2989,1.4278,1.9269,1.1155,-0.6187,-0.558,-0.5034,-0.5008,-0.6007,-0.4039,-0.078,-0.1953,0.8499,-0.1201,0.2329,0.627,-1.2389,-1.3509,-0.149,0.0974,-0.2663,-1.1673,-0.8646,-1.1203,-1.0226,-1.0192,-0.1717,0.4111,0.5804,1.0118,0.5272,2.5012,2.2509,0.9375,1.5905,0.7813,0.2974,-0.8789,-0.5277,1.4422,0.5369,-0.2481,-1.459,-0.4056,0.0684,-0.8505,-0.3032,-0.8396,-0.5209,-0.3933,-0.0789,0.3363,0.8227,1.1576,-0.6994,-0.8406,0.0294,-0.6356,-0.778,-1.7433,-2.1089,-0.9343,-0.6126,-0.0077,-0.2376,-0.4097,0.0582,1.3807,2.1714,1.3373,1.4996,0.205,-0.485,0.0221,-0.218,0.6046,0.2608,0.1827,-0.0739,-0.0782,0.9418,0.3969,-0.4963,-0.2496,0.4445,1.0942,0.0132,0.1214,-0.448,0.502,0.4201,0.0944,0.0028,-0.5954,-0.3367,-0.8083,-0.9336,-0.4489,-1.1318,-0.4829,-0.4525,-0.4508,-1.2237,-0.8779,0.012,-0.2148,0.7831,0.8274,1.2019,1.724,0.8428,0.3276,-0.3973,0.0543,-0.4326,-0.7831,-0.5617,-1.2979,-0.5998,0.3152,1.3526,1.8076,1.1476,1.7844,1.7028,0.5214,-0.191,-0.348,-0.2198,-1.6724,-1.5817,-0.6009,-0.7484,-0.7372,-1.4928,0.3292,0.5225,1.2717,0.7525,0.2099,-0.5626,-2.5484,-1.5991,-0.7575,-0.483,0.1789,0.4168,1.0051,0.4874,0.7097,1.3892,1.1603,1.3896,0.8027,0.1929,0.0591,-1.2455,-0.8847,-1.4833,-1.6527,-1.8365,-1.2103,-0.0724,-0.1691,0.989,0.216,0.8526,1.918,2.1831,3.071,2.1753,0.7198,-0.1803,-0.2396,0.2391,-1.3751,-2.0275,-1.9898,-0.5213,0.6256,0.6271,1.3456,-0.2909,-1.5178,-0.9108,-1.4285,-1.0801,0.097,1.9887
"IC31",0.1897,0.2572,-0.1707,-0.4658,-0.2339,1.0402,0.4005,-0.1668,-0.6433,-0.8412,-1.0837,-0.535,0.2215,-0.8342,-0.9031,-0.5446,-0.1793,0.4421,0.2186,-0.1285,-0.35,0.2808,0.4186,0.6628,0.6434,0.2893,1.0262,1.3933,1.5713,0.9225,-0.0907,-0.0671,0.0628,-1.1354,-0.7437,-0.8763,-0.7812,-0.7382,-0.5747,-0.7526,0.0679,1.0846,1.2988,0.7037,-0.4264,0.1218,1.3206,2.6337,2.5771,1.5494,-0.121,-1.6104,-1.5603,-1.7623,-1.2203,-0.767,0.377,0.9502,0.8346,0.8399,0.0984,-0.306,-0.6086,-1.0036,-0.8048,-1.1755,-1.8785,-1.1531,0.4976,0.1286,0.333,-1.1041,-2.5349,-1.972,-1.2686,-0.1684,-0.4018,-1.1914,-0.2559,0.3528,1.1708,1.5087,1.7533,0.86,1.3105,1.4545,0.8743,1.9467,2.9343,2.1326,0.6715,0.3858,0.0193,0.3146,0.2545,-0.0995,-0.5788,-0.195,-0.8946,-0.4344,0.032,0.0728,-0.3454,0.11,0.101,0.6797,0.0603,-0.6059,0.2642,-1.2682,-1.2625,-1.068,-1.723,-1.8276,-1.3142,-1.6766,-1.2786,0.0287,0.1086,-1.0723,-1.1946,-0.0437,0.0966,-0.4812,0.2914,0.4918,1.2752,1.6119,0.6967,1.7838,0.3825,0.1306,-0.1861,0.4678,1.7692,1.7266,0.7808,0.6603,1.0966,0.8299,1.7204,1.2229,-0.6702,-0.1162,0.0458,-0.0975,-0.9066,-2.4205,-1.7562,-1.6621,-0.5318,0.2383,-0.4678,-0.9044,-0.9108,-0.2647,-0.9505,-1.1261,-0.1067,-0.1247,0.3815,0.8513,1.0942,1.1883,2.0128,1.2783,-0.2871,-0.8852,-0.5749,0.7277,-0.005,-1.1063,-0.8924,-0.6797,-0.553,-0.8345,0.2991,0.3979,0.3807,-0.0405,-0.6419,0.0796,0.0151,0.4359,0.0392,-0.9046,1.2131,1.1643,0.8107,0.8293,0.6818,0.522,0.565,1.578,0.3718,-0.7883,-0.942,-0.0746,1.1259,0.6699,-0.3009,-1.1009,-2.1026,-1.4748
"IC33",-0.5256,-2.1525,-1.6611,-0.9922,0.0896,0.23,-0.8232,-1.2618,0.3471,1.7438,0.6044,1.7265,0.461,-1.376,-0.957,-0.6296,0.9598,0.4065,0.8838,1.2286,0.5707,1.1335,1.0322,1.566,0.5716,0.6201,0.4071,-0.7703,0.044,1.36,-0.4129,-0.701,0.585,-0.03,-0.611,1.1859,0.2169,-1.5024,-1.146,-0.735,1.4375,0.6854,-1.1605,-1.6721,-0.3065,-0.4152,-1.2451,0.0907,0.5437,0.3254,1.2083,-1.1323,-1.542,-1.0752,-0.6243,-1.0315,1.0285,1.4439,0.5721,1.6524,-0.6206,-2.0203,0.5057,0.8477,0.8655,-1.1406,-1.8657,-0.2825,1.0237,0.8395,-0.7018,-1.561,-1.0265,1.1154,2.9316,1.0081,-0.676,0.7092,0.512,0.137,0.7526,-0.745,-0.1459,1.2137,-0.6924,-0.7022,0.3238,0.6701,-0.1428,0.166,-0.4152,0.1486,-0.1887,-0.1426,-0.3105,-0.5344,-0.5432,-0.0147,0.4824,-0.5071,-0.2788,-0.5053,-0.283,1.5306,0.26,0.4903,0.2177,0.4316,-0.51,-0.7553,0.6708,-0.3807,-0.8237,-0.9999,-0.5696,0.0242,0.2928,0.5784,-0.3205,0.2184,0.1432,-1.8859,-0.329,-0.7987,-0.3666,1.1008,3.2501,2.5419,0.1481,1.052,-0.0109,-0.8123,-0.528,-0.1117,0.4012,1.0735,0.702,-0.8364,-0.7219,1.1272,-0.5251,-0.1465,-2.4133,-1.4166,1.2935,0.0864,-1.607,-2.2499,-0.9832,0.0583,0.4223,0.5411,-0.294,0.5361,-0.7986,-1.9398,-0.126,-0.6642,-0.204,-0.9029,0.3043,0.227,0.083,2.2922,2.1184,1.3059,1.462,0.2881,0.6521,-0.2509,0.1974,1.7581,1.2441,-0.3289,0.8683,0.7787,0.0859,0.0868,-1.2122,-1.3394,0.0138,0.243,1.2987,0.0764,-0.7576,-1.5059,-1.6089,0.7154,-0.9852,-1.8461,-0.3013,0.8271,1.0607,1.3219,1.0194,-0.0901,-1.1802,-1.1,-0.2047,-0.2867,-0.9556,0.4595,0.5109,-0.1806
"IC36",-0.1481,-0.3646,-0.3984,-1.1678,0.8347,0.3082,0.7498,-0.2478,-1.3111,-1.9222,-1.0545,-0.2129,0.1351,1.8214,0.6153,0.751,2.1738,1.2566,0.0351,-0.1143,0.4497,0.919,0.0345,-0.9548,-0.1287,0.3473,-0.2083,-0.1457,0.0694,0.2242,-0.152,-1.4369,-2.309,0.3574,0.0402,-0.5108,-0.885,-1.2035,0.0987,0.4111,0.4646,0.0024,0.2225,0.4019,1.4086,2.808,2.1084,0.3065,-0.7328,0.1647,-0.8331,-1.0468,-0.6407,-0.3204,-0.9319,-0.4135,0.393,-0.1745,0.7089,1.0575,0.0626,-0.4059,-0.6007,-0.5206,-0.3671,-0.5593,-0.6114,-0.1283,-1.1675,-0.2573,-0.4015,-0.7651,0.2419,0.2235,0.3135,-1.1774,-0.7493,0.5005,0.531,0.374,0.317,1.8848,1.338,1.9724,0.9453,0.3737,0.719,-0.5571,0.4199,0.0601,0.3944,-0.3031,-1.5321,-0.9064,0.1427,0.8545,0.0713,-1.0113,0.7553,1.3082,0.6036,0.0367,0.11,-0.5069,-0.3392,-0.2448,0.3254,0.0539,-1.4636,-0.8335,-1.6677,-0.9256,-0.3951,-1.1258,-0.9508,-0.8787,-1.3578,-1.4947,-0.2416,0.3636,-0.4689,0.5106,1.7077,2.5113,2.6071,1.6851,0.7711,-0.043,-0.08,-0.5523,-0.7018,-2.9609,-1.1512,-0.5304,0.9644,1.3397,1.5616,0.9241,0.7874,2.1517,0.8079,1.4242,-0.1948,-0.437,-0.3018,-2.2997,-1.2778,-1.2595,0.0723,0.2585,0.6037,0.5169,1.2768,-0.0089,-0.9672,-0.7308,-0.6225,-0.6574,-0.563,0.024,0.264,0.4283,0.3348,0.5708,0.244,0.8916,0.9076,0.18,-0.0039,-1.4403,-1.0315,-1.0121,-2.0022,-1.5908,-0.7615,-0.6468,-1.7003,0.2081,-0.1166,0.8768,1.2462,0.9046,1.4242,1.0785,2.2117,1.5788,-0.0499,0.394,-0.2136,0.1793,-0.3443,-1.6243,-0.3153,0.8851,2.0277,1.0971,0.7553,-0.1385,-1.4451,0.2908,-1.4256,-2.2097,-0.7971,0.6343
"IC37",1.0568,0.2202,0.285,-0.3734,-1.0386,0.499,-0.0947,-0.0755,-0.0683,-1.2525,-1.6639,0.1011,0.0152,0.7041,0.153,-0.4484,-0.2673,1.1977,0.6088,-1.2684,-1.563,0.3351,-0.6911,-0.7938,0.349,0.5182,0.689,0.6381,1.2064,0.4103,-1.7313,-1.3415,0.145,1.0956,0.7948,-0.203,-0.9272,-0.1536,0.3939,-1.1125,-0.4758,1.1896,1.9109,2.8016,2.1457,1.9058,1.8752,2.362,1.4609,0.2966,-2.2792,-1.5604,-2.8346,-2.6165,-1.3473,0.6322,0.1706,0.4147,-0.3223,-0.8016,-0.1639,-0.6624,-0.2976,-0.8977,-0.1629,-0.9584,-0.8027,-1.0307,-0.5087,0.2325,-0.0327,-0.1759,-0.1235,-0.3012,0.1061,-0.5286,0.4796,0.7156,0.2736,0.4814,1.0074,1.013,0.792,-0.1913,0.2343,0.3201,0.7421,0.8436,0.5773,0.3099,-0.8462,-1.7964,-0.7448,1.4744,1.8395,0.7159,-0.6155,-1.7084,-1.4424,0.0631,0.5735,2.0681,1.1893,-0.8879,-1.2682,-0.0837,1.4033,-0.1565,-0.6972,0.0864,-0.8546,-0.1478,0.565,0.0247,-0.0857,-0.3299,-0.6123,0.4156,0.6771,-0.6444,-0.9486,-0.6198,-0.9207,-1.5668,-0.8666,-0.4008,-0.026,0.3912,0.2241,0.6735,0.7763,-0.6978,-0.3218,-1.3582,0.1368,1.7928,0.5874,0.8087,1.6358,2.14,1.0689,0.8171,0.2061,0.1838,1.3297,0.8051,0.7417,-1.4178,-0.9355,-1.2523,-0.7452,0.227,1.0538,-1.0489,-0.5786,-1.2859,-1.2958,-1.8097,0.2471,0.9934,0.0694,-0.7136,-1.7053,-1.0902,0.063,0.4988,0.6369,0.5319,0.3742,-0.1794,0.039,-0.1406,-2.0824,-1.2884,-0.1735,-0.2103,1.1557,2.0609,0.4007,0.6257,-0.1538,0.7731,0.7138,-0.1297,0.2967,-0.774,-0.3828,1.7067,0.7831,1.1628,1.5061,0.1091,0.131,1.1092,0.8586,-0.691,-0.3054,0.5098,-0.4384,0.1293,-1.0211,-1.5258,-1.3796,-1.3443
"IC38",-1.3795,-1.6781,-0.5987,0.2287,0.7907,-0.373,-0.1216,-0.1572,0.9682,0.6024,1.1185,0.804,0.065,1.1084,0.6493,-0.1663,-0.6204,0.0289,1.1274,0.8381,0.6742,-0.2494,-0.6351,-1.5154,-0.643,-0.0615,0.194,0.7874,0.4426,0.1724,-0.9698,-1.4259,-1.0664,0.3554,0.5327,0.1983,-1.9453,-1.2462,-0.9375,0.179,-0.3513,-1.4931,-1.0411,-0.2906,2.2973,0.0207,-0.2273,1.8893,1.616,2.0328,0.8557,-1.003,-1.0644,-0.6583,-0.1728,0.3805,1.0755,-0.0917,0.3076,0.3135,0.2551,1.2141,0.6048,1.1324,0.5081,0.2658,1.2991,0.561,-1.0536,-1.6652,-0.9544,-1.044,-0.3533,-0.5513,-0.1981,-0.1965,1.2796,1.2926,-0.4309,-0.3218,-0.8322,-0.2893,0.3318,0.7962,-0.4809,0.3731,1.0445,0.1064,-1.0555,-1.5942,-0.1778,-0.599,-1.3789,-1.1078,-0.2467,0.1323,0.6505,-0.0803,-0.7832,-0.7511,-0.5921,0.1433,0.8854,0.1232,-1.0137,-1.0583,-0.1664,1.382,1.0266,1.6288,-0.2318,0.2013,-0.4018,-0.722,0.8529,1.7574,0.9588,-1.1337,-0.417,1.0881,-0.3742,-0.8466,-0.8985,-0.7935,-0.3111,0.5572,0.2586,0.2484,0.3824,1.3558,2.6436,0.6764,0.7726,-0.367,0.0681,1.8467,2.0481,0.835,1.8948,1.2014,-0.9067,-0.3995,-1.485,-1.3133,-1.319,-3.2899,-1.7593,-1.3067,-0.6812,0.0389,0.0392,-0.1683,1.292,-0.0313,-2.103,-0.8021,-1.4078,-2.1553,-2.5486,-1.1275,0.4951,0.0254,0.3419,0.2841,0.6659,1.4616,1.2106,0.2518,-0.3851,-0.1721,1.1869,1.1017,1.1337,0.8519,1.812,0.9765,-0.9277,0.4018,-0.1003,1.2329,0.5965,0.5459,1.7163,0.2124,1.3221,0.8135,-0.5997,0.295,-0.7755,-1.6893,-0.6813,-0.1103,-0.8573,-1.5138,-0.3824,0.5514,-0.0519,-0.7021,-0.7679,-0.9657,-1.268,0.2416,0.7737,1.2015
"IC41",-0.5184,-0.4241,0.7909,0.373,-0.3348,-0.696,-0.0919,0.5282,0.998,-1.0574,-0.5805,-0.1706,1.0155,0.6931,0.1286,-1.4455,-0.9739,0.8566,1.4149,1.3518,-0.3213,-0.9109,-0.8189,-0.1542,-0.5635,-1.114,0.2722,0.1587,0.896,-0.056,-1.463,-0.734,0.6719,-0.126,-0.9112,-0.666,-0.9401,0.6539,-0.005,-0.2278,-0.0877,0.8108,1.7249,2.1103,0.733,0.2311,1.6711,3.3049,2.0087,0.956,-0.9344,-1.4412,-2.0105,-1.8061,-1.127,-0.1478,-0.0766,-0.1756,-0.5695,-0.6913,0.8485,0.9255,0.0483,-0.3084,0.0304,-0.8567,0.3204,-0.0973,0.4061,-0.1377,-0.503,-1.4224,-1.7309,-1.3467,0.1389,1.7112,0.3156,-0.3833,-0.7986,0.2721,0.4663,0.6542,-0.4975,-0.4884,0.5331,0.6972,0.1964,0.9828,-0.0047,-1.2997,-1.1752,-0.8676,-0.4,0.6106,1.5462,1.4754,0.7179,-0.3975,-0.5956,0.4263,1.3398,1.8517,-0.1093,-0.6533,0.0641,0.4663,0.496,0.0578,-0.422,-0.4677,-0.0988,-0.0867,-0.5087,0.201,0.3188,-1.4176,-1.4362,0.8021,1.1473,0.2272,-0.8257,-1.5794,-1.5479,-1.3566,-0.8547,-1.0909,-2.0734,0.0946,1.6962,2.1325,1.6786,0.9178,-0.5433,-0.2542,1.2693,0.3704,0.387,0.2486,1.0962,1.6458,1.8071,1.2606,0.6443,-0.3086,-0.5053,-1.035,-2.0749,-1.5494,0.0361,-0.5174,0.2175,1.3437,0.9068,-0.0993,-0.5752,-2.0188,-1.9568,-1.6391,-1.1275,-0.258,-1.296,-0.851,-0.1051,1.4802,0.9002,1.9047,0.6871,-0.3021,-0.6417,-0.1008,0.7841,-0.3202,-0.7757,0.0781,0.5611,-0.0633,0.9831,1.7221,1.5422,1.7284,0.5269,-0.1183,0.5609,-0.1282,-1.6662,-2.7136,-0.4827,-0.4259,0.1819,0.9042,-0.2382,-0.5733,0.9042,1.0564,0.2631,0.4184,0.4519,0.6072,0.4624,-0.2304,-0.8214,-1.6356,-0.7483,-0.198
"IC42",-0.8905,-1.5637,-1.7928,-0.1215,1.2215,1.4577,0.1213,-0.3035,0.1538,0.1139,0.846,1.1155,1.0979,0.7701,1.0638,0.5297,0.6641,-0.2718,-1.0882,0.1933,0.8296,0.8607,0.1381,-0.6993,-0.9281,-0.7482,0.4729,-0.3614,-1.4639,0.4599,-2.0003,-3.1027,-1.601,0.6597,1.2679,0.8231,0.4289,-0.8908,-0.4521,-0.964,-0.6557,0.7881,0.5507,2.0752,1.3137,0.543,0.0834,0.386,1.3203,0.5685,-0.879,-0.9925,-1.4186,-1.269,-1.7373,0.3179,0.6524,1.4275,0.395,-1.7214,-1.0781,0.2723,1.1835,2.1054,1.7974,1.5928,-0.0752,-0.4615,-0.6187,0.1921,-0.5015,-1.69,-0.6789,-0.8038,-0.6353,-1.0665,-0.6425,0.2151,-0.0972,0.3983,0.4056,0.6593,1.1312,1.3211,0.6276,-0.3508,0.6985,1.5186,0.9049,-0.5439,-1.1301,-0.5013,0.2482,-0.0054,-0.4114,-0.1169,1.0256,-0.1925,0.4425,1.3398,0.2332,-0.554,0.4856,-0.1463,-1.2299,-1.2194,-0.5248,-1.3917,-1.0866,-0.4906,-1.755,-0.5723,-0.3953,-1.939,-1.5097,1.0151,0.5215,-0.7032,0.2985,1.359,0.7607,0.7165,0.9752,-0.0049,-0.2654,0.3534,0.5248,1.5183,0.9988,0.2936,0.8475,-0.9181,-0.1153,-0.7406,0.5511,2.8924,2.0317,0.3083,0.0566,1.5273,-0.425,-0.1765,-1.1347,-1.666,0.0187,-0.6105,1.04,0.0695,-1.4046,-1.3574,-0.4175,-0.2038,0.6583,-1.3338,-0.6954,0.1041,-0.9111,-2.1599,-1.7169,-0.359,1.2616,1.4043,-0.762,-0.0218,0.4158,0.6502,1.8697,0.3545,0.9025,-0.26,0.3837,1.5436,-0.1032,-1.8594,-0.9367,-0.8157,0.3837,2.0508,-0.2529,-0.0198,-0.6685,0.7455,0.993,0.5123,1.4633,-0.8107,-1.532,0.8457,0.5535,-1.4248,-1.706,-0.8055,-0.102,-0.156,0.338,-0.0363,-0.6815,-0.0029,0.4056,0.4351,0.7067,0.6583,-0.173,-0.0436
"IC43",0.2656,-0.0619,-1.04,-0.4276,0.0936,0.7363,0.6969,-0.0755,-0.4338,-0.3623,-0.6477,-0.1418,-0.9036,-0.9796,-0.753,-0.0371,-0.2812,-0.0234,-0.0568,-0.4577,0.1484,0.3959,-0.0097,0.2884,0.8739,0.5635,1.4286,2.0138,1.6669,0.6712,-0.3771,-1.3339,-1.3144,-0.8219,-0.5309,-0.7206,-0.5051,-1.0605,-0.0775,-0.1067,0.1496,0.5764,0.61,0.9728,1.7998,2.4198,2.7623,2.445,2.4219,1.0894,-0.3829,-1.0893,-1.9861,-2.4683,-3.0254,-2.4783,-0.3089,0.1415,0.7978,1.5249,0.3041,-0.4515,-0.3033,-1.153,-0.2704,-0.071,-0.6575,-1.028,-0.6901,0.4732,0.1481,-1.5547,-1.9613,-1.8998,-1.1272,-0.8807,-0.7345,0.6047,0.4652,0.7337,0.4208,1.0843,2.2897,1.7878,1.2052,0.1124,1.1045,1.5621,1.6818,2.1241,1.3487,-0.6383,-1.2941,-0.7043,-0.5923,-0.5976,-0.0669,0.2278,-0.0616,-0.1835,-0.1563,-0.126,0.0288,0.3414,0.0021,-0.5265,0.0992,-0.887,-1.086,0.7691,-0.4991,-0.3816,-0.0702,-1.0016,-1.0573,-0.0062,-0.221,-0.8284,-0.4703,0.636,-0.1333,-1.4832,-0.6457,-0.1834,-0.6807,0.6849,1.5735,0.711,0.7433,0.1255,0.4506,-0.3423,0.2859,0.0306,-0.0822,1.9033,1.2999,0.2297,0.8977,1.2516,0.037,0.3751,-0.2458,-0.6981,0.5988,-0.8147,-0.5566,-0.825,-1.0881,0.2014,0.2621,-0.6447,0.6275,0.6839,-1.2652,-0.7592,0.014,-1.2599,-1.4318,-0.2638,0.1958,0.6983,0.9516,0.2098,0.1315,-0.0153,1.2064,0.2656,-1.238,-1.0235,-0.9306,-0.5365,-0.3312,-1.388,0.2142,0.0813,-0.7879,1.5735,1.3004,0.6322,-0.3641,-1.1538,1.1442,-0.1751,0.5343,1.1171,-0.6886,1.6096,1.9975,0.1049,0.7983,1.4012,0.8429,0.9755,0.7979,0.3761,-0.324,-0.7178,-1.227,-0.6337,-0.5919,-0.5661,-1.5173,-2.1227
"IC44",-1.4283,0.0329,0.8889,1.3421,0.9569,0.6849,-0.4253,0.304,0.6329,0.6467,-0.3027,-0.9203,0.326,-1.5766,-1.7579,0.2526,0.1368,-1.0621,-1.6763,0.1065,-1.8339,-0.5215,1.3301,0.6431,-0.2378,-1.3133,0.8172,0.4618,1.4265,1.6895,0.2005,0.6361,0.9782,-0.6394,-1.1058,-1.6621,-0.2467,-0.7667,0.3143,0.956,-0.0665,0.5357,0.3084,-0.3759,-0.8835,0.0483,0.8372,1.1612,0.9641,1.4318,1.0745,0.4486,0.2024,-0.3032,-0.5595,0.1607,0.1568,0.3722,1.8437,0.2909,0.4634,0.6087,0.3443,-0.6276,-0.8727,-0.9377,-1.7129,-0.2117,0.5371,-0.7684,-0.3951,-1.3323,-1.5364,-1.798,-2.9211,-0.3828,-0.6337,-1.8691,-0.248,-0.6334,-0.13,0.4771,0.4082,-0.7583,0.5141,1.6287,-0.675,0.536,2.4572,2.1244,0.509,2.8079,2.3415,1.0928,-0.0342,-1.468,-0.9426,1.0713,-0.7857,-0.0157,0.5404,0.3165,-0.8429,1.0255,1.4292,1.753,0.5344,-0.2696,0.9004,-0.8753,0.1145,-0.6225,-1.7042,-1.4375,-1.3499,-2.5334,-1.131,0.8093,0.482,-1.9221,-0.2079,1.1218,-1.244,-1.8724,-0.119,-0.0996,0.1697,0.7988,-0.4745,0.5479,0.2333,0.3087,0.7329,0.3422,1.4611,0.8098,0.1577,0.5745,0.3448,-0.5151,1.9359,0.7855,0.6342,0.6263,-0.8569,0.4918,0.1266,-1.3282,-0.9747,-1.4949,-0.2258,0.8859,-0.3612,-1.2046,-1.1345,-0.2641,0.2541,-0.2128,-0.0336,-0.4127,-0.899,0.9415,0.4829,0.2421,1.0965,-0.2404,-0.9768,0.2457,0.7954,1.3305,0.8337,0.2839,0.1341,0.9661,0.3779,-1.8646,-0.5312,-0.9156,-0.3987,-0.4814,-0.07,-1.0727,-1.8292,0.7019,0.3644,-1.4333,1.956,1.2261,0.6486,0.6471,1.0724,1.3511,0.2949,0.8957,-0.88,-1.1657,-0.7118,0.1592,0.3376,-0.3142,0.2084,-0.0874,-1.0306,-0.3823
"IC45",-1.1609,0.7113,-1.0453,-0.7998,1.67,1.6842,0.6687,-0.2464,0.2249,-0.0246,-0.4323,0.9329,-0.3075,-1.5119,-0.3326,0.2507,0.1631,-1.1448,-0.0965,0.455,-0.3872,0.8535,-0.3988,-0.2913,-0.1351,-0.6232,0.1766,0.5902,-0.3779,0.6113,0.4447,-1.6491,-0.2505,-0.1123,-2.2363,0.84,0.822,0.8844,0.5096,0.9803,0.4876,1.7243,-0.6511,-1.5466,1.5332,1.2661,1.968,0.649,0.3184,0.5935,-0.4753,-1.2826,-1.2991,-1.0015,-2.1528,-2.5262,0.9776,1.7383,0.2277,1.0596,-0.3966,-1.2876,-2.0095,0.3208,0.2721,-0.4186,-0.1866,0.2579,0.0088,1.063,0.4207,-2.3412,-1.3246,0.5432,-0.1008,0.068,-0.7652,0.5987,0.9338,-0.4432,-0.2384,0.6035,1.4332,1.628,1.1378,-1.0712,-1.9273,0.3506,2.1124,2.0884,1.1856,-0.7344,-0.6765,-0.0566,0.116,0.2384,1.4666,0.2198,-1.0857,-1.0618,-0.0869,-1.1164,-0.9997,0.5941,0.1365,0.1929,0.1927,-0.3675,-0.8126,1.0002,-0.1822,-1.0472,1.4455,0.3489,-1.1856,-0.0867,-0.4676,0.2228,-1.0785,0.5687,0.5297,-1.1513,0.5572,0.4832,-1.9716,-2.2856,0.3118,-0.0301,0.2625,0.0056,-0.8554,1.2246,-0.6418,1.0494,-0.4126,-0.0786,1.7045,1.6487,-0.2353,0.7635,0.6445,0.1373,0.869,-0.1913,1.6634,-0.0547,-1.5218,0.0309,-0.9229,-0.0943,1.2308,-1.5732,-2.357,0.5163,-1.062,0.2315,1.1458,0.3541,-0.0681,-0.6714,1.447,0.4348,-1.1749,-0.1079,0.9468,0.0082,0.7145,2.6614,1.1267,-0.1276,-0.9371,-1.6813,0.6489,-1.1415,-1.1982,0.6766,-0.9258,-1.7051,-0.2347,-1.2513,0.5214,-0.4026,1.3662,-0.0647,-0.8218,0.8152,-0.6293,-0.7626,1.1994,0.1343,-0.8591,1.5896,1.575,0.3766,-1.3644,-0.0216,0.738,0.2043,0.2039,-0.1459,-0.5386,0.661,-0.3827,-0.4864
"IC46",-0.2162,0.2235,-0.5806,0.5017,0.8471,1.1144,0.6561,-0.0846,0.2313,-1.016,0.0769,0.7398,0.0724,1.0421,-0.2546,-0.3547,-0.6233,-0.2522,-0.3817,-1.2718,0.0354,-0.1045,-0.8612,-0.3504,0.7378,0.5586,-0.701,-0.7393,0.4886,0.8315,-0.4286,-0.7071,-1.4031,-0.8214,-0.4504,-0.4392,0.1528,0.1679,1.0053,0.5439,0.0204,0.0924,0.6529,0.9171,1.591,2.2038,1.1081,1.8532,1.4775,0.4876,-2.6001,-2.4963,-2.2325,-1.2642,-1.4888,-0.9216,0.4631,-0.4652,0.7114,1.5892,-0.4392,-0.1283,1.0521,0.0299,-0.9776,-0.3827,-0.0197,-0.3861,0.065,-1.9839,-1.587,-0.956,0.4975,0.5555,-0.5905,-1.1214,-0.4337,0.4538,0.5227,0.1111,1.1613,2.01,2.1214,0.6186,0.9512,0.4896,0.9037,1.3744,2.5178,1.7763,0.8999,-0.6088,-0.0323,-0.1178,-0.2235,0.0124,0.0693,0.0494,-0.6726,0.0453,-0.0087,0.3782,0.5942,-1.3083,-2.1795,-2.4801,-0.8735,-0.3475,-0.7901,-0.8184,-2.5017,-1.3923,-1.9047,-1.3309,-0.1302,-0.6203,-0.3413,0.3287,1.1137,0.6475,-0.2459,0.0492,0.0533,0.2745,0.532,0.6264,1.1173,1.1995,0.8585,0.222,0.3203,-0.5676,0.3129,0.0715,-0.526,0.6497,0.3157,0.0238,1.3944,1.2957,2.3273,1.8311,-0.3066,0.0881,-0.3135,-0.9663,-0.173,-1.7928,0.6031,1.4232,0.8924,-0.268,0.0042,-1.3317,-0.7191,0.4196,-0.6919,-0.4972,0.1002,0.7341,0.2876,0.3664,0.5844,-0.3633,-0.3091,0.3459,0.4233,0.0684,-1.0045,-1.3572,-1.989,-0.2284,-0.3474,-1.1347,-0.5369,-0.7761,-1.1114,0.1839,0.3173,1.037,-1.0333,-1.1849,-0.4541,-0.5249,-0.222,-1.4521,-1.0966,0.5403,1,0.8932,1.6526,1.3868,1.2694,2.0965,2.0056,1.4564,0.7586,-0.6367,0.2061,0.4356,0.0398,-1.0305,-1.7559,-1.4924
"IC47",1.4343,-1.1043,-1.0757,-0.6381,0.8724,-0.9277,0.6282,0.1969,0.0327,-0.2406,-0.5915,-0.189,2.0943,0.0529,-0.1016,-0.1642,-0.6079,-0.9072,0.721,0.0467,-0.839,-0.7914,-0.1862,2.4341,0.4909,0.2019,1.1001,-0.9738,0.4968,-0.4138,-1.3555,-1.4392,-0.6776,-0.5256,-0.1799,0.5476,-1.5781,-1.0151,-0.5626,-0.1146,1.0636,0.9965,0.6694,0.7005,0.7965,-0.4268,0.178,4.0904,0.7477,1.4223,1.3109,-1.5015,-1.6127,-0.7029,0.6941,1.1876,1.216,0.3021,-0.7418,0.9517,0.0456,-0.823,-0.2417,0.0478,-0.5344,-1.0961,-0.7481,0.4004,-0.1102,-1.0418,-0.5776,-1.3781,-2.4388,-2.1886,0.4095,1.1052,0.3638,-0.3952,-1.2746,0.5932,-0.153,-0.0243,0.3788,-0.3144,0.9664,0.5816,0.4527,1.1419,0.8637,0.0807,0.3486,0.094,-0.1093,0.2116,0.8393,0.0563,0.1128,0.006,-0.3243,0.1657,1.3186,0.593,-0.2473,-0.4332,0.5912,0.868,0.0375,-0.3048,0.7438,-0.2709,-0.6108,-0.9066,-0.9016,-1.378,-1.5037,-0.3964,-1.6276,-0.5712,-0.9591,-0.5508,-0.3038,-0.9334,0.8492,1.3748,-0.3524,0.2288,-0.405,1.5896,2.3039,1.4951,-0.0789,0.0022,-0.7581,0.4649,2.1078,2.7929,1.3049,0.1406,0.1691,0.8005,1.7717,0.7382,-0.1846,-0.9176,-1.4467,-1.5137,-1.7828,-0.0294,-2.197,-1.7847,-0.357,0.1624,-0.5056,-0.2696,-0.9877,-2.6506,-2.1284,-0.8025,-0.6822,0.1452,-0.2599,0.0782,1.9717,2.1378,0.1803,0.1023,0.6522,0.9643,0.1071,0.4629,0.9822,-0.254,-0.6887,-0.0381,1.0081,1.6064,1.2377,0.6106,0.31,-0.3698,-0.136,-1.066,1.0068,0.7489,-0.5268,0.2834,-0.9408,-0.7095,0.1911,0.3816,-0.2113,-1.5375,0.0861,1.2092,0.7282,0.7494,-0.7035,0.4859,0.2819,-0.8869,0.1755,-1.2719,-1.0786,0.0953
"IC48",-0.4331,0.1857,-0.0085,0.3138,0.1829,0.8614,1.11,0.9451,0.4757,-0.4036,-1.2534,-0.9975,-0.4751,1.2991,1.379,1.1552,0.0382,-0.2572,-0.2582,-0.9156,-1.879,-0.5756,-0.7418,-1.4207,-0.4338,0.0928,0.0613,0.1828,0.339,-0.1324,-0.7036,-2.0473,-1.8997,0.0745,1.2941,0.5269,-0.8925,-1.4874,-0.2772,-0.5919,-1.3337,-0.1119,1.3148,1.9893,2.703,3.1007,2.3382,2.7493,2.4142,1.3001,0.1172,-0.6499,-2.3856,-2.6514,-1.3147,0.6579,0.1724,-0.0094,0.0578,-0.3199,0.1867,-0.3575,-1.148,-1.8957,-0.5,0.28,0.1762,0.1245,0.2502,0.4362,1.1521,0.3883,-0.5234,-1.7751,-2.013,-1.2449,0.4113,0.5404,0.0889,0.1244,-0.2987,0.9709,1.5441,0.7019,0.5822,-0.0623,1.2463,1.5037,0.4774,0.0803,0.3955,-0.672,-1.0701,-0.2024,-0.2936,-0.2048,0.0647,-1.0278,-1.3016,-0.0759,0.6291,0.6989,0.6726,0.0253,-1.6119,-2.0829,-0.4709,-0.4616,0.2323,1.1061,-0.1425,0.539,0.6444,-0.8934,-2.0087,-0.9963,-0.7523,-1.1258,-0.171,0.9967,0.7288,-0.0639,0.0628,-0.0501,0.572,1.876,1.3193,-0.059,0.3219,0.6624,1.8325,0.6175,0.3766,-0.1325,-0.4675,0.7689,0.3929,0.7624,1.1576,0.4199,0.4497,0.9593,0.5281,-0.4167,-0.4827,-0.557,0.4527,-0.7905,-0.5787,-0.9618,-1.0668,-1.7793,0.2672,-0.744,0.1401,0.8589,-0.2547,-2.1311,-2.8037,-1.3946,0.144,0.5914,0.3395,0.049,-0.4753,-0.1125,0.6927,-0.4161,-0.4828,0.113,0.0088,-0.2228,-0.4936,-0.1937,0.6978,0.5364,0.1517,1.4287,1.2415,0.956,-0.614,-1.5112,0.1926,1.0921,1.2062,0.1336,0.2183,0.6876,0.851,0.2302,-0.5539,-0.5716,-0.3251,0.3167,0.9683,0.2032,0.8014,1.4651,-0.1405,-1.1577,-1.0565,-0.9607,-0.8301,-0.4487
"IC49",-0.4447,-0.4328,-0.7686,0.4611,0.9185,0.5364,0.4763,0.3598,-0.5562,-0.9669,-1.058,0.3542,-0.1811,-1.248,-0.2503,0.1155,0.5401,0.7554,0.4596,0.1822,0.6352,-0.5616,-0.1051,0.8691,0.1997,0.0346,0.8922,1.5508,0.6473,0.5689,-0.74,-0.8638,-1.5963,-1.5264,-1.0219,-0.772,-0.6816,-0.3352,-0.3561,-1.177,1.1312,1.0323,0.3808,0.3196,0.3159,0.0469,-0.0868,1.8876,2.4974,2.3704,0.1034,-1.8158,-2.2494,-2.3063,-0.956,-0.2152,-0.1626,1.7494,1.6803,1.0512,1.3152,0.0647,-0.4071,0.3466,0.6088,-0.3615,-0.7093,0.3492,0.8554,0.6916,-0.0611,-2.5096,-2.8008,-2.5923,-0.773,-0.1046,-0.7285,-0.4727,-0.0983,0.3771,0.7555,0.5089,0.7198,1.6441,0.8069,-0.0483,0.4378,2.1288,2.2841,1.415,0.661,-0.0998,-1.0901,-0.85,-0.6362,0.4687,-0.4705,-0.6822,-0.3673,-0.6309,0.6002,0.1868,-0.0166,0.3767,-0.5959,-0.8201,-1.5761,-0.4578,0.5887,-0.5412,-0.4212,-1.0135,-1.0988,-0.3231,-1.0637,-1.4154,-0.9057,0.7196,0.0836,-0.373,-0.0076,-0.9325,0.2441,0.3637,-0.1304,0.8946,1.3654,1.397,1.61,2.1224,0.4331,-0.3263,0.0865,0.7325,1.2333,1.3034,1.303,1.5884,0.8318,1.8531,1.2178,0.1079,-1.4024,-0.3008,-0.1773,-0.9249,-1.015,-1.7928,-1.4469,-0.6993,-0.2515,-1.2404,-1.6246,-1.1825,0.3398,-0.5635,-1.199,-1.3884,-1.6977,-1.1797,0.075,0.8155,0.4196,1.4916,1.1553,0.2458,0.2267,-0.9218,0.1439,-0.3166,-0.0814,0.1242,0.2303,-0.1519,-0.738,-0.6838,0.9974,2.5554,0.9754,-0.4393,-0.8201,-0.4804,0.5677,0.6762,0.8015,0.3299,0.5858,1.475,1.0186,0.7082,0.1434,-0.2762,0.9211,0.9458,0.2081,-0.5101,-1.1801,-1.0409,-0.2213,-0.3831,-1.4009,-0.4611,0.2905,-1.1312
"IC50",-1.9497,-1.8039,-0.4987,-0.1435,0.509,0.8107,-0.6705,-0.5136,0.2772,0.6194,1.4644,0.4778,0.7345,0.9675,0.551,0.0863,0.322,0.581,0.3858,0.9743,0.8612,0.1017,-0.7087,-1.7006,-0.7348,0.2499,-0.1592,-0.4319,-1.1766,-1.0215,-0.6665,-0.2776,0.9111,1.3654,1.1377,-0.009,-0.1272,-0.3976,-0.7146,-0.2103,-0.3637,-0.2392,-0.4796,0.0401,-0.2425,-0.208,0.4605,-0.2398,-0.6362,-0.1806,-0.3152,-0.3569,-0.034,0.7921,0.7576,1.1796,1.1099,-0.0513,-0.4196,-0.976,-0.9553,0.5645,0.7937,0.4467,0.2246,1.1724,1.6076,2.1303,2.2235,0.2824,-0.6685,-0.6291,-0.7515,-0.6268,-0.8623,-1.0867,0.1354,-0.8135,-1.8247,-0.5814,-0.4838,-1.0471,-0.2487,0.1376,0.2252,0.7503,1.6791,1.0324,-0.7312,-1.7472,-0.7718,0.8543,0.5961,-0.1146,0.0744,-0.4167,-0.2287,-1.2065,-0.8116,-0.1423,-0.6946,0.1413,0.2494,-0.3573,-0.56,0.3524,0.7677,0.2994,0.6758,-0.5706,0.2108,0.8965,-0.5587,-0.947,0.7765,0.2997,-0.5903,-1.3199,-0.4672,-0.1793,0.3762,0.0348,-0.4949,-0.0184,0.9889,1.6671,1.2923,1.3522,1.0201,1.8868,2.3051,1.2445,1.5779,0.9127,0.5894,1.0565,0.664,0.2537,-0.4783,-0.6453,-0.993,-1.268,-1.627,-1.2209,-1.609,-2.0908,-1.1414,-0.6455,-0.8675,-1.7551,-1.5655,-0.0367,-0.0103,-1.6357,-0.7987,0.5587,-0.9976,-2.1756,-1.8393,-1.1013,-0.8414,-0.9069,-1.0521,0.1521,1.9425,2.7954,1.8752,1.9964,2.0001,0.9594,1.03,1.2414,0.8881,1.3965,1.0174,1.4529,1.2889,0.3257,-0.4523,-0.2334,-0.3954,1.0941,0.9563,0.8226,1.1339,0.6195,-0.2828,-1.2049,-0.8159,-0.528,-0.9968,-1.4732,-1.7757,-1.7504,-1.4382,-0.2713,-0.4661,-0.3121,-0.2374,-0.6952,-0.1388,-0.1144,0.4381,2.5172
"IC51",1.4703,0.4384,-0.2015,0.2643,0.9634,0.4875,0.2865,0.6155,-0.6368,-0.8094,-0.1925,-1.543,-1.6295,-0.1729,0.2367,0.3975,-1.8551,-0.7596,0.4569,-0.8555,0.4139,0.2796,0.2786,0.6148,-0.7277,-0.0602,-0.6405,0.3778,0.8522,1.21,1.2216,0.3867,-0.9531,-2.1831,-1.2905,-0.4887,0.541,0.6418,1.2324,-0.0548,-0.5624,0.6381,1.6598,0.9128,0.6794,0.1054,0.0798,0.0854,0.2585,2.0417,2.0131,0.3355,-0.3838,-1.1437,-1.9131,-1.9167,-0.4106,-0.8441,-0.0011,1.2793,-0.8383,-0.6193,0.3719,-0.4547,0.5121,0.2201,-1.5689,-2.3621,-0.8293,0.6053,0.175,-0.0681,-2.2558,-0.3405,1.1149,-0.3761,-1.0824,0.2928,1.7804,1.0012,1.3961,0.3531,1.5801,1.8232,0.46,-0.5588,-0.9517,0.5434,1.0264,1.7599,0.8459,-0.2337,-0.6432,-0.1921,-0.6915,-0.4384,-1.6495,0.2582,-0.7665,-1.9596,0.9315,2.1552,1.0086,0.0739,0.0073,-0.7862,-0.9667,-0.3485,-0.8662,0.6235,1.2127,0.1453,0.2883,0.1681,-0.7841,-2.1893,-1.7881,-1.37,-0.6467,-0.0369,-0.0748,-1.3851,-0.9946,0.1745,0.3504,0.8719,2.212,1.3453,0.4013,0.7336,-0.1721,0.547,1.0058,0.3156,-0.2304,0.202,-0.4386,0.1323,0.3711,1.3832,1.1316,0.9526,-1.1213,0.2705,1.2345,0.93,-0.7799,-1.1498,-1.7158,-1.9129,-1.5479,-0.5468,-1.1451,-0.3367,-0.0002,0.9308,1.1661,0.3854,1.0454,1.0615,0.512,-0.9684,-0.9057,0.4377,1.3849,-0.0985,-0.0732,0.2292,0.2706,-1.0296,0.1338,1.56,0.1038,-1.1525,-0.5093,-0.328,-0.8306,0.485,-0.7513,-0.64,-1.4544,-1.5834,-0.6622,-1.0238,-0.2679,-0.4352,0.0004,1.5435,-0.0036,0.8314,1.1237,1.1539,0.7372,1.6269,2.5322,-0.3246,-0.3943,0.6047,-0.0076,0.1054,-0.0037,0.4184,-0.8489,-2.6978
"IC54",-0.6378,-1.255,0.6396,1.7943,0.3409,-1.1533,-0.9464,-0.0729,0.2979,-0.4898,-0.8405,-0.3516,1.1177,0.503,0.2755,-0.2084,0.7044,0.4281,-0.3795,0.8307,1.1424,0.3735,-0.3938,-0.5155,-0.2092,0.6819,0.1593,0.693,-0.7446,-0.792,-0.5836,-1.0674,-0.8254,0.8049,0.2474,-0.5509,-1.9184,-1.3079,-0.8342,0.1792,0.0202,0.061,-0.2497,0.7,0.3936,0.2605,1.1698,1.8261,1.5109,0.5628,0.6778,-0.6963,-0.6797,0.3911,0.9939,1.6018,1.884,-0.3617,-0.7733,-1.8461,-0.3443,0.3036,0.4436,0.7825,-0.8314,-0.7526,0.6593,0.8696,0.0584,-0.4337,-0.679,-1.1414,-0.3384,-0.4943,0.0659,1.3117,0.7776,-0.5839,-1.374,-0.2454,-0.7972,-0.6353,-0.5869,-0.5306,-0.7428,0.7479,0.6068,-0.9615,-1.1392,-1.6638,-1.4423,0.2234,0.3748,0.3048,1.15,-0.0822,-0.4703,-0.9557,0.1506,0.2288,0.3138,0.9613,0.7756,1.0536,1.6622,1.9944,1.2135,1.0833,1.7736,0.4871,0.8652,-0.2225,-1.2224,-0.2981,0.6942,0.3211,-1.1594,-2.4634,-1.4243,-0.3874,0.2398,0.218,-1.0309,0.4844,0.1456,-0.4029,-0.7158,-0.66,0.4474,0.9897,0.7261,0.2231,-0.6631,-0.7462,0.0598,1.4539,0.7504,1.265,0.712,-1.0517,-0.4199,-0.0464,0.7462,-0.0999,-1.691,-1.8257,-2.5333,-1.1184,-0.2569,-0.0428,1.5557,1.1183,1.137,0.8072,0.1495,-0.1082,-1.9797,-1.4756,-2.0466,-1.4031,-0.5525,0.0573,1.5321,1.5652,1.3768,1.9433,1.7189,0.3166,0.3316,0.641,-0.1595,-0.9527,-1.4089,0.3484,-0.1226,-1.7514,-0.9221,-0.856,0.9354,1.972,2.2221,1.9311,0.6149,1.7401,1.0593,-0.0707,-0.5417,-1.2222,-0.2518,-0.3818,-1.2117,-1.3519,-1.6218,-1.311,-0.5117,0.3779,0.9175,0.8381,-0.0396,-0.6897,-0.9014,-1.5363,0.1369,2.4444
"IC56",-0.2836,0.0555,0.9554,2.6852,0.1234,-0.5857,0.1805,-0.3429,0.7061,0.4108,-1.795,-1.1885,0.2723,-0.2067,-1.0968,-1.7212,-1.6975,1.0019,1.395,0.6755,-0.5805,0.7542,0.7463,0.4828,-0.1358,-0.0693,-0.2735,0.0068,0.461,-0.1518,-1.249,-0.1207,1.2707,-0.7379,-0.6704,-0.2886,-2.007,-1.0004,0.1915,0.215,-0.6885,0.5942,1.2112,0.2727,-0.1717,-0.675,-0.6048,2.6595,2.2922,0.7123,-1.5695,-1.2007,-0.0864,0.2809,1.3434,1.2234,1.0065,0.6301,0.2567,0.0457,0.505,1.242,-0.5141,-1.4893,-0.1784,-1.8569,-1.2272,-1.0883,0.3131,-0.1325,-0.3188,0.7792,0.049,-0.0957,-1.2249,1.0277,1.4675,-0.8739,-0.5504,-1.9571,-0.0887,0.2646,0.8812,-0.4017,-0.9636,0.8652,-0.0303,0.2907,0.8922,0.8686,-0.5685,-0.3141,0.0966,0.8062,0.4159,0.0911,0.1417,-0.4538,-2.2523,-1.595,0.3819,1.0792,-0.1923,0.1278,-0.2454,1.7698,1.3139,0.9811,0.2371,-0.4807,0.5295,0.8293,1.195,-0.04,0.5609,-1.4396,-1.3747,0.1997,0.3616,-0.5701,-0.8778,0.019,-2.137,-3.5825,0.4387,-0.7851,-0.0757,-0.3636,-0.3791,1.9902,0.1131,1.1251,0.8066,-0.2444,1.7548,0.8641,0.9333,-0.1142,0.5283,-0.6013,0.0694,0.8697,-0.2818,1.0272,-0.4999,-0.5823,-0.9013,-2.599,1.3984,0.5184,-0.8242,1.4372,1.4843,0.9647,-0.9942,-0.4379,-1.0408,-1.4484,1.2779,0.2742,0.2638,-0.6902,-0.5864,-0.2014,0.7629,1.1567,-0.6005,-1.4536,-1.1122,-0.1613,0.4479,-0.9401,0.056,0.4603,-0.4282,-0.8978,0.7931,1.0348,0.3213,-0.332,-1.5259,0.2766,0.662,0.5309,-0.2363,-2.8479,0.537,1.5753,0.1363,1.7593,1.6578,1.2215,-0.5022,0.3628,0.0968,-1.7891,-0.8264,-0.2849,-0.5274,0.3569,0.5625,0.4393,-0.898,0.2805
"IC58",0.2805,-0.0252,-0.8053,-0.3598,-0.1495,1.2376,1.0876,0.7236,-0.5209,-0.4184,-0.9319,0.3427,0.7767,0.3777,-0.3255,-0.21,-0.2214,0.6048,-0.1216,-0.9999,-0.3654,0.1479,-0.0847,-0.8163,-0.8463,-0.104,1.574,1.3141,1.0079,0.5993,-0.6388,-2.3266,-2.0636,-0.7174,0.0245,-0.1834,0.4476,-0.3719,-0.2275,0.2011,-0.5945,0.0757,1.074,1.2249,1.0513,2.2374,1.626,1.2707,0.2661,-0.2396,-0.5089,-1.098,-3.4035,-3.3176,-1.6904,-1.2864,0.7179,2.0945,2.417,1.5312,1.7324,0.0429,-0.329,-0.6445,-0.0933,0.6439,0.4115,-0.564,0.6036,-0.2009,0.8378,-0.6078,-2.476,-1.6102,-1.3113,0.2485,0.4578,-0.207,1.1163,0.64,-0.064,0.5019,0.4786,0.6104,0.6157,-0.1548,-0.2276,-0.2611,0.9464,1.682,0.3134,-0.9756,-1.2807,0.0328,-0.0751,-0.1956,-0.8088,-0.8084,-1.3521,-0.2263,1.5171,1.6459,1.0166,0.4063,-0.4253,-0.3956,0.3128,0.3457,1.0682,0.173,-0.2095,-1.064,-2.009,-1.9759,-1.4197,-0.869,-0.193,0.3315,0.7396,-0.159,0.3075,-0.4645,-1.7602,-1.0057,0.639,0.1125,-0.0773,0.9155,0.699,1.852,1.4398,0.4313,-0.395,-0.8597,-0.2832,1.8022,2.4068,2.1272,1.6571,1.09,0.3327,-0.3409,-0.6235,-1.8776,-0.8827,-0.129,0.3016,-0.7586,-1.0041,-1.8496,0.204,1.2169,0.94,0.747,-0.7424,-1.4422,-1.1977,-1.116,-0.8772,-0.8339,-0.6854,0.1967,0.058,0.1763,1.0701,1.537,0.5158,-0.125,-0.9385,-0.3847,-0.758,-0.3708,0.8881,-0.0726,-1.0712,-0.2673,-0.2033,0.976,1.7825,-0.2365,-0.8031,-0.7817,0.0758,0.7922,0.7025,-0.2955,-0.5253,-0.074,1.2154,0.8904,-0.2522,-0.6558,0.0791,1.1645,0.3404,0.6838,0.3275,0.1747,-0.1003,0.0398,-0.2637,-0.4538,-1.0778,-0.63
"IC60",-0.3988,-0.3253,-0.2415,-0.023,0.0854,-0.5482,0.7467,0.8452,1.1659,-0.1289,-1.2175,-0.5639,0.562,-0.1819,-0.689,-0.2502,0.6314,0.4246,0.7375,0.0973,-1.2691,-1.4338,-1.0058,0.5075,0.3602,1.2563,0.8651,-0.5753,0.6275,-0.3318,-1.239,-1.361,-1.0983,0.1572,0.4815,0.4604,-0.75,-0.9125,-0.2411,0.4065,1.3224,1.4224,0.9521,1.2513,0.6843,1.8831,2.3749,3.313,1.2837,0.0311,-0.7413,-2.743,-2.7443,-2.2586,-0.4436,0.2419,-0.132,-0.3848,0.2658,-0.2691,0.0547,-0.7116,-1.489,-1.7827,0.4397,0.5312,1.5315,1.5618,0.7808,-0.2185,-0.1389,-0.9218,-2.2792,-2.865,-1.553,1.2754,1.6015,0.4007,-1.3522,-0.0601,-0.0039,0.9301,0.5943,-0.2962,0.2326,0.6882,0.8769,1.128,1.242,0.4948,0.336,0.6657,-0.5079,-0.9716,-0.2961,-0.169,-0.0975,-0.0124,0.3557,0.6519,2.1016,1.799,-0.7385,-1.795,-1.3754,-0.2912,0.3074,0.579,0.8894,-0.7016,0.03,-0.8991,-1.1476,-0.2449,-0.824,-1.3261,-1.7631,0.4021,0.2477,0.4609,0.6517,-1.8567,-1.5786,0.3869,0.7935,-0.0021,-0.2243,0.6967,2.1664,2.3672,0.8307,0.7583,-0.609,-0.0669,1.2284,1.0584,0.2395,0.2633,-0.5632,-0.7164,0.6574,0.2197,0.2179,-0.8364,-1.9084,-0.9228,-0.9357,0.327,0.056,-1.0269,-0.389,1.3284,0.9233,0.6276,0.4852,-1.114,-1.1976,-1.7053,-1.4854,-0.8991,-0.9567,0.517,0.577,1.285,0.9661,1.1926,0.8965,0.1753,-0.1565,-0.4365,0.2404,-0.1716,-0.9304,-0.4415,-0.6718,0.0192,1.389,0.623,1.0941,0.4012,0.0174,-1.4736,0.4165,1.6644,-0.3382,-0.5139,-0.2704,-0.4094,0.7998,0.993,0.2238,-0.5622,0.0305,0.4199,-0.006,0.1063,-0.4315,0.3784,0.5353,-0.7472,-0.3619,-0.5395,-0.2075,-0.8802
"IC62",0.0401,-0.3836,-0.7049,-1.8875,-1.1412,0.0699,1.9639,2.0069,0.911,0.7346,1.091,1.0235,1.0605,0.6837,0.0608,-0.1781,-0.1021,0.2931,0.2336,-1.4562,-2.0718,-0.6436,-0.5867,-1.2387,-0.3926,0.7111,-0.1551,-0.8886,0.6548,1.1219,0.921,-0.7317,-1.5136,0.1532,0.7542,0.4715,-1.3998,-1.2129,-0.5093,-0.5369,-2.1179,-1.1871,0.0648,-0.1416,1.6755,2.5307,3.0939,2.431,1.0199,0.7034,0.1561,-0.6743,-1.3428,-1.5175,-0.7399,-0.7894,-0.78,-1.0119,-0.0212,-0.5638,-1.3817,-0.7043,0.219,0.2865,-0.1331,0.4341,1.9248,1.3507,0.1421,-1.5517,-0.5221,1.0001,1.6722,0.7408,-0.6249,-1.3331,-0.3196,-0.0967,-0.8894,0.164,0.8345,1.1939,1.0335,-0.1382,-0.0469,0.4914,-0.2105,-0.7595,-0.6053,-0.5187,-0.0078,0.7157,1.3246,0.4378,-0.6704,-0.4483,0.6185,-0.2518,-0.684,0.4495,1.9751,1.465,0.7176,-0.2572,-1.3687,-1.0745,0.4692,0.1743,-0.4424,-0.2271,-1.8111,-1.3871,-1.0438,-1.7337,-0.6708,0.3845,0.1702,0.1649,0.4412,0.2709,0.3309,0.0899,0.2999,0.2014,0.3113,0.683,0.4479,0.0599,0.2192,-0.4184,0.4242,-1.1497,-1.5388,-2.1234,-0.9911,0.9187,0.7924,1.0234,1.6222,1.2943,0.3719,-0.0014,-0.5472,-1.0527,-1.9694,-0.8543,1.5874,1.6799,1.7548,1.8212,1.045,1.4486,2.104,-0.5757,-0.0499,-0.7302,-1.0005,-1.2608,-1.0467,-0.5989,-0.602,-0.1979,0.7264,-0.258,-0.8871,-1.4281,-0.9312,0.8648,1.4852,1.3138,0.3815,0.2727,-0.677,-0.6221,-0.1941,-0.0144,-0.646,-0.6735,-0.8276,0.5096,-0.8393,-1.9187,-0.3408,0.2985,0.7312,0.7436,0.1615,-0.0753,-0.2594,-0.0847,-0.4778,-0.953,-0.905,-0.229,0.1936,0.9654,1.5856,1.5538,0.3315,-0.4975,-0.282,-0.4872,-0.1341,1.3362
"IC63",0.2803,0.6407,0.2064,-0.3001,-0.4241,0.6181,1.7195,0.7191,-0.2459,-1.0411,-2.0674,-1.1013,-0.2454,-1.207,-1.5981,0.1506,0.9268,0.8632,-0.07,-1.0168,0.2269,1.1974,0.5491,0.8631,1.1969,0.3785,-0.4708,0.4506,0.424,0.2671,-0.4192,-1.3969,-2.2901,-1.1741,-0.5548,-0.7713,-0.7346,-0.0347,0.7663,0.0051,1.0728,1.8798,1.186,1.0973,0.938,1.1424,1.5846,2.4339,1.1289,0.6913,0.0413,-0.5921,-1.3029,-1.5605,-0.3543,0.075,-0.5594,-0.177,0.8247,0.3253,0.4006,-0.4614,-1.519,-2.0129,-1.2079,-0.8578,-0.9347,-1.0394,-0.996,-0.5357,-0.6462,-0.9038,-1.0114,-1.5114,-1.0421,-0.394,-0.9967,-0.8554,-0.3108,0.517,1.2753,2.3736,2.0901,1.4519,0.8682,0.9262,0.567,0.9698,2.2273,2.1344,1.6338,0.2586,-0.4258,-0.2505,-0.1388,0.596,0.5318,-0.4062,0.0628,0.4502,1.3142,1.2425,0.5472,-0.5526,-1.012,-1.1669,-1.0772,-0.8127,-0.9406,-0.5298,-1.8192,-1.7893,-0.642,-0.6527,-1.0719,-0.7249,-1.276,-0.6609,0.0851,0.6078,0.2951,0.6153,1.2698,1.4489,0.025,0.1022,0.6317,0.2588,0.2298,-0.7519,-0.6285,-1.6844,-1.1001,-0.3516,0.2808,0.7462,0.6566,0.1767,1.0067,0.8327,0.5109,1.4532,0.8077,0.0705,-0.102,-0.5059,-0.3663,-0.8099,-0.4336,-0.2503,-0.016,-0.1983,0.4023,-0.3487,-0.3187,0.3274,0.0463,-0.5215,0.3375,0.7859,0.8601,1.1102,1.3937,0.6717,0.3722,1.4421,1.9137,-0.0353,-0.5719,-1.5576,-0.9913,-0.3687,-1.5953,-2.4685,-1.7137,-1.675,-1.1879,0.6284,0.1409,0.2249,-0.3515,-0.6628,0.2585,-0.3604,-0.2405,-0.7003,-0.7406,1.0996,2.116,1.4948,0.7632,-0.0743,0.2021,1.7794,2.6948,0.5635,-0.4547,-0.321,-0.8231,-0.1376,-0.3111,-0.8372,-0.7382,-0.8477
"IC64",1.5359,1.0234,-0.2483,-2.207,-0.8906,-0.4092,0.8298,0.9786,0.8658,-0.0026,-0.5397,-1.1979,-0.407,0.0225,-0.0159,0.3334,-0.1118,-1.4433,0.2226,0.2348,0.8605,-0.133,-0.8704,-0.5446,0.1536,-0.8016,0.163,1.1863,0.8508,1.0209,1.0922,0.4113,-0.8405,-0.8394,-1.4292,-0.7216,-0.1845,0.6769,0.0299,0.1523,-1.831,-0.7117,0.0297,-0.6706,0.5455,0.2599,0.3166,1.6176,1.6337,2.2017,4.0079,1.0711,-0.4785,-1.5576,-2.5619,-1.0876,-1.4837,-0.1921,0.0532,1.5574,0.5025,0.4363,0.9178,0.5728,-1.0678,0.4361,0.9836,0.2155,-1.1157,-0.28,-0.0794,0.7484,0.0777,-2.7417,-1.9756,-1.6972,-1.4063,-0.6924,-1.2245,0.0508,-0.0995,-0.5119,-0.3018,1.5626,0.8225,-0.2824,0.3187,0.2814,-0.0337,0.7806,3.1244,1.8666,0.396,-1.0166,-0.2411,-0.7246,1.079,0.3911,0.2318,-0.2419,-0.0171,0.482,0.7836,0.4733,0.1421,-0.968,-1.1309,-0.2731,0.4332,1.2909,0.5867,0.6627,-0.9421,-1.3902,-0.6795,-0.1512,-1.1492,-1.3162,-0.4072,0.4233,0.5249,-0.172,-0.7578,-0.5604,-1.6098,0.1642,0.2665,0.202,1.0146,0.5863,1.1445,0.907,-0.3026,-0.5343,-1.9127,-0.1702,0.6536,1.9192,1.6243,0.5472,1.2879,0.7485,0.6759,0.0285,0.0881,-0.9881,-1.2447,1.0877,-0.2781,0.6703,-0.2592,-1.4614,-1.6615,0.02,-0.7666,-0.0252,-0.0214,-0.372,-1.6672,-1.5932,-1.2257,-0.8313,0.1496,-0.4977,0.6062,1.0183,1.7336,1.7683,0.7902,-0.2995,0.0314,0.0321,1.1652,0.6067,0.001,0.3676,-0.1294,-0.6147,0.2096,-0.034,0.1039,-1.149,-0.9689,-0.9102,-0.2423,2.2121,-0.5268,-0.6392,1.1328,0.3879,-0.1372,-0.1936,-1.0442,0.4714,1.1324,1.3193,0.245,0.3941,-0.1375,-0.287,1.0093,-0.0923,-1.1834,-1.9883
"IC65",0.4189,0.3966,-0.7782,-1.2769,0.4956,0.2452,0.917,0.3716,-0.2506,-1.3082,0.0209,0.5229,0.9443,0.7771,-0.3951,-0.1245,0.0322,-1.6158,-0.4859,-0.2827,0.9471,0.0817,-0.9493,0.102,0.5653,0.6494,0.3764,0.405,-0.3252,-0.9831,-0.0594,-1.8737,-0.7768,0.1861,-1.5992,-0.904,0.1967,1.4384,-0.0304,-0.1506,1.6989,1.027,-0.3173,0.7097,1.0272,0.2475,2.3095,3.2233,0.5327,0.8611,0.1549,-1.6562,-1.3364,-0.3101,0.1183,-1.5251,-0.8932,-0.1481,-1.6852,-0.1124,0.9016,0.2061,-0.7891,0.2528,-1.7293,0.8705,0.9139,0.5159,0.8739,0.0827,-0.979,-1.4828,-2.5744,-1.66,-0.0041,0.2223,-0.7648,-1.2262,-0.5913,1.5283,0.3248,1.2202,0.3056,0.0492,1.1702,0.626,0.5258,1.3714,0.5959,-0.7169,1.5818,1.2301,0.8761,0.0685,0.9944,1.2907,-0.6466,-1.2278,0.7537,1.0577,1.2184,0.032,-0.1003,-2.0621,-0.9976,-0.9725,-0.4911,0.0395,0.2655,-0.7394,-0.1177,-0.712,-2.1814,-1.2438,-1.9529,-1.6631,-0.6239,-1.0764,-1.2098,-0.0569,0.2357,-0.5871,-0.0045,1.1116,1.0667,1.362,1.5235,1.7741,1.2204,1.2166,0.6357,-0.5028,-0.654,0.9862,2.3279,0.5011,0.1286,2.9898,0.6585,0.2908,0.509,-0.4477,-0.8997,-1.0478,-1.6101,-0.2007,0.1465,-0.3842,-0.5388,0.0904,-0.6459,-0.8826,-1.5552,-1.6852,-0.9204,-0.6198,-1.0882,0.8357,0.559,0.5768,-0.9247,-0.8545,1.3727,0.4997,0.1939,0.3207,-0.0254,1.0902,0.8737,0.1627,-0.7763,-0.4198,0.4171,0.5006,-0.7402,0.1196,0.6843,-0.5742,-0.767,-0.2509,-1.3906,-0.3992,-0.178,0.7365,1.193,1.8499,0.8577,-0.4828,-1.0166,0.1637,-0.1433,-0.8295,0.8623,0.7254,0.6935,0.9825,1.8199,-0.3099,-0.0245,0.4387,0.4066,-1.1711,-1.6903,-1.6877
"IC66",-0.2097,-1.2746,-1.1036,-1.1138,0.892,2.6609,1.1123,0.6543,-0.8561,-0.5702,-0.4607,0.3989,0.5402,-0.532,-0.4349,0.0998,0.5429,0.5996,0.1233,0.3374,0.521,0.5775,-0.6381,-1.7174,-0.9172,-0.7443,0.0013,0.688,-0.6973,-0.6024,-0.6518,-1.2077,-1.1831,0.3033,0.109,-0.0323,1.1799,-0.0604,0.7711,0.0532,1.4673,1.2284,0.0276,0.4379,0.4249,0.8323,2.8863,2.8817,1.6816,-0.9835,-1.783,-1.4902,-0.6244,-0.939,-0.4956,-0.6787,-1.0899,0.4913,1.6091,-0.0096,-0.7273,-0.2763,-0.7787,-1.6845,-0.6804,-0.1207,-1.9917,-0.3358,0.2752,0.2339,-1.2261,-0.8536,-1.0048,-0.8317,0.1612,-0.1548,-0.3535,0.381,0.2174,1.0965,1.2978,2.2928,1.5008,0.8949,0.7678,0.3402,0.6289,0.8609,0.8624,1.6475,0.6137,-0.0558,-0.9306,0.1221,0.3374,0.0669,-0.1776,-0.7601,0.6051,0.5621,0.1276,0.0783,-0.2889,-1.0529,-1.4823,-1.6817,-1.058,-0.8171,-0.1585,-1.3882,-0.2601,0.097,-1.4674,-0.6771,-0.6772,-1.0034,-0.8751,-1.0845,0.9824,-0.0361,0.3081,-0.2366,-0.6087,0.182,1.0105,2.0702,2.1956,1.4353,1.1824,0.2139,-0.1561,-1.4641,0.3972,1.6482,2.1788,1.3111,0.0619,1.0241,-0.1955,-0.239,-0.3844,-0.6989,-1.3536,-1.6257,0.5576,0.3984,0.8553,0.3066,-0.2639,-0.111,-1.3184,-0.4359,-0.9338,-2.2038,-1.1747,0.0199,0.7284,0.4078,0.6598,0.8543,-0.5416,-0.2048,0.4643,0.4297,0.3536,0.795,0.9178,0.1373,-0.7854,-1.2415,-1.4323,0.1132,-0.2299,-0.3902,-0.4803,0.3172,0.7349,0.6368,0.374,-0.8739,-1.6427,-0.1274,-0.7826,-0.8958,0.2361,1.5626,0.4982,1.1959,0.7255,-1.0163,0.0338,0.2164,0.5082,1.5856,2.0657,1.9667,1.3655,-0.8499,-0.968,0.6993,0.2393,-1.2645,-1.913,-2.2681
"IC67",-0.06,-0.5215,-0.0963,1.0237,2.2129,1.6951,0.8475,0.5047,0.1763,-0.2485,-1.9861,-1.0919,0.5154,1.5025,1.4761,-0.3843,0.1286,-0.0353,-0.8984,-1.6147,-0.9315,-0.4382,-0.7563,-0.1845,-1.2075,-0.4914,-0.5977,-0.8842,-0.575,-1.0318,-0.8398,-0.1354,-0.504,0.7967,0.5716,0.0885,-1.3454,-0.51,-0.2711,-0.0181,-0.1247,-0.2578,0.1141,0.7038,0.8149,0.9791,0.8563,2.8565,1.8319,1.4772,1.0369,-0.5409,-0.3806,0.0402,1.4606,0.327,-1.1915,-0.3952,-0.0805,-0.4297,-0.6212,-0.8278,-1.3424,-1.1708,-1.752,0.0941,0.6587,1.6889,1.3668,0.0283,0.3384,0.3054,-0.9579,-1.4098,-0.6684,0.3069,1.4889,0.0114,-0.3839,-0.0009,-0.7267,-0.2274,0.7985,0.654,1.1802,0.9015,1.122,-0.0158,0.4348,0.259,0.3324,0.5153,-1.021,-1.1767,-1.1479,-0.0658,0.5898,-0.3598,-0.4308,0.0567,0.3311,-0.7692,-1.3358,-1.349,-2.3067,-1.0302,-1.0002,-0.2743,1.905,0.2308,0.8673,0.4333,-0.0166,-0.2124,-0.7832,-0.5431,-1.8,-1.2837,-1.085,-1.793,-0.6041,0.4927,0.4453,0.2164,2.1358,3.8494,2.0275,1.3111,0.8192,1.6512,0.371,0.5096,0.6916,1.1099,1.5904,1.7483,0.5096,0.6996,0.764,-0.0865,0.6958,0.3533,-1.3173,-0.3153,-1.2141,-1.1318,-0.2287,-0.8823,-1.6714,-1.6455,-1.5956,-0.815,-1.1611,-1.221,-0.5987,-0.734,-1.8174,-2.0424,-0.4055,0.8636,1.6384,0.7933,0.1412,0.241,-0.3091,0.4122,0.6041,0.1084,0.1861,0.0371,-0.8561,-0.0179,0.6609,0.3912,-0.3827,0.6476,2.0549,1.0843,0.033,-1.3812,-1.0372,0.1654,0.4272,1.3479,0.6168,-0.344,0.0677,0.1578,-0.1229,0.3233,0.3316,-1.3554,-1.5975,-0.2969,0.3961,0.8061,-0.2064,0.7696,0.5571,-1.286,0.3514,-0.0259,-0.57,1.0821
"IC68",0.3927,-0.0402,-0.7888,-0.5892,-0.7509,-0.2518,0.3095,0.3882,0.4757,1.256,-0.034,-0.7439,-0.0484,-0.245,0.0669,-0.1568,-0.796,-0.6322,0.2731,0.0774,0.7227,0.9877,0.1969,-0.2835,0.0163,0.0167,0.1382,0.632,0.3174,-0.0307,-0.5513,-1.6893,-1.7472,-1.3321,-1.1075,-0.4907,1.0733,0.8967,0.8852,0.764,-0.1753,0.8516,0.909,1.0753,1.1586,0.8017,1.7214,1.9139,2.2368,1.4685,1.0451,-1.7171,-1.9554,-2.9239,-1.9675,-0.3311,-0.7519,0.295,0.7,-0.5923,-0.1683,-0.069,-0.4814,-0.4933,-0.1459,-0.2216,-1.2301,-1.1371,-0.3473,-0.1673,-0.6635,-0.2247,-0.8189,-0.5628,-0.1403,1.0831,-0.0467,-0.7006,1.3022,0.7759,-0.2583,0.3002,-0.0024,0.6439,-0.5446,-0.6615,-0.0078,1.396,1.5841,1.4038,0.5835,0.6886,0.4462,0.2705,0.2933,0.2037,0.3125,0.0028,0.3155,0.0296,0.2856,0.6529,1.1737,1.0049,-0.3719,-1,-0.9343,-0.124,0.6182,0.5823,-0.6468,-1.1666,-1.0384,-1.6291,-1.697,-1.5788,-0.5204,-1.3327,-0.452,0.6143,0.3099,-1.0054,-1.2007,-1.4406,-2.1546,-0.9719,1.2753,1.697,1.404,0.7876,1.1766,0.6354,-0.4662,-0.8938,0.9271,1.4785,2.4861,1.7333,1.4476,2.0628,0.8871,0.2587,0.1768,-1.2791,-0.9113,-0.064,0.2876,-0.9568,-1.6344,-1.065,-0.7284,-1.2953,-0.495,0.7864,0.1161,0.3763,1.3878,0.2736,-0.6731,-0.6051,-0.4466,-0.2816,0.5527,0.3868,0.2592,0.3572,0.4967,-0.2571,-0.8958,-0.5525,-1.2382,-0.274,0.4747,0.362,-0.2777,-0.817,-1.0716,0.3888,0.7371,-0.4489,-0.913,-0.7748,-0.0116,-0.1946,-0.5813,0.3469,0.0795,1.1126,1.3699,-0.0668,0.2265,1.2269,0.4295,0.3918,1.9447,2.6225,1.8597,0.1531,-0.7078,-0.1815,0.1976,0.1075,-2.3385,-4.205
"IC69",0.3003,-0.4325,-0.2935,-0.3745,0.5568,0.706,0.3201,0.7779,0.2789,-0.343,-0.1516,0.6377,0.4414,1.6049,0.9563,-0.8189,0.8727,0.6156,-0.5058,-0.9008,-1.6898,0.1163,-0.5892,-2.3453,-1.4746,-0.598,-0.6615,-1.7049,-1.2577,0.5988,-0.3786,-2.0273,-0.1797,3.1536,0.9364,-0.4067,-0.582,-1.4174,-0.6015,1.1071,0.1523,0.1738,1.0856,1.6676,2.1405,2.9329,2.632,1.0898,1.2006,0.0065,-0.6156,-0.5455,-0.4056,0.669,0.163,-0.725,-0.7037,-0.6215,-0.1272,-2.4687,-2.785,-1.239,0.1779,0.3515,-0.1534,0.906,0.5657,0.522,-0.632,-0.956,-1.5911,-0.0211,0.4965,-0.2853,0.5126,0.3941,1.9195,2.0565,0.442,0.8109,-0.3066,-0.0744,-0.725,-0.2969,-0.5872,-0.5804,0.3443,-1.8098,-1.6411,-0.3064,-0.3006,0.1092,0.2968,0.9092,0.3775,-0.4718,0.6278,-0.9275,-0.4956,0.0635,-0.2458,0.5512,-0.0617,-0.945,-1.4448,-0.8709,2.3542,1.2688,0.1325,0.1522,0.7273,1.5991,0.7786,0.4293,-0.0698,0.9647,0.4304,-0.9491,0.3132,-0.1704,0.1502,0.2048,-1.0803,-1.1986,0.9606,-0.477,-0.6017,1.3687,-0.0859,-0.2787,1.4854,-0.4985,-0.0759,-0.468,-0.23,-0.1779,-0.3128,0.8509,0.3537,0.7621,-1.1957,-1.0075,-1.4498,-1.885,-0.3068,-1.7286,0.3875,-1.3044,-0.7117,1.289,0.0474,2.3763,1.9582,0.0205,-0.603,-0.7068,0.4233,-0.0757,0.8806,1.3122,1.6326,1.4473,-1.5876,-1.2492,-0.0461,-1.0701,-1.5714,-0.6306,-0.4477,-0.1103,0.621,0.4394,-0.1758,0.9272,0.518,1.3496,0.692,-0.504,-0.3837,0.9542,-0.67,0.0902,-0.2078,0.1539,0.0188,-1.1199,-0.6926,0.5416,0.7942,0.2638,0.6377,0.3751,-0.6296,-0.9697,-0.6346,0.3925,-0.2783,-1.8523,-0.9258,0.7243,0.5951,-0.1802,0.2925,1.5172
"IC71",-0.7685,-1.426,-1.1794,-1.9438,-1.8863,-1.1673,0.0311,0.4059,0.0129,-0.2078,0.1692,-0.0982,0.9563,0.251,-0.5881,0.1614,1.3566,1.4726,1.7977,0.7567,1.0876,0.237,0.0647,0.9348,0.7828,0.8485,0.0284,0.7146,-0.0794,-1.0319,-0.2862,-0.3525,-1.2193,-0.7406,-0.4462,-0.0895,0.6644,1.9581,0.0221,0.9018,0.6303,0.7566,1.0119,0.7956,0.0423,-0.2689,0.7139,1.5581,0.191,0.2286,0.6186,-2.0988,-1.7916,-2.0056,-1.5897,-0.1016,-0.0414,-0.1649,-0.4669,-1.2563,-0.3059,0.4781,-0.8054,-0.0896,-0.792,0.3106,-0.4246,-0.9741,0.6018,0.8317,0.2159,-0.18,-1.2641,-0.7985,0.3746,1.8483,0.9383,-1.1862,-0.5591,1.1227,0.892,0.1857,-0.9343,-0.2306,-0.3727,-0.5887,-1.0159,-0.039,1.2993,0.4296,0.4901,0.107,-0.7344,-0.4329,0.6569,0.1839,-0.5206,-0.2518,1.7079,1.8814,1.2879,0.9069,1.2733,0.003,-0.0339,0.4582,0.3972,0.842,0.7539,-0.4783,-0.0819,-1.1162,-2.012,-0.1237,-0.1453,-1.4877,-1.219,-0.7788,-0.7774,-0.194,0.6497,-0.1448,-1.2388,-0.0625,-2.0622,-0.8272,-0.4727,0.5846,2.2448,2.1563,1.3485,0.7729,-0.9317,-0.2928,0.4732,1.2251,1.8203,2.6606,0.935,0.3627,0.888,-0.66,-0.4367,-1.4525,-2.0118,-0.3638,-1.2311,-1.3793,-2.602,-2.5151,-1.0274,-1.4612,-1.9167,-0.7834,0.0052,-0.2338,-0.7851,0.6621,0.3897,-0.1581,0.076,0.3058,1.5883,1.3434,1.8346,2.2963,2.5782,1.4902,0.8946,0.5731,0.1992,0.4315,-0.3507,0.0553,-0.6247,0.0621,0.7638,0.0222,0.1436,-0.7766,-0.2901,0.6736,0.1564,0.7377,0.0921,0.8506,-0.0957,-0.6344,-0.2677,0.409,0.0585,-0.43,-0.1469,-0.6279,-0.0495,0.207,-0.4092,-0.3924,0.6011,0.0033,0.2518,-0.5945,-1.1365,-2.3961
"IC72",-1.3397,-0.9009,-0.0812,-0.2158,0.2196,0.6909,0.8217,0.9983,-0.664,-0.5632,-0.5013,0.2505,1.6732,1.6524,1.5086,0.3768,-0.7084,-0.075,0.3071,0.0526,-1.3907,-1.1366,-1.1496,-0.4666,-0.1428,-1.0357,-0.5089,-0.377,0.8148,0.1787,0.3601,-0.1648,-0.0331,-0.6355,-0.7938,-0.4695,-0.6376,-1.1849,-0.4678,-1.0354,-1.134,0.7876,2.1822,1.2446,0.5393,1.2188,1.2646,1.8863,1.8931,1.8739,0.8475,-0.201,-1.1513,-1.1162,-0.7492,-0.4636,-0.0504,-0.024,0.1703,0.8124,1.5049,0.1975,-1.0768,-1.9494,-0.7473,-0.8689,-0.4136,0.4311,0.5531,-0.2647,1.1698,-0.2292,-1.9799,-1.4593,-1.3425,-0.468,-0.293,-0.7341,0.7078,1.0659,-0.3501,1.0103,1.715,0.6977,1.8412,1.7033,1.0251,0.8631,0.3806,-0.0311,-0.1364,0.0774,-1.0077,-0.3421,-1.0177,-1.1091,-1.2179,-0.9878,-1.378,-0.6651,0.9069,0.456,-0.8293,-0.2968,-0.6642,-0.2536,-0.1397,-0.5087,0.7761,0.4871,0.5514,0.2753,-0.2846,-0.7393,-0.9154,-1.5196,-1.2729,-0.5326,0.4148,0.1186,0.4779,-0.8823,-1.3964,-0.0303,1.7331,1.8395,1.4283,0.9026,0.95,1.9879,1.3023,1.0458,0.3831,0.2972,1.6597,1.4943,1.146,1.3134,0.7598,-0.0936,0.5393,0.1212,0.647,-0.5437,-1.6616,-0.9473,-0.6101,-0.676,-0.8202,-2.177,-1.991,-1.1982,-1.1147,-1.7418,-0.772,-0.1327,-0.7391,-1.9371,-1.6197,-1.4739,-1.9898,-0.6836,0.2746,0.6427,0.701,1.2275,0.3678,1.0573,0.718,0.8192,0.9818,0.2774,0.9585,2.1519,1.1957,0.8725,0.6882,0.351,0.8215,-0.6451,-0.633,-1.083,0.3097,1.6911,0.4816,-0.426,0.6699,-0.243,-0.2344,-0.3003,-0.9568,-0.6714,0.1511,0.8669,0.234,0.5844,1.5718,1.1929,-0.3047,-0.0369,-0.6619,-1.6952,-1.7378,-0.9863
"IC73",0.3206,-0.5991,-1.9877,0.0228,-1.2663,0.0367,0.2758,0.0595,0.9168,1.2281,-0.4149,-0.1473,1.201,0.4718,0.9501,1.2627,0.9618,0.5758,-1.0807,-0.2902,2.2223,2.4921,-0.0187,-0.7828,-0.9704,-0.4825,-1.442,-1.6922,-1.3376,-0.9411,-2.0367,-1.8789,-1.1396,-1.1143,0.9912,0.945,-0.1828,0.5312,1.2225,-0.2756,-0.0328,2.1961,0.3593,0.5283,1.4923,3.1926,2.7268,-1.4508,-0.5029,-0.6239,0.4793,0.1484,-1.2426,-1.5354,-1.4717,-0.021,0.1105,-0.0552,-1.055,-1.1566,0.2788,0.149,0.0945,0.5716,-0.3779,-0.5731,-0.1698,-0.5861,-0.6893,-0.4099,0.6555,-1.37,-0.3399,0.4892,0.5172,0.3543,-0.4656,-0.2551,1.0545,0.4503,1.037,0.6965,-1.0076,-0.4974,0.3375,-0.5518,1.0395,1.4075,-0.1987,-0.6507,0.3537,0.7099,0.065,-0.2631,0.4774,0.2832,0.8193,0.7792,-0.2049,0.3452,-0.129,0.1548,1.8858,-0.0034,-1.7365,-0.8906,0.1848,-0.0602,1.1916,0.5752,-1.6116,-0.5676,-0.3045,-0.8942,-0.4612,-0.8449,-1.6099,-0.5691,-0.3021,1.1271,0.6758,0.1706,0.3277,1.0471,0.163,0.4433,1.2372,-0.1287,-0.3113,-1.2205,-1.4668,-1.0065,-1.188,-1.4025,-0.9661,1.4824,1.1228,0.9939,0.7396,-0.7781,-0.7878,-0.6072,-1.2915,-0.6516,0.6675,1.2979,-0.6167,-1.3176,0.6818,0.8942,1.6853,-0.4215,1.4853,0.5316,0.8034,0.8521,0.3914,0.7292,0.8359,1.0423,1.0072,-0.1646,-1.0345,0.1152,0.419,1.2302,2.3283,0.3214,0.1367,-1.3192,-1.8826,0.2532,-0.5726,-2.3739,-1.9175,-1.6173,-0.3268,0.0347,-0.6736,-0.6766,-0.9651,0.336,0.0575,0.4334,-0.2911,-0.9408,-0.0773,-0.5599,0.4604,0.5901,-0.4137,-1.1615,0.1257,1.6266,1.474,0.4254,0.4929,1.4571,-0.194,0.797,1.0631,0.4955,-0.9548,-1.883
"IC74",-1.1284,1.151,2.0943,-0.1624,1.2638,1.2991,0.5683,0.0113,-0.0922,-1.3162,-0.1083,-0.3348,-0.8067,-0.8208,0.4749,0.9042,0.3714,-0.4951,-0.1183,0.4525,-1.7546,0.7671,1.2677,-0.574,-1.7165,-2.257,-0.1854,-0.8506,1.5661,-1.183,-1.7631,-0.0559,0.2519,-1.4802,-0.4081,0.4694,0.8865,0.0131,0.6471,-0.1108,0.834,0.9039,-0.27,-0.7464,-1.1094,-1.2083,2.5513,3.3162,0.5464,-0.1378,-0.709,-0.2525,0.7808,-0.6362,-0.4184,0.0604,0.5685,0.6979,-1.0445,-0.0196,-0.3963,-0.2657,-0.7683,-1.1865,0.7615,-0.7064,-0.7272,2.1311,1.4695,0.566,1.3371,0.4857,0.1091,-0.1678,-1.0093,-0.3659,-1.068,0.9591,-0.1501,0.0666,-0.1586,-0.4453,-0.2191,-1.9715,0.1634,0.1165,0.4786,1.5747,0.7848,-1.0749,0.1833,1.9427,0.458,-0.1367,0.625,0.126,0.4127,-0.2909,-0.2643,-0.8362,-1.0812,0.0274,-1.1434,-0.9267,-0.6338,-0.1748,0.1171,-2.0313,-0.0843,0.4996,-0.2917,-1.1311,-1.8915,0.141,0.2761,-2.0286,-1.0695,1.3033,0.945,1.2874,0.2588,-1.0821,-0.0551,-0.3149,1.9815,1.8267,1.0577,2.4191,0.7932,0.249,0.1541,0.3796,0.5849,1.5468,1.9349,-0.6643,-0.5905,-1.7036,-0.9537,-0.5281,0.6322,0.7348,0.6934,0.2181,0.5165,0.0139,-1.6763,-1.5497,-0.1338,0.3363,-0.905,-0.1466,-1.1891,-1.5632,-2.1739,0.3817,1.7755,0.5693,0.77,0.9971,-0.2123,0.2337,-1.2257,0.4481,-0.1565,0.4378,0.0425,-0.5713,0.1113,0.6459,0.7922,-0.0457,0.1044,0.0533,-0.6651,-0.4,-0.6294,-1.3037,-0.3959,-0.0784,-0.065,-2.3952,-1.035,0.6668,-0.3522,-0.9499,0.6835,-0.9815,0.972,1.1947,0.2206,0.3226,1.8329,2.3665,0.0873,-0.0742,1.0958,0.8125,-0.0049,-0.0001,0.7476,-0.4127,-1.2892,-1.3195
"IC75",0.3556,-1.6844,-0.8437,-0.7546,0.4149,0.6834,1.1278,1.8132,0.2646,-1.2746,-0.977,-0.2303,1.4818,0.6173,0.2408,0.2267,-1.115,-1.1696,0.5686,1.0354,0.233,0.5999,0.6937,-0.2993,-2.1437,-1.9019,-1.9345,-1.2986,0.9772,-1.0422,-0.7727,-1.0822,0.1943,-0.4332,-0.1508,0.1673,1.9469,2.9257,1.7383,0.2454,1.0677,2.0298,1.2043,-0.0109,-0.0807,-1.4043,1.7014,2.424,0.0294,0.163,-1.5355,-0.9885,0.3356,-0.301,0.5524,-0.4589,0.2334,-0.3879,-0.6933,-0.6294,-1.475,0.6433,-0.0592,-1.5692,-0.0409,0.3539,-0.5131,-1.2084,0.1295,0.6928,-0.3535,-0.558,-2.3741,-0.8373,0.2807,1.9655,0.1944,0.8986,0.8339,0.3501,0.0881,-0.1097,-0.6647,-1.4734,-0.3412,0.0865,-0.4604,-0.0837,-0.6557,-0.7403,-0.9126,-0.4925,-0.4311,0.5057,2.2232,2.3322,0.7931,0.9319,1.4017,0.995,-0.5838,-0.1937,0.3486,0.0474,0.6521,-0.6549,-0.6665,-0.1146,0.29,0.2707,-0.2285,-0.7868,-0.4793,-0.5713,0.4787,-0.838,-0.627,-0.1378,0.9196,1.6817,-0.4615,-0.9431,-0.6397,0.4438,0.558,0.5553,0.5051,0.7911,0.5515,-1.4855,-1.4156,0.1523,-0.9837,0.5463,0.7431,0.6705,1.829,0.4774,0.2546,-0.4797,-0.6169,-2.3352,-1.4623,-1.6068,-0.2362,1.2052,-0.108,0.1585,-0.7228,-2.3011,-1.0401,-0.0006,-0.367,0.3959,0.0853,0.4207,1.4736,1.0913,-0.3049,0.2306,-0.1505,0.1905,0.8027,0.8332,0.8968,2.2745,1.2511,0.7915,-0.2245,-0.1262,-0.2646,-0.5046,0.668,0.017,-0.9355,-1.8099,-0.7438,0.3479,0.1295,-0.5523,0.2414,-0.086,-0.0018,-0.7795,-1.1032,-0.6391,1.1888,-0.8556,-0.4398,-0.1308,-0.6135,0.1736,0.5049,1.9631,2.2094,1.3076,1.2205,1.1573,-0.6743,-0.9883,-0.0381,-0.678,-2.2581,-1.0466
"IC76",0.2506,1.5598,1.0883,-0.0641,0.0557,0.9098,1.1523,0.8457,-0.0517,-1.105,-0.8811,0.1817,0.2384,1.6474,1.3389,0.1208,-0.8133,-2.1754,-1.8863,-1.41,-1.0657,-0.9012,-1.3185,-0.2864,-0.7671,-0.4394,1.0847,0.5856,-0.4425,-0.5206,-1.152,-1.2569,-0.3876,0.9414,0.3455,0.6395,0.7794,0.2475,-0.2436,-0.9322,-1.2115,0.015,0.8528,1.4277,1.2886,2.4909,2.5889,1.6831,2.4052,1.5135,-0.8076,-1.4904,-2.2393,-1.5296,0.3613,-0.3744,-1.9979,-0.4172,-0.1398,-0.5312,0.1058,-0.0664,-1.2284,-2.0284,-1.2799,0.2774,0.362,0.451,0.2658,0.9427,0.9107,0.5982,-0.3328,-0.7352,-0.8204,-0.8838,0.0588,0.8183,0.5715,0.7861,0.8654,1.064,0.3494,-0.1446,-0.2589,1.0101,1.829,1.0585,0.3406,0.1494,0.0319,-0.509,0.0849,0.7086,-0.5366,0.3427,-0.0533,-1.4549,-0.971,0.3787,1.6609,0.6986,-0.629,-1.2297,-1.5293,-1.1759,-1.2587,-1.7768,-0.5995,0.2431,0.6093,0.4498,-0.3916,-1.3718,-1.6649,-0.7085,-1.0157,-0.06,1.234,0.818,0.0976,-0.3247,-0.5269,-0.5192,0.7856,0.6667,0.218,1.4387,2.1543,0.692,0.0883,0.1778,-0.4833,-0.6604,-0.6265,0.1856,0.0565,0.6506,1.3003,1.9502,1.4953,0.682,-0.1054,-0.335,-0.2312,-0.3626,1.3284,1.2496,0.4386,0.0917,-0.4243,-0.3676,-0.4001,-0.4805,0.2795,-0.0128,-1.3217,-2.3865,-1.9643,-1.1804,-0.2683,0.3682,-0.8204,-0.2905,-0.1188,-0.1303,0.4725,0.8544,0.7006,0.9731,0.3418,-0.1208,0.3845,0.3453,-0.704,-0.6939,-0.6572,-0.4782,0.2722,0.2798,-1.3994,-2.1208,-1.3815,-0.7494,0.0858,-0.0837,0.0785,0.889,1.15,-0.5187,-0.7039,-0.0881,0.3591,1.4249,1.8097,1.9644,1.6927,1.1207,1.2759,-0.1594,-0.5115,-0.8798,-1.6024,-0.8368
"IC77",-0.6043,0.2348,0.1525,-1.5324,-0.7115,-0.4764,0.539,0.4796,-0.0727,-2.376,-0.7439,-0.2271,1.2894,1.8269,0.2019,0.096,-0.1084,-1.3765,0.0826,-0.1228,-0.6502,-0.7579,-0.6642,0.8311,0.1286,0.6389,0.863,0.3347,1.2453,-0.5554,0.3955,-0.2429,0.1775,0.5384,0.475,1.2596,1.069,0.8034,-0.3169,-1.5733,-0.6217,0.1704,1.3096,2.1546,0.3324,-0.2836,2.6526,3.9095,0.2608,-0.3201,-1.789,-2.5632,-1.9226,-0.9758,0.819,0.6175,0.4778,-0.1957,-1.1369,-0.7488,-2.4508,-1.7385,-1.1482,-0.7559,0.1643,-0.0153,0.6612,0.0445,0.5627,0.6827,-0.092,-0.2342,-1.4867,-2.2076,-1.9413,-0.533,0.4903,0.361,-0.8187,1.0266,1.9474,1.8872,0.789,-0.2125,0.6122,0.5121,0.5149,1.0404,1.303,-0.6543,-0.3326,0.3349,1.0496,-0.3535,-0.3974,1.1739,0.4438,0.1406,0.3959,0.3359,1.5418,0.7045,-0.6672,-2.9526,-0.5755,0.0165,0.0145,-0.1283,0.3296,-0.0643,-0.7536,-0.9853,-1.5516,-0.4534,0.3136,-0.119,-0.7868,0.1004,0.0706,0.7118,-0.3386,-0.0461,0.6925,0.5878,0.8542,0.3171,-1.8216,-0.877,0.5723,0.0323,0.2167,0.9995,-0.5007,0.4049,1.4591,0.5857,-0.0346,-0.0191,1.1863,1.2643,0.9101,-0.0106,-0.7983,-0.8266,-2.4827,-1.7124,-1.0891,0.2973,-0.2308,-0.9565,-0.2718,1.5161,0.4925,0.0056,0.3087,0.166,-0.8373,-0.3799,0.0332,0.4816,-0.3097,-0.0537,1.3593,0.5726,-0.5406,0.1696,-0.6136,-0.3604,-0.7416,-0.3548,0.224,-0.4604,-0.1524,-0.2503,-1.201,-0.2021,1.3032,0.4722,1.0474,2.1119,-0.1031,-0.7778,-0.2558,0.1391,0.4966,0.9078,1.284,-0.0967,1.1081,1.6116,0.4598,-0.6381,0.4719,0.9323,-0.2154,-0.0484,0.8037,0.0447,-0.203,-0.7513,-0.6203,-2.9814,-2.1545,-0.1476
