"IC05","-0.0828","0.2517","0.4287","0.2888","0.0373","-0.1206","-0.4168","-0.6683","-0.2249","-1.1271","-0.2082","-1.0178","-0.7244","0.2099","-0.1679","-0.6659","-0.5753","-0.1021","-0.1860","-0.3684","-0.4557","-0.3211","0.0223","-0.0349","0.5659","0.2845","0.2922","0.5466","0.1793","0.3264","0.2732","0.5297","0.3269","0.5186","0.4568","-0.2064","-0.5740","-1.4663","2.5782","1.9413","1.6109","1.7977","2.2047","3.1148","1.5254","0.3030","-1.9072","-2.4985","1.1445","-0.2918","-0.9323","-0.9196","-0.6481","-0.5083","-0.7080","-0.0800","-0.4836","-0.3365","0.2752","-0.0379","0.3458","0.4716","0.9336","-0.2421","-1.3400","-1.0417","-0.5840","-0.5352","-0.5764","-0.1550","0.1602","-0.4739","-1.4049","-0.9682","-0.4385","-0.5085","-0.1745","-0.5600","-0.3479","-0.3346","-0.2135","-0.0111","0.0769","0.7087","0.4142","0.1516","0.2189","0.2513","-0.0284","-0.7996","-1.3979","-0.4402","-1.4459","-3.7299","0.9778","2.4130","1.4288","0.8752","-0.1500","-0.4731","0.4942","1.6822","0.9344","0.9562","1.4731","2.3825","2.2104","1.3703","0.8241","1.0105","0.5564","0.3373","-0.0629","0.2220","0.0507","0.1000","0.5422","-0.0530","-0.0953","-0.5056","-0.5962","-0.6032","-0.7268","-1.0981","-1.3324","-1.0065","-1.2403","-0.9598","0.6975","-1.4927","1.1982","0.7441","-0.3454","-0.5450","-0.8731","-0.9399","-0.5652","-0.6589","-0.4832","-0.6602","-0.2108","-0.9472","-0.3379","-0.3652","-0.0199","0.7361","0.0157","0.0688","-0.1005","-0.0850","-0.5733","-0.2662","0.0601","-0.0396","0.2461","-0.0836","0.1592","-0.1294","0.2760","-0.0782","0.1070","0.1924","0.4388","0.2870","0.3244","0.9115","0.4329","0.2669","0.2689","0.6601","-0.0667","0.8776","0.5329","0.7349","0.4605","0.4032","0.5436","0.7176","0.8200","0.3977","2.0410","0.9115","1.3825","1.1744","0.9847","0.8202","0.8927","-2.4016","-3.8464","-1.0592","-3.7495","-2.8413","-1.6953","1.1687","0.3369","-0.1169","0.5604","0.7039","0.7624","-0.0825","-0.2000","-0.4495","0.2576","-0.1539"
"IC08",-0.7215,-0.2847,-0.2703,-0.8446,-1.1775,-0.8246,0.6175,1.0528,1.1397,1.4149,2.097,1.9688,0.5026,-0.1324,0.3767,-0.0192,-0.5731,-0.7057,-0.1432,0.0733,0.748,1.2312,0.3179,-0.6349,-1.0286,-0.7237,-1.0609,-1.9245,-1.9928,-1.9673,-1.2618,0.4423,0.4037,-0.6148,-0.9632,-0.0054,-0.1263,0.1135,-0.3851,0.9644,1.4701,0.4602,-0.7895,0.1475,2.7071,0.5344,2.1961,1.0465,1.7913,0.1947,-0.7119,-0.2965,-0.844,-0.4722,-1.349,-1.3181,-0.7208,-1.2608,-0.6152,-0.0124,0.0991,-0.6555,-1.1008,0.89,2.5133,1.6863,1.6569,0.5933,-0.5112,-0.1477,0.4294,-0.2783,-0.6962,-0.7361,-0.1762,-0.5116,-0.3382,-0.0206,-0.2341,-0.5701,-0.6872,-0.1762,0.0648,-0.7522,-1.1611,-0.8953,0.0572,0.6911,2.321,1.21,1.8464,2.2068,0.8962,-1.5852,1.6306,1.6722,0.6165,0.0404,-0.1881,-0.0057,-0.1868,-0.4684,-1.6894,-1.6294,-1.2636,-0.2971,-1.4162,-1.0229,-1.5416,-1.2951,-0.7623,-0.5548,-0.1884,-0.5746,0.1788,0.774,0.7425,0.4306,-0.7811,-0.0549,0.5312,0.7932,-0.395,0.0313,0.5087,0.3954,0.349,0.2702,0.1142,0.0559,0.2355,1.0751,0.2069,1.249,1.3027,0.4357,-0.4571,-0.1471,0.3145,-0.8123,-0.4344,-0.2231,0.8326,1.2015,1.6657,0.9421,0.0374,-1.11,-1.1308,-0.6875,0.1941,0.4023,-0.3649,0.2549,-0.1138,-0.7774,-0.8024,-0.7363,-0.4069,-0.8981,-0.7357,-0.3665,0.143,0.6388,1.2796,1.4089,0.7375,-0.1879,-0.3147,-0.5406,0.0841,-0.6348,0.3874,0.4022,-0.6246,-0.905,-0.8964,-0.9456,-0.8172,-0.3637,-1.2716,-0.7078,-0.6904,-0.7953,-1.1378,-0.948,-0.0628,1.1934,1.076,1.07,2.0492,3.5512,2.6081,1.4811,0.0782,1.4705,0.1427,-0.9293,-1.2532,-1.4621,-0.4384,0.0107,-1.2661,-0.748
"IC09",0.3031,-0.5858,-1.4555,-1.142,-0.5556,-0.7556,-0.6193,1.1998,-2.0132,0.4954,0.717,2.2795,1.7345,0.6608,0.1594,-0.3042,0.5324,-1.1432,-1.3467,-1.6,0.7369,0.9611,-0.0757,0.8716,0.2026,0.4469,0.8067,-0.0126,-0.0165,-0.0093,0.9528,1.1963,-0.0818,-0.7149,-0.2704,-0.8843,-1.5344,3.6391,0.8843,-0.3191,0.372,0.1541,-0.4127,-0.1559,-1.934,1.923,-1.3685,-2.1194,-2.0307,-0.5577,0.2529,0.094,-0.1735,-0.3525,-0.2292,-0.7589,-0.8439,-0.9128,0.8783,2.3321,2.6643,2.6506,1.8348,1.0078,-0.0958,1.2269,0.5949,1.0602,0.2416,-1.368,-2.7584,-1.8979,-1.1329,-2.0444,-1.9097,-0.3864,-0.9974,-0.1348,-0.2193,0.0913,-0.6257,0.6139,0.2453,0.3545,1.1226,0.7803,0.8207,0.4858,-0.8194,-0.3607,-0.6723,-1.2698,-0.4367,-1.7993,1.5037,1.033,-0.0785,-0.1096,-0.9336,1.0837,1.0341,1.5203,0.5136,0.8845,0.7326,1.0528,0.9365,-0.7564,0.5966,0.7342,-0.0575,-0.6137,-0.2648,-0.4946,-0.1,0.1725,-0.4951,-0.0918,-0.5859,0.1491,-0.1993,0.2985,0.5727,-0.3931,0.0562,-0.8099,0.8946,0.0944,-0.6241,2.4005,0.1433,-0.402,-0.3386,-1.0504,-1.0976,-1.7946,-0.7192,-0.5209,0.1691,-0.1056,-0.4036,-0.0975,0.1132,0.833,-0.5143,-0.8663,-0.2092,-0.9006,-0.0505,-0.327,0.0179,-0.9417,0.0219,-0.0835,-0.0775,1.2326,0.4747,0.6011,-0.0384,0.7284,0.205,0.6437,0.1018,0.2477,-0.2248,-0.6525,-0.1418,0.6023,1.2972,1.3068,1.7827,0.7299,1.077,0.239,0.9148,-0.012,-0.9982,-1.0421,-0.134,-0.1457,-0.3271,0.1137,-0.2752,0.811,0.5338,-0.3287,-1.3805,-0.2725,-0.3013,-1.5259,-2.4205,-0.7702,-1.2538,1.6433,1.3854,1.5212,0.8419,-0.1858,-0.1299,-0.2184,-0.792,-0.2907,-0.2749,0.2845
"IC15",0.0968,0.3121,0.2291,0.9576,0.5799,0.3365,0.8694,-1.5863,-3.0079,-0.7317,0.8365,0.0097,0.5439,0.5305,0.204,0.2833,0.8289,0.3461,0.3869,0.2288,0.136,0.5411,0.0319,-0.0625,-0.5548,-1.4568,-0.3654,-0.2273,-0.2982,-0.5763,-0.6174,-0.7236,0.5998,0.6997,0.7073,0.3944,1.301,1.9053,-0.3993,-1.23,-1.1216,-0.3249,-0.6773,-2.4114,-2.6931,-0.4298,-1.2159,1.0249,0.3992,-0.3156,-0.1301,0.2003,0.5894,0.1581,0.8108,1.2358,2.241,1.1479,1.0036,0.5579,0.1633,0.5273,0.5858,0.085,-1.1725,-0.5413,-0.1658,0.3338,0.6918,0.3859,-0.5922,-0.8105,-0.9363,-0.5483,-0.8218,-0.1036,0.1539,1.121,0.8719,0.9303,-0.018,-0.2574,-0.6154,-0.775,0.2845,-0.0594,0.061,0.4332,-1.9741,0.3981,1.3011,-1.0853,-2.1405,3.2892,1.0197,-0.5958,-0.409,-0.2995,-0.3985,0.7899,0.5257,0.1303,-0.4498,0.2048,-0.2811,-0.7129,-0.0319,-0.5759,-0.2749,-0.4221,-0.7099,-0.7268,0.4152,-0.2715,-0.8114,-0.0551,-0.1044,0.1598,-0.495,0.0534,-0.0868,-0.1103,0.1358,-0.1639,0.6295,-0.1107,0.3268,0.6702,-0.6619,0.9078,0.7821,0.2798,0.7988,-0.9457,0.3586,0.7895,-0.464,-0.3496,0.6782,1.1613,0.3967,-0.04,0.2255,-0.0914,0.3575,0.263,0.8033,0.3124,0.8897,0.6123,0.3305,0.3461,0.0798,-0.6261,-0.6876,-0.6113,-1.7244,-1.2257,-0.9113,-0.5164,-0.37,-0.4166,-0.1043,-0.4283,0.3187,0.6012,0.4417,-0.3877,-0.1079,0.028,0.7074,0.032,0.1327,0.1151,0.2535,-0.3418,-0.4428,-0.6357,-0.7804,-1.1829,-0.8773,0.0449,-0.3893,-0.2121,-0.6975,-0.5179,-2.26,0.8062,0.9934,0.9303,2.2513,-1.4432,-1.4961,3.5946,3.2408,4.1394,3.1829,0.524,-1.0182,-1.8395,-2.6623,-0.9588,-1.4129,-0.9441
"IC16",0.2944,-0.5103,0.4328,0.2565,0.1647,1.2188,0.3244,-0.0414,1.4399,1.1063,0.8106,0.1824,-0.7801,-0.5555,-0.5245,-0.609,-0.8855,-0.0927,-0.5481,-0.765,0.6103,0.0444,-0.3323,-0.9986,-1.2923,-1.1339,-0.3918,-0.1663,-0.4231,0.2341,-1.1624,-2.1758,-1.0706,0.034,1.1137,0.8438,0.4908,0.937,1.1663,1.8738,0.2235,0.2158,-0.1208,0.112,1.844,-1.8191,0.0584,-1.0009,-0.8538,0.048,-0.2248,0.0346,0.7714,1.2021,0.7868,1.132,1.5045,0.5524,0.7204,1.317,0.7222,-0.8302,-0.9213,-0.3969,-1.9359,-1.0101,0.446,-0.3416,0.3659,1.838,1.9273,-1.0949,-1.7521,-1.2452,-0.5348,-0.9529,-1.4671,-0.8421,0.3545,0.4479,0.717,0.3605,0.4896,0.9102,0.7932,0.5413,0.8756,0.2853,0.4539,-0.432,-1.9211,-2.6941,-1.5609,-0.0164,-0.9639,1.2184,-0.5562,-0.6564,-0.3425,-0.9628,-1.3722,-0.9084,0.6986,0.5381,0.4551,0.682,0.7465,1.4009,0.3546,-0.0374,0.4377,-0.541,0.3873,1.3852,1.2303,0.4109,0.8312,-0.1216,-0.4255,0.0065,0.4807,1.3459,1.0681,1.348,1.0428,0.9812,-1.2692,-0.7555,0.1239,-1.2009,-0.2272,0.4004,-0.183,-0.7788,-0.4915,-0.3064,-0.5051,-0.1537,-1,-0.1904,-0.063,-0.569,0.0793,0.1781,0.4139,0.4318,-1.1985,-0.8239,-0.9751,-1.3133,-1.3244,-0.4704,0.7489,-0.1805,-0.9243,-1.6319,0.4571,0.5982,1.5232,0.9052,1.0951,1.1098,0.5213,-0.1484,-0.4651,0.4144,0.5402,0.5188,0.3149,0.685,-0.6329,-0.0864,-0.084,0.5047,0.1486,0.5753,0.3177,-0.3365,-0.2709,0.3183,-0.0615,0.1659,0.0251,-0.1972,-0.4273,0.2876,0.9872,2.7993,-2.7051,-3.5417,-3.5774,1.9812,-0.1299,-1.279,-1.265,2.6615,1.5844,1.0468,0.3271,-1.3783,-0.6336,-0.0648,0.388,1.2788
"IC17",1.0704,0.6237,0.7113,0.6366,0.4908,0.263,0.8129,0.5818,0.7512,0.5958,-0.8519,-0.5327,-0.7735,-0.6047,-0.4305,-0.7343,0.0775,-0.3574,0.1069,-0.3552,1.0869,0.4467,-0.2397,-0.1545,-0.3004,-0.8839,-0.2948,-0.9302,-0.3516,-0.6575,-0.8876,-2.1069,-1.3395,-0.5815,-0.7178,-2.1918,-1.5568,0.3939,2.2142,0.8348,-1.0004,-0.897,-0.4045,2.2032,-1.2158,1.8851,1.1749,-0.0982,0.409,0.7552,-0.0985,-1.05,-0.1116,0.17,1.2837,0.9014,1.2995,1.2195,0.7808,0.7374,0.0755,0.1217,0.9323,0.7093,1.5025,1.0868,0.7606,0.8357,0.1851,-0.1709,0.469,0.0777,-0.9925,-0.5902,-0.3508,-1.1247,-0.3509,0.5842,-0.1494,-0.2045,-0.5669,-0.6245,-1.3612,-1.9233,-1.2222,-0.6562,0.1589,-0.985,1.5838,0.2537,-0.6335,-1.1629,-0.6698,1.2324,2.8172,-0.3128,-0.8044,-1.139,-1.3935,-0.9563,-1.0523,0.6587,-0.1224,-0.2069,-0.5484,-0.2819,0.569,-0.1551,-0.2204,-0.125,-0.2924,-1.0016,0.222,0.2247,-0.0441,0.3284,0.0224,-0.0524,-0.1764,-0.1603,-0.141,-0.1841,1.2481,1.0237,1.1353,0.6623,0.6035,0.7016,1.3976,3.8202,1.9648,0.1357,0.0068,-0.2888,0.1692,0.1923,-0.0602,-0.1732,-0.206,0.4482,0.1214,-0.3253,0.3503,0.162,0.062,-0.9577,-0.9347,-0.5653,-0.6124,-0.6111,-0.4906,-0.3906,0.0744,-0.9946,-1.0805,-0.8836,-0.6195,-0.4186,0.5906,0.8679,0.4883,-0.2588,-0.6372,-1.0081,-1.1187,-0.724,-0.98,-1.6955,-0.7251,-0.2866,-0.2297,-0.2777,-0.5928,0.0534,0.7857,0.5779,0.9297,-0.0966,0.385,-0.296,0.2969,-0.002,0.0861,0.3338,-0.2332,0.6525,2.745,-1.3659,0.9346,4.1001,1.1836,-0.8323,-1.2112,3.3636,2.1467,0.854,-0.6815,-1.8964,-2.063,-1.9534,-1.4149,-0.1456,0.3039,0.2708
"IC18",-1.0434,-0.8816,-0.547,-1.1463,-0.7989,-0.4438,-0.948,-0.3296,0.4823,0.758,0.4388,-0.2444,0.6503,2.1629,1.0897,0.2975,0.3383,0.316,0.3582,0.9395,0.8134,0.3429,0.4671,0.3405,0.6769,1.2794,0.6474,0.6962,-0.6415,0.4115,0.2671,1.9513,-1.0368,-0.5255,0.0189,-0.5492,-0.6852,-2.805,-2.0951,-2.5761,-2.7951,-2.4133,-1.8773,0.0239,1.5138,-0.479,1.0829,0.8354,2.3375,0.835,0.1006,-0.2231,-0.3638,-0.1309,-0.384,-0.0329,-0.5424,-0.3519,0.2353,0.1426,0.933,0.5187,0.7584,0.1899,1.9673,0.8525,0.338,-0.0297,-0.057,1.3489,0.9637,-0.0758,-0.2786,-0.0921,-0.0464,-0.7843,-0.4029,0.1491,-0.2069,-0.3411,-0.7157,-0.2717,-0.5491,-0.3232,-0.6414,-0.6003,-0.281,0.2082,2.7564,0.7626,1.9878,-0.1039,0.9777,4.1911,-1.4667,-1.9167,-1.7105,-1.157,-1.2538,-1.0827,-0.4739,-0.6857,-0.8556,-1.0371,-0.6963,0.3425,0.7989,0.6456,-0.3909,-0.0625,-0.0319,-0.6258,-0.4773,-0.1909,0.1109,-0.1338,0.3152,-0.1325,-0.0243,0.1844,0.0451,0.2064,0.1659,0.1222,0.2949,0.3409,0.4361,0.5941,0.812,-0.7453,0.1984,0.2024,-0.0662,0.0346,-0.0643,0.2745,0.5983,0.2788,0.5279,0.1763,0.6883,0.0379,0.1716,0.2023,-0.2506,0.1203,-0.4787,0.1373,0.0485,-0.2638,-0.0453,0.0076,0.402,-0.091,0.1936,-0.3865,0.1825,-0.6198,0.3048,-0.1779,0.3095,0.1575,-0.1654,-0.3228,-0.6765,0.1803,-0.3942,-0.331,-0.6456,-0.3504,-0.9731,0.2162,-1.1172,-0.4441,-0.2669,-0.0727,0.3123,0.0085,0.0267,-0.5374,-0.0277,-0.5008,0.2131,-0.2719,-0.994,-2.1919,0.1091,1.522,2.5629,3.5691,2.7785,3.6162,1.0146,0.8176,-0.1536,-1.3565,-1.3821,-1.33,-1.2056,-1.4531,-0.4574,-0.8463,0.073,-0.6886
"IC19",1.4441,1.2477,1.4695,1.286,0.9358,1.0469,0.3191,-0.2,0.2984,0.0585,-0.4859,-1.0242,-0.7422,-0.6027,-0.8563,-0.7634,-0.6413,-0.4997,-0.9751,-0.6095,-0.9429,-0.2722,-0.5382,-0.8316,-1.2637,-1.2102,-0.9501,-0.8351,-0.7975,-0.5222,-0.6353,-0.1248,0.3314,0.0068,-0.1433,0.5191,-0.1584,-0.529,0.7707,1.1149,0.8817,0.8683,0.8724,1.3931,2.1664,-0.6322,-1.1313,-0.6047,-0.0845,0.176,0.2095,0.4166,1.0127,0.8328,0.6584,0.9846,0.8233,0.6436,1.072,1.0214,0.9619,1.6872,1.1553,0.1442,-2.9333,0.6201,0.1928,-0.1229,0.3782,-0.1341,-1.0572,-0.6903,-0.3878,-0.3382,-1.1271,-0.5328,-0.8603,-0.7309,-0.6021,-0.7249,-0.5088,-0.5928,0.1564,-0.4871,-0.0045,-0.2191,-0.2508,-1.0733,-2.372,-0.457,-0.8454,1.8906,4.8662,-0.9215,-0.5493,0.4296,0.2867,0.4699,0.2854,-0.307,-0.0802,-0.7531,-0.9225,-0.902,-0.6899,-1.2469,-1.3525,-0.9893,-0.4924,-1.4493,-1.5124,3.2758,0.9629,0.7647,1.0772,1.0321,0.448,0.4168,0.6461,0.7126,1.2752,1.3768,0.4429,0.7799,1.0858,0.8552,-0.4673,-0.8381,-0.3367,-0.4485,0.048,0.7103,0.8787,0.6744,0.7795,0.6066,0.7732,1.253,-0.0152,-2.3545,1.2198,3.1735,-2.5564,-2.4226,-1.4749,-0.9587,-0.634,-1.3673,-0.6416,-0.5324,-0.5869,-0.5336,-0.109,1.3515,0.0162,-0.8364,-1.5298,-0.1002,-0.4008,0.0692,-0.3753,-0.3321,-0.4289,-0.4929,-0.0885,-0.5584,-0.0935,0.3175,0.5631,0.1836,-0.361,-0.1532,0.6402,-0.0402,0.9953,0.7287,0.3196,-0.2925,-0.2547,-0.7119,0.3899,0.1487,-0.5272,-0.1968,-0.4355,0.2054,1.0921,1.0135,-0.0679,0.8539,1.8519,0.1409,0.3312,1.3032,1.341,0.5633,0.5987,-0.3163,-0.5018,-1.0593,-1.609,-0.7317,-0.7585,-0.3335
"IC20",0.5177,-0.4082,-0.1917,-0.1192,-0.1433,-0.0488,-0.882,-0.5692,3.6612,1.7044,-1.421,-1.8745,-1.3652,-0.2909,-0.7192,-0.8458,-0.8046,-0.5421,-0.3572,0.4534,2.2494,0.9787,0.3888,-0.1058,-0.2427,0.3102,0.9792,0.5102,-0.2695,0.1626,-0.6036,0.0807,-0.8059,-0.4008,-0.6345,-1.215,-0.9814,3.3526,1.5986,0.4761,-0.5411,-0.3964,-0.1947,-1.1223,1.7859,-1.74,2.2514,-0.2185,1.2718,-0.6673,-0.6452,-0.1779,-0.2394,-0.0851,-0.6479,-0.6011,0.417,0.3053,0.3491,-0.0723,-0.1561,-0.3155,-0.0161,0.7728,2.043,1.0174,0.0259,-0.524,-0.5831,0.7752,1.8065,-1.0413,-2.0776,-1.9269,-1.8099,-1.8046,-1.1265,-0.0068,0.0513,0.0829,0.4602,-0.0599,0.5457,-0.2671,-0.7035,0.1101,0.6149,0.8055,2.9426,0.1902,2.1834,-0.5877,-1.3419,1.2693,-0.7193,-1.0316,-1.0541,-0.9477,0.0634,-0.2109,0.0482,0.2813,0.0252,-0.272,0.0235,0.7505,0.6395,-0.6047,-0.5484,0.2755,1.0241,0.6884,0.5522,1.4928,0.8822,1.0788,0.2689,0.2751,0.587,0.3945,0.5847,-0.6771,-0.9875,-0.4826,-0.8712,-0.4568,-1.2311,-0.8078,-1.3149,-1.8161,-0.1737,-0.6657,-0.1497,-0.3948,-0.3193,0.1968,-0.0926,0.8285,-0.038,0.6747,0.5745,-0.3853,-0.4136,-0.1839,0.2065,0.5319,0.0646,0.6059,0.0901,0.1296,0.0688,0.2299,0.4104,0.6288,0.1895,-0.6466,1.0832,0.5699,0.663,0.0483,0.1819,0.05,0.0614,-0.3426,0.0166,0.8038,0.6346,-0.6121,-0.7754,-0.3562,-1.0767,-0.5391,-1.2023,-0.1075,-0.1995,0.1509,0.1635,-0.5099,-0.9166,-0.8896,-0.7339,-0.8979,-0.8462,-0.2189,-0.2349,0.3464,0.7609,3.7136,2.2178,3.3678,1.9987,-0.4306,-1.8276,0.6493,0.9353,0.6935,-0.9038,-0.8086,-1.4533,-1.5821,-0.4657,-1.2077,0.0419,0.156
"IC23",-0.2262,0.1077,-0.4337,-1.0874,-1.374,-1.3757,-1.5165,-1.1238,2.2474,0.8832,0.5884,1.159,0.9439,-0.4389,-0.4889,0.1592,-0.1379,0.1956,1.1391,0.8499,0.9495,-0.2952,0.4182,-0.4836,-1.1071,-0.1393,-0.8249,0.4697,0.3471,0.7008,-0.4517,2.6765,0.8136,0.6155,0.4451,-0.5765,0.13,-1.7171,-0.5018,-1.3464,-1.1619,-0.482,-0.4392,-1.1172,2.3698,-0.46,1.3138,1.8929,0.4737,0.4999,-0.2331,-0.2186,0.0133,0.4587,0.1856,-0.1283,-1.7672,-0.6121,-0.9172,-0.0356,-0.4253,-1.6774,-1.3458,2.2145,3.3792,0.1222,-0.7332,-0.9033,-1.6145,0.2488,-0.2849,-0.8691,-0.6032,-0.6116,-0.4017,-0.5333,0.204,-0.1984,-0.5329,1.0698,0.4978,0.0182,-1.1787,0.4118,0.3093,-0.2656,0.038,0.9932,2.1267,1.9409,1.7632,1.4665,0.9696,-1.7587,2.8877,1.4312,-0.0892,-0.9761,-0.2225,-0.3135,-1.5893,-2.6438,-0.9489,-1.5558,-1.1169,0.9907,-0.3666,-0.374,-0.153,-0.0266,-0.5727,0.0409,0.6165,-0.2333,-0.0114,0.4278,0.656,-0.4698,-0.5083,0.1522,-0.0401,0.0368,0.6488,0.837,-0.1052,-0.2662,-0.5217,-0.4857,0.3304,-0.1767,0.8228,1.1052,0.7051,-0.1437,-1.6811,1.1138,0.1517,-0.1996,-0.7042,-0.6188,-0.0685,-0.2964,0.1781,-0.1483,-0.244,0.5392,0.4436,0.3173,0.176,0.1835,0.0804,0.4089,-0.0471,-0.637,0.4148,-0.0914,-1.4237,-0.4905,-0.261,-0.9306,-0.1929,0.3065,0.8068,0.9101,0.9628,0.1412,-0.032,-0.2657,0.0241,0.559,0.6277,0.072,-1.2563,0.3527,-0.7936,0.0579,0.4007,0.0472,-0.3893,-0.9129,-0.0475,0.2551,1.0719,0.1205,-1.07,-1.0098,1.0019,2.3676,-0.5782,-2.0897,2.8902,1.5072,0.4922,-2.306,-1.393,2.8194,1.04,0.0576,-0.1928,-1.0381,-0.0692,-1.5753,-0.0893,-1.198
"IC24",-0.2701,0.0779,0.2486,0.2098,0.5997,0.5781,-0.1371,0.4163,-0.9395,-2.7731,-0.9448,0.2261,-0.5878,-0.247,-0.8783,-1.0806,-0.0179,0.2542,0.695,-0.8031,0.6567,0.0078,-0.4921,-0.0846,0.2109,0.8819,0.2771,0.3618,0.275,-0.5774,-1.09,-0.1072,1.5495,2.0903,1.8192,1.6656,0.2936,-1.2658,-0.076,0.1473,0.9979,1.6995,1.332,1.9971,2.3,0.0698,-0.3947,0.5789,-1.0912,-1.0627,-0.8192,-1.0239,-1.591,-1.3587,-1.2573,-0.3859,-0.0205,-0.9759,-1.3751,-0.6587,0.9115,0.4504,0.3737,-0.6795,-1.1289,-1.0218,-1.0845,-0.6183,-1.835,-1.0972,1.9804,0.8777,0.899,1.0258,1.1038,0.7313,0.417,-0.0899,-0.0744,0.2374,-1.0097,-0.4828,-0.9396,-0.0725,-0.0794,-0.8763,-0.6865,-1.1115,-0.9027,1.5926,1.7181,2.6508,1.8021,1.9363,0.604,1.5352,0.9992,-0.2437,0.6718,1.0471,0.1626,-0.925,-0.9222,-1.005,-1.2894,-1.3846,-1.2267,0.0961,0.2026,-0.9755,-0.6751,0.2143,-0.1075,-0.3115,0.1181,-0.8523,0.1488,0.0457,-0.1556,-0.1924,-0.398,-0.0629,-0.1173,-0.1558,-0.5481,-0.3463,0.6012,0.1074,-0.0283,0.0367,-0.2232,0.2627,0.4523,0.1375,0.7522,0.6889,0.4868,0.2523,0.2754,-0.6441,0.2077,0.401,-0.3476,-0.3931,0.3885,0.7973,0.8325,-0.2206,0.1267,0.235,0.0626,0.3711,0.5085,-0.1547,0.273,-0.572,-0.687,-1.0559,-0.4588,-0.5812,-1.1522,-0.5569,-0.5116,0.0185,0.0285,0.3388,0.2787,0.8972,0.3702,-0.0414,0.0664,0.3815,-0.2434,-0.2802,-0.5858,-1.215,-0.0067,0.3744,0.1863,-0.8851,-1.0644,-1.2532,-0.6888,-0.3481,-0.9272,0.1913,1.7956,3.6342,2.6697,1.6746,1.3168,0.4969,0.0075,0.8194,-0.0244,3.8748,0.4895,-0.0672,-0.1715,-1.134,-1.8014,-2.3338,-2.3141,-2.1934
"IC26",-0.3892,-0.5407,0.2539,-0.1418,0.4267,0.1509,-0.3901,0.6305,0.342,0.5811,0.6655,-0.5108,-0.958,-0.2031,-0.798,-1.1746,-0.9411,-0.6962,-0.7693,-0.6354,0.665,0.776,0.3428,0.3715,0.9156,1.574,1.0896,0.4982,-0.5574,0.4562,0.7129,0.0874,-0.2738,0.8842,-0.1357,-1.4735,-0.9141,0.7379,0.7853,-0.2552,-0.0072,0.2838,1.0197,1.8832,0.1916,-1.8964,-1.7712,-2.0957,2.2136,0.0508,-0.7213,-0.8126,-0.6784,0.3749,0.6579,0.651,-0.0963,0.2491,0.3915,-0.0848,-0.0242,-0.6816,0.39,-0.1303,-0.8498,-0.7933,0.2576,-0.3391,-0.4057,1.407,0.5512,-0.6231,-1.2761,-0.703,-0.2333,-0.8977,0.2283,0.4956,0.826,1.3041,1.0293,1.1629,0.7332,1.246,0.7542,0.3522,0.5146,-0.4365,-0.3764,-0.9038,-2.4908,-1.4009,-1.5934,-1.6527,0.1298,0.579,0.4271,-0.2532,-0.8623,-1.7493,-0.9553,0.5442,-0.548,-0.3649,0.6665,1.1996,1.0054,1.2769,0.2143,1.0614,1.5845,0.9133,0.8207,1.291,-0.2914,0.0078,0.8761,0.0936,-0.1681,0.2041,0.5412,0.0879,-0.2072,-0.1011,-0.492,-0.1044,-0.8859,-0.389,-0.1011,-1.8712,1.9075,0.5714,0.0499,-0.1179,-0.1712,-0.5897,-0.9378,-0.8004,-1.2949,-0.6796,-0.0536,-0.3944,-0.0955,-0.9305,-0.1558,0.3825,0.1572,0.9718,0.2653,0.0574,-0.3089,0.0277,-0.29,-0.4826,-0.2441,-1.4397,0.4169,-0.5315,0.3294,-0.4912,0.265,0.0703,0.1396,0.4566,-0.063,0.6578,-0.0348,-0.2936,0.0737,0.56,0.2091,1.2975,0.3831,0.6777,0.421,1.388,1.1385,0.7251,0.3297,0.4459,2.2336,0.7336,1.1384,1.3846,1.0022,-0.2798,0.8167,-0.1163,-3.4922,-4.3731,-4.9589,-2.9466,-1.013,-0.2188,-0.7658,-0.0943,1.2748,1.2437,0.7474,0.4416,0.2854,-0.0827,1.5284,0.9233
"IC27",-1.0569,-1.2742,-1.4361,-0.4627,-0.1408,-0.9913,-0.1637,-0.8744,-1.5344,0.5471,1.1988,0.4807,-0.0292,-0.7007,-0.3868,-0.0726,0.2525,0.2623,0.354,0.3356,1.8656,2.1905,1.3441,1.0024,0.6245,0.0776,1.0945,1.3263,2.2496,1.0715,0.2562,-1.6034,-0.5986,-0.6972,-0.4409,-1.2741,-0.1125,2.2316,-1.6646,-0.68,1.1154,2.0523,2.0325,1.3153,-3.8197,-1.6543,-1.2843,-0.1046,-0.8172,-0.3305,-0.8802,-1.0666,-0.8422,-0.5464,0.2784,-1.2504,0.8773,0.61,0.1721,0.9871,0.2521,0.3266,0.4953,-0.3949,-0.9569,-0.2695,0.5729,0.6343,0.1533,-0.8742,-1.4057,-1.532,-1.2179,-0.0482,-0.0247,-0.4754,-0.2194,0.9919,1.0306,1.2124,1.6549,0.8727,-0.0663,-1.1669,0.4605,0.6066,1.3895,0.2393,-2.7295,-0.3326,0.1577,-1.5239,-2.3378,3.4803,0.6878,-0.8315,0.1446,0.2857,0.0145,0.764,1.4456,0.9503,0.4178,0.6624,0.873,-0.4154,-0.4027,-0.1531,-0.3035,-0.1177,0.795,0.3753,-0.2214,0.5094,0.6782,0.2629,0.3543,-0.1297,-0.8521,-0.6773,-0.9134,-0.4098,0.2179,0.0317,0.6979,0.166,-0.591,-0.3776,-1.3848,-0.8066,-0.4853,-0.757,-0.181,-0.9772,-0.7522,-0.2353,-0.5669,-0.3381,1.2439,0.7096,-0.7126,-2.2064,-1.0206,0.1508,0.6493,0.4265,0.5332,0.2349,0.4345,0.1036,0.2631,0.2031,0.4706,-0.6148,-0.9912,-0.0137,0.3265,0.1964,0.151,1.0949,1.7467,2.034,1.6209,0.6142,0.1402,-0.2749,0.0816,-0.4869,0.4981,0.2224,0.2927,-0.1832,0.3394,0.4283,0.2635,-0.1007,-0.0987,-0.5478,-0.5449,-0.0417,-0.8235,-0.2522,-0.4754,0.177,-0.6546,-0.065,-0.9851,0.448,1.3393,-1.4407,2.2576,-1.6566,-2.3198,1.743,0.9494,1.1825,0.6483,-0.8982,-0.2439,-0.3136,-0.2721,-1.1047,-1.2451,0.5463
"IC29",-1.7389,-1.4003,-1.1492,-0.7426,-0.6361,-1.026,-1.0978,-0.9589,1.5206,1.6949,1.3065,0.2133,-0.2862,-0.7576,-0.3225,-0.1323,-0.1058,0.2289,0.5458,0.6743,1.6692,0.7702,0.4164,1.0481,1.4888,1.9483,1.2125,0.6132,-0.1089,0.1951,2.1259,2.2895,0.5729,-0.196,0.4907,-0.0566,-1.0444,-2.7173,-3.3084,-2.5215,-1.4339,-1.5615,-1.6307,1.754,2.2505,1.109,1.7643,0.7716,1.7585,0.1775,-1.199,-1.6186,-1.5761,-0.5488,-0.1607,-0.2857,-0.3293,-1.1522,-0.1284,-0.8846,-1.9407,-2.0129,-2.2938,-0.921,1.1022,1.1974,0.2986,-0.4661,-0.4874,0.2022,0.6485,0.6345,0.4931,0.7601,0.759,1.175,0.4293,0.5841,0.4586,-0.0668,0.2016,0.75,1.0976,0.6968,0.6884,0.0213,-0.6976,-0.0204,1.9225,1.8895,1.3571,2.1167,1.8043,-1.1219,1.142,0.4487,-0.3792,-0.2614,-1.242,-1.2124,-1.5916,-2.1166,-2.118,-1.4489,-1.0841,0.0994,-0.2502,-0.515,-0.4008,-0.3192,-0.0325,-0.0993,-0.1726,-0.6422,-0.7389,-0.4888,-0.3679,0.2336,0.031,0.4266,0.1484,0.0559,-0.1049,-0.5409,0.0763,0.0886,0.4135,0.5632,1.9226,0.6873,-0.3027,0.6003,0.6305,0.8599,0.3713,-0.3867,-0.2565,-0.4253,1.0536,0.3742,0.0358,-1.1604,-0.3959,-0.065,-0.0974,0.0352,0.5152,0.2019,0.4665,0.4118,0.5014,0.009,-0.1325,-0.3568,-0.2381,0.4247,-0.0775,-0.0302,-0.3628,-0.4109,-0.699,-0.6253,-0.2048,-0.3694,-0.2589,-0.3503,-0.3486,-0.5002,-0.4119,0.3045,0.9997,0.7863,0.267,-0.2259,-0.1551,-0.1323,0.0156,-0.0197,0.4077,0.9587,-0.1375,0.434,-0.177,0.4831,0.7856,-0.4982,1.7921,0.3032,-0.1667,-1.079,-0.3518,0.7369,0.3208,0.851,0.8217,1.6271,0.1253,-1.3295,-1.9401,-1.7868,-1.0715,-0.7904,-0.2773,0.8307
"IC31",-0.454,-0.9373,-0.5108,-0.9204,-1.4154,-0.4072,-0.4563,0.2316,-0.857,0.5275,2.8866,2.6756,1.5043,0.8533,-0.4447,-0.4331,-0.9566,-0.4552,0.0595,0.0566,-0.0613,0.2303,1.7908,0.5148,0.3708,0.7917,-0.635,-0.4716,-1.7554,-1.4319,-1.1657,-0.2844,0.61,1.0778,0.7598,0.8411,0.3018,1.5764,-0.8911,-1.0906,-1.0236,-1.6143,-1.524,-1.678,-0.5793,0.3804,1.6684,1.393,0.9744,1.2716,1.4289,0.776,0.2285,0.0903,-0.8451,0.0615,-0.11,-0.5856,-0.3881,0.0819,0.5132,-0.9958,-1.7389,-1.6355,-0.3936,-0.6735,-0.2781,0.0025,0.196,0.8169,0.2187,0.0256,-0.3384,-0.8128,-0.4541,-0.4661,-0.9944,-0.5993,-0.0286,0.7965,1.1428,1.0561,1.2888,1.0338,0.2765,0.5703,0.1411,-0.4526,-0.1296,0.2373,1.6667,1.1809,1.7674,2.7393,2.9167,1.5391,0.4219,0.3076,-1.5929,-1.6174,-2.2303,-2.2916,-1.9978,-1.5932,-1.4574,-0.0996,-1.0927,-0.8957,-1.0586,-0.5185,0.1327,-0.1349,0.4269,0.4751,0.488,0.7555,0.8757,0.2336,0.1463,-0.4134,-0.2219,-0.2062,-1.0452,-0.2513,0.0316,0.2419,0.3046,-0.688,-0.4209,-0.7132,-0.3965,0.3939,-0.0474,0.0788,0.522,0.5013,-0.0619,0.4509,0.0876,0.2835,0.9814,0.1784,0.8435,0.612,0.7695,1.9396,0.3094,0.6388,0.1072,0.3255,0.5363,-0.2258,-0.705,-0.3273,0.0877,-0.7241,-0.7113,-0.6398,-0.386,-0.5261,-0.2018,-0.0671,0.5902,0.2915,0.0439,0.1107,-0.1034,0.1485,-0.6722,0.1822,-0.4533,0.2704,0.1521,-0.2806,0.18,-0.6115,-0.7231,-1.2287,-1.3466,-1.1483,-0.5379,0.1463,-0.155,-1.252,-0.8515,-0.2685,-0.326,0.6406,2.4028,3.4219,1.5225,0.2122,0.5321,1.7771,-0.131,1.8062,1.6839,0.3395,-1.1197,-2.4703,-1.6976,-1.0286,-0.1547,-0.5887
"IC33",1.0837,0.6695,0.8213,1.3523,1.7987,1.351,1.8706,0.8086,-2.8543,-1.0173,-0.53,-0.7987,-0.9119,-1.5338,-0.767,-0.5662,-0.2029,-0.6892,-0.2337,0.1063,0.9805,1.587,0.8176,0.4256,-0.2572,-1.5562,-1.0305,-1.3898,-0.9021,-0.7989,-2.0351,-2.4355,-1.2111,-0.7989,-0.2757,-0.5094,-1.1062,2.3008,0.7619,0.5881,1.1769,1.7509,1.66,-2.1989,-0.0877,2.5012,-0.7492,1.1554,1.6482,0.7237,1.023,0.4198,0.5843,0.6569,0.7994,-0.1136,-0.273,0.1483,0.4272,0.8538,0.7892,0.4688,0.934,-0.4565,-2.8768,-0.8765,0.4073,0.3752,-0.0698,-0.9301,-0.9502,-0.6326,-0.4575,0.1018,0.5307,-0.3587,0.2003,0.7426,0.4212,0.2159,-0.1654,0.0145,-0.6305,-0.7921,0.033,-0.0896,0.2063,-0.1618,-4.0667,-1.8858,0.5805,-0.952,-1.1928,0.2509,0.8946,0.4393,0.3233,0.3778,-0.5989,-0.3236,0.0449,0.4834,1.0573,1.5159,1.0787,0.3815,0.6892,0.6072,0.18,0.1666,-0.1595,-1.2105,-0.0484,0.1139,-0.0134,0.6598,0.8194,0.3201,-0.3474,-0.2151,-0.3767,-0.3416,0.3714,0.499,0.2291,-0.503,-0.1278,0.2099,-1.1591,1.1669,1.1121,0.2908,0.6538,-0.1278,0.2616,0.4067,-0.0639,-0.2085,-0.5348,-0.1208,-0.3204,-0.0658,-0.2176,-0.5567,0.0082,-0.4239,-0.8026,-0.9763,-0.7318,-0.2583,0.0089,0.3313,0.8955,-0.1658,-0.1055,-0.1944,-0.0669,-0.1154,0.0671,0.3883,1.0168,0.6251,0.1111,0.2359,-0.028,-0.2446,-0.6053,-1.4515,-1.1909,-0.9437,-0.5153,-0.6093,-0.7319,-0.1849,0.614,0.7919,1.4878,0.7765,0.7163,-0.2049,0.6982,0.6236,0.8661,0.6555,-0.0775,0.4142,-3.3933,0.0851,-0.9071,-1.0361,2.1627,-0.9123,-1.5488,2.1766,1.6177,1.9382,-0.2352,-1.632,-1.343,-1.2971,-0.9889,0.7982,1.2856,1.0676
"IC36",-0.7635,-1.0162,-1.2912,0.0757,0.5035,0.5435,0.3928,0.4609,1.6436,0.3298,-0.8554,0.9543,-0.7032,-0.8755,-0.7616,-0.8626,0.1903,-1.1555,-0.2789,-1.2438,0.5614,1.1203,-0.0221,1.4758,0.549,0.2601,0.2572,-0.2152,1.095,-0.0064,-0.8515,0.5225,-0.4439,-0.495,-0.9398,-1.3184,-2.2304,3.9368,2.8428,0.2087,0.334,0.0697,-0.7661,-0.7802,1.277,0.941,-0.5233,-0.863,-1.6069,-0.1013,-0.9982,0.0183,-0.4427,0.0245,0.7274,-0.2782,-0.1741,-0.5637,0.1992,0.3434,-0.2472,0.2393,0.3462,0.1686,0.2173,0.2188,-0.1649,1.5566,1.2165,0.8815,1.1865,0.5321,0.4889,-0.0861,-0.4914,0.0429,-0.374,-0.7886,-1.5597,-0.8764,-0.793,0.9936,0.0584,0.4018,0.0931,-0.9756,-0.1992,-1.1591,1.0311,-0.0802,-0.9787,-0.2336,0.1947,1.1442,1.6465,0.3749,-0.0547,-0.8892,-0.8433,-0.0501,-0.6973,-0.9986,-1.3109,-0.2722,-1.162,0.4929,0.7565,-0.8668,-0.6134,-1.1347,0.2953,-0.5722,-0.9586,-1.3183,0.0291,0.6783,-0.0574,1.0582,0.0862,1.2439,0.9889,1.0529,1.1161,0.4231,1.1569,0.957,2.0052,1.308,0.0474,2.4765,0.2986,-0.1128,0.1233,0.06,-0.3204,-0.9037,0.4713,-0.9703,-0.6369,-0.1534,-0.8339,0.2095,0.3808,1.3669,0.0015,-0.4423,0.4472,-1.1169,-0.127,-0.7195,-0.6047,-1.4855,-1.5689,-1.431,-0.9293,-0.3164,-1.4267,-0.9078,-1.1706,-0.33,-0.737,-0.1065,-0.4393,0.7464,0.3456,0.231,0.4368,0.8282,0.9862,0.352,1.7044,-0.1093,0.1946,-0.9593,-0.1766,0.228,0.4167,0.0934,0.1086,-0.1561,-0.2782,0.0518,0.0965,1.0296,-0.0646,0.2399,-0.1011,-0.1797,1.059,2.6392,1.8387,2.6134,0.1642,2.013,2.7879,1.3867,-0.8193,-1.3779,-1.7596,-1.793,-2.9309,-2.0096,-1.882,-0.3924
"IC37",0.4769,-0.2213,-0.2336,-0.3431,-0.4352,0.4772,-0.3288,0.7309,3.3451,1.2279,0.0714,0.7718,0.2707,0.8291,-0.5753,-0.5505,0.2654,-0.5036,0.1808,0.1659,1.5318,-0.1211,-0.6499,-1.0468,-1.7464,-0.4176,-0.969,-1.0133,-1.4555,-1.1219,-1.8713,-0.5141,-1.1933,-1.297,-1.8929,-1.8908,-1.061,0.2403,3.3445,1.5319,-0.3981,-1.302,-1.7022,-1.8796,0.9228,0.6162,1.9368,-0.1999,1.7247,1.3527,-0.0574,1.0119,0.427,1.0861,0.8152,0.5181,0.9307,0.9601,1.1088,0.7014,1.1706,0.2178,0.9056,1.3002,1.8887,1.8689,-0.383,0.0789,-0.1931,0.3961,0.8559,-0.6868,-1.0585,-1.7315,-1.5479,-1.4615,-0.9817,-0.0199,-0.9651,-0.4995,-0.8071,0.2147,-0.286,-0.3336,-1.0469,-0.6562,0.585,0.3635,2.4212,0.2784,0.5912,-0.1794,-1.3545,-1.8296,-2.2513,-0.5714,-0.8823,-0.7668,-0.5827,-0.1469,-0.8957,0.9704,-0.1828,0.1708,-0.0348,0.9588,0.553,0.0589,-0.4917,-0.3392,0.9266,-0.1823,-0.224,-0.8084,0.7979,0.3789,-0.0576,0.0653,-0.1977,0.6194,0.5945,0.8029,-0.0053,0.0791,0.5236,0.6105,1.7241,0.1291,0.4079,1.5181,0.5668,0.1537,-0.1645,0.1079,0.0304,0.0447,0.8239,0.1071,0.1764,0.4628,0.7239,1.0698,0.865,1.3497,-0.4786,-0.3571,-1.0523,-1.2235,-0.7008,-1.059,-0.5236,-1.1477,-0.552,-0.8122,-0.3615,-0.7732,-0.4125,-0.8919,-0.8067,-0.5241,0.0155,0.4115,-0.3237,0.1492,-0.5903,0.2168,-0.2703,0.0505,-0.574,-0.1736,-0.6192,-0.6263,-0.2529,-0.8562,-0.168,0.1509,0.3565,-0.7168,-0.3098,-0.3872,0.2264,-0.2337,-0.1278,-0.0194,-0.5574,0.4242,1.7778,1.8289,2.2805,0.874,1.8924,2.0174,0.4125,1.8516,2.4935,0.0194,0.3215,-0.7224,-1.6721,-2.0136,-1.6304,-1.2294,-0.9012,-0.4016
"IC38",-1.0829,-0.828,-0.3385,-0.398,-0.5379,-0.2728,-0.9651,-0.1769,2.8607,1.4658,-0.8433,-1.0134,-0.6667,-0.1217,-0.7794,-0.3961,-0.4051,-0.2481,-0.0247,0.0321,1.639,0.3049,-0.0792,0.0586,0.3095,0.8444,0.3669,0.5328,0.0762,0.5828,0.6079,1.4549,0.4852,-0.0239,0.0693,-0.0459,-0.8449,-1.6405,2.4888,1.0246,-1.2187,-1.3874,-0.5324,0.0643,1.5139,1.7139,2.4835,1.2814,2.1543,-0.7039,-1.3275,-1.1288,-0.7337,-0.9286,-0.9573,-0.1929,-1.0707,-1.0252,-0.7417,-1.0258,-0.9643,-1.2081,-1.405,-0.51,2.9265,0.986,-1.0098,-1.221,-1.4798,-0.9738,1.417,0.8932,-0.7075,-1.2041,-0.7622,-0.5504,-0.224,0.0935,0.1727,0.1985,0.1571,0.1906,0.1158,-0.0091,-0.6338,0.1767,-0.0678,-0.5738,4.2272,2.1685,2.055,1.7328,0.723,1.5298,1.6711,-0.8882,-0.5375,-0.7475,-0.4066,0.0648,0.1997,0.6514,-0.067,-0.5852,-0.6378,-0.8035,-0.5579,-0.4369,-0.4695,-0.4305,-0.7574,0.4347,0.5024,0.3987,0.3058,-0.2183,-0.5061,-0.5698,-0.3075,-0.8045,-0.6082,-0.4909,-0.652,-0.5178,-1.0411,-0.4334,0.051,-0.1096,0.4135,0.5837,-0.075,-0.7195,-0.7227,0.777,0.0732,-0.453,-0.2521,0.2409,0.4061,0.1573,0.2724,-0.2069,0.0756,-0.0426,-0.2951,0.6148,0.2811,0.7004,0.7185,1.0627,0.5392,0.467,0.1895,0.2323,0.1303,-0.0866,-0.0075,-0.2124,0.2275,0.0687,0.1024,0.0315,0.551,0.3226,-0.09,-0.0638,-0.061,0.2311,-0.2472,0.0779,-0.3137,0.4034,-0.1873,-0.106,-0.7485,-0.5609,-0.5666,-0.9218,-1.2928,-1.0978,-1.055,-1.4433,-0.7659,-0.9865,0.0408,-0.2302,2.6832,0.1359,3.0736,3.6225,2.1736,1.3252,0.2402,0.8169,1.4474,-0.4014,-1.1611,-0.5209,-1.0964,-1.7352,-1.2617,-1.2754,-0.361,-0.549
"IC41",0.1568,0.5544,0.5724,0.1436,-0.7977,-0.8957,-0.7571,-0.3108,3.4849,2.0963,0.2346,-1.014,-0.6268,0.3129,-0.2542,-0.4238,-0.1705,0.1281,0.4355,0.1313,0.4062,-0.1097,-0.2784,-0.5599,-0.3124,-0.385,-0.6884,-0.2146,-0.7212,-0.557,-1.3263,0.8596,-0.3262,-1.0053,-0.4152,-0.3074,0.0073,-0.6777,0.9466,-0.6459,-1.3416,-1.3941,-1.4634,-0.8645,2.4323,0.1071,2.0826,1.6853,2.1238,-0.0124,-0.0371,-0.2058,0.2292,0.5695,0.1215,0.3891,0.12,0.6628,0.3865,-0.6037,-0.8231,-0.9352,-1.2859,-0.4536,2.0944,-0.3779,-1.0692,-0.8395,-0.7582,0.0065,2.9244,1.4581,-0.5397,-0.5779,-0.0339,0.0568,0.3505,-0.3513,-0.2996,0.2373,0.1138,0.3814,0.3185,0.6143,0.3154,-0.2173,-0.4509,0.1511,3.9298,0.6638,-0.2727,-0.5368,-0.0015,2.6954,-1.5148,0.1933,0.0392,-0.8824,-0.4031,-0.8647,-1.5863,-1.0672,-1.2896,-0.9516,-1.458,-1.2862,-1.2538,-0.6754,-0.1661,-0.6757,-0.7023,-0.0983,0.006,-0.4172,-0.3047,-0.6451,0.2441,0.2349,0.5144,0.3221,0.5938,0.8386,0.3551,-0.5178,-0.7086,0.3095,0.0992,0.5862,0.8907,1.0936,1.2692,0.8466,0.8853,1.0577,0.7973,0.7763,0.5723,0.5049,0.5685,0.5187,0.538,0.6572,0.9688,0.344,0.6298,0.6303,0.3274,-0.0431,-0.3146,-0.4749,-0.8816,-0.0813,-0.2676,-0.666,-0.7188,-1.1864,-0.6218,-0.922,-0.9536,-1.1997,-1.1895,-0.4288,-0.2884,-0.567,-0.4775,0.1027,-0.0043,-0.3177,0.0516,0.1418,-0.502,0.0193,-0.7206,-0.3908,-1.0877,-0.9571,-1.058,-1.1742,-0.6645,1.1977,0.0038,-0.7044,-0.1691,0.1784,-0.2242,-0.0874,3.3871,2.3164,0.9011,0.8762,0.2887,3.6713,1.185,1.5226,0.612,2.0714,0.0077,-0.3349,-1.1755,-2.1277,-1.7342,-1.1355,-0.8761,-0.7136
"IC42",0.1773,0.0921,-0.6889,0.6133,1.2025,-0.2388,0.7075,1.2633,0.0604,-1.6543,-1.2613,0.8676,-1.4628,-1.7703,-0.9804,-0.6537,0.2146,-0.7031,0.533,0.2493,0.6726,0.3945,0.9401,1.7465,0.8939,0.0907,0.0113,-0.5438,0.7304,-1.7112,0.2076,-0.0503,-0.3633,-0.1371,-1.0601,-0.0662,0.515,1.7922,-0.3994,-0.0435,1.9141,1.4578,0.3707,0.4831,-0.8746,0.1523,-0.2193,0.4722,-0.7978,-0.3028,-1.3465,-0.1996,-1.023,-0.265,0.6934,-0.7674,0.4082,-0.6084,0.6186,0.7887,-0.3224,-0.039,-0.4704,-0.0705,0.2874,0.4264,0.3161,2.0263,0.7776,-1.5837,-2.2683,-1.8635,-0.5763,-0.8398,-1.0181,0.0231,-0.1194,0.1956,-0.6217,0.3807,0.0999,0.5308,-0.2685,-0.5537,0.6721,-0.5335,0.5962,1.3335,-0.7904,-0.7617,-0.993,-0.8052,0.5912,3.0254,2.0263,1.3461,0.5975,-0.2726,-0.484,1.4752,-0.5929,0.7906,0.111,1.5005,0.7656,1.1296,-0.7718,-1.9181,-0.4184,-0.4925,0.7614,0.0084,1.749,1.1337,1.5838,-0.5962,-1.0542,0.4691,-0.7691,-1.0378,-1.9966,-1.8461,-1.22,-1.6619,-0.5029,-1.6213,1.2776,0.7629,-0.5137,0.9112,-1.7814,-1.1296,-0.3358,-0.5561,0.9697,0.3706,0.3993,-0.3071,0.4905,0.9654,-0.8739,-0.8163,-1.7721,-0.7915,-0.3935,-0.1591,1.528,0.4306,1.317,1.0413,1.4465,0.4688,0.4446,0.4282,0.8576,1.9835,0.1432,2.4363,0.6042,1.3841,-0.0467,-0.223,-1.0857,-1.0294,-0.8349,-0.8551,-0.9437,-1.0741,-0.8315,-1.5698,0.4728,-1.7063,1.6505,0.3519,0.7919,0.1579,0.1903,0.5429,0.2725,0.2426,-0.3685,0.7763,-0.2798,0.2811,-0.2977,0.415,-0.2517,-1.1124,-1.2987,-0.3355,-1.2026,-1.491,-0.4277,1.7197,0.3831,1.543,-0.1988,-1.6345,-1.8135,-0.1996,-0.0348,1.9303,0.4044,1.672
"IC43",0.3014,0.3436,0.086,-0.1717,0.2604,0.5567,0.4038,1.6382,2.1346,1.3064,0.2983,0.8071,-0.4951,-0.1795,-1.5588,-1.045,-0.2981,-1.422,-0.1454,-0.5235,1.3142,-1.0112,-1.2768,-0.9496,-1.1819,0.1316,-0.8825,-0.4644,-0.2045,-0.6321,-0.4553,-0.2021,-1.6283,-1.0619,-1.3627,-1.5597,-0.5827,2.8148,3.0731,1.0475,0.3394,-0.8506,-0.8886,0.3814,-0.2463,2.7456,-1.1538,-2.6136,-0.2159,0.0198,-0.5453,0.62,-0.0114,0.7847,1.0119,1.0072,0.6814,0.4176,1.2556,1.0847,1.77,1.2218,1.5023,1.3168,1.1326,1.4618,-0.2227,0.2912,0.2512,0.9435,-0.4897,-0.5427,-1.1666,-2.6015,-2.4482,-1.3973,-0.5668,0.1938,-0.5185,-0.8918,-1.7116,-1.0101,-1.3595,-0.5011,-0.2666,0.1078,0.8375,0.8411,1.8087,1.2958,0.4337,-0.0426,-1.3083,0.0506,2.0319,-1.0184,-0.8388,0.1341,-0.3555,0.6584,-0.5036,0.6281,-0.5332,-0.202,-0.9345,-0.2769,-0.2041,-0.2258,0.0326,0.0033,0.0699,-0.9825,-0.4599,-0.8044,-0.1315,-0.976,-0.8722,-0.0683,0.1709,0.3587,-0.1442,0.5489,0.6574,0.3678,0.5313,0.7129,2.1084,0.4256,0.8501,2.5014,1.5211,1.0301,0.3048,0.447,-0.1099,-0.7523,0.323,-0.5621,0.6185,0.5101,-0.1018,0.1661,0.6998,0.5598,-0.9946,-0.1655,-0.1169,-0.5547,-0.6134,-1.0713,-0.6753,-1.5767,-1.4421,-1.4088,-0.0304,0.3755,-0.2055,-0.5531,-0.1069,0.0169,0.1261,-0.0016,-0.227,-0.1612,-0.7576,-0.0115,-0.2713,0.5453,-0.0742,0.1234,0.2973,-0.1644,0.2586,-0.3195,0.1075,-0.3124,-0.6898,-1.2115,-0.7168,-0.8197,-0.0894,-0.1501,-0.366,-0.2493,0.0402,1.3187,1.9231,0.5964,1.0697,0.4978,-0.0893,1.9022,0.2303,3.3192,2.3383,0.0661,0.0837,-0.4581,-1.3691,-1.282,-1.405,-0.9261,-0.5643,-0.4097
"IC44",0.3993,-1.0537,-0.2602,-0.4597,-0.7183,0.0486,0.607,0.813,-0.6359,0.7252,0.5668,0.5103,0.7619,0.0493,-0.5222,-0.7353,-0.9863,-0.5199,-0.9251,0.0492,-0.5784,0.5746,0.4985,-0.2207,0.0511,-0.1424,0.0626,-0.4009,-1.0534,-0.4179,-1.077,-1.5756,-0.1624,0.8667,0.7779,2.2341,2.8248,4.3383,1.693,1.1598,-0.5471,-0.3344,-0.3625,-0.8675,-1.3866,-1.2542,0.2753,-1.3608,-0.0225,-0.7698,0.0856,0.0502,0.6365,0.344,-0.2248,0.1752,1.6986,0.4916,-0.6108,0.0783,0.5116,0.1516,-0.3182,-0.77,-1.0771,-2.0226,-1.7855,-1.7029,-1.5457,0.0213,2.0778,0.352,-0.0274,-0.0491,0.1439,-0.0471,-0.9663,-0.2262,-0.3498,-0.1296,-0.1831,-0.4989,1.0466,-0.0287,0.0442,0.3417,0.2926,-0.171,1.2548,1.9289,2.5846,1.0987,0.5605,1.0635,-0.45,0.2644,-0.1093,0.4129,0.8186,-0.8107,-1.6665,-0.7257,-0.2135,-0.7652,0.0551,-0.3102,-0.5566,-1.1034,-0.476,0.032,0.2267,1.9816,0.0745,-0.3911,-1.4414,0.2169,-0.1488,0.0794,0.5541,0.1079,0.9545,-0.1427,-0.8466,-0.2611,-0.3768,0.365,-0.3294,-0.1469,-1.1739,-0.3162,-0.4876,-1.2702,0.7807,0.4601,0.2493,0.2861,-1.0734,0.6924,0.6084,0.5653,0.2922,-0.9094,-0.0133,-0.1882,1.6211,1.1677,0.1939,0.1957,-0.7709,-0.0913,0.0079,-0.4216,-0.495,0.2329,-0.0521,0.0774,1.0245,0.153,0.1235,0.1301,0.0156,0.1196,0.0262,-0.3783,0.3432,0.2813,0.4641,-0.79,-0.1042,0.1575,-0.4304,-0.1026,-0.5911,0.1247,-0.0159,-0.0406,0.4378,0.0651,-0.5768,-1.1193,-1.0338,-0.6399,-1.7588,-1.6618,-1.0936,-1.4688,0.381,5.6262,1.2303,1.0287,0.6661,1.5218,0.6108,-0.3426,-0.0326,2.4341,0.8925,1.3219,-0.1764,-0.1423,-0.7303,-2.7835,-1.4085,-1.6334
"IC45",-0.7471,-0.9445,-0.5371,-0.9933,-0.9874,-0.9389,-1.0502,-0.4143,2.0447,2.6332,1.0979,1.9854,1.5529,0.0986,0.1512,0.1146,-0.1993,-0.2942,-0.8329,-0.2084,-0.0173,0.1898,0.1907,0.1911,-0.2251,0.1653,0.6177,0.0733,0.2834,0.3726,0.8036,1.5952,-1.4022,-0.3405,-0.7158,-1.1106,-0.5083,0.97,-1.2446,-1.2422,-1.5079,-1.4192,-1.5421,-2.1995,0.1078,-0.2513,2.0697,1.761,-0.7324,-0.6089,0.2192,0.2318,0.7596,1.2874,1.9436,1.4852,0.4223,0.5973,-0.6234,0.2205,-0.2651,-0.7776,-1.1249,-0.655,0.6569,0.0608,-0.3793,-0.0011,0.4167,0.5685,-1.445,-0.2112,0.4912,-0.1651,-0.9744,-0.6936,-1.2776,-0.7421,0.0116,0.1522,0.2447,0.2318,0.1907,-0.0812,0.6567,1.3842,1.472,1.2031,2.0141,2.5164,2.0618,-0.7307,0.7949,0.5296,-1.2954,-1.4711,-0.0337,0.3389,-0.1038,-0.7939,-0.9335,-3.1752,-1.5263,-1.4685,-1.0467,-0.5131,0.5168,-0.0123,-0.0915,0.3063,0.2805,-1.0392,-1.1684,-0.0814,-0.8308,0.6924,0.2229,0.5138,0.1299,0.1141,0.5191,0.6131,1.5656,2.1185,1.8406,1.4766,0.0309,0.3146,-1.1625,0.2041,-1.6047,-1.2848,-0.1391,-0.4374,-0.2661,-0.2301,0.0527,0.13,-0.6969,0.5403,-0.4214,-0.2265,0.6792,0.3035,0.1928,0.1412,0.4224,0.2022,-0.561,-0.7764,-0.7731,-0.4988,-0.5771,-0.4933,-0.602,-0.4231,0.5553,1.1643,1.1644,0.8627,0.9772,1.062,0.7002,0.8915,0.4553,-0.1141,0.0136,0.2108,-0.3812,-0.3776,0.0064,-0.3651,-0.9429,0.6969,0.2887,0.6935,-0.8955,-1.0421,-1.3271,-0.9348,-1.6115,-1.182,-0.9693,-0.7516,-0.0789,-0.9791,0.5391,2.1398,0.1871,0.0729,4.5739,0.306,0.5302,-2.2227,-0.1436,-0.9322,0.5211,1.0013,0.0301,0.4677,-0.0016,-0.5546,-0.0154,-0.5245
"IC46",0.364,0.2967,0.6466,0.2247,-0.307,0.7889,1.2909,1.8991,1.712,0.8574,-0.0937,1.0548,0.8397,-0.324,-1.0516,-0.6243,-0.7221,-0.8092,-0.5931,0.0605,-1.0444,-0.9327,-0.2042,-0.6565,-0.6203,-1.16,-1.6091,-1.395,-1.5228,-0.9516,-1.2735,-1.5737,-0.6939,-1.0791,-0.7386,-1.0124,-1.4999,0.7854,2.5794,1.5716,0.3251,-0.1318,-0.1367,-2.2243,-0.509,2.3285,-0.2807,-0.6103,1.1291,1.8821,1.8347,1.6306,1.6441,1.8486,1.9233,1.4875,0.6878,1.0145,0.8913,0.2733,0.5902,-0.2091,-0.1799,-2.0979,-0.5826,1.3671,-0.7787,0.6304,1.1126,0.3547,0.4499,-0.0005,-0.5454,-1.6173,-0.9212,-0.2137,-0.3728,-0.3741,-1.0396,-0.8468,-0.7791,0.0876,0.4399,-0.0911,-0.2419,0.1951,0.0132,-0.4947,0.1378,-1.7107,0.9959,-1.8981,-2.6692,-1.3535,-0.2683,0.6,0.1808,-0.0872,-1.8392,-1.7235,-1.6623,0.2547,0.6568,0.9442,0.7538,0.811,1.3224,0.8107,0.4731,0.6974,-0.2062,-0.629,0.4871,-0.378,0.3975,0.5016,0.8181,1.0735,1.1312,0.5916,0.1313,0.737,0.4255,0.1592,0.2713,0.0336,0.4283,-0.2303,0.5424,0.8533,0.3095,0.6279,-0.1983,0.0076,0.361,0.2339,0.6348,0.4978,-0.4536,0.0243,0.6318,0.7765,0.3518,0.2925,-0.4016,-0.1551,-1.866,-2.0153,-1.7241,-2.0033,-1.1631,-1.08,-0.1269,-0.9066,-0.8409,-0.4289,-0.1509,0.6807,0.7294,1.4227,1.4185,1.2939,0.1329,-0.2426,-0.5017,-0.8184,-0.9009,-0.7101,-1.3649,-0.5377,-1.2205,-1.3936,-1.174,-0.8702,0.7392,0.9064,1.3593,0.8832,0.5636,-0.1404,0.9813,1.1115,1.3998,1.4715,1.1341,0.3852,0.6132,-0.4595,-0.1589,-1.5322,-1.6956,0.8157,0.6569,1.3268,0.0233,0.8802,0.2257,-0.4848,-0.6276,-1.4564,-1.1669,0.5965,0.3743,0.1895
"IC47",-0.6094,-0.762,0.6304,-0.0149,0.2217,0.1349,0.0477,0.3113,-0.6206,1.7936,1.2556,0.8882,0.4588,0.576,-1.8333,-2.2112,-1.2479,-0.5857,0.5268,-0.2035,1.3544,-0.6864,-0.3959,-0.8181,-0.5762,0.8783,0.4009,0.4742,-0.2268,0.9461,0.1727,-1.313,0.4198,-0.2736,-0.1525,-0.9619,0.8047,-0.0909,-1.9445,0.1132,0.564,0.0099,1.0571,-0.4221,-0.8816,-0.6734,0.1492,0.338,0.258,-0.0635,0.6668,1.019,0.5784,1.8681,1.1826,1.3466,1.5456,1.2254,-0.1211,0.3967,0.5047,-1.7591,-0.9171,-0.5698,-0.4344,-0.5373,0.0344,-0.9555,-0.6655,1.4596,0.102,-1.611,-2.3138,-1.158,0.1267,-1.4542,-0.4774,-0.4325,-0.1756,-0.3192,-0.3299,0.2897,0.4994,2.0653,0.5999,0.3489,1.0367,0.3308,-0.2076,-1.5383,0.1802,-0.3588,0.226,1.1085,3.2937,1.2007,-0.3009,-0.134,-0.4173,-0.7593,-0.9583,-1.5962,-0.5532,-0.0123,0.0792,0.8115,-0.602,-0.3608,-2.0581,-1.0701,-0.8739,-1.7527,0.8631,0.6428,0.3736,-0.1265,1.2781,0.5266,0.4925,1.3509,1.1554,1.9975,0.9304,1.1458,0.9939,1.1354,-1.0305,-1.4753,-0.2069,-0.7713,-0.6469,0.1942,-1.0153,-0.0169,0.045,0.5021,0.2093,0.3461,0.6294,-0.9643,0.6528,0.5391,0.5554,0.3803,0.9074,0.9594,-1.6889,-2.1454,-2.2213,-2.5216,-1.8008,-0.8091,-0.0876,-0.2029,0.0218,-1.4522,0.3944,-0.1954,1.2242,0.0849,0.862,1.1555,0.0336,-0.2831,-0.2269,1.2859,0.7359,0.989,0.2241,1.0311,0.2643,0.2037,0.2123,1.1098,0.1736,0.8811,0.6367,-0.1707,-0.1684,-1.0655,-0.3428,-0.4861,0.0816,-0.3373,-1.0988,-0.0438,-0.4326,-0.2529,-0.6894,0.5705,-1.0333,0.2658,1.2526,-0.722,-1.1571,4.4772,1.4898,-0.8538,-0.8372,-2.1964,-0.201,-0.3047,-0.0277,0.2837
"IC48",0.1013,-0.1787,-0.4025,-0.3097,0.1994,-0.427,0.4266,0.5179,0.377,-0.5808,0.4829,0.2078,0.0024,-0.3008,-0.045,-0.0361,0.3938,0.5301,0.4742,0.6677,1.0128,-0.4662,-1.4684,-0.7098,-0.2912,-1.1635,-0.8747,-0.3233,1.0962,0.5443,1.0724,0.489,0.0397,0.0112,-0.5729,-1.6382,-0.8102,-2.6517,-1.4633,-0.9659,-0.4709,-0.2574,-0.0035,2.2526,1.6018,-0.087,0.3984,-0.0293,0.4196,0.1186,0.492,0.4044,0.8117,0.5978,1.1752,0.8975,1.2275,0.6073,0.1669,0.9447,0.1895,0.4595,0.324,-0.0301,1.3319,0.8486,0.4439,0.1295,-0.4585,-0.1552,-0.3072,-0.7295,-1.3705,-1.522,-1.4765,-1.9367,-1.0924,0.1382,-0.5348,-0.8036,-1.2458,-0.6479,-0.7349,-0.5952,-0.0084,-0.4177,-0.1373,0.7834,2.0277,0.8175,-0.2711,-0.1891,-0.6131,2.3902,2.0487,-0.506,-0.4439,0.7381,1.0954,1.3202,0.5492,0.2015,-0.6217,-0.7584,-0.7344,-0.0839,-0.064,-1.1959,-1.0149,-0.7156,-0.8576,-0.7024,0.1993,0.0893,0.1533,0.1053,-0.6464,-0.4486,0.1466,0.7809,0.7644,0.3308,0.8585,-0.0619,0.188,0.0913,0.2317,0.5514,0.8169,-0.3704,-0.0878,-0.4788,-0.412,-0.7516,0.0138,0.2146,0.3887,-0.0292,0.6018,0.6815,0.8923,2.0658,0.999,1.3235,1.2177,-0.1144,-0.0986,-0.2045,-0.4884,-0.8475,-1.4725,-1.6817,-1.4907,-1.0613,-0.6549,-0.4731,-0.7065,-0.5013,-1.1948,-0.9512,0.1768,0.7503,-0.0298,-0.2885,0.0573,0.5904,0.9268,0.3609,0.2649,0.223,0.9672,0.3461,0.3229,0.6408,-0.162,-0.1252,-0.6113,-1.0455,-1.447,-2.4009,-1.3754,-0.6082,-0.2146,-0.3364,-0.3277,0.4014,1.8105,-0.3492,2.1573,3.7373,3.4612,-0.3803,-0.2469,2.6628,2.2145,2.4364,1.1214,-0.6252,-1.9051,-1.9066,-2.1055,-2.1091,-1.207,-1.3969
"IC49",-0.0312,-0.4189,-0.8494,-0.3286,-0.5567,-1.1636,0.0353,0.6917,-0.3933,1.1623,0.7997,0.0425,1.7707,1.2419,1.0514,0.6616,0.1999,0.0239,-0.0408,0.1998,1.2108,0.8042,-0.928,-1.212,-0.5367,-1.6031,-0.7085,-0.6963,-0.8806,-1.1114,-1.5816,-0.4384,0.1496,-0.8207,-0.2695,-0.1284,0.3488,1.2035,2.1498,2.7662,0.564,-0.6524,-1.7405,-1.9116,-1.8376,1.7512,0.3878,0.0345,-1.3631,0.1897,1.5872,0.6612,0.8493,-0.158,0.0129,-1.0976,-0.6815,0.4384,0.931,1.7269,0.1957,0.9505,0.345,-0.2244,-0.3198,-1.6869,0.2556,0.1962,-0.6063,-1.6862,-0.4396,0.0637,0.4039,0.874,-0.0378,-1.3327,0.0744,1.2388,0.8072,0.1143,-0.0743,1.0905,-0.1163,-0.4625,-0.253,0.524,1.4673,1.0936,-0.2411,-1.8886,-1.4301,-2.9529,0.675,-0.4277,2.2857,0.6747,0.9643,0.0732,-0.6679,-0.049,-0.39,-0.7708,-0.5512,-0.014,0.7558,0.2022,0.095,-0.0855,0.5021,-0.4351,-1.6444,-1.5068,0.49,0.7708,0.8148,0.3091,0.3712,-0.4846,-0.4007,-0.5201,-0.6311,-0.8204,0.0966,-0.0922,-0.1071,0.1317,0.3906,1.1618,-0.0866,2.0847,0.4579,-1.2048,-0.249,-0.6327,-0.3373,-0.3224,0.9073,1.4338,1.0096,0.2513,0.9573,2.1636,-0.1033,0.1911,0.7723,-0.751,-1.0757,-0.9167,-1.3717,-1.2836,-1.1717,-0.0385,0.8746,0.7889,-0.1976,-1.1454,-1.1641,-1.0727,-0.7524,0.9629,1.2168,0.4187,-0.1472,0.555,0.4854,0.6542,0.1836,-0.5326,0.3857,0.1672,-0.9717,-0.5272,-0.0213,0.0904,0.8326,0.1723,-0.3628,-0.8467,-0.5041,-1.3158,0.7677,1.1806,0.9607,0.0636,-0.7398,0.0049,-0.6898,-2.0893,-1.4085,-0.643,0.5878,0.7663,0.2258,2.5702,-0.0845,4.5978,1.6649,-0.1664,-0.2376,-1.3805,-1.281,-1.0504,-0.4516,-0.6952
"IC50",-0.9189,-0.7248,-0.3159,0.0988,-0.0605,-0.9326,-1.8882,-0.9346,1.2497,0.382,0.0717,-0.3641,-1.3303,-1.3214,-0.3777,0.2416,0.5817,0.2841,0.77,0.871,0.9962,0.8952,1.4116,1.5079,0.4772,0.7536,0.4519,-0.2183,-0.2325,-0.7449,0.5696,1.7734,1.2342,-0.1659,-0.0353,0.0261,-0.9399,-0.1781,-1.6626,-1.3645,0.4747,0.9157,1.1433,1.1469,2.8737,2.1298,2.4465,1.4137,1.5518,-0.1664,-2.0616,-0.8357,-1.3009,-1.4551,-1.5508,-1.8034,-2.3843,-2.841,-1.8803,-1.6704,-1.0779,-1.0862,-1.6976,-0.5026,1.2149,1.3364,0.0409,-0.6099,-0.746,-0.1311,0.6096,0.4576,-0.3357,-0.9756,-0.3148,0.3581,-0.2746,-0.0909,0.0492,0.3623,0.3903,0.788,1.178,0.9932,1.0229,-0.2379,-0.723,1.0466,1.8531,0.9803,1.3058,1.2204,0.9219,0.7896,1.1289,1.2273,-0.507,-0.5465,-1.1475,-0.1742,-0.5026,0.2241,-0.0149,0.1613,-0.0065,-0.0481,-0.4347,-0.1396,0.1132,-0.1449,0.7248,1.3491,1.7488,1.3158,0.9653,-0.4269,-0.8959,0.223,-0.3746,-0.7484,-1.4611,-1.7015,-2.2069,-2.2121,-1.5879,-1.5085,-0.0901,-0.4502,-0.4447,-0.3682,-0.5839,-0.4448,-0.4303,0.1647,-0.4398,-0.7023,-0.0024,-0.144,0.6904,0.5906,-0.5258,-1.1591,-1.0656,-0.4814,0.2246,1.032,1.7671,0.5672,1.0001,0.772,0.7322,0.7109,1.0008,0.8863,1.0714,1.8645,0.4506,1.0611,0.2978,0.377,0.3705,0.6147,0.8038,0.3208,0.4982,0.1847,-0.5715,-0.9068,-1.0627,-1.1833,-0.0527,-1.0057,0.2165,-0.1018,-0.4745,-0.4896,-0.8456,-0.5184,-0.0734,0.0402,-0.3647,0.4089,0.5995,0.9679,0.9354,0.5156,1.0333,-0.6482,-0.4709,-0.5348,-0.9873,0.4044,-1.3654,-0.1255,-0.3486,0.1422,0.0137,-1.2823,-1.7969,-1.0083,-0.0581,0.969,0.7753,1.944
"IC51",-0.8725,-0.6359,-0.7469,-0.7585,-0.4333,-0.5743,-0.6338,-0.0197,0.9309,1.3065,1.4774,0.5605,0.5946,1.162,0.7902,0.8188,0.9672,0.6149,0.116,0.1251,1.1247,0.5693,-0.1454,-0.9016,-1.5486,-0.9306,-0.1838,-0.0733,-0.5347,-0.5057,-0.2753,-0.041,-0.6363,-0.8968,-1.0815,-1.0883,-0.6711,-1.1953,-1.5173,-1.1812,-0.9437,-0.6414,-0.9501,0.368,0.8523,0.4992,1.9294,2.0981,2.0246,1.3195,1.119,1.0248,0.8015,-0.2097,-0.0116,-0.3168,-0.1124,0.2094,-0.2518,0.0743,-0.1512,-0.315,0.0688,-0.1245,1.2319,0.9599,-0.0572,-0.3482,-0.3941,-0.5803,-0.8567,0.0102,-0.5012,-0.2519,-0.4042,-0.3343,-0.4325,-0.5393,-0.6192,-0.4057,-0.099,-0.3744,-0.3535,-0.519,-0.8432,-0.2584,0.3192,0.0467,1.5792,2.0634,3.44,0.8373,0.2439,3.266,0.4274,-1.2024,-0.5378,-0.3571,-0.0875,0.111,-0.6529,-1.6996,-1.6055,-0.9872,-0.6025,-0.4268,0.1644,0.1067,-0.4035,-0.8591,-1.4426,-1.18,-0.603,-0.03,0.0902,0.4684,0.7484,0.4461,0.101,-0.041,-0.2391,-0.1087,-0.0055,0.0415,0.8671,0.2668,-0.1268,0.0663,-0.1085,0.3345,-0.3583,-0.5992,0.0902,-0.2809,-0.2199,0.6425,0.4206,0.5893,1.0363,1.1578,0.5997,0.1054,0.9848,0.7582,1.1745,1.1177,0.818,0.413,-0.189,-0.9198,-0.8236,-0.231,0.305,-0.1193,-0.7926,-0.9982,-1.0493,-0.5719,-0.1345,0.0319,0.0041,0.3577,0.4749,-0.0289,0.4969,0.6665,-0.1887,-0.7785,-0.7885,-0.4344,-0.6713,-0.8102,-1.3127,-0.5603,-0.3143,-0.3142,-0.7631,-0.8802,-1.1388,-1.676,-0.6353,-0.4906,-0.2159,-0.3908,-1.1802,-1.2929,0.9351,2.0309,3.5153,3.299,2.7742,1.9264,1.2408,2.7733,1.8842,1.4511,0.1237,-0.4069,-0.9439,-2.0261,-2.1379,-1.4398,-1.6877,-1.5967
"IC54",-1.4604,-1.2874,-0.479,-0.1855,0.7258,0.7653,-0.3398,-0.5086,-1.7803,-1.0255,-0.675,-0.1946,-0.0975,-0.9946,-0.9135,-1.2105,-0.7986,0.2549,0.7821,-0.1726,-1.5192,0.6338,1.6965,1.2135,1.8267,1.8748,2.1071,1.6141,1.3155,1.0808,1.4757,1.8592,1.4921,1.5027,0.9164,0.9843,0.6714,-0.6094,-0.8518,-0.7748,0.6639,1.3806,1.1159,0.4698,-1.3814,-1.8527,-2.2415,-1.584,-0.7168,-1.4356,-1.5012,-0.9138,-1.0116,-0.0911,0.0454,0.3692,0.4916,0.2228,0.3351,-0.1839,-0.5254,-1.1323,-1.092,-2.1272,-2.1299,-1.3444,-0.7112,-0.1401,-0.8204,-0.1635,0.5696,0.5729,1.1689,0.7028,0.1793,-0.2397,-0.3672,0.1526,0.7249,1.5374,1.076,0.9786,1.2118,0.7976,1.0032,0.4607,0.7356,-0.4611,-1.5986,-1.116,-0.3686,-0.1184,0.3749,1.9805,1.4896,1.3262,0.8928,-0.6483,-1.34,-0.9717,-0.5302,-0.1085,-0.7468,0.0876,0.413,0.1887,-0.7931,-0.2005,0.3436,0.4466,1.8261,1.8244,0.5444,1.4071,0.7816,-0.1517,-0.0978,-0.4327,-0.4133,-0.9451,-0.5777,-0.2582,-0.3647,-0.6595,-0.4467,-0.1306,-0.783,-1.3339,-0.5439,-0.6596,-0.8208,-0.6086,0.0047,0.0829,0.0092,-0.7007,-0.4601,0.172,-0.158,0.1577,0.0209,-1.1394,-0.4615,-0.483,0.353,0.5453,-0.1012,-0.1025,-0.3874,0.2357,-0.3745,-0.1376,0.0007,0.2897,1.055,-0.0578,0.6721,-0.1473,-0.3402,0.2913,0.2016,0.5675,0.0023,0.0304,0.1621,0.5394,1.234,1.3063,0.7225,0.4447,0.2481,1.1855,1.0404,0.3817,0.0765,0.1203,0.1418,-0.0261,0.6058,0.0992,0.3476,0.9892,1.2638,1.9362,1.4494,0.4796,-1.5556,-1.6375,-2.3221,-1.5547,-2.5325,-2.5737,-1.8161,-0.9929,-2.0075,1.1113,1.1951,1.2972,1.5896,0.3384,-0.3571,-1.3246,0.2381,0.6451
"IC56",1.2187,0.5206,0.2432,-0.1495,-0.9426,-0.1315,0.1551,-0.0098,-1.9783,-1.389,0.8444,1.1369,0.3641,1.0644,0.7613,1.1583,0.2553,0.0057,-0.0833,-0.0794,0.7361,-0.0547,0.0136,-0.762,-0.7826,-0.0346,-0.5577,-0.7827,-1.5241,-1.2715,-0.8467,0.3767,-0.1231,-0.1193,-0.0008,1.3952,0.7002,2.458,0.7999,0.5277,-1.1438,-1.1992,-1.0956,-0.9301,2.5416,-0.5039,0.7309,-0.6204,0.4366,0.0678,-0.044,0.0815,-0.1342,0.2932,-0.9086,-0.7047,0.0186,-0.9947,-1.012,-0.1558,-0.3106,-0.87,-1.0831,-0.1375,-0.1457,-0.6925,0.4388,-0.4922,-0.6655,0.4888,2.888,1.2945,-0.0245,-0.4439,-1.2422,-0.9339,-0.528,0.5301,1.2385,1.2099,1.0116,0.1226,0.5799,0.4331,0.2993,1.2372,0.4691,0.5551,4.6737,0.2978,-0.6561,0.0273,0.982,1.6371,0.6272,-1.1545,-1.3538,0.2271,0.686,0.0681,-0.5597,-1.0632,-1.4865,-2.3393,-2.5673,-2.3486,-2.2307,-1.1464,-1.1909,-0.3737,-0.3961,-1.3282,0.1768,1.3843,0.5338,0.1298,-0.1435,-0.2009,0.2239,0.1256,0.8017,0.4632,-0.3657,0.691,0.7788,0.7604,-0.0949,-0.187,-0.2698,-0.5396,0.7251,0.0776,0.387,1.0692,0.9229,0.8865,0.2,0.9384,0.2393,-0.2588,0.1336,0.654,0.7052,-0.1649,-0.349,0.2827,0.3841,0.9749,-0.0797,-0.4849,-0.0343,-0.156,-0.2209,0.3511,-0.1566,-0.6141,-0.5119,-0.7506,-0.3766,-0.3304,0.0524,-0.3631,0.4726,-0.0802,0.3,0.6979,0.7592,0.4129,0.0646,0.3614,0.5256,0.5401,0.2398,-0.9061,-0.6718,-1.1079,-1.3889,-1.2615,-1.9833,-1.4228,-1.5771,-1.307,-1.5954,-1.5621,-0.495,-0.7158,0.2882,2.2928,1.2584,3.6541,0.9125,1.1741,-0.2553,0.9832,1.2847,2.2172,0.6738,0.316,-0.3619,-0.4757,-0.5986,-0.6275,-0.9195,-0.6092
"IC58",-0.458,-0.4239,0.3076,0.693,0.6895,1.7673,1.4809,1.2615,0.2826,-0.9173,-1.7162,-0.2442,-0.763,0.1662,-1.3674,-1.0308,-0.6199,-0.4277,0.3822,-0.476,2.2477,-0.432,-0.4562,-1.1381,-1.2478,0.5651,-1.2325,-0.4091,0.4615,1.0087,0.4663,-3.2319,-1.3819,-0.1862,-0.7035,-0.3944,1.9274,4.8177,0.2535,-0.2443,0.3537,0.9553,1.6521,1.2427,-2.9513,0.6415,-1.0054,-1.3189,-1.0213,0.1634,-0.7332,0.8144,0.2521,0.8522,0.7243,0.3391,0.5773,-0.3005,0.9729,0.9212,1.6944,0.0072,0.4347,-0.7184,-1.1104,-0.1503,-0.3384,0.9159,0.3629,-0.2119,-0.7051,-0.6253,-0.0579,0.0233,0.1266,-0.2433,0.3479,0.2785,0.1118,-0.0557,-0.0163,0.0071,-0.5184,0.1988,-0.2727,-0.0003,0.9004,-0.0797,-2.5568,-2.228,-1.3675,-0.6497,0.461,0.3474,-1.435,-1.1031,-0.7659,-0.4488,0.026,1.4551,1.1406,1.3158,-0.1381,0.3422,0.7089,1.4584,-0.0434,0.4668,0.0758,0.0931,0.1632,-1.059,-0.2105,-0.0163,0.6923,-0.7333,-0.4333,-0.4048,-0.4949,0.4544,-0.0513,0.6941,-0.0273,0.6321,1.066,1.0631,1.8862,0.0498,0.5477,0.7989,0.8278,1.5257,-0.1374,-1.0206,-0.3647,-0.3328,-0.1028,-0.3215,-0.1251,-1.0373,-0.0694,0.3709,0.4864,0.7306,-0.5338,0.1868,-0.928,-0.8539,-1.0147,-1.2771,-1.0829,-1.8569,-0.9257,-0.9627,-0.0895,-0.9138,0.6205,-0.2289,-0.2918,0.0501,0.3343,0.6951,0.4864,0.6936,-0.2455,0.6039,-0.0264,0.3562,-0.9088,-0.138,-0.5266,-1.0335,-0.5428,-0.068,1.2975,0.9933,1.8878,1.1975,0.747,-0.3634,0.4741,0.9456,0.7786,1.0385,0.6368,1.0517,-0.0193,-1.2621,-0.2732,0.6037,-2.8724,-1.9886,-0.2804,2.3539,0.5149,1.6371,0.1017,-0.9524,-1.0462,-1.5163,-1.1742,-0.5909,0.6408,0.9465
"IC60",0.1534,0.1549,0.2578,-0.3799,-0.3822,0.3981,0.3029,-0.1145,-2.0461,-0.3369,0.6503,-1.1344,-0.636,0.2473,-0.5482,-0.757,-0.6774,0.1809,0.6848,1.2754,2.1956,1.0456,0.8403,0.7773,0.5883,0.0422,-0.1691,0.5328,0.1693,0.8933,0.5164,0.6787,0.5702,-0.0632,-0.5053,-0.5425,-0.978,-1.3482,-1.9818,-2.1507,-2.4607,-2.148,-0.6615,-0.5737,1.2795,-0.5351,0.3079,0.5377,0.4475,-0.2447,1.1208,1.0652,2.2711,1.5771,0.8514,1.385,0.4825,0.3743,-0.6254,0.1457,0.0961,-0.3688,-0.2679,0.5566,1.1741,0.2516,0.9215,-0.3365,0.2385,1.6207,1.2231,-1.0266,-2.8728,-2.7062,-1.7438,-2.0981,-1.0422,-0.3567,0.4834,0.0707,0.3292,-0.036,0.3765,0.1613,-1.3621,-0.6492,-0.7844,-0.0831,1.3658,0.8236,0.9939,0.2651,1.8606,-0.0382,-0.1543,-0.167,-1.8232,-0.4281,-0.2366,0.0679,0.7344,-0.2139,0.7132,-0.2253,0.1294,0.197,0.0054,0.8161,0.6239,0.118,-0.6593,0.6012,2.302,2.1135,0.8561,0.484,0.1452,-0.3364,0.5126,0.0217,0.3468,-0.2374,-0.7446,-0.5488,-0.9535,-0.2197,-0.9771,-0.5299,-1.1236,-2.239,-1.3473,-1.4347,-1.1406,-0.5557,-0.2242,0.49,-0.1778,0.5476,1.654,1.8528,1.0298,0.5528,0.2094,-0.3667,0.2418,0.3098,-1.2376,-0.6038,-0.8858,-0.5198,-0.3953,0.0408,0.0107,0.5637,0.0572,-0.7322,-0.2687,-1.033,0.3462,0.5922,1.8638,1.2706,1.112,0.2614,0.0257,0.3506,0.7222,0.7638,1.0316,1.6413,1.0651,1.8171,-0.2848,-1.1147,-2.3545,-0.954,-0.4418,-0.9034,-1.8521,-2.1757,-1.878,-1.2625,0.0299,-0.2569,0.7822,1.1764,0.4624,1.0036,-0.1281,1.0969,0.2324,0.7307,1.0014,-1.0963,-0.5627,1.981,0.0706,0.9332,-0.1989,-1.5292,-0.4493,-0.7063,0.3436,-0.2075
"IC62",0.3233,0.3706,-0.1917,-0.2934,0.022,-0.6312,0.0312,0.1819,1.3332,1.4588,0.1208,-1.707,-1.5935,-1.1446,-0.5821,-0.6371,0.035,0.1828,-0.2017,0.24,0.4146,1.4254,1.5075,2.1554,1.3558,-0.1465,-0.6175,-1.2211,-0.1406,-0.5064,0.8412,1.0323,0.7141,0.4418,0.6494,0.3574,0.3223,-2.6736,-3.4032,-2.9035,-2.0567,-0.8167,0.2297,1.367,2.2703,1.8911,0.7566,0.5534,1.5058,-0.5459,-1.1954,-0.939,-0.1849,0.1799,0.455,-0.6195,-0.4907,-0.4067,-1.3704,-1.4485,-1.3609,-0.1179,0.037,-0.5836,1.2864,1.9659,-0.0471,0.8821,1.1822,0.4233,0.9528,0.249,0.2599,0.2145,0.1898,-0.0352,-0.0851,0.3221,0.2208,0.2094,-0.1306,0.1011,0.0154,-0.0299,0.3023,-0.7871,-0.5918,-0.6249,0.201,0.9168,-0.5722,-0.5097,0.4625,2.5557,1.0164,-0.8097,-1.0453,-1.0324,-0.8631,-0.0458,-1.053,-0.1043,-0.4397,0.379,0.2913,-0.0427,0.1091,-1.2819,-0.1728,0.0124,-0.4935,0.4108,1.2863,0.0163,-0.3144,-0.4702,-0.9153,-0.5081,-0.2939,0.5266,0.2825,0.1953,0.3815,-0.1752,0.1342,-0.0277,0.5579,0.5116,0.751,-0.1624,-0.5566,-0.8138,-0.2282,-0.3674,0.9586,0.9046,0.0687,-0.538,1.0052,0.4338,-0.363,1.0888,-0.5327,-1.0508,-0.5241,-0.6716,0.9424,0.9204,1.0203,0.6196,0.1788,-0.1653,-0.4999,-1.5347,-0.9,1.1479,1.0344,1.3887,0.4376,0.5277,-0.0284,-0.2281,-0.2351,-0.3783,-0.6266,-0.9927,-1.1813,-1.8263,-1.0738,-1.1051,-0.628,-1.555,0.0862,0.9856,1.4198,1.2955,0.9674,0.4716,-0.0355,-0.5453,-0.5726,0.0195,0.0959,1.1249,1.2085,0.0539,1.6198,-0.0789,-0.4394,1.6083,-0.539,-1.9544,-1.8526,0.5983,0.1399,2.2353,0.7399,-2.2957,-3.1802,-1.7657,-0.7357,1.819,1.6701,1.6215
"IC63",0.2812,-0.1061,-0.5947,-0.4066,-0.2675,-0.879,0.0625,0.4856,0.4989,0.6969,0.7397,1.5076,0.7682,-0.1616,0.141,0.1348,0.2283,-0.0692,0.0723,-0.2939,0.1277,-0.0997,-0.88,-0.4038,0.1948,0.1376,-0.0001,-0.4981,-0.0548,-0.1991,0.2462,-0.3584,-1.357,-1.1124,-0.8656,-0.6679,0.4829,-0.2159,-0.9044,0.3009,-0.048,-0.7798,-2.0005,-1.7003,-0.2168,-0.2942,0.352,0.8808,0.185,1.1173,1.4877,1.7134,1.2818,0.959,1.0368,0.0555,0.2255,0.4588,0.9072,1.1518,0.1277,0.2508,0.1169,-0.6722,1.0754,0.2326,0.0162,0.3833,-0.1449,-0.5288,-0.7495,-1.2125,-1.2467,-0.9805,-0.5309,-0.2253,0.0425,0.4452,-0.19,-0.4441,-0.844,0.0893,-0.2213,-0.5085,0.4825,0.8714,1.1862,0.8103,1.1427,0.874,0.5881,-1.4665,-0.0262,3.3465,2.0695,-0.4868,-0.7964,-1.2382,-1.3068,-0.7533,-1.0755,-0.6813,-2.0673,-1.4296,-1.5655,-0.3985,0.2411,-0.5792,0.0332,0.1627,0.0602,-0.6276,-0.9061,-0.6763,-0.1087,-0.0042,0.0372,0.4773,0.67,0.6475,0.2661,0.3431,1.0386,0.303,0.4146,0.2777,0.8386,0.9388,-0.0264,0.4396,0.3834,-0.0004,0.344,0.0081,-0.0898,-0.2573,0.7355,0.8079,1.4749,1.4729,0.6471,0.7246,1.2562,1.5153,0.9631,-0.6563,-0.8255,-1.0965,-1.134,-1.4761,-1.1496,-1.3568,-0.9012,-0.9014,-0.4488,-0.5892,-0.2913,-0.151,-0.8446,-0.1022,0.2008,0.4558,-0.1815,-0.0558,0.0512,0.1152,0.2131,0.3004,0.376,-0.2211,-0.097,-0.3929,-0.0247,-0.1444,-0.0904,-0.2756,-1.465,-2.1684,-0.9626,-0.5089,-0.8909,-0.7218,-0.8458,-0.471,-0.5646,-0.0031,-0.0355,1.4852,3.1447,4.1442,3.7231,2.0327,0.8777,3.7761,1.3456,0.6078,-0.9222,-1.5922,-1.2194,-1.0221,-1.2814,-2.0531,-1.7545,-1.0499
"IC64",-0.4748,0.1325,-0.0084,0.0489,0.0951,-0.3243,0.258,-0.1038,-1.2167,-0.9515,0.3974,0.5174,-0.0632,-0.5666,0.1097,1.0292,0.4044,0.3206,-0.2159,-0.1466,-1.2637,0.3153,0.5381,0.122,0.0373,-1.0678,-1.136,-1.0531,-0.9526,-0.9479,-0.8502,-1.4988,1.0052,1.4713,0.7597,1.6762,0.5154,0.1789,-0.2787,1.0682,2.6245,3.1023,2.4092,1.2939,1.6821,0.5331,-0.4462,-1.1313,0.4458,0.0166,-0.9639,-1.1776,-1.3195,-1.5569,-1.2724,-1.1064,-0.7451,-0.8494,-1.0841,-0.4669,-0.2817,0.69,-0.0576,-0.5525,-1.1979,-0.8311,0.4367,-0.158,-0.1172,-0.6821,1.6861,2.1634,1.7651,2.0244,0.9266,0.9054,0.2142,-1.0054,-0.8464,-1.9028,-0.9652,-1.1042,-0.279,-0.7394,-1.2501,-0.7403,-0.9316,-0.4971,-0.7066,0.4582,-1.0118,3.0959,2.0923,-0.6524,-0.8668,1.9616,1.9503,1.6562,1.349,0.8827,0.7922,0.8856,0.1006,-0.8143,-0.897,-0.8472,0.0515,0.1719,-0.4554,-0.6229,-1.2728,0.2164,-1.2735,-1.2714,-1.4592,-0.8954,-0.3154,0.1428,-0.008,-0.7149,-0.7047,-0.3013,-0.398,-0.4113,-0.4527,-0.0114,0.2693,0.8535,1.2749,1.7826,1.4906,1.4161,1.0472,1.0773,0.1888,0.2517,-0.0026,-0.0615,-0.1552,-0.7756,-0.3953,0.1163,-0.3977,-0.7291,0.3767,1.1415,1.1787,0.847,0.3362,0.2599,-0.4209,-1.0031,-0.9174,0.0503,-0.6877,-0.6138,-0.887,-0.8804,-0.7536,-0.52,-0.5768,-0.9888,-0.2647,-0.3073,0.1243,0.491,-0.046,-0.861,-1.0566,-1.0006,-0.9489,-0.5063,0.3179,0.6689,0.5415,0.5481,0.3794,0.923,0.4452,1.4079,0.507,0.2581,0.8387,0.7121,1.0335,0.7626,0.4846,0.4119,-0.164,0.6453,-1.4093,0.5035,2.1734,0.781,-0.0126,1.1821,1.048,0.7152,0.2411,-1.0994,-2.4077,-1.5487,-1.9836,-1.704
"IC65",-0.1795,0.2302,0.0276,-0.1834,0.0321,-0.0943,-1.1219,-1.3611,-0.5748,-0.2132,-1.1151,-0.9917,-0.1134,0.5991,-0.3279,0.0272,0.1322,-0.0799,1.1436,0.8293,1.6301,-0.3852,0.0752,-0.0696,0.1253,1.7641,0.9391,2.0966,0.6858,1.2179,-0.1682,1.6532,0.1462,-0.4863,0.9712,-0.2268,-0.4084,-3.7779,-1.7501,-0.5908,0.254,0.6762,0.3767,0.4162,-0.3783,-0.6275,0.5681,1.344,-0.3473,0.5894,1.098,1.0338,-0.8469,-0.5221,-0.5868,0.0218,-1.4801,-0.807,-0.9062,-1.3869,-0.4704,-1.3112,-0.7834,0.1498,1.3497,-1.1745,-1.397,-1.4466,-1.8737,0.5486,0.7253,0.1139,0.3817,0.4074,0.5903,0.5684,0.989,0.7277,0.1506,1.2575,0.5764,0.8978,0.3796,0.5745,-1.1533,-0.6537,-0.7637,-0.7923,0.1054,0.3601,2.0135,2.3046,1.9773,3.5616,1.8967,0.4734,0.2817,-0.9654,-0.6558,-0.417,-0.481,-1.5716,-0.5171,-0.8778,-1.1996,-0.9799,-1.8799,-0.9308,-0.6604,-0.5537,-0.636,0.7939,0.5456,0.2308,0.7409,-0.4184,0.8319,-0.0087,1.0781,0.6896,-0.4584,-0.5972,-1.0318,-0.791,-1.46,-1.4311,-0.6507,-0.6541,0.606,0.0977,-0.2869,0.1861,0.4535,-0.1688,-1.4939,0.5497,0.7276,0.2831,0.1705,-0.9252,0.6346,-0.0227,-0.1726,-0.2891,-0.252,1.7921,1.444,0.7148,0.6835,0.5573,1.1304,1.0912,1.4579,0.4108,1.3339,0.0409,-0.3917,-0.8164,0.1612,-0.3505,-0.1333,0.2637,0.1057,-0.2358,-0.2235,0.2212,-0.575,-0.1584,-0.7511,-0.0275,-0.9324,-0.2988,-2.4339,-1.0368,-0.8427,-0.8023,0.3692,0.3292,0.316,-1.6693,-0.2183,0.0781,0.747,-0.0189,-1.92,-1.3891,0.7173,2.1863,1.7333,2.4833,1.4598,0.5714,0.8057,1.1261,-0.5073,1.5688,-0.7917,-0.5452,0.3886,-1.5042,-0.361,-2.1278,-0.0802,-0.4645
"IC66",-1.1338,-0.8981,-0.4671,-0.8715,-0.7206,-0.5389,-0.6904,-0.189,2.1263,2.3484,2.9167,1.1059,1.3009,-0.07,-0.1652,0.1344,-0.3048,-0.2937,0.3238,0.5879,0.4293,-0.9448,-1.5901,-1.6782,-1.3548,-0.9944,-0.7003,-0.0948,-0.7116,0.3874,1.5381,1.7293,-0.1797,-1.3695,0.9685,-0.9123,-2.0535,-1.9562,-1.248,-0.4896,0.6973,-0.2692,-1.2072,2.2465,2.468,2.6611,1.1875,-0.244,3.3624,1.4309,1.4378,-0.336,-0.877,-0.8394,-0.9399,0.8117,-1.6699,-1.5511,-0.7938,-1.0176,-0.6197,-1.1115,-1.3033,1.1147,0.6667,1.0801,0.9982,-0.5911,-0.3188,1.4448,0.7063,0.8168,-0.4853,-1.2004,-0.7171,-0.1724,-0.3461,-0.368,-0.6441,-0.9527,-0.6578,-0.3078,0.6993,0.6702,-0.2108,-0.213,-0.7726,1.0732,0.9957,0.0419,-0.5786,1.4793,0.4017,-2.0822,1.9611,1.7338,0.2522,0.9163,-0.0759,0.1459,-0.4044,-0.1531,-0.797,-0.899,-0.7267,0.5792,0.0531,-0.3638,-0.3946,-0.5628,-1.2758,0.0717,0.4665,0.2057,-0.0596,0.1039,0.4951,0.1138,0.3241,-0.2744,-0.3195,-0.1344,-0.4982,-0.5306,-0.8083,-0.4692,-0.2261,-0.2334,1.7838,1.6608,-0.0889,0.5973,-0.04,0.5327,-0.2722,-0.8226,-0.851,-0.2511,0.8987,0.5952,0.7118,0.317,1.2129,0.3388,0.3604,0.846,0.0871,-0.5394,-1.0666,-1.079,-0.8716,-0.697,-0.2414,-0.2782,-0.4328,0.2889,0.2452,0.1141,0.5309,0.3502,0.462,-0.0291,0.0795,-0.1802,-0.3859,-0.2765,-1.2363,-1.5082,-1.0964,0.1238,-0.5528,0.5108,0.4222,0.2897,0.1065,0.338,0.4425,-0.06,-0.4882,1.2094,1.6475,0.8451,0.4776,-0.095,0.081,0.6392,2.1142,-0.0971,-1.2242,-1.9613,-2.1984,-0.5167,2.456,1.6101,-0.8399,0.899,-0.1066,-0.216,-0.6192,-1.6844,-0.917,0.5644,0.486,-0.0404
"IC67",-0.8388,-0.7807,-0.465,-0.2391,-0.8515,-0.9934,-1.2752,-0.1776,1.6561,1.7391,1.5181,0.147,0.3685,0.3366,0.0836,0.142,0.5216,0.429,0.6013,-0.2258,-0.6519,-0.6645,-0.9293,-1.9289,-1.2352,-0.5689,-0.3229,0.5396,0.5571,0.8856,1.2548,1.2443,1.434,-0.828,-2.1743,-1.0342,-1.6606,0.2138,0.2711,0.0934,1.3912,1.1519,0.7679,-1.2956,0.2721,2.9607,0.4355,0.2519,2.2549,0.6098,1.4142,-0.1396,0.2059,-0.6751,-1.1395,-0.2336,-0.1522,-0.3209,0.0061,-0.5121,0.4758,0.2233,0.0691,0.7119,-0.2345,1.4535,-0.3143,-0.0259,-1.0337,-1.7151,-1.0948,-0.9944,-1.7794,-1.7441,-0.5103,-0.7632,-0.6225,-1.0365,-1.2901,-0.6588,-0.6532,-0.1777,-0.0322,0.3531,-0.6082,-0.5108,-0.2021,-0.1934,-0.1246,-1.2013,0.6538,2.531,1.3885,3.6732,1.7781,1.8262,1.584,1.5509,0.6444,1.2563,0.0332,0.4484,-0.8124,-0.088,-0.2386,1.2166,0.8652,-0.0524,-0.9318,-1.4462,-0.414,0.0429,0.3357,-0.3574,-0.0608,-0.5569,-0.4952,-0.5939,-0.4139,-0.8467,-0.471,-0.1377,-0.9476,-0.9527,-1.2324,-0.6667,0.3422,-0.5604,-0.1719,1.8527,-0.5167,-0.3665,-0.7572,0.0013,0.8891,-0.0671,-1.1227,-0.525,-0.0147,0.2297,0.3257,0.7275,1.8329,1.1243,1.225,0.8527,-0.4679,-0.514,-0.2095,-0.0935,-0.8129,-0.6673,-0.9805,-0.7226,-0.4404,-1.0169,-0.2388,-0.6875,-0.6602,0.2024,-0.1993,0.7661,0.8551,1.4103,1.0416,0.4469,0.5282,0.6939,0.4304,1.2906,1.3249,1.6741,0.6772,-0.8856,-0.7121,-0.7694,-0.4857,-0.9627,-1.1596,-0.116,0.0997,-0.3839,-0.2631,-0.9669,-1.2129,-0.5121,-1.5956,-0.2567,0.4693,1.2023,1.7804,1.8252,2.1517,0.2127,-1.0685,2.1742,0.3065,0.6473,-0.1688,-1.7957,-1.7558,0.1746,-0.8163,-1.4102
"IC68",-0.325,0.1655,-0.3313,0.2332,0.3787,-0.3491,0.2658,-0.2058,-1.5898,-0.6074,1.1188,1.2611,0.9366,0.0235,0.0821,-0.9831,-0.9775,-0.1122,0.4192,0.7239,0.8095,0.3731,-0.3239,-0.4443,-0.0246,-0.5441,-0.5714,-0.9679,-1.6277,-0.7531,-0.0889,0.7208,2.433,-0.0053,-0.1939,0.4334,-0.2612,-1.9138,1.9551,1.7013,1.3892,1.0799,-0.3821,0.3612,0.8801,-1.3394,-1.9721,-1.2751,1.4648,0.008,-0.6483,-0.358,-1.0151,-0.6552,-0.3809,-0.0116,-0.0892,0.0765,-0.0154,0.0193,0.4389,0.4944,-0.2162,0.6636,-0.32,0.7144,1.3676,0.2707,-0.5437,-0.8561,1.334,1.1135,-0.1208,-0.1253,0.1497,-0.6053,-0.2276,-0.3378,-0.7207,-0.4934,0.0997,0.2596,0.4408,0.462,0.0504,-0.4523,-0.4986,0.1084,-0.3083,0.0507,-1.964,2.8736,-1.0661,-4.7614,0.324,2.3828,1.591,-0.8713,0.5819,1.0869,0.9039,2.4174,0.2458,-0.7487,-0.1081,-0.0135,-0.592,0.39,-1.3376,-1.9754,-1.1341,-0.0254,-0.4063,-0.785,-0.4988,-0.5741,0.1931,-0.0678,-0.2819,-0.084,-0.1041,0.0109,0.171,-0.1496,-0.3343,0.8168,0.8602,1.2764,2.1842,-0.5564,2.1621,1.183,0.0544,0.1154,0.1191,0.431,-0.3657,-0.6796,0.6118,-0.5379,-0.2573,-0.3042,0.7693,1.0469,1.6853,0.5876,-0.206,-1.3038,-1.32,-1.0457,-1.1675,-0.1827,-0.3641,-0.5321,-0.7527,-1.4093,-1.2554,-1.2746,-0.8034,-0.487,-0.7147,-0.1315,0.252,0.4835,1.0172,0.9627,0.5334,0.1984,0.5536,0.1589,0.046,0.2163,1.2499,0.925,-0.2994,0.1915,0.2398,0.6156,-0.13,-0.1951,1.0449,0.4595,0.4476,0.0864,-0.2757,0.4385,-0.4166,-1.334,-2.1555,-2.3428,-2.0933,2.8037,2.5278,0.4954,0.3882,1.8985,0.906,-0.0061,0.204,-0.2986,-0.3209,-0.9326,-1.4594,-0.7878
"IC69",1.2701,1.2032,-0.3749,0.1041,1.2475,-0.1437,0.303,0.9949,-0.4229,-0.2495,-0.754,1.0932,-0.6626,-2.0034,-0.4163,-0.2243,1.3883,-0.23,-0.1082,-0.4719,-1.2945,-0.4125,-0.5339,0.4255,-0.8305,-1.667,-0.5518,-1.098,0.8108,-0.8885,0.6135,0.3818,-0.66,-1.1592,-1.726,-0.4779,-0.0068,2.2431,0.361,0.2144,2.5891,0.9239,-0.7231,1.3006,-1.17,0.0714,-1.8027,-2.185,-1.1518,0.4296,0.2344,1.9216,1.7788,0.9677,1.6016,0.9633,1.2295,1.4799,2.1215,1.8054,0.5073,0.5242,0.3544,-0.6381,-1.087,0.9364,0.3647,0.9996,1.1627,-0.184,-2.7403,-1.7093,-0.95,-2.7644,-2.1496,0.0666,0.218,0.6698,-0.2853,-0.2156,-1.0678,-0.4619,-0.7615,-1.7459,-0.8541,-0.8662,0.8636,1.7705,-1.8657,-0.7381,-0.9199,-0.5806,-1.6673,0.3608,0.7565,-0.3084,0.4576,0.3394,0.5882,1.82,0.5294,1.2945,0.3886,2.1078,0.5369,0.5267,0.5753,-0.2714,1.0503,0.0173,0.8657,0.0691,-0.2964,-0.7777,-0.5722,-0.4054,-1.8537,0.4294,-0.2262,-0.1911,-0.4665,-0.6386,0.1092,-0.8734,0.5389,-0.0862,1.4181,0.8499,0.4225,1.3489,0.0707,1.0747,0.9768,-0.2118,0.3401,-0.4009,0.0196,-0.9436,-0.6314,0.889,-0.468,-0.0227,-0.3124,0.8661,0.2759,-1.1983,-0.1135,-2.1292,-0.9119,-0.6177,0.0911,-0.2148,-0.4309,-0.2375,-0.3423,0.9269,-0.9936,0.8966,-0.1294,0.601,-0.2703,-0.3811,-0.8161,-0.3079,0.2674,-0.2455,0.1737,0.3548,0.8788,-0.3388,1.601,-0.4889,1.045,-0.4483,-0.5028,-0.3386,-0.9607,-0.9088,-0.6688,-1.986,-0.8217,0.5095,-0.3474,1.0278,0.8384,1.5541,0.68,0.3805,1.5767,1.8995,0.7131,0.4679,-0.8373,0.9323,0.6384,0.043,1.0501,-0.0888,-1.3618,-0.3384,-0.8605,0.2473,-1.8946,-0.6749
"IC71",0.5842,0.415,0.6718,0.9002,1.5439,0.7891,1.124,1.1758,-0.1596,0.0188,0.9221,-0.3495,-0.1193,-0.3236,-1.3952,-1.9762,-2.1366,-1.4162,-0.2217,0.3324,0.3757,-0.6634,-0.8065,-0.9034,-1.0057,-0.8683,-0.9834,-0.6917,-1.7981,-0.5464,-0.225,0.3995,1.8023,0.6282,0.1055,-0.6873,0.1066,1.3632,1.6977,0.9468,1.209,0.6587,0.6654,-0.5114,0.4583,-1.5391,-1.151,-0.9257,2.2901,0.087,0.3543,0.2187,-0.0696,0.3522,0.2381,0.324,0.3079,0.7411,0.468,0.1525,0.0722,0.0078,-0.2303,0.1225,-0.0046,-0.0415,-0.0615,-1.3914,-1.4734,-0.4272,0.37,0.3777,-0.2642,0.2431,0.974,-0.1468,0.0418,0.0366,-0.1362,-0.1617,0.4694,0.1333,0.6194,1.0145,0.0059,-0.2431,-0.1275,0.6439,0.4605,-1.1336,-1.5281,1.1112,-1.8928,-5.3237,0.4727,1.5486,-0.4357,-0.6122,-0.4924,-0.4686,-0.2998,1.2768,0.6659,-0.0466,-0.0371,0.1729,0.5258,1.3057,-0.4159,-0.1478,-0.2422,0.3439,0.2295,0.1814,0.1688,0.054,0.8559,0.1352,0.274,0.3531,-0.0196,0.0716,-0.1488,-0.0061,-0.533,-0.6399,-0.9751,-0.1476,1.2933,-0.1251,1.4594,0.7596,0.1974,1.7544,0.5238,0.375,-0.5027,-0.2001,0.6707,0.4571,0.7059,0.1824,0.0916,-0.3305,0.4455,0.2301,-1.0567,-1.0112,-1.4744,-1.6107,-1.119,-0.2908,0.0363,-0.241,-0.5348,-1.1463,-0.1137,-0.2829,-0.1344,-0.7061,-0.0079,0.3047,0.2619,-0.3408,-0.3128,0.1992,-0.2579,-0.3549,-0.2975,0,-0.5412,0.2386,0.5247,0.763,-0.124,1.0121,0.9836,0.7576,0.6408,0.9734,1.9753,0.5803,0.863,0.6624,0.7981,1.9754,0.7156,-1.8706,-3.9278,-4.2544,-1.9412,1.0568,0.3066,-2.3718,-1.8349,1.1866,0.6848,0.6944,1.3631,0.4209,0.4797,0.3356,0.6131,0.7264
"IC72",-0.1957,-0.3277,-0.0848,-0.5434,-0.8139,-0.9102,-0.9419,1.0909,-0.2914,0.1893,1.8881,1.5049,-0.2684,-0.6173,-0.0878,0.2783,0.6998,0.3665,1.2158,-0.3329,-0.3066,-0.6395,-1.418,-1.7933,-0.7307,0.6774,0.2048,0.0437,0.0599,-0.0329,1.4432,-0.0084,-0.2864,-0.6293,-1.7015,-1.3564,-2.0413,0.4116,0.7339,1.1456,1.9094,0.9087,0.494,0.8267,1.2468,3.0992,2.5796,0.9584,3.3658,1.6461,-1.0323,-1.0354,-2.2676,-1.4564,-1.8567,-2.0664,-0.7999,-2.1288,-1.4127,-1.0247,-0.0276,-0.5225,0.2898,1.0563,1.3057,1.8951,0.6507,-0.1073,-0.2701,0.6951,0.9274,-0.3517,-1.9486,-2.6785,-1.9128,-1.8338,-1.0638,0.0588,0.1363,0.4864,-0.3447,0.4614,0.2022,-0.1578,-0.1913,-0.6662,0.2347,0.7091,0.787,0.7521,1.1535,1.1881,-0.2227,1.5278,2.5703,0.3686,-0.2532,0.7475,0.5545,1.3366,0.0346,-0.4204,-0.8743,-0.8723,-0.4884,0.2939,-0.6668,-0.55,-0.6194,0.172,1.1563,0.5173,0.9531,0.0336,0.2464,0.0673,-0.1876,0.2067,-0.393,-0.1821,-0.4564,-0.3423,-1.5727,-0.7903,-0.4518,-0.4422,0.0559,-1.8001,-1.5668,-0.9027,0.408,0.9678,0.1449,0.6663,0.9223,0.1222,-0.5748,-0.4275,0.9336,-0.5097,-0.819,-0.6758,0.1549,0.6573,1.2953,0.6223,0.4039,-0.2352,-0.1326,0.3605,0.8741,0.5907,-0.1462,0.2402,0.4006,-0.619,-0.3053,0.0421,-0.0037,-0.6155,-0.7843,-0.6144,-0.5464,0.6385,1.2488,0.6272,-0.1427,-0.2502,0.0311,0.1868,1.1649,-0.1364,0.2003,-0.0322,-0.076,-0.6599,0.4759,0.2412,-0.0328,-0.91,-0.0389,0.4098,-0.4089,-0.3017,0.0014,0.478,-0.3546,-2.048,0.3373,-0.0855,-0.2766,2.3677,0.8654,1.3713,-1.0577,2.1878,0.7878,-1.3268,-1.9794,-1.142,-0.5329,0.1567,-0.5392,0.5094
"IC73",0.5847,0.2575,-0.227,0.3402,0.5762,-0.2588,1.0475,1.4596,0.6865,0.2881,0.0471,0.0096,-0.667,-1.1155,0.5941,0.8649,0.9707,0.2748,-0.54,0.174,-0.2277,0.0564,-0.7335,-0.5638,-0.8241,-1.8489,-1.1912,-1.9856,-0.7463,-1.2372,0.14,-0.3791,-1.3839,-1.2388,-1.5181,-0.9059,-0.107,0.0355,-0.2822,0.1851,0.3345,0.0478,-0.8188,1.4228,0.9511,1.4219,1.8725,1.8872,1.0083,0.4785,0.1554,0.0419,-0.106,-0.3528,0.691,0.3163,0.7913,0.2712,0.0741,0.3452,-0.3487,0.0729,0.3754,0.1972,2.0042,1.3104,0.6682,1.1185,0.4078,-0.5784,-0.7396,-0.1463,0.3521,0.7621,0.1192,-0.4077,-0.3747,0.2134,-0.2091,-0.3465,-0.7315,-0.9923,-1.3883,-2.5994,-1.0485,-0.9738,-0.8198,-0.1159,0.9158,1.1311,0.8327,-0.1342,0.8439,0.0774,-1.2159,-0.345,-0.1695,0.0198,0.3572,0.7612,-0.3749,-0.6823,-1.3588,-0.5956,-0.23,0.2248,0.6207,-1.0308,-1.0751,-0.7816,-1.3603,-1.2353,-0.7149,-0.6224,0.2392,0.6956,-0.2743,0.4696,0.4574,0.6355,0.4202,0.4599,1.4582,0.6505,0.987,0.4267,0.9517,0.9267,1.2157,1.5363,0.6356,0.2454,0.951,0.121,0.9356,0.9352,0.6013,0.4708,1.9796,0.6985,-0.4944,0.2809,-0.1191,0.1514,0.4641,-1.4217,-0.3746,-1.2581,-1.0112,-0.9921,-0.6586,-0.53,-0.1916,-0.7486,-1.302,-0.0095,-0.5955,-0.1662,-0.6124,-0.05,-0.6582,-0.4052,-0.7466,-1.3659,-0.8029,-0.813,-0.2522,-1.141,-0.6329,-1.0174,0.4795,-0.8826,-0.6836,-0.1193,0.6304,0.3808,0.0092,-0.0463,0.5161,-0.0859,-0.7485,0.1943,-0.3983,-0.4049,-0.4122,-0.2547,2.4602,2.3275,3.9739,2.3672,1.5865,1.4481,1.1725,3.8531,2.2992,-0.4304,-0.2534,-2.1751,-2.3873,-1.3792,-1.8591,-0.9742,-1.8191,-0.8234
"IC74",-0.7663,-1.0666,-0.2069,-0.7726,-0.5839,-0.0874,0.2958,1.9416,1.6805,1.2693,2.2182,0.2406,0.1749,-0.4071,-0.0249,-0.7935,-1.8984,-0.4914,-0.1481,0.3187,0.0856,0.492,-0.6593,-1.732,-1.7043,-0.3252,-0.7775,-0.9408,-1.723,-0.6803,1.0428,0.1624,1.2559,-0.635,-0.592,1.0002,-0.4235,1.8631,1.3704,1.5649,1.4127,-0.2011,-0.3299,0.2993,1.1498,-0.921,1.585,-0.8547,3.1697,0.8926,0.8933,-0.2839,-0.7308,-0.9781,-1.6689,-0.9061,1.0239,-0.3738,-0.0431,-0.1028,-0.5071,-1.5531,-1.9986,0.4184,1.2813,1.1229,0.2392,-1.3389,-1.2433,0.3291,0.8497,0.2833,-0.2574,-0.0895,-0.1306,-0.1345,-0.7553,-0.3601,-0.1141,-1.3315,-0.0851,-0.6435,0.2565,-0.4018,-0.4122,-0.1742,-0.0952,-0.1287,0.9517,1.1875,1.4618,3.1635,-0.5305,-3.8358,1.6118,1.1657,-1.0233,1.3899,0.93,0.1652,-0.2232,0.5069,-0.4311,-0.5412,0.4004,0.8402,0.1552,1.1623,-0.3774,-0.978,-0.3559,-1.0817,-1.205,-0.1224,-0.8902,-0.2064,-0.4736,0.239,-0.064,-0.1662,0.0372,-0.4066,-0.9981,-0.3482,-0.02,0.0305,-0.6574,-0.1866,1.0675,-0.7881,1.2061,1.2739,0.2255,1.9357,1.8894,-0.3359,-0.9884,0.8152,1.0516,0.716,1.3812,0.4438,-0.0206,-0.6729,0.3679,0.0802,-0.8476,-0.4062,-1.9145,-1.7125,-0.9459,-0.5078,-0.7424,0.4912,-0.474,-1.8665,0.375,0.5191,0.6193,0.0231,-0.1956,-0.3391,-0.0509,0.1237,-0.0829,-0.2294,0.4921,-0.2257,-0.9088,-0.2018,0.4549,1.0949,1.0836,-0.3357,0.1351,0.5159,0.5446,-0.1926,-0.405,0.8472,0.8167,0.112,-0.9248,-1.1732,-0.0059,0.3448,1.5636,0.3904,0.1695,-1.621,-1.0166,2.6733,1.4226,-0.0096,-1.2285,1.965,1.0454,-0.5348,-0.9248,0.0753,-0.1725,-1.515,-1.2114,-0.4942
"IC75",-0.3852,-0.6115,-0.3941,-0.2629,0.2441,-0.0863,0.5089,2.1948,1.5065,2.0692,1.8886,0.9685,-0.2774,-0.9542,-1.6403,-1.5657,-1.5864,-1.4724,-0.1147,0.0159,2.2713,0.0472,-0.9102,-1.3737,-1.3652,0.3278,-0.8162,-0.9512,-1.0857,0.0432,1.1626,-0.4897,-0.1815,-0.4572,-0.5816,-0.0486,-0.3426,3.2331,-0.4239,-1.3842,-0.0941,-1.1668,-1.2618,0.1457,2.8255,0.8758,0.8858,-0.042,1.9382,0.8066,-0.0214,0.3386,0.1447,0.4236,0.0982,0.3562,0.6587,-0.1465,-0.7507,-0.29,0.0191,-0.1258,-0.6337,1.4905,1.3989,-0.7326,-0.0528,-0.9284,-0.4588,0.3197,-0.7857,-0.7353,-0.5386,-0.3447,-0.2526,-1.2366,-0.8396,-0.882,-0.8048,-0.2574,-0.1489,-0.4385,-0.2372,0.16,-0.365,0.3897,0.2745,1.0456,2.012,1.3998,1.3705,1.7039,1.9134,1.7955,-0.1899,-1.1427,-1.5351,-0.5629,-0.5519,-0.47,-1.5533,-0.4382,-0.9946,-0.6146,-0.1706,0.9879,-0.6225,-0.3478,-1.7163,-1.0651,-0.0641,1.9668,2.2106,-0.4144,-0.0372,-0.2868,-0.1421,-0.1423,-0.4382,-0.1391,-0.2354,0.2558,-0.2941,0.1458,-0.1139,-0.0975,1.109,0.0969,0.2571,0.9817,-0.4536,0.1353,-1.026,1.1204,0.4377,-0.1395,-0.8607,-0.5703,1.5447,0.3943,-0.1663,-0.0827,0.983,0.6533,0.6854,0.5171,-0.3172,-0.7092,-0.6746,-0.5961,0.2373,-0.5739,-0.9552,-0.4262,0.1035,0.7436,1.3125,-0.0623,-0.0413,-0.8709,0.2223,-0.141,-0.0184,-0.4464,-0.7462,0.159,-0.6122,-0.2326,-0.6907,-0.4859,-0.0593,0.1682,1.1396,0.7592,0.0413,0.1512,0.0508,-0.1899,-0.8561,0.3387,-0.9392,-1.5226,-1.7424,-2.4016,-1.1129,-0.4394,0.4397,1.9052,2.3206,3.2475,3.6091,0.3853,0.8563,0.6466,-0.8537,0.3603,0.0537,-0.7873,-1.4379,-1.2732,-0.247,0.1846,-0.4419,-0.272
"IC76",-0.1273,-0.0704,-0.1023,-0.639,-0.918,-0.4727,-0.466,-0.4887,1.0057,1.4378,1.9806,1.0147,1.3962,0.5917,0.4536,0.3341,0.0374,0.0374,-0.1537,-0.0416,0.1684,0.1597,-0.2312,-1.0034,-1.0709,-1.1474,-1.2694,-1.3203,-1.6714,-1.0504,-0.4432,0.2622,-0.3883,-1.0559,-0.0357,-0.468,-0.8082,-0.3891,-0.8061,-0.157,0.4219,-0.1086,-0.774,0.7909,2.34,1.6306,1.9443,1.6824,1.6002,0.4187,0.7361,0.0676,-0.0516,0.1104,-0.103,0.7219,-0.44,-0.2136,-0.2197,-0.1585,0.1652,-0.2066,-0.8704,0.0966,1.0842,0.2833,0.7639,-0.3008,-0.3405,-0.0588,0.3915,0.8303,-0.0681,-0.5593,-0.7579,-0.8599,-0.7771,-1.0737,-1.2345,-1.5867,-1.5178,-1.0815,-0.4492,-0.3723,-0.9328,-0.6348,-0.3741,0.7148,2.0343,2.0202,1.7831,2.3829,2.127,1.2956,1.2009,-0.0466,0.3646,0.9648,0.4584,0.0685,-0.1185,-0.5964,-0.9845,-1.0002,-0.8068,-0.4976,-0.7843,-0.7417,-1.2799,-1.6461,-2.0419,-0.9883,-0.9034,-0.7532,-0.7602,-0.3789,-0.0196,-0.1026,0.2435,0.1262,0.4241,0.4269,-0.0195,0.3555,0.4174,0.8195,0.3165,0.0549,0.9693,1.1635,0.1872,0.8451,0.4029,1.1838,0.6837,0.2051,0.1621,0.0614,0.2652,-0.0046,0.8226,0.9512,1.3151,0.986,0.8407,0.7384,-0.0306,-0.3,-0.6915,-0.445,-0.7613,-0.7287,-0.7577,-0.2786,-0.3516,-0.2539,-0.6849,-1.0381,-0.6718,-0.7998,-0.4947,-0.666,-0.2628,-0.0142,-0.0627,0.0806,-0.201,-0.4331,-0.6156,-0.0558,-0.2888,0.4234,-0.0348,-0.2277,-0.5001,-0.424,-0.3907,-0.8294,-1.1513,-0.3757,-0.6164,-0.8241,-0.7718,-0.932,-0.6924,-0.6812,1.4963,1.3691,3.984,2.5672,3.466,1.5561,1.7919,2.0697,1.5338,1.6393,0.1371,-0.6785,-1.3472,-1.9452,-1.6711,-1.1469,-1.7294,-2.2024
"IC77",-1.6737,-0.8798,0.1991,-0.1501,-0.4068,-1.3778,-0.2943,1.6594,1.965,1.4532,1.2888,-0.8435,-0.5183,1.1174,0.0693,-0.3491,-1.1851,-0.8299,0.3447,0.8682,0.9646,-0.0172,0.5913,0.067,-0.8517,0.1724,-1.2694,-0.5197,-1.0286,-0.6983,-0.7703,-0.4137,0.4959,-0.1659,-0.1472,0.4545,0.8036,2.9557,0.6614,-0.3532,0.3283,-0.1651,0.6721,0.3435,0.3569,-0.0537,0.0807,-1.5824,2.6218,-0.3295,-0.678,-0.5795,-1.2113,0.2075,0.2451,-0.0639,0.2255,-0.4037,-1.7931,-1.4569,0.2359,-0.1119,-0.4033,1.0183,1.6813,1.212,0.035,-1.1947,-1.0965,0.3454,-0.811,-0.3977,-0.5004,-0.454,-0.3565,-1.3027,-0.7777,-0.2555,0.5646,0.7151,0.4129,0.3366,0.8587,1.2207,-0.4231,-0.8674,-0.0446,1.5031,1.695,-0.3468,0.9381,0.3671,-1.9339,-2.4711,2.6235,1.5795,-0.3769,0.9609,0.9693,1.2568,-0.0794,0.3546,0.1485,-0.5548,-0.8848,0.0716,-0.1489,0.0285,-1.8333,-1.2444,-1.3154,0.2396,0.2523,-0.5854,-0.5131,-0.5309,0.0039,-0.3234,-0.0238,0.5627,0.3355,0.8383,-0.6153,0.1693,0.1317,-0.0867,-0.5603,-1.3661,-0.0652,0.6732,1.6017,1.6067,0.3703,0.9375,-0.243,0.1985,-0.576,-1.0417,-0.1756,-0.5454,0.2172,0.1268,0.4549,-0.71,0.0014,1.4145,0.3919,0.1555,-0.0521,-0.7103,-0.4007,-0.4878,-0.3769,-0.0271,0.1493,-0.763,-0.3653,-0.4474,-0.21,-1.5812,-0.5922,-0.341,0.2629,-0.2423,-0.0013,0.8898,0.7231,0.796,0.1551,0.6582,0.924,0.8556,1.4772,1.3695,0.1905,0.6541,0.489,-0.1671,-0.6526,-0.373,0.1265,0.346,0.091,-0.8533,-0.0366,1.4577,1.9471,-0.5652,-3.6173,-4.1423,-2.6219,-0.7827,1.2507,-0.1604,-1.5675,2.9511,2.0343,0.3645,0.0097,-0.4065,0.3046,0.4373,0.1801,-0.37
