"IC05","-0.2388","-0.2618","-0.2089","-0.1568","-0.2968","-0.6896","-0.3076","-0.3537","0.1663","-0.1792","-0.3409","-0.0314","0.4887","0.2652","-0.0485","-0.0883","0.2615","-0.4277","-0.3648","-0.4455","0.4423","0.5310","0.3052","-0.1183","0.5457","-0.3189","-0.1149","-0.2710","-0.0538","0.7405","1.4409","0.3272","-0.3743","-0.2686","-0.5727","-0.7261","-1.2965","-0.4932","-0.4350","0.0971","0.0042","0.0204","-0.0171","0.1638","0.8740","1.6440","1.0123","0.9822","1.5629","2.0944","1.7644","2.1725","2.1387","1.7212","1.8736","1.3280","-0.9853","-2.2092","-2.3026","-1.7594","-2.2295","-1.7526","-2.1890","-1.9664","-2.4886","-1.3416","-1.3556","-1.2714","-1.2843","-0.9006","-1.0534","-0.3053","-0.5797","0.6815","2.0127","1.6565","1.6779","1.7552","1.2434","1.0397","1.1782","0.4544","0.4199","0.0110","0.1149","-0.3233","-0.2244","-0.4230","-0.2506","0.4729","0.3879","0.6127","0.7316","0.7762","-0.0385","0.4601","0.7900","-0.5841","-1.0022","-0.6200","-1.4690","-1.6876","-1.9445","-2.4075","-1.2082","-1.2054","0.5602","0.7276","0.1628","0.5566","0.9241","-0.9573","0.1286","1.7186","1.0538","0.8062","1.0548","0.5031","1.2749","1.2826","1.1264","1.0921","0.8694","0.7592","-1.9596","-1.7775","-0.5274","-0.6762","2.0357","1.4739","0.8048","0.6402","1.2506","0.1716","-1.1390","-0.2980","-0.2833","-1.4004","-2.0261","-0.3598","0.9416","0.2001","-0.4785","-1.3273","-0.9631","-1.5293","-0.2749","-0.8594","-0.6355","-1.1446","-1.0132","-0.7267","-0.5647","-0.7361","-0.2872","0.9109","0.2676","0.6075","0.2889","0.0225","0.1753","-1.7241","0.7547","0.9971","0.7884","1.0183","0.3352","-0.1710","0.8628","0.3692","0.9115","0.3644","0.4195","1.1301","1.0272","0.4228","-0.3479","-0.4853","0.9479","0.5970","0.9346","-0.0514","-0.0969","-0.5316","-0.1316","-0.3528","-0.6927","-0.0935","0.4799","0.0204","0.3337","0.7576","1.4772","0.3731","-0.5846","-0.1570","-0.6105","-0.2970","-0.5554","-0.8501","-0.8578","-1.1225","-0.4594","-0.1781"
"IC08",0.1201,0.0995,-0.1963,-0.3446,-0.1224,0.0833,0.468,1.1559,0.5602,0.036,-0.152,0.6312,0.5141,-0.6378,-0.166,0.5413,0.5063,0.0774,0.1069,-0.2652,-0.9843,-0.4757,-0.0365,0.161,1.2551,0.7166,0.6813,-0.1793,-0.8962,-1.1314,-1.1804,-0.0649,0.1936,1.1099,0.9571,0.2112,-0.8479,-1.031,-1.1471,-0.3135,-0.4569,-1.6224,-1.1361,-0.5994,-0.5293,0.364,0.0883,0.3496,0.0923,0.0536,-0.0172,0.1353,0.9498,0.8253,0.6739,-0.4732,1.541,-0.0908,0.0682,0.2192,0.088,0.0044,-0.2422,-0.1498,-0.1131,0.0148,-0.6285,-0.603,-0.8311,0.006,0.2995,0.2213,-0.0495,0.3739,0.6951,0.6232,0.367,0.1302,0.9346,0.9365,0.7867,0.2549,-0.2815,-1.1609,-0.8848,-1.0023,-0.8922,-0.9949,-1.0445,-1.1111,-0.994,-0.6931,-0.6336,0.4306,0.6247,1.1814,3.2068,3.0309,2.8405,2.1006,1.0786,-0.039,-0.2896,-1.3196,-1.0967,-1.7392,-1.2874,-1.2201,-1.1455,-0.1476,-0.1005,1.1564,0.5503,0.7932,0.9621,0.4454,-0.6674,-1.1527,-0.6679,-0.4661,-0.3165,-0.611,-0.8175,-1.5934,-0.4428,-0.6162,-0.5021,0.5448,1.5953,0.9118,0.0078,-0.2114,-0.6959,-0.1041,-1.1591,-1.8058,-0.7579,-0.3838,-0.4674,-1.0851,-0.9472,0.3259,0.666,0.674,-0.1577,-0.1962,1.0065,0.3067,0.567,1.2928,1.5972,1.4879,2.1214,2.7151,2.3578,1.9882,1.7852,0.2664,0.2127,0.244,0.0737,-0.1978,0.8409,0.7737,-0.0193,-1.1674,-1.7311,-1.4421,-2.8659,-1.9318,-2.036,-1.9573,-1.0826,0.6036,0.5026,0.4081,0.0435,-0.1058,-0.8588,-0.8529,-1.7055,-1.5293,-1.4542,-0.8273,0.0398,-0.0429,-0.1684,0.665,1.2136,1.5065,1.6931,1.1946,1.1081,0.3916,0.0184,-0.7308,-0.9372,-1.3251,-0.8145,-0.5747,-0.0114,0.905,1.7639,1.8843
"IC09",-0.2051,0.2651,-0.0916,-0.082,-0.0492,0.2571,0.1259,0.2225,0.3632,1.0443,0.9013,0.6098,0.305,0.6555,0.9686,0.4908,-0.2703,-1.0842,-1.1819,-0.8266,0.2099,0.8945,0.3602,0.3082,-0.5565,-1.4174,-1.2536,-0.9652,-0.2769,-0.2051,0.2582,0.1203,0.4937,0.3928,-0.4001,-1.6489,-1.8142,-1.0546,-0.6787,-0.5153,-0.2781,0.6679,0.6107,1.3164,1.652,1.2959,0.9836,1.0778,1.1175,0.1015,0.2149,0.542,0.3946,-0.3939,-1.11,-0.6288,-2.7893,-1.3852,-0.5637,-0.7918,-0.6852,-0.797,-0.9906,-0.6474,-0.623,0.0013,0.031,0.6561,0.9396,1.5656,1.5445,1.3583,1.7251,1.3382,1.0501,1.3601,1.2979,0.8159,0.5451,0.1671,-1.0067,-0.8927,-1.2298,-1.5764,-1.2474,-1.3294,-0.7424,-0.7414,-0.6217,0.3343,0.5268,0.8768,1.0798,0.8498,1.3322,1.0931,-0.7985,0.1063,-0.0193,-1.0787,-2.0239,-1.3315,-1.8137,-1.2295,-0.953,0.2113,0.8445,1.3335,1.8642,0.8853,0.7829,1.2034,1.0939,0.5059,0.1117,-0.9204,-0.9282,-0.5054,-0.7183,-0.7366,-0.0228,-0.6591,-0.8291,-0.9953,-0.4434,0.1685,-0.5336,0.4801,-0.6695,0.2235,0.0849,-0.2419,0.1237,-0.1232,0.1665,0.6566,1.1819,0.9927,0.626,1.3336,1.3134,1.0383,-0.5277,-1.2918,-0.6347,-0.3511,-2.0524,-0.7485,-0.5701,-0.6513,0.155,0.1521,0.4527,0.3023,0.5588,-0.1746,-0.1303,1.5451,1.5061,1.9836,2.5688,1.0195,1.8377,1.5574,-0.3579,-1.3803,-1.4618,-2.1494,-1.8649,-1.5328,-0.3457,0.4108,0.4928,-1.3143,-0.1779,0.6597,-0.0695,-0.6351,-1.4301,-2.254,-1.9017,-1.1026,-0.1526,-0.0901,-0.2412,-0.0752,1.099,0.7458,1.6422,1.8782,1.5851,0.3877,-1.1176,-0.5408,-0.7171,-1.033,-1.3249,-0.3134,-0.3939,0.3348,0.8516,1.4027,1.2851,0.8768
"IC15",-0.5836,0.2082,0.3939,0.6303,-0.2622,-0.5163,0.0815,0.1227,0.1681,0.3866,0.3766,1.0057,0.5655,0.9235,0.5965,0.441,-0.1827,-0.3839,0.1203,-0.1243,-0.8012,0.0905,-0.1198,0.3686,0.3908,0.359,-0.1879,-0.5553,-0.9225,-0.852,-0.0627,-0.1726,0.7247,0.093,0.0579,-0.5157,-0.6611,-0.2165,-0.4646,-0.4817,-0.7648,-0.6071,-0.137,-0.0112,-0.0029,-0.2287,0.1071,0.304,-0.1418,0.0591,-0.5507,-0.0643,0.1303,-0.0042,-0.6228,-0.6713,0.1832,-0.6762,-0.3139,-0.6252,-0.925,-0.7397,-0.2664,-0.4336,-0.6044,0.5023,0.8924,0.8023,1.2349,1.1536,0.9688,1.2718,1.3669,1.7643,1.3312,1.296,1.0233,0.8644,0.6622,1.6905,0.2893,-0.3616,-1.4253,-1.7206,-1.4366,-0.9595,-0.6232,-0.9528,-0.4049,-0.9068,-0.9586,-1.0961,-1.035,-0.9802,-0.857,-0.121,0.8056,1.4872,2.183,1.4185,0.2823,-0.1866,-1.1555,-0.3817,-0.5566,0.048,-0.0781,-0.1603,0.1602,0.8477,0.5562,-0.3479,0.8223,1.3552,0.7251,-0.1729,-1.5849,-1.2612,-0.2032,-0.0402,0.698,-0.3527,-0.4294,-1.0229,-1.3478,-2.1049,-1.2431,0.3831,1.7659,1.4554,1.2111,0.5446,0.3343,0.6673,-1.451,-1.3112,-1.0911,-0.9052,-1.2799,-0.381,0.5647,0.2772,0.0874,0.2238,-0.3404,0.5532,-0.2767,0.4043,0.5075,0.6499,0.4849,0.4615,1.4097,1.4833,2.0694,0.758,0.4056,0.7366,0.4324,1.2563,1.1723,3.1685,2.2687,1.6209,0.0154,-1.3668,-3.0371,-2.5353,-3.3249,-0.9031,-1.5256,-1.3103,-0.5165,-0.4549,0.0514,0.5158,0.2441,-0.4427,-1.0682,-1.611,-2.1465,-1.453,-1.1573,-0.4424,-0.6189,-0.2936,0.445,-0.2234,1.0784,0.7462,2.1358,1.8195,1.2951,1.011,0.3753,-0.7595,-1.3402,-1.3401,-1.2718,-0.3589,-0.0235,1.0681,1.7505,2.1869
"IC16",1.41,1.4227,1.137,0.8138,0.054,-0.5163,-0.0162,0.0174,0.1878,0.1617,-0.5164,-0.1485,-1.0817,-0.8501,-0.8412,-0.7158,-0.2877,-0.4946,-0.7598,-0.9341,-0.774,-0.6754,-0.3747,0.1691,0.2534,0.4882,0.7326,0.0944,-0.1863,-0.6453,-0.8688,-0.1887,0.6583,1.1022,1.4856,0.5347,0.0642,0.5914,1.0555,0.9139,0.82,0.6893,0.0214,-0.1706,-0.3991,-0.3804,0.0041,-1.1185,-1.4495,-1.9605,-2.0532,-0.4604,-0.4878,-0.9126,-1.2199,-0.4097,2.0633,1.729,1.4791,1.248,2.1255,1.6227,1.0576,0.6635,0.2392,0.0761,0.4568,0.5588,0.5946,0.2659,-0.8418,-0.1962,-0.6951,-1.4001,-2.0625,-1.8554,-2.3813,-1.5361,-0.4582,-0.043,-0.4141,0.5847,0.0302,0.9254,0.1516,-0.0392,-0.2795,-0.1906,-0.4917,-0.1068,0.2802,-0.1103,-0.5419,-0.1196,-0.6887,-0.2242,2.032,1.4247,1.9606,0.5414,1.0613,1.4145,0.9723,1.3556,1.0574,1.0039,0.4541,-0.5332,-0.6183,-1.4252,-0.9459,-1.8483,-1.0362,-0.6424,-1.3912,-0.7032,-0.5736,-0.5756,-0.6941,0.47,0.9593,0.3958,-0.0138,-0.1826,-0.4248,0.5023,0.0532,-0.0857,1.4412,0.7984,0.9834,1.3429,0.7881,-1.6553,-1.0315,-0.4616,-0.0801,0.5181,0.0575,0.2898,0.9359,-0.4311,-0.3767,-1.3874,-1.1053,-0.7844,-0.6008,-1.6929,0.0198,-0.4477,-0.3043,0.2479,0.199,-0.1606,0.4568,0.2155,-1.0951,0.717,0.9668,1.2799,1.3695,2.2301,2.2515,2.9582,0.7218,0.5412,-0.0026,-1.1971,-1.165,-2.4325,-1.075,-0.3464,-0.0868,-0.5184,1.7768,0.3602,-0.4258,-0.9788,-1.1941,-2.8232,-1.7019,-2.6349,-0.0006,0.3669,0.9375,1.0923,1.0823,0.8907,1.3764,0.4907,0.3734,0.0288,-0.3605,-1.0145,-0.7421,-0.8844,-0.525,0.2624,-0.0116,-0.2221,0.7397,0.5821,0.7342,1.1082
"IC17",-0.2968,-0.9757,-0.0427,0.9471,-1.2301,-1.1004,-0.5419,0.1757,-0.0918,-0.7787,0.6986,1.2893,0.7094,1.3865,0.9259,0.6619,-0.747,-0.0704,0.571,-0.1707,-0.4433,-0.2288,-0.5091,-0.0199,-0.6593,0.5106,-0.4819,-0.1359,0.3638,0.4162,1.3083,0.4041,0.3857,-0.8601,0.198,-0.3067,0.0796,0.5396,-0.4546,0.3367,-0.2353,1.3368,0.6526,-0.1669,-1.039,-1.2465,0.3022,-0.6775,-0.8234,-0.6109,-0.3047,0.7549,-0.2129,-0.4667,-1.8632,-1.2468,-2.6408,-1.6187,0.8681,0.4416,0.3133,0.5996,1.0448,1.7683,1.0063,0.6133,2.7135,2.0486,1.8141,0.0125,0.1182,0.7853,-0.3094,-0.1919,-1.4669,-0.5092,-0.3912,-0.5428,-0.8027,0.0864,-0.247,-0.0283,-1.6066,-0.4229,-0.4801,0.1029,0.0124,-0.5762,0.4997,-0.558,0.401,-0.0217,-0.3881,-0.3178,1.2031,0.6876,-0.6183,-0.0213,0.0692,-0.4299,-0.2899,0.6561,0.2231,1.2834,0.8093,1.2314,-0.3921,-0.9398,1.5583,0.314,-0.5994,-1.1365,-0.4773,-1.0581,-0.1953,-0.1215,0.0189,-0.521,-0.0519,0.2393,-0.1161,-1.6616,-0.992,-0.3958,0.211,0.9997,1.1517,0.8316,-0.2502,-0.6308,-1.4062,-0.9186,-1.1473,-0.7731,1.1496,2.5649,1.1656,1.4305,0.6047,1.3582,1.7008,0.1427,0.2531,0.789,1.1949,0.8157,-1.6166,-1.7191,-0.4607,-1.9291,-0.6705,-0.6947,-2.2463,-0.9534,-1.1133,1.3919,-0.0209,0.9313,-0.4348,-0.8246,-1.2086,2.1943,1.486,0.6616,-0.7064,0.4207,2.1587,-1.6998,-0.5382,-1.3035,0.257,0.0928,-0.1273,0.0018,2.2324,0.92,0.4562,-0.9063,-2.3455,-1.0221,-0.1696,-0.0184,0.5094,-0.2211,0.3405,0.1722,1.213,0.5045,1.1112,1.319,1.2275,-0.3836,-2.1073,-1.1122,-2.4988,-0.469,0.6731,3.0989,1.272,0.3364,-0.7307,-0.2474,-1.309,-0.7316
"IC18",-0.5566,-0.2997,0.2368,0.102,-0.1925,-0.667,-0.2504,-0.3197,0.1746,-0.5684,-0.351,-0.1168,0.0253,-0.3926,-0.4523,-0.4259,-0.4568,-0.3785,0.0002,0.4506,0.7594,0.0571,0.1599,-0.155,0.1185,-0.1204,0.0007,0.0373,0.4738,0.7336,0.6107,0.3191,0.3822,0.5614,0.0774,0.2735,-0.1422,-0.0043,-0.0431,0.2115,0.5926,1.0062,0.5049,0.2808,0.7376,0.279,0.2996,0.133,0.3736,-0.5525,-1.0558,-0.6133,-0.15,-0.2727,-0.3138,-0.8946,1.4917,-0.1456,-0.6297,0.1717,0.0688,0.4409,-0.3003,0.2917,0.1176,0.2867,-0.3622,0.2079,0.0057,-0.4162,-0.3428,-0.3204,-0.5823,-0.2171,0.0444,-0.4905,-0.0974,-0.2032,0.2831,-0.1973,0.0921,-0.483,-0.2544,-0.1225,0.0639,0.0804,0.1136,0.2562,0.4583,-0.0704,-0.4622,0.0397,0.0303,0.1369,-1.0714,-1.0964,2.4694,-0.0692,-1.2753,-0.5963,-0.2644,-0.4621,-0.1397,-0.2424,0.8429,0.9937,1.4847,0.2931,0.5008,0.3173,0.7824,-1.6841,-1.028,0.2945,0.0161,-0.3037,-0.0853,-1.3825,-0.8352,0.1359,0.6975,0.9106,1.1037,1.9603,-1.0846,-0.054,-0.673,-0.4508,2.0768,1.1721,0.355,0.8679,1.4898,-0.8519,0.324,0.1264,0.984,0.419,-0.7945,0.543,0.7491,0.3857,0.5043,-0.6671,0.6556,-0.1893,-0.0309,-0.9148,-1.0983,-1.5704,-1.8526,-1.825,-2.0417,-0.5454,-1.0551,-0.4422,-2.8917,-2.2679,-3.3284,-3.3888,-1.9113,4.6692,1.5491,0.4982,1.4455,1.5245,2.3028,0.6089,1.192,0.1632,0.6385,-0.2606,-1.3316,1.3273,2.927,1.1235,0.8176,1.4199,1.8359,0.4814,1.3249,-0.4385,0.2954,-0.8707,0.7034,-0.5713,-0.7376,-0.9952,-0.9436,-0.2979,-0.7273,-0.1748,1.112,1.2601,1.7099,1.2271,-0.1776,0.1487,0.1893,-0.2236,-0.4696,-1.4344,-1.8611,-3.1812
"IC19",-0.1287,-0.4743,-0.0261,0.2387,0.6035,0.3445,-0.1352,-0.399,-0.7878,-0.707,-0.3829,-0.4822,-0.6657,-0.633,-0.0748,-0.0397,-0.3778,-0.1356,-1.0636,-0.5981,-0.7267,-0.3389,0.2063,0.2203,0.3944,0.6777,0.2652,-0.0259,0.08,1.0077,1.6316,0.9327,0.3006,0.359,0.8874,0.5331,0.4961,0.0447,0.6338,0.462,0.4839,0.4189,1.025,0.9025,1.3457,1.5659,1.1749,0.5336,-0.8095,-0.4077,-0.0457,-0.0138,-0.4322,-0.1563,0.4023,0.1095,-2.6612,-1.7434,-0.5761,-1.1412,-0.567,-0.609,-0.241,-0.5092,-0.4391,-0.586,-1.2063,-1.1991,-0.3342,-0.8389,-0.979,-1.1599,-0.7156,0.3155,1.13,1.1732,0.1534,0.8451,0.5583,0.7686,0.8004,-0.1589,-0.2884,0.5103,0.3467,-0.0485,-0.8226,-0.6617,-0.919,-0.6579,-0.0914,0.4338,-0.0447,-0.0948,0.4673,-0.7462,-2.7586,3.3943,0.6732,0.1106,0.1591,0.6161,0.2513,0.2955,0.7128,0.186,-0.0035,1.077,0.514,1.7739,0.5796,1.0158,0.5164,0.7136,0.6803,0.8733,0.5713,1.2881,0.4208,-0.1818,0.2092,0.8633,0.1641,-0.9382,0.7365,1.4641,1.6176,0.6688,-3.1064,-2.824,-1.9805,-1.7992,-3.1054,-3.0382,-1.9991,-0.7543,-0.8455,-2.2663,-1.9609,-1.5502,-1.3349,-0.8347,-0.232,-0.0947,0.2551,0.5252,0.834,1.2475,1.3359,1.5518,1.3354,1.8456,0.0154,-0.2397,-0.6355,0.6015,2.4424,1.7198,2.1542,1.9388,1.2451,-0.496,0.5595,0.1624,0.1687,-0.1424,-0.2721,0.521,0.5941,0.0057,0.0043,0.9115,0.7975,-0.6861,-1.8657,-1.5354,-1.1448,-1.0772,-1.3529,-0.1649,0.0859,0.7332,0.6502,0.449,0.2136,0.4882,-0.366,0.3333,0.1923,0.1216,0.2252,0.4137,-0.0043,-0.5096,-0.5166,-1.1278,-0.3141,-0.1278,0.4208,0.3274,0.0844,0.3903,-0.678,-0.8581
"IC20",-0.3321,0.4415,0.1928,-0.3212,-0.645,-0.9358,-0.7418,-0.0913,-0.2816,-0.0232,-0.3394,0.2898,0.2176,-0.2125,-0.0632,-0.3937,0.3693,-0.0338,0.2083,0.3332,0.1006,-0.211,-0.5355,0.0412,0.6033,0.2461,0.2064,-0.4626,-0.0775,-0.5005,0.0105,0.5166,0.3998,0.7058,0.5654,0.3068,-0.5296,0.0747,0.0301,0.248,-0.0741,-0.3605,-0.5509,-0.3076,0.9297,1.0271,0.3813,0.2472,0.0886,0.5509,0.1656,0.5064,0.8412,1.6171,1.1227,0.2246,1.5821,-0.6606,-1.0475,-0.5207,-0.7427,-0.5592,-0.4077,-0.5672,-0.0787,0.0627,-0.1248,-0.3924,-1.3982,-0.6696,-1.1424,-1.003,-0.8995,0.3442,0.0463,-0.4723,0.2811,-0.0154,0.3042,0.933,0.3619,0.4341,0.6327,-0.1628,0.1315,-0.7487,-0.1801,-0.6948,-0.4329,-0.8778,-0.5738,-0.1691,0.0503,1.2388,0.8793,0.2676,2.2485,0.2997,-0.0485,-0.1554,-0.6388,-0.2569,-0.5383,-0.8009,-0.2237,-0.4334,0.1738,-0.7981,-0.2787,-0.3725,0.5943,-0.0739,-0.4241,1.1366,0.347,-0.4294,0.249,-0.1032,-0.1594,0.3818,0.441,0.0103,-0.305,1.2173,0.0918,0.6018,1.2474,0.5415,2.5216,0.6183,-0.4111,-0.6377,-0.454,0.5499,0.0118,-0.0598,0.234,0.5689,0.4079,0.0558,0.5982,0.5436,1.6345,0.7915,0.0361,-0.4468,-0.3081,-1.7141,-1.6465,-2.5124,-1.9053,-2.9387,-2.7143,-1.4772,-0.7492,0.0822,-2.3987,-1.7771,-2.1538,-2.7734,-2.2277,2.6387,2.5257,2.8877,2.3116,1.5472,2.5134,1.1586,0.8314,-1.0861,-0.324,-1.2107,-0.7112,2.4631,3.2129,2.116,1.9909,1.2949,0.699,0.2886,0.0801,-1.405,-1.0195,-0.6563,0.1252,-0.5906,0.0599,-0.1174,-0.2331,0.6447,1.0965,0.2463,1.5653,-0.3617,0.3095,0.303,-1.4911,-0.1904,-0.7507,-1.2066,-1.08,-0.5186,-0.8111,-0.8298
"IC23",0.4663,0.3618,0.3068,-0.7402,0.1599,-0.7955,0.0793,0.175,0.423,0.0381,-0.0997,0.7009,0.5808,-0.4005,0.1361,0.242,0.4026,0.1138,0.8003,0.249,-0.4684,-1.0265,0.502,0.4937,0.5226,0.8511,0.609,-0.7178,-0.6422,-1.3337,-2.0829,0.2636,0.2263,0.307,0.7921,1.3689,-0.1349,-0.262,0.2754,-0.5377,0.2351,-1.2961,-1.033,-0.4739,-1.6756,-0.7147,0.6444,-0.3603,-0.1018,-1.7009,-0.5408,-0.2555,0.1471,-0.1555,0.0054,0.0908,2.2025,1.6806,0.6959,0.2073,0.5063,0.853,0.345,0.6454,0.4609,-0.08,1.168,0.3579,0.0499,-0.3335,-0.8457,-0.5216,0.1443,-1.6025,-0.8807,-1.885,-1.6455,-1.2619,0.2764,-0.7018,1.3613,0.6471,0.7068,0.7974,1.0641,0.3747,0.6751,0.4327,-0.71,-0.8834,-2.0434,-0.5057,-2.4423,-0.4207,-0.7963,-0.0084,1.8541,2.4512,1.7479,1.6472,1.7085,0.9168,2.3336,0.6821,1.5644,0.5192,0.3297,-0.562,-0.5437,-0.7652,-0.5594,0.2147,-0.4797,-0.6653,0.3519,0.2674,-1.8878,-1.4712,-1.1301,0.3131,-1.9062,-0.0065,-1.1138,-1.4046,0.0945,-1.339,-1.3305,-0.4264,-0.3496,0.8919,0.7459,-0.5485,0.7025,0.3428,1.2561,0.023,-2.1836,-0.067,-0.6834,-0.1133,-0.5335,-0.8079,0.1999,-0.6172,0.145,0.2715,1.1252,0.5822,-0.0409,1.7213,0.2376,1.0813,0.378,2.2503,0.7693,1.1482,2.704,0.8756,1.3594,1.773,1.0973,-1.4203,1.1695,-0.7872,-0.4671,-0.9125,-1.4725,0.2436,-1.1515,0.0528,-0.5149,0.2265,-1.7055,-0.9944,0.9551,0.0955,-0.1876,-2.5001,-0.6085,-0.379,0.5275,-0.2022,-0.6116,-2.0448,-0.5545,-1.2863,-1.5386,-0.6178,-0.5137,1.3302,-0.7039,0.7557,-0.7237,0.4544,0.872,-0.004,-0.1495,-0.5144,1.3415,-0.2693,1.0078,-0.5214,1.2324,2.8471
"IC24",0.2142,0.8347,2.0519,-0.4352,0.1196,0.315,-0.1629,0.6903,-0.6162,-0.8171,-0.071,0.1718,0.451,-1.2255,-0.3483,0.0225,0.3329,0.1083,0.133,0.6041,-1.3974,-1.277,-0.5991,-0.4447,1.4282,0.1507,0.2424,0.2134,-0.1586,0.0602,-1.3769,-0.8079,-1.5163,0.3419,-0.2656,0.9365,0.634,0.7054,0.7198,0.4816,0.9719,-0.3605,-0.0881,-0.6624,-1.1619,0.3742,-0.2503,-0.5801,-0.7032,-1.4255,0.0533,-0.6462,0.5115,1.2985,2.4659,0.8247,1.7219,0.7419,0.9733,1.7821,0.2518,0.7315,0.3896,-0.1323,-0.1017,0.0828,-0.9291,-1.1685,-1.9965,-1.4449,-0.3993,-1.5865,-1.3695,-1.9254,-0.9148,-2.125,-1.432,-0.542,-0.116,0.257,1.5396,1.0564,2.01,0.6854,0.8356,0.7669,0.0985,0.1034,-0.9224,-0.3839,-1.4199,-0.2801,-1.1381,-0.4998,-0.0529,-0.4528,0.4265,0.8655,1.466,2.6483,2.2193,1.671,2.59,0.8934,1.0376,-0.6546,0.3957,0.2459,-0.6414,-0.3103,-1.0514,-0.2027,-0.7917,-0.4643,0.7655,-0.2497,-0.6911,-0.4059,0.2853,0.0115,0.1616,1.5933,0.359,-1.6912,-1.5809,-0.5915,-1.4433,0.2841,-1.1338,-1.1202,-0.9666,-0.5476,-0.3892,-0.9954,0.2095,-0.8626,-0.1354,0.0771,-0.1758,-1.1361,-1.2858,0.6281,-0.2935,-0.8244,0.4456,-0.4973,0.8209,0.0542,-0.0824,-0.3099,0.6211,0.7077,0.832,0.7291,1.5978,2.1677,1.3925,1.8313,2.0459,2.1731,3.105,0.2764,-0.53,0.1561,0.3339,-1.6109,-0.2398,-0.7493,-0.4381,-0.8217,0.4012,-0.4278,0.2786,-0.2953,-0.4757,0.3943,-0.8875,-0.5317,-1.5939,-2.6259,-0.8884,-0.2238,-1.1562,-1.1539,-0.1972,-1.1324,-0.6557,-0.2127,-0.2291,-0.0954,-0.4217,1.0751,0.2437,-0.6156,-0.1753,-0.2598,-0.8918,0.2842,1.3561,1.365,0.858,1.4372,0.2451,1.2402
"IC26",-0.9847,0.302,0.1163,0.2707,0.1119,-0.6702,0.0991,0.7068,0.3201,0.1006,-0.7716,0.4251,0.4928,-0.9619,-0.1919,-1.2548,-0.2545,-0.7398,0.1272,0.997,0.5684,-0.1985,-0.6734,-0.6471,-0.7675,-1.0768,1.0988,0.3966,0.7639,0.7103,1.001,0.4024,-1.0448,0.0258,-0.1091,0.6112,-0.8455,0.011,-0.2905,1.0241,1.0994,0.838,-0.56,-0.7306,0.948,0.3646,-0.3932,0.2686,0.7411,1.7635,0.7876,-0.1881,-0.3739,-0.1535,-0.3599,-1.0572,3.0495,-0.2316,-1.3809,-0.2282,-1.0735,0.2636,-0.3753,-0.1545,-0.3608,-0.5022,-0.2487,0.6779,-1.13,0.1524,-0.7767,-0.1562,-0.8093,0.2304,-0.0246,0.0614,1.0474,-0.5419,-0.8592,-0.7751,0.0234,-1.2203,-0.2745,-0.8935,0.4335,-1.1538,-0.0565,-0.6944,-0.2516,-0.0867,1.0319,1.458,0.7578,2.5538,1.3462,-0.3319,1.9674,-0.2828,-0.4751,0.1794,-0.9616,-0.5832,-0.1302,-1.2925,-0.1526,-1.2147,0.9655,-0.5765,0.5642,1.1784,2.8187,0.4343,-1.0871,-0.7243,-0.3155,0.2384,1.6518,-0.1998,-1.0215,-0.8739,-0.4864,-0.1252,-1.4582,2.4111,1.0778,2.0826,0.1186,-0.1807,0.9691,-0.8518,-1.663,-1.4781,-0.0359,0.7702,-0.0747,-1.55,-0.4521,0.6234,-1.237,-1.6619,-0.7178,0.1724,2.3706,1.1755,1.7015,0.4845,1.1678,-1.0061,0.4877,-1.0213,-0.4379,-1.0707,-3.1366,-3.2164,-1.4497,1.6026,-1.0169,0.3279,-1.0077,-0.94,-0.48,1.1985,0.02,0.7667,0.6151,0.1501,2.6645,2.1015,1.4793,-0.1846,0.6871,-0.4759,-0.0488,1.5206,1.5415,0.2084,0.0104,-0.1074,1.2103,0.4752,1.4333,-1.5101,-0.3836,-1.4268,0.5068,-1.1033,0.2762,0.1101,-0.9409,-0.5914,-0.8363,0.156,1.2346,-1.3039,-0.4824,0.8159,-1.9857,-0.4,0.3312,0.2534,0.3453,0.2828,-0.3285,0.1313
"IC27",-0.0448,0.2661,-0.1787,0.1059,-0.998,-0.4352,-0.0409,0.3105,0.0237,0.1104,0.4947,1.0214,0.8205,1.6397,0.8669,0.9309,0.1744,-0.1032,-0.6693,-1.2324,-0.8221,-0.0776,0.0629,1.0499,0.9043,-0.4078,-1.2686,-0.7762,-0.8145,-0.1333,1.2013,-0.4051,1.0114,0.2643,0.3219,-0.4928,-1.7776,-1.5491,-1.3363,-0.6809,-1.3184,-0.3946,-0.404,-0.101,0.3151,0.4106,1.0438,1.4829,-0.1037,0.6139,0.0079,0.6666,1.1881,0.6703,0.0423,-1.2223,-1.2497,-1.585,-0.6982,-0.5907,-1.0932,-0.1912,-0.5727,-0.0559,-0.5426,-0.0552,0.2315,0.5541,0.7653,1.0072,1.4867,2.1188,1.4745,2.0812,0.7862,1.3695,1.5325,1.7109,0.3303,1.2195,-0.1548,-0.9968,-1.7611,-1.3257,-1.5832,-1.248,-0.8677,-1.3392,-0.278,-0.9988,-0.2239,-0.8452,-0.0368,-0.0591,0.4172,0.9192,-0.2778,1.9588,1.7437,0.5415,-1.3267,-1.0907,-1.9792,-1.3043,-1.1765,0.1958,-0.4349,-0.3145,0.0244,-0.2653,0.2464,-0.2437,0.9523,0.5689,1.4558,-0.0994,-0.6523,-0.4016,0.7573,0.2658,1.5432,-0.107,-0.4,-0.6635,-0.7596,-1.3927,-0.884,0.9679,1.0148,1.0793,0.0066,-0.1146,-0.4888,0.038,-0.9837,-0.0761,1.1243,0.2361,-1.0624,0.4553,1.09,1.4431,-0.218,-0.0819,0.0314,1.3244,0.1458,1.1496,0.7869,0.3967,-0.3884,-0.9692,-0.6145,-0.214,0.6359,-1.1339,-1.1974,-0.489,-0.1006,0.0814,0.2119,1.673,2.2781,2.4052,0.3812,-0.823,-2.0918,-2.8823,-2.3868,-0.5425,-0.8656,-0.0698,0.1019,-0.4623,0.8163,2.4168,1.0599,0.9862,-0.6476,-1.5568,-1.9798,-1.3448,-1.1145,-0.7538,-1.3862,-0.3637,-0.4193,-0.6756,0.3434,1.2755,2.3752,1.6973,1.3599,1.7817,0.6229,-0.5151,0.0617,-0.2554,-0.6608,0.279,-0.1952,-0.0734,-0.2886,-0.0133
"IC29",0.1859,0.0415,-0.012,0.6588,-0.1098,-0.219,-0.251,-0.8517,-0.571,-0.5029,0.3586,-0.3603,-0.8519,-0.7656,-0.4729,0.3551,-0.3595,0.1662,0.907,0.6591,0.9261,1.032,1.4023,0.2201,-0.5755,-0.3069,0.125,1.0863,0.113,0.0145,-0.5385,0.3888,0.5438,-0.0735,0.3914,0.3028,-0.1804,-0.4645,-1.0742,-0.5618,-0.6052,-1.3604,-1.3975,-1.1934,0.4809,-0.3877,0.1395,-0.0346,-0.9892,-0.3567,-0.6857,0.3192,0.6264,0.5791,-0.2993,-0.8403,3.0144,0.5265,-0.2665,0.2907,0.4468,0.989,1.2244,1.285,1.0619,1.3278,1.2225,0.1099,0.1309,-0.0974,0.0681,-0.76,-0.7646,-0.3664,-0.2161,0.0706,0.644,0.5123,-0.7546,-1.2917,-1.2225,-0.5466,-0.4664,-0.9825,-1.4149,-0.9419,-0.7259,-0.0108,-1.1157,-1.3188,-0.688,-0.7198,0.1796,0.8938,0.3093,1.1317,3.4266,2.0542,0.9724,0.3216,-0.2454,-0.0564,-0.0322,-0.8269,-0.171,0.1404,-0.4137,-1.0597,-1.0351,-0.2987,0.7119,0.8836,0.0654,0.9537,-0.0524,-0.5321,0.5376,0.7823,1.0445,-0.0369,-0.8445,-1.3948,-1.9925,-0.4432,0.1348,-0.3941,1.0296,-0.2015,2.2715,-0.3184,-1.828,-2.0116,-1.5307,1.6289,0.5272,-1.2162,-0.3136,1.1216,1.066,0.8567,0.3044,0.0592,0.6875,1.2418,0.5234,0.7049,0.8262,0.7297,-0.232,0.7657,0.733,0.3644,1.1448,1.6118,0.765,0.3526,0.5875,-1.4715,-1.1731,-2.1789,-1.3229,-1.7285,-1.5973,-1.8365,-2.282,-2.0612,-1.798,0.7432,-0.2448,0.515,-0.9467,-0.9876,-0.9877,2.7072,1.4087,-0.138,-0.3746,-0.1984,-0.2372,1.4663,2.0353,-0.0396,-0.5345,0.0959,0.1039,0.8099,0.3287,1.1109,1.184,1.4249,1.9727,1.1429,1.9281,1.0098,-0.0086,-0.9058,0.5384,-0.0498,-0.4905,-1.2997,-1.0036,-2.4359,-0.8992,-1.2832
"IC31",-0.696,-0.132,-0.904,-0.6457,-0.4063,-1.0633,-0.1406,0.0237,-0.2863,0.3536,0.0414,1.6544,0.8469,0.4004,1.327,0.2577,0.5426,-0.5436,-0.6249,-0.7418,-0.6699,0.5107,0.9959,1.5662,1.3258,-0.2224,-0.2516,-1.2922,-0.6476,-0.482,0.0419,1.614,1.8874,1.7336,0.4613,-0.8487,-2.3544,-1.504,-1.175,-0.7623,-0.3902,-0.5268,0.309,0.8063,0.838,0.8013,0.3838,0.6011,-0.2528,-0.3744,0.5363,1.0093,1.6,1.0418,-0.275,-1.6791,-1.39,-1.0609,-0.5657,-0.5009,-0.9753,-0.5497,-0.6971,-0.9233,-0.7052,-0.8977,-0.7937,-0.5477,-0.0752,0.7631,-0.5274,-0.2031,0.339,0.7032,0.4336,0.5489,0.9808,1.0046,1.9973,1.9903,0.4475,-0.3854,-0.2969,-0.3107,0.4486,-0.7032,-0.3666,-1.0139,-0.8535,-0.8597,-0.1206,0.7476,0.0383,0.7994,1.2904,1.6719,1.3063,2.1719,1.6366,-0.5878,-1.649,-1.277,-1.1655,-1.2783,-0.4518,-1.0823,-0.236,-0.2139,-0.0663,0.3801,-0.4782,0.4783,0.9429,0.687,0.1019,-0.6398,-1.4321,0.2398,0.6474,1.3749,1.2014,0.1116,-1.3539,-2.0805,-0.6944,-1.372,0.0032,0.9591,0.9076,0.4889,-0.2497,-0.3172,-0.7659,-0.4333,-1.3672,-0.0863,0.1501,-0.2528,0.1855,0.4116,1.4521,0.5326,-0.7102,-0.4832,-0.7572,-0.7119,-0.4973,-0.1717,-0.2234,0.3466,0.0618,0.1811,0.8613,1.4735,1.4676,-0.3427,-0.6498,-0.4036,0.6462,0.4894,1.4145,2.3057,2.4116,2.5221,0.5777,-0.9959,-2.3522,-1.3639,-1.749,-0.6467,-0.5967,0.1722,0.6706,1.1777,0.1729,0.8877,-0.2214,-1.8282,-2.1772,-1.9094,-1.5186,-1.2163,-0.4015,0.4545,0.6227,0.6988,0.9595,1.5087,1.2794,1.6234,1.2812,-0.4169,-0.957,-0.1422,0.16,-1.6524,-1.835,-1.3362,-0.4019,-0.197,0.8991,0.6934,0.7525,0.7534
"IC33",-0.0681,0.0731,-0.3154,-0.0985,-0.6296,-0.6439,0.3249,0.5904,0.3229,0.1363,0.409,1.2902,0.7942,0.7266,0.4458,0.6662,0.3028,-0.429,0.0853,-0.5208,-0.8545,0.4009,0.4731,0.4437,0.2746,-0.6545,-0.9733,-0.4566,-0.2314,-0.6591,0.4978,0.0242,0.4764,-0.4009,-0.181,-0.4427,-1.1713,-0.9546,-0.8901,-0.2272,-0.426,-0.4484,-0.1885,-0.3144,-0.5924,0.3358,0.3892,1.5042,1.2812,1.6501,0.8077,0.5947,1.7487,0.3741,-0.4605,-0.8703,-1.2742,-1.8806,-0.8961,-1.0818,-1.0001,-1.231,-1.4528,-1.1182,-1.3406,-0.2394,0.2154,0.3644,0.79,0.8263,1.0452,1.0801,0.3191,0.7077,0.95,1.6657,2.0555,1.7403,0.7741,1.4149,-0.0504,-0.9914,-0.9042,-0.9029,-0.0236,0.3191,-0.0417,-0.7105,0.3761,-0.1144,0.3451,-0.0544,0.3127,0.2167,0.1086,0.1518,0.2685,1.417,0.7803,-0.3371,-1.8264,-1.5808,-2.1481,-1.3776,-1.0937,-0.581,-1.0151,-0.9262,-0.2672,0.6155,0.7297,0.0172,1.0044,1.3332,2.1125,0.1808,-0.6233,-0.9159,-0.3163,-0.7884,0.7619,-0.0184,-0.2339,-0.081,-0.2403,-0.4868,-0.1163,0.9228,0.0797,1.1101,-0.1347,-0.472,-0.2452,1.4627,-0.619,-0.1302,0.7139,-0.5667,-1.2487,0.0424,-0.3433,-0.8973,-2.5113,-0.9091,-0.9447,-0.8279,-0.5002,0.9537,1.4705,1.0068,0.7363,0.5744,1.2172,0.8046,1.5903,0.8997,1.805,2.1056,2.1753,2.1852,1.8307,0.8564,0.6448,0.7412,-0.3171,-2.1312,-3.3923,-2.5845,-2.1442,0.8504,-0.3435,-0.1926,0.4057,-0.9205,-1.4319,0.051,-1.316,-1.6473,-2.1705,-1.6291,-1.1965,-0.6237,-0.8435,-0.1515,-0.6226,-0.2311,0.5278,0.3826,1.3791,0.8497,2.1214,1.2929,0.9797,1.5863,-0.4391,-0.9889,-0.0231,0.2636,-0.1673,0.4345,-0.3377,0.2669,0.2909,0.5253
"IC36",-1.2647,0.2609,-0.7575,0.0676,-0.4871,-0.5031,-0.4711,-0.1495,-0.2086,1.7755,0.848,1.398,-0.0871,-0.7012,-0.1715,-0.0461,0.0841,-0.5756,0.3425,0.0281,0.6923,0.9266,1.142,0.8122,-0.2796,-1.0125,-0.6235,-1.4366,0.4475,-0.1391,0.1111,0.1152,1.6895,0.9483,0.6275,-0.012,-0.4431,-0.3465,-1.6271,-0.7362,-0.743,0.3052,0.1664,1.7574,0.8327,0.2538,0.2865,2.0056,-0.7585,-0.9228,-1.6591,-0.2131,-0.1491,-1.4688,-1.6068,-2.7692,-2.428,-1.4836,-0.4054,0.0793,1.4897,1.0814,1.2088,1.0733,1.24,1.4809,0.1588,0.5708,-0.0283,1.5311,0.3242,1.5912,0.7862,1.3814,-0.7608,0.4347,-0.2296,-0.706,-0.6362,0.0629,-1.7368,-0.4047,-0.7198,-1.4379,-0.421,-1.3632,-0.1059,-0.5174,0.5801,-1.5185,-0.1421,-0.2165,0.4734,0.4749,1.0483,0.2247,1.4155,1.8363,0.8855,0.4269,-0.3842,1.6987,-0.1519,0.5948,0.3655,0.9771,0.5844,0.5563,0.5915,-1.2734,-1.0091,-1.2992,-1.2368,0.1548,-0.9342,-1.8745,-1.4517,-1.0475,-0.4413,-0.1199,1.3104,-0.9766,-0.4585,-1.0043,-1.1538,0.4533,0.827,0.4053,2.1172,2.1894,0.0688,-0.0465,-0.6401,-1.4367,-0.6732,0.4582,0.8292,0.0391,0.7587,1.658,1.9713,0.749,-0.9475,0.2904,-0.3639,-1.0433,-1.4175,-0.6396,-1.2248,-0.9231,0.49,-1.3939,0.5141,1.5475,2.5488,0.9195,-1.4409,0.1232,-1.5236,-0.4207,0.1114,3.2279,0.5251,-0.3539,-1.1469,-0.3409,0.982,-0.4187,0.2357,-0.7035,-0.1264,-1.3093,-0.9366,0.314,2.6756,-0.0463,-0.7648,-0.5839,-0.3812,0.5546,-0.5618,-0.3773,-0.6881,0.107,0.1853,-0.5054,0.9519,-0.4937,0.8894,1.0707,0.7265,-0.7495,-0.4819,-0.3092,0.2846,0.5559,-0.6446,0.7342,-1.3202,-1.0031,-0.4161,0.4348,-0.0496,1.1534
"IC37",0.6633,0.4644,-0.3462,-0.1347,-0.235,-0.0661,-0.0589,-0.2561,0.1738,0.2572,0.1478,0.0996,0.6998,0.4455,-0.1636,-0.1162,0.4255,0.1034,-0.1044,-0.8255,0.2868,-0.1994,-0.4022,-0.1255,0.3988,0.0304,0.0267,-0.6176,-0.1933,-0.2494,0.8454,-0.3177,-0.5076,-0.6014,0.088,0.3081,-0.3114,-0.2463,-0.6411,-0.51,-1.0496,0.3091,-0.4547,-0.1769,0.6635,0.6001,0.0126,0.6459,1.2794,2.291,0.4204,0.1174,0.8445,0.7559,0.9693,0.4413,-0.0967,-1.6475,-1.5431,-1.1945,-1.1693,-0.7162,-1.0298,-0.4052,-0.7163,0.0671,-0.214,-0.1147,-0.5751,-0.0336,-0.2945,-0.1631,-0.809,0.8803,0.9986,0.7825,1.8576,0.9329,0.0029,0.1102,-0.2092,-0.4458,-0.4303,-0.7151,-0.2507,-0.3978,-0.2818,-0.6865,0.0466,0.15,0.3263,0.0355,1.6025,2.1647,1.6154,1.3633,1.7213,0.2355,-0.3678,-0.5906,-1.6689,-1.5949,-2.0501,-1.7657,-1.2876,-0.6546,0.2722,0.3062,0.6742,0.0714,2.2738,0.6913,0.3114,0.7873,0.5905,-0.2678,1.918,-0.2768,-1.5287,-1.1338,-0.0442,-0.4286,-0.3625,2.6328,0.1405,0.5289,0.6301,-0.9169,0.0375,0.0468,-1.2974,-1.9282,-1.4954,-0.3167,-0.8412,-1.6235,-0.5854,-0.6111,-1.5915,-1.671,-1.0367,-0.3614,0.436,0.0473,-0.3244,-1.0184,1.5599,0.6199,1.8817,0.5327,2.4767,1.4275,0.8431,0.6684,0.8673,3.9722,1.8038,2.9041,1.2112,1.5443,1.5345,-0.4433,-1.0655,-1.2682,-1.7111,-1.9824,-0.3401,-2.1701,-0.6179,-0.8869,0.6054,-0.6103,-0.9755,0.2075,0.2332,-1.3842,-1.4693,-1.696,-1.352,0.3821,0.8053,-0.9255,-0.2723,-0.9949,-0.3548,-0.996,0.4532,-0.2982,0.3285,0.6402,0.6685,1.2955,1.3703,-0.315,-0.6403,1.4692,-0.5182,1.6343,-0.0856,-0.3812,-0.5449,0.2084,0.4898,0.2495
"IC38",-0.032,0.283,0.1666,-0.1724,-1.0225,-1.0121,-0.5006,-0.0506,0.0234,-0.1096,-0.3209,-0.1767,-0.1163,0.0729,-0.0016,0.3555,0.0666,-0.6103,-0.2561,-0.9358,-0.1741,-0.1791,0.0355,-0.205,0.1566,-0.2343,0.0483,0.1977,0.7073,0.5322,1.459,0.876,0.8708,-0.2165,0.253,0.5611,-0.3318,0.0547,-0.5976,-0.6235,-1.3416,0.4903,0.1352,0.6594,1.1119,0.9772,0.7221,1.2083,0.5134,2.4104,1.3042,1.4125,1.2085,0.4477,0.4995,0.3285,0.4926,-0.6458,-1.325,-1.3304,-1.9736,-1.6663,-2.3632,-1.6756,-1.9056,-0.476,-1.0837,-0.7814,-1.2547,-1.2556,-1.6172,-0.3966,-0.6237,1.5465,1.0144,0.6838,1.8227,1.9869,1.2415,1.0853,-0.2197,0.0357,0.0296,-0.1989,-0.142,-0.6675,-0.8016,-1.6111,-0.2728,-0.2394,0.666,0.0041,0.9194,1.3818,0.5379,1.4596,2.4045,-0.2501,-1.2168,-0.9871,-1.2743,-0.3358,-1.6009,-1.2894,-1.3815,-0.4391,0.3056,0.4058,0.8891,0.1352,1.7406,0.9471,0.9775,2.326,0.5397,-1.3341,0.5549,-0.265,0.0508,0.7836,1.23,0.0199,-0.6016,0.9573,-0.1885,0.3354,1.3544,-0.6292,1.7672,-0.2419,-1.8757,-1.7479,-1.0128,-0.2413,-0.1781,-0.8733,-0.432,0.1176,-0.0547,-0.4859,-0.1831,-0.4733,0.587,0.5536,-0.4665,-1.5265,1.5714,-1.4336,-0.57,-1.5797,0.2166,-0.6691,-1.3617,-0.6665,-1.2862,0.9271,-0.2937,0.9753,-1.0196,-0.5593,-0.8458,0.9931,1.7413,1.311,-0.5844,-0.3417,2.409,0.2851,1.6357,0.148,1.1153,-0.5477,-0.7542,2.9216,2.0105,-0.3353,-1.0947,-0.1906,0.1666,1.1391,1.5015,-0.8163,-0.5239,-1.006,-0.1036,-0.8519,0.4177,-0.6208,-0.6892,-0.3679,0.2589,0.6694,1.1319,0.5009,-0.4367,1.0919,-0.1812,1.6544,-0.0659,-0.5918,-0.6364,-1.0883,-1.1785,-2.2063
"IC41",0.1822,0.5401,0.0534,-0.3108,-0.7291,-0.7016,-0.0084,0.2369,0.2172,0.7168,0.22,0.6137,-0.6677,-0.6576,-0.1792,0.0505,0.1476,-0.2848,-0.5918,-0.3912,-0.6463,-0.0453,0.5885,0.9571,0.5486,-0.3444,-0.4465,-0.5774,-0.1142,0.0406,-0.2823,0.8813,1.6152,1.3388,1.0577,-0.0641,-0.6273,-0.4044,-0.3969,-0.2485,-0.171,-0.3762,0.399,0.6298,-0.1525,-0.3933,0.1638,0.3021,-1.2238,-1.7017,-1.6852,-0.0306,-0.3079,-0.1102,-0.5902,-0.7906,3.3888,1.2558,0.9393,0.717,1.0816,0.8209,0.5484,0.058,0.1713,0.762,-0.4358,-0.1027,-0.2722,-0.6943,-1.4627,-0.5651,-0.0286,0.0627,-1.0508,-1.2359,-1.1542,-1.4013,0.2817,0.7524,-0.3474,0.22,-0.192,-0.1391,-0.3923,-0.224,-0.3404,-0.4509,-0.3928,-0.5893,-0.2326,-0.2085,-0.5035,0.0683,-0.6695,-0.3737,4.5673,2.2765,1.6116,0.9128,1.3273,1.5583,0.8474,0.7696,0.6106,0.5727,0.1198,-0.4659,-0.7902,-0.9407,-1.6836,-2.5324,-1.8063,0.5429,-1.1503,-1.0483,-0.9179,-0.2807,0.1784,1.3025,0.6695,-0.4373,0.0476,-0.5578,-1.0492,0.1541,0.5556,-0.0591,3.3573,0.7887,-0.1114,0.4065,-0.1157,-0.6973,0.0586,0.4924,0.0874,-0.4194,0.0226,-0.0652,0.5344,-0.5084,-0.4246,-0.5778,0.0387,-0.5826,-0.0351,-1.0461,-1.4722,-1.4423,-0.469,-0.9209,-0.565,-0.1625,0.2393,0.7591,-0.5754,0.2502,0.3179,-0.2605,0.5824,5.0498,2.4296,1.3063,-0.2642,-0.2373,0.0416,-0.5029,0.3053,-0.4329,-0.1029,-1.2102,-1.2314,1.2203,2.826,-0.795,-0.8992,-0.2592,-1.5206,-1.7357,0.4289,-0.1921,-0.3485,-0.01,0.7394,0.1398,0.7299,1.0236,0.8917,0.275,0.1565,-0.692,0.3044,-1.4631,-0.7412,-0.7212,-1.5748,-1.1679,-0.4493,-0.7512,0.2322,0.9034,1.3138,1.6803
"IC42",0.6662,0.4668,-0.0032,0.2111,-0.5359,-0.4145,-0.6762,-1.0471,0.2406,0.5005,-0.1603,-0.8051,-0.1932,0.6885,-0.3826,-0.1046,-0.2167,0.5863,0.8264,0.1363,-0.1532,-0.3549,-0.2834,-0.1668,0.0177,1.2323,0.7203,1.2266,0.6076,-1.3132,-1.7923,-1.2007,-1.1025,-0.4583,1.6609,1.859,2.0047,1.975,1.5345,0.571,-0.4928,-0.7995,-1.1133,-1.4831,-1.3038,0.0984,-0.333,-0.5628,-0.9785,-0.5839,-0.4064,-1.2662,-0.6847,-0.203,0.4938,1.5967,0.22,-0.3435,0.2287,0.5677,1.1894,0.5961,0.3305,-0.4551,-0.5704,0.4937,1.4976,0.0629,-0.6121,-0.0111,0.0882,-0.4339,-0.721,-0.9301,-0.8975,-0.2168,-0.8014,-0.746,-1.7001,-1.0361,-0.2498,1.9351,1.8838,1.5962,0.7165,0.3845,0.5499,0.8527,0.577,-0.3202,-0.969,-1.6935,-1.2465,-0.9369,-0.5417,0.4889,0.0714,0.5483,1.6331,1.9495,1.9678,1.8165,0.9635,0.8217,-0.3854,-0.3089,-1.5711,-1.1288,-1.0746,-1.4024,-1.287,0.0377,0.5595,0.3581,0.664,0.5441,0.0742,-0.5708,-1.0116,-1.7234,-0.9056,-0.0861,0.219,-0.7669,-0.2936,-0.2232,-0.6584,0.842,0.416,1.0975,1.8256,0.7954,0.2649,0.5858,-0.8303,-1.4812,-0.6835,-0.021,-0.0896,0.1279,-0.736,-0.2103,0.7865,0.8201,-0.6238,0.2115,-0.4883,-0.3085,0.1374,-0.6022,-0.5795,-0.0268,0.5921,0.0724,-0.1161,-0.2044,0.9422,1.4605,1.4158,0.5641,0.051,3.7017,0.3604,0.0542,0.8784,0.4055,-1.2381,-0.7032,-1.8718,-0.9897,-1.3918,-1.4685,-0.5084,-0.6714,-0.5481,0.7424,0.7581,0.8024,0.2617,0.7693,-1.9687,-1.037,-1.0628,-1.0475,-1.5403,-1.0319,0.7028,-0.1483,2.0468,2.1781,2.3363,2.6684,0.8961,0.1799,-0.1255,-1.1934,-1.1692,-1.2454,-1.5382,-0.9872,-0.7909,0.5733,0.8275,1.1244
"IC43",-0.1555,0.7058,-0.2631,0.3675,-0.5892,-1.3372,-0.4083,-0.194,0.6243,0.4348,-0.6318,-0.0054,0.1199,-0.1954,0.0035,0.2465,0.7931,0.2318,0.3506,-1.3299,-0.2868,-0.2187,-0.4696,0.0532,1.0986,1.2289,0.1963,0.0254,0.4644,-0.7448,0.0431,-0.0241,0.1815,0.6874,1.2843,1.2004,-0.1883,0.1867,-0.6819,0.3683,-1.2497,-0.3243,-0.4603,-0.1344,-0.3335,0.0805,0.0948,1.1214,0.3982,-0.0789,-0.3668,-0.1054,0.6541,0.6793,0.8124,0.7108,-0.0441,0.0463,-0.8513,-0.1319,-0.5577,0.227,-1.5433,-0.6901,-1.304,-0.0916,-0.743,-1.0175,-1.0521,-0.5723,-1.5986,-0.2708,-1.2341,0.1404,-0.6749,-0.057,-0.1867,0.1941,-0.2958,1.1335,0.9828,1.2802,1.4133,0.6875,0.839,-0.0838,0.3555,-0.8059,0.2624,-0.6875,0.6164,0.2938,0.358,0.4077,0.1653,0.7216,1.2007,0.9121,1.1741,1.609,0.5122,0.9152,-0.6117,0.261,-0.6471,-0.9454,-0.5197,-0.9564,0.7961,-1.2179,-0.5983,-1.2541,-0.6175,0.4652,1.7378,0.6836,0.3894,-0.7874,-0.3498,-0.0953,1.378,0.7532,-0.6037,-0.0193,-1.2642,-0.7254,-0.5463,-0.7126,1.425,1.0446,0.8766,-0.6559,-0.0824,-2.3819,-2.1603,-1.4966,-1.1198,-1.0552,-1.6164,-1.6736,-0.8194,-0.4799,-0.6613,-0.6885,-0.5309,-0.7407,0.1086,-0.189,1.0333,0.2799,1.0042,0.9838,1.0266,1.7092,1.9219,3.0193,1.8419,3.268,1.4706,2.4161,2.7353,1.9133,-0.238,0.6364,0.0889,0.281,-0.0761,-3.0018,-1.5919,-1.1234,-0.6251,-1.2196,-0.3276,0.0849,-0.0513,-0.7275,-1.3314,-0.7124,-0.5171,-1.8543,-2.0021,-3.0224,-0.4923,-0.5414,0.0595,0.3977,1.6551,0.4252,0.8757,0.4821,1.3925,1.7345,-0.635,-0.5264,-1.5453,-0.9022,-0.7589,1.0494,-0.7078,-0.3231,0.7274,0.5792,1.1046,0.9377
"IC44",0.3424,0.5576,-0.3698,-0.1228,0.0113,-0.9304,0.4108,0.9226,-0.2792,0.4878,-0.8855,1.0428,-0.4076,-0.575,0.6667,-0.3425,0.0166,-0.6816,-0.6596,0.2304,-1.4836,0.011,0.4063,1.1615,0.2927,-0.7597,-0.1899,-0.4446,-0.4184,-0.3804,0.5959,1.5944,1.5492,1.7082,0.4035,-0.5901,-1.0749,-0.2674,-0.4714,-0.9689,0.5416,-0.1295,1.2302,1.225,0.4368,-0.535,-0.9439,-0.6179,-2.5068,-1.3557,-1.0665,-0.0852,-0.2204,-0.3101,-1.6085,-0.014,3.3458,2.7233,2.4313,1.2055,0.5746,0.433,0.5784,-1.1118,0.2167,-1.0394,-1.1675,-0.6514,-0.3448,1.0477,-0.1703,-0.0102,-0.3387,-1.0482,-1.6659,-1.5324,-1.7821,-1.1329,-0.1077,0.9359,-0.0888,1.1481,1.2394,1.2154,1.1306,-0.1127,-0.1915,-0.7804,-0.3325,-0.595,0.2676,0.6041,-1.5011,-0.7222,0.0639,-1.519,0.9217,1.0718,0.7816,-0.794,-0.3317,1.5015,1.4898,2.3633,1.6728,0.2509,0.6001,0.3764,0.3892,0.0649,-0.6149,-0.3555,-0.8664,-0.6309,-1.9112,-0.5752,-1.8182,0.651,0.5734,1.7931,0.9317,-0.5244,-0.227,-0.3932,0.4275,0.0015,-0.0789,-0.5791,0.0473,-1.0892,-0.7987,-0.1054,-0.5221,-0.6882,-0.6661,-0.0139,0.0471,-0.4323,-0.6958,-1.5153,1.2447,0.5971,-0.1308,-0.2113,0.1225,0.5078,0.2331,-0.4186,-0.1047,0.0357,0.515,-0.2134,0.5927,0.2981,1.7949,0.0975,-1.6779,-0.1097,0.6188,0.9999,0.5923,0.5013,0.3318,1.6515,-0.2861,1.0258,1.2469,-0.4007,-1.1015,-0.8684,1.2604,0.9701,0.7875,-0.7001,0.6341,-1.6421,-1.451,-2.3663,-1.6862,-0.3929,0.1107,-0.3523,-0.1562,1.302,1.217,0.7315,0.5911,0.7124,0.588,-0.204,-2.1755,-3.644,-1.2714,-0.8041,1.568,0.0457,0.0337,0.9828,0.7916,0.4581,1.2361,0.6864,-0.998,0.5605
"IC45",-0.5306,0.0389,0.42,0.7343,0.5001,-0.2605,-0.3056,0.5246,-0.0833,0.7032,-0.3287,0.2385,0.2841,0.1525,0.5468,-0.0441,0.4864,0.1516,-0.5234,0.1546,-1.0436,-0.5433,-0.312,-0.6035,0.0071,0.1144,0.9771,0.1964,-0.2116,-0.8828,-1.7738,-1.0288,-0.1464,0.3262,1.1194,1.5507,0.9095,-0.1442,0.3223,0.0881,0.6226,-0.7021,-0.8905,-0.399,-1.3012,-1.6718,-0.6034,-0.3743,-1.1883,-1.3367,-1.4357,-1.3459,-0.5157,0.3549,1.0915,0.9352,1.9088,2.0119,1.6372,0.8279,1.3988,1.3715,1.6474,0.8802,1.6484,0.1361,-0.0528,0.6038,0.067,-0.2186,-0.5268,-0.5295,0.3651,-0.9857,-1.2562,-1.7714,-1.0752,-1.351,-0.3681,-0.0166,0.3007,0.4262,0.4084,0.6542,0.2688,0.1621,0.2112,-0.1689,-0.2767,-0.7445,-1.5816,-1.4257,-2.3436,-2.0522,-1.7917,-1.6104,0.0533,0.6937,1.9613,2.424,2.6062,2.3003,1.94,1.5998,0.8318,1.0449,0.1382,-0.3246,-1.453,-1.2166,-1.1791,-1.2555,-0.866,0.2794,0.9319,1.4329,-0.3352,-0.0869,-1.3006,-0.4749,-0.8207,0.1112,0.8897,0.1077,0.5248,-1.3516,-1.1825,-0.7196,-0.2211,1.5095,0.9105,2.0359,1.3885,0.2678,-1.032,-0.1486,-0.4959,-0.0605,-0.433,0.3258,0.7758,0.4758,0.0112,-1.069,-0.5927,-0.3503,-0.9698,-0.1967,-0.8854,0.2033,-0.4949,-0.7936,-1.2749,0.1188,0.558,0.999,0.2253,0.1273,0.1128,0.1644,-0.3553,0.5582,2.2535,2.1154,2.0405,1.6695,0.0904,-0.3116,-1.1363,-0.8464,-1.8617,-1.2985,-2.4423,-1.7275,0.4349,0.2146,1.8257,0.9901,1.377,-0.5318,0.2362,-1.3301,-0.6959,-0.8074,-0.4482,-1.181,-0.3843,0.1719,-0.1489,1.1264,-0.2045,-0.0124,-0.3875,0.1366,0.4085,1.2897,0.3161,0.1202,0.4475,-1.1226,-0.011,-0.2182,0.5965,0.7404
"IC46",-0.3766,-0.1901,-1.3371,-0.4424,-0.4507,-0.476,-0.5754,-0.6748,0.2452,1.2056,1.0836,0.7965,-0.03,0.136,0.1543,0.4574,0.8978,0.9531,0.0632,-0.9768,-0.3609,-0.2742,0.2647,0.6337,0.4291,-0.2859,-0.1911,-0.2349,-0.008,-0.6873,-0.0402,-0.3048,0.134,0.3336,0.6361,0.5688,-0.1855,-0.2496,-0.3901,0.3644,-0.2646,-0.0416,0.5676,0.8213,0.9497,0.7723,0.1589,0.5543,0.4598,0.1483,-0.2672,0.3546,1.21,0.612,0.3744,-0.112,0.9004,-0.4364,-1.1918,-1.3025,-1.5156,-1.3577,-2.0409,-2.1027,-2.6471,-1.3962,-1.2447,-1.5267,-0.6347,0.3627,0.1556,0.1328,0.2036,1.2555,0.5782,0.8581,0.2687,0.1171,0.1903,0.652,0.2426,0.3264,0.5294,0.2157,0.0758,0.4917,0.632,0.1732,0.4361,-0.0192,0.3494,0.688,0.958,1.2024,0.9176,0.4687,1.6529,2.1561,1.7599,0.5856,-0.6622,-0.3136,-0.5988,-0.3256,-0.472,-0.7827,-0.5164,-0.464,0.09,-0.5465,0.4911,-0.4753,-1.1217,-0.6503,0.5021,-0.3053,0.4691,-0.413,-1.4031,-0.6857,0.5013,-0.5251,-0.8888,0.7479,-0.1905,0.2652,-0.2284,-0.9072,-0.6217,-0.1408,-0.8898,-0.9327,-0.7617,-0.9446,-0.8906,-0.8166,-0.1997,-1.4113,-1.3824,-1.2401,-0.7698,-1.1774,-1.2873,-0.2265,0.7937,0.9567,1.4438,1.8752,1.8728,1.7326,2.5036,2.158,2.717,2.1702,2.3598,2.8738,1.7434,1.81,0.4426,0.5591,0.9019,-0.859,-2.298,-1.5875,-1.689,-1.9288,-1.6504,-1.3146,-0.3542,-0.5017,0.4995,0.3618,0.3755,-0.1455,-0.7842,-1.2047,-2.1015,-2.4729,-2.5879,-1.3732,0.0604,-0.2218,0.3045,0.9243,1.0982,1.1397,1.5093,0.9113,1.1005,0.5294,0.7253,-0.2034,-0.0251,-1.0727,-0.1217,-0.3944,-0.4604,0.6394,-0.0844,0.2006,0.0606,-0.0367,0.2646,-0.0758
"IC47",0.671,0.7159,-0.1267,0.249,-0.4552,-0.5462,0.8469,0.3448,1.2069,0.7188,-0.2034,0.564,-0.8177,-0.2575,-0.7543,0.0736,-0.2648,0.3498,0.4391,-0.2872,-0.5076,0.0349,-0.876,0.144,-0.6105,0.3581,-0.703,-0.3989,-1.3143,-1.6328,-1.163,-0.5013,0.8658,1.4537,1.974,0.5628,-0.5604,-0.1192,-0.3512,-0.3832,-0.0693,-0.394,0.2833,-0.5445,1.0935,1.3003,0.2499,-0.0315,-0.5799,-0.5036,-1.1864,0.7137,1.3008,1.0576,-0.1985,0.738,-1.9092,0.1502,1.2762,0.8911,0.7923,0.4951,-0.6389,-0.8628,-0.4068,-1.6722,-0.4521,-0.7289,-0.6589,-0.2105,-0.2573,0.0529,-0.0435,0.0905,-0.5634,-0.0506,-0.383,-0.804,-0.6515,0.9452,1.1725,2.4129,0.3473,0.2805,0.0963,0.2572,0.4011,0.382,0.7789,-0.0413,-0.2483,-0.4516,-0.5778,0.9918,0.5889,1.066,-1.1925,0.6919,1.3187,-0.2945,-0.8244,-1.1039,-1.1924,-0.8549,-1.086,-0.6434,-0.6436,-1.5976,-0.8494,-0.1248,0.1444,0.9391,1.3866,0.7245,0.6106,0.9024,0.5847,0.5396,-0.6286,0.3676,1.5268,0.5389,-0.2488,-1.1771,-0.4264,-1.4404,0.1208,0.7615,0.0391,0.145,0.5273,-0.695,-0.4477,-1.2527,-2.0022,0.1062,0.3261,1.2009,0.0679,-0.6245,-0.1191,-0.6877,-1.181,-1.8272,-1.6534,0.2772,0.7009,1.0175,1.5391,2.3961,1.0733,0.6932,1.0047,2.0754,1.0273,-0.0523,0.8522,0.4066,0.2755,0.7186,0.9541,-0.6921,1.3034,0.6827,-1.1877,-1.2917,-2.8162,-2.2478,-2.4704,-1.3517,-0.3196,1.1025,1.514,1.3457,0.5493,0.2818,-0.4733,-1.295,-1.8292,-2.0934,-2.6278,-1.3305,0.4276,0.3755,0.9085,1.1191,0.9881,0.6716,1.7335,2.0778,1.9268,0.3714,-1.8195,0.0355,-0.7802,-1.969,-0.9118,-1.2766,-0.707,0.0401,1.5685,1.1853,1.5112,0.2357
"IC48",-0.2604,-0.1502,-0.2819,-0.0666,-0.5828,-1.057,-0.5407,-0.1626,-0.1267,-0.1248,-0.147,0.1251,0.3727,0.3929,-0.1445,0.3042,0.5108,0.243,-0.0855,-0.7239,-0.5954,0.0908,0.1636,-0.0022,0.8874,0.9179,0.3074,-0.2454,-0.6488,-0.4822,-0.3772,-0.7135,-0.0706,0.4935,1.0771,1.1371,0.7342,0.3739,0.0359,0.0634,-0.6867,-1.1132,-0.7942,-0.2248,0.5235,0.3829,0.364,1.0106,0.8807,1.1716,0.2049,0.6822,1.4664,1.5512,1.4064,0.4173,0.4191,-0.6732,-0.7757,-0.917,-1.1192,-0.9954,-1.287,-1.0414,-0.6256,-0.1361,-0.5549,-1.0044,-0.9097,-0.8648,-0.7096,-0.4195,-0.5241,0.2485,0.447,0.2164,0.4462,0.2578,-0.043,0.882,1.1129,1.2499,0.7141,0.2286,-0.1185,-0.1617,-0.4185,-0.7933,-0.4397,-0.8665,-0.6497,-0.977,-0.5768,-0.292,-0.8015,-0.1991,1.0063,1.5214,1.5726,2.0379,1.399,0.7162,-0.6014,-0.8997,-0.5366,-0.6448,-0.7559,-0.3455,-0.4868,-0.5185,-0.2694,-0.9146,-0.4547,0.8591,0.9317,0.5111,-0.1336,-0.4751,0.1696,0.3459,1.0677,0.8033,0.2406,-0.003,-1.0186,-1.7548,-0.6758,-0.1579,2.4545,1.8865,1.2022,0.8977,1.0018,1.13,-0.832,-0.8205,-0.6506,-0.4726,-0.66,0.3596,0.7825,0.5821,0.7938,0.759,-0.3097,-0.8099,-0.4872,-0.8911,-1.5822,-0.9657,-1.7804,-1.8217,-0.7476,-0.0878,0.0926,-0.9751,-1.2838,-1.719,-2.173,-2.5855,-2.3479,2.4623,2.7143,2.904,2.6491,1.8113,0.5451,0.4907,-0.4393,0.5507,-1.2231,-1.7306,-1.4033,1.6923,1.022,1.6061,1.5034,1.5329,1.7938,0.731,-0.1375,-0.5458,-0.8611,-0.4352,-0.7373,-0.5419,-0.3552,-0.8742,0.2035,0.4527,1.417,1.408,1.2524,1.9405,1.3882,0.0987,-0.1482,-0.8006,-1.3063,-1.3336,-1.1429,-2.0552,-1.059,-0.7256
"IC49",-0.04,0.0809,-0.454,-0.4277,-0.6199,-0.1465,0.0429,0.2087,0.1066,0.7093,0.6718,0.9363,0.5335,0.5292,0.2914,0.3761,0.012,-0.183,-0.5038,-0.6239,-0.7188,0.2508,0.7711,1.1405,0.9569,-0.088,-0.8989,-1.0919,-0.759,-0.1996,0.0565,0.3355,1.2002,0.9476,0.6147,-0.7553,-1.3528,-1.0918,-0.8446,-0.7044,-0.6138,-0.3878,0.1116,0.2884,0.5495,0.3991,0.1943,0.8217,0.5897,0.44,-0.0677,0.8912,1.4937,0.6963,-0.1923,-0.6327,-1.5545,-0.8113,-0.0374,-0.5394,-0.8032,-1.0324,-1.6517,-1.6785,-1.2897,-1.1511,-1.086,-1.0197,-0.0627,0.8134,0.9495,0.6036,1.0336,1.2041,0.7284,1.3095,1.0061,0.4198,0.9392,2.047,1.0667,0.6258,-0.3537,-0.4634,-0.659,-0.8445,-1.4109,-1.3175,-0.6439,-0.0577,0.2589,0.2945,0.5013,0.5138,0.8884,0.706,0.7208,2.3027,2.36,0.4632,-0.4848,-1.2135,-1.6776,-1.1633,-1.3107,-1.1803,-0.6644,-0.0951,0.52,0.8478,0.3143,0.9887,1.2423,1.3814,1.0124,-0.1097,-1.2432,-0.9425,-0.6331,-0.2686,0.4197,-0.1866,-1.0914,-2.2341,-1.0203,-0.3442,-0.0333,0.5203,-0.0452,-0.167,-0.2735,-0.8569,-1.5955,-0.6837,-0.3109,-0.2181,0.0228,-0.2682,-0.2807,-0.0523,0.5674,0.2402,-0.5351,-0.1277,-0.0981,0.4216,-0.0075,0.7118,0.1711,0.3507,0.7479,0.1914,0.7402,0.8577,1.6137,0.6317,0.0569,0.7915,1.1553,1.1644,1.9246,2.5631,2.3718,2.5519,0.9392,-0.2121,-1.0297,-1.8656,-2.264,-2.0606,-1.0161,-0.3998,0.1258,-0.1078,0.5595,1.0569,0.1026,-0.5531,-1.9191,-3.354,-3.4702,-2.3021,-1.3897,-0.2633,-0.3961,-0.3309,0.4445,0.5967,0.7219,0.7701,1.1449,0.7193,-0.3021,-0.2532,0.0788,-0.7669,-0.9115,-0.3315,-0.277,0.1012,0.777,1.2277,1.495,2.0999
"IC50",-0.3794,0.6004,0.212,0.356,-0.3992,-0.4625,-0.6156,0.0012,0.0918,0.2519,-0.0196,0.6646,0.1954,-0.0338,0.5352,0.277,-0.1351,-0.5337,-0.3186,-0.4345,-0.4346,0,0.1858,0.0663,-0.1807,-0.1741,0.1027,0.2577,0.176,-0.2956,0.3881,0.3311,-0.6152,-0.1447,0.5187,0.229,-0.4991,-0.7224,-0.8349,-0.2465,-0.7804,-0.6959,-1.0459,-0.8658,0.5841,0.6035,0.3845,0.3333,0.3707,1.3075,1.2123,0.673,0.877,1.8606,1.3593,-0.0174,0.2724,-1.3594,-1.7675,-0.8845,-0.2197,0.2271,0.3839,0.21,0.2452,0.6592,0.7079,0.3566,-0.5524,-0.3896,-0.2283,-0.4759,-0.6051,0.3147,0.4899,0.6611,1.1101,0.9032,0.2549,-0.2459,-1.183,-0.9478,-0.34,-0.8842,-0.7943,-1.2491,-0.4243,-0.9342,-1.0792,-0.8077,-0.025,-0.0045,-0.1092,0.6132,0.4124,1.314,2.1824,0.4754,1.0159,0.6536,-0.3459,0.1122,-1.0004,-1.6873,-1.6262,-0.431,0.6361,0.2712,-0.4133,-0.4943,0.5566,0.9414,0.6075,0.9987,0.7005,-0.6383,-0.3676,-0.418,0.1326,-0.7621,-0.4086,-0.1434,-1.0748,-0.0405,0.1621,-0.2308,0.2858,0.6384,2.1385,0.8095,0.2072,0.0059,0.0583,0.9508,0.0868,-0.0199,0.0148,0.6342,1.3564,1.8874,1.2209,1.1394,1.8761,0.8785,-1.0906,-0.9883,-1.425,-2.4395,-1.7785,-1.4048,-1.5499,-1.1496,-1.3783,-1.5729,-1.5796,-1.0804,-0.1998,-1.4848,-2.2035,-1.9137,-1.9038,1.9698,2.046,2.7541,2.7431,2.1103,1.602,2.1561,0.7101,-0.276,-1.3949,-1.1869,-1.0815,0.9453,0.9962,1.4944,1.3507,1.5554,1.014,-0.1862,-0.668,-2.0597,-1.6074,-1.6597,-1.1633,-0.7154,-0.4594,-0.3248,-0.3631,0.15,1.3017,1.8883,2.7903,1.6912,0.3372,-0.2659,-0.4554,-0.5501,-0.4219,-0.5259,-0.624,-0.9396,-0.1332,-0.6801
"IC51",-0.2527,-0.069,-0.2451,-0.3478,-0.6853,-0.5262,-0.2825,0.3057,-0.3035,-0.4346,-0.1872,0.5385,0.5353,0.1875,0.0939,0.3309,0.0661,-0.0574,0.2377,-0.1913,-0.4426,-0.0167,0.0403,0.0859,0.8152,0.5364,0.2154,-0.1296,-0.6547,-0.5868,-0.0912,0.0433,0.4118,0.3005,0.5975,0.8457,-0.0374,-0.3341,-0.3595,-0.0633,-0.4041,-0.4996,-0.4823,-0.4958,0.0739,0.0852,0.228,0.944,0.4361,1.0718,0.4685,0.2473,0.7138,0.1454,0.3539,-0.6849,1.5618,0.8402,0.0534,-0.22,-1.0419,-0.6452,-0.7119,-0.6659,-0.6107,-0.475,-0.5979,-0.6754,-0.6202,-0.1443,0.4256,0.4605,0.074,0.3892,0.16,0.1421,0.7035,1.1952,0.4115,1.0751,0.7395,-0.0706,-0.716,-0.9182,-0.537,-0.8679,-0.7323,-0.9842,-0.6048,-0.9092,-0.8498,-1.2072,-0.7898,-0.6397,-1.2461,-0.1608,1.7447,1.7796,1.9331,1.5886,0.6256,0.389,-0.0429,0.0292,-0.2364,-0.0573,0.408,-0.1203,-0.0845,-0.6208,0.0973,-0.5266,-0.4051,0.5088,1.1079,0.2467,-0.7722,-0.8568,0.356,-0.2956,0.4691,-0.0117,-0.446,-0.3907,-0.6489,-1.8485,-0.6651,0.2891,2.5547,1.8399,1.0679,1.1547,1.1377,1.6925,0.1832,-0.7257,-0.4414,0.0376,0.274,0.228,0.1897,0.4817,0.6306,0.7612,-0.1151,-0.2107,-0.8478,-0.9789,-1.4814,-1.4352,-2.2021,-1.9862,-0.3032,-0.6859,-1.1595,-1.6058,-1.3216,-2.252,-2.3435,-2.5182,-1.2595,1.3482,2.3381,3.5865,2.8692,2.0887,0.9317,1.1737,0.4712,0.5566,-1.1715,-1.409,-0.9241,1.9,1.5577,1.9443,1.7468,1.7951,1.5601,0.8145,0.1342,-0.7038,-1.317,-0.9893,-1.5907,-1.3265,-1.4394,-1.4471,-0.1502,-0.2926,0.3655,1.2816,2.4284,2.1176,1.2503,-0.1864,-0.1396,-0.6432,-1.0773,-1.1101,-1.061,-1.3115,-0.5635,0.0117
"IC54",-0.1805,-0.3404,0.1134,0.1167,0.2641,0.3065,0.7481,0.6003,-0.1271,0.5854,0.3114,-0.1494,-1.0336,-0.5882,0.0899,-0.5184,-0.7391,-1.364,-1.612,-0.5504,-0.2417,0.8832,0.5636,0.774,0.5152,-1.0565,-0.044,0.1811,0.4603,0.9641,1.1088,0.6586,0.3333,0.0501,-0.7767,-0.751,-0.6222,-1.0979,-1.1982,-1.474,0.3535,0.6698,0.7425,0.8013,0.6576,0.6493,0.5541,0.4374,0.2982,1.511,1.5632,0.7064,-0.1867,-0.6446,-0.5641,-0.8779,-1.7841,0.1947,0.477,0.2362,0.1387,-0.6024,-0.5156,-0.9319,-0.5333,0.1853,0.1766,0.7331,0.3983,0.7093,0.3413,-0.0342,0.6044,-0.3116,0.2202,0.4271,1.2847,0.9403,-0.2211,-0.3672,-0.7204,-0.3296,-0.4174,-0.6709,-0.3538,-0.5812,-0.8918,-0.8944,-1.0778,0.3062,0.8833,1.2075,1.0493,0.9706,1.5536,1.3621,-0.0059,-0.9995,-1.9807,-2.8173,-2.0796,-0.7281,-0.7201,-1.1289,-1.0147,-1.0064,0.3675,1.1347,0.0817,-0.247,0.3622,1.5453,1.4518,0.342,-1.0311,-1.2935,-0.8991,1.5133,1.6308,1.1595,1.8718,0.8084,-0.0046,-0.241,0.8966,-0.2051,0.2816,0.7763,-0.366,-0.5489,-0.7608,-0.6131,-0.6941,0.6874,0.3796,1.3308,1.5185,1.6043,1.8311,1.8696,2.2877,0.9382,-0.2881,0.3028,-0.5644,-1.0422,-1.8477,-1.4161,-2.4219,-2.5514,-2.6362,-2.2158,-2.0427,-1.0117,-0.5536,-1.3814,-1.1759,-1.7494,-0.2563,-0.8881,-0.489,2.8937,2.5896,2.1355,0.555,0.577,-0.2776,0.9599,0.2374,0.4922,-0.2407,0.1885,0.0969,-0.1841,-0.5681,0.2398,-0.0119,-0.1464,0.8811,0.9717,0.6485,0.6258,0.0839,0.2767,0.3228,0.6955,0.5429,1.5934,0.6435,0.5913,-0.7679,-1.5153,-0.4216,0.3783,0.6621,-0.3391,-0.4653,-0.6361,0.3385,0.7243,0.1906,-0.551,-1.5049,-1.558
"IC56",0.8842,0.1947,-2.0305,-0.5109,-0.4238,0.0592,0.1882,0.0185,0.8021,0.8032,0.1826,0.1211,-1.272,-0.0166,0.1496,-0.2026,-0.6225,-0.2632,-0.7343,-0.4041,0.7484,0.4766,0.4256,1.0085,-1.1566,-1.2428,-0.2895,-0.3997,0.1163,-0.1161,2.4712,2.1488,1.9252,0.4751,-0.2346,-0.7609,-1.678,-0.9669,-1.4679,-0.7331,-0.1963,0.9071,1.7069,0.607,1.8472,0.2895,0.298,-0.0358,-0.8507,1.2864,1.2026,1.4124,-0.2341,-0.0719,0.2881,0.7634,-0.1918,-1.2476,-1.6201,-1.2865,-1.0759,-0.2951,-0.9058,-1.5309,-2.1879,-1.7603,-0.3731,-0.7609,-0.1369,0.5054,-0.6486,0.1133,0.3245,1.4597,-0.0976,1.1997,0.4631,0.1743,0.9435,1.0386,0.3078,0.073,0.0038,0.9492,0.2495,-0.1469,0.2625,-0.1201,0.0112,-0.622,1.0526,0.944,1.1534,1.1968,0.2309,1.143,1.897,-1.1433,-1.1102,-2.0558,-2.2495,-1.3531,-0.4805,-0.5239,-0.9866,-0.967,-1.1094,-0.7651,-0.2409,0.8074,0.3287,0.1193,1.2442,0.7991,0.3818,0.724,0.8095,0.6424,-0.6017,1.0679,1.4696,0.8249,0.4268,-0.3619,-0.1286,-0.3651,1.4075,-0.7876,0.4844,-0.6925,0.0891,0.6687,-0.4998,-0.3537,-0.6976,-0.0456,0.2165,-0.6067,0.4129,-0.5799,0.7343,-0.6205,-1.2103,-1.3247,-1.1891,-1.0499,-0.7745,-1.8521,-0.3427,-1.1612,-0.9996,-0.2732,-0.0021,-0.0755,0.1385,0.3909,0.5377,1.1182,-0.128,1.3799,1.9123,3.8208,1.5846,2.6573,0.9461,2.0377,0.4822,-1.2475,-0.9132,-2.565,-0.3787,-0.0091,0.3859,0.0947,-0.0434,-0.714,-1.0189,-1.0013,-1.5306,-0.6992,-0.3071,-1.0602,0.3728,0.0621,0.6254,1.1107,1.469,1.0068,1.028,-0.0969,-1.1891,-1.588,-0.1387,-0.8019,0.5129,0.1373,-1.0064,0.4965,0.2721,0.3356,0.5619,1.0042,0.0211,-1.7251
"IC58",0.6118,1.1388,1.126,0.5401,0.2398,0.258,-0.3308,0.3494,0.6604,0.2801,-0.3717,-0.4804,0.211,-0.2263,-0.7179,-1.2528,-0.5147,0.1361,0.3296,0.2979,0.3582,-1.1521,-1.1618,-1.4601,-0.0844,0.3914,1.2824,0.782,0.5645,-0.6942,-1.2502,-2.4622,-2.2313,-0.7379,0.073,0.8054,0.9938,0.9821,1.1045,1.1121,1.009,0.4709,-1.5851,-1.3388,-0.7591,-0.3148,-0.8761,-0.1717,0.9059,0.0524,-0.5043,-1.1397,0.6303,1.7757,2.5567,1.0566,-1.4925,-0.8925,0.276,0.8561,0.9966,1.3882,1.296,1.0245,0.235,1.4214,1.431,0.1757,-1.4599,-1.1417,-1.1334,-1.1698,-1.6607,-1.5931,-0.9917,-0.6279,-0.6075,-1.2923,-1.0354,-0.9906,0.8833,1.2123,1.9214,1.3406,0.8643,0.3101,0.8933,1.1329,0.6718,0.8905,0.1051,-0.3083,-0.5438,-1.1868,-0.3016,-0.9495,-2.1055,-1.8489,-0.2691,1.0802,0.6513,0.4946,0.2893,-0.6154,-0.3657,-0.3606,-0.4142,-0.5236,-1.0494,-1.1092,-0.5915,0.4631,0.8643,0.3752,1.4463,1.7889,2.0002,0.5412,-0.4619,-1.2507,-0.2187,0.7281,1.006,0.8966,-0.2444,0.8237,-0.9384,-0.1446,-1.2265,0.3422,0.3844,1.5635,0.5419,-1.099,-1.1601,-1.5399,0.0328,-0.1835,-0.4069,-0.1388,-0.6302,0.2136,-0.4526,-0.6432,-0.3402,-1.5881,-0.7368,-0.1654,1.408,0.6633,1.6862,1.0919,0.5642,0.0213,1.7581,1.7256,0.1238,0.7968,-0.1551,0.7243,-0.299,-2.6352,-0.6333,0.7794,1.775,0.6253,0.1578,-0.5833,-0.291,-2.8357,-1.603,-1.1848,-1.0258,-2.0906,-1.1686,0.6229,1.0294,1.722,1.2423,0.4475,-0.748,-0.321,-0.2591,-0.475,-0.0923,-0.5911,-0.2265,-0.4213,0.07,0.2021,0.3455,0.2055,0.2447,0.1627,1.0694,1.6688,-0.7212,-0.0262,-0.5055,-0.2594,-0.4153,0.6061,-0.1059,1.2145
"IC60",-0.0184,-0.2084,0.612,0.3176,-0.0752,-0.2939,-0.035,0.1471,0.0069,-0.3388,0.1323,0.9287,0.7927,0.0729,0.513,0.7252,0.2842,-1.0359,-1.201,-0.9445,-1.0404,0.2253,0.7268,0.545,1.117,-0.3915,-0.6812,-0.483,-0.2693,0.6144,-0.3913,-0.0734,-0.1668,0.6449,-0.3717,-0.3013,-0.5064,-0.3474,-0.3834,-0.1051,-0.2453,-0.6242,1.0387,1.1706,0.9755,0.912,0.301,-0.1532,0.1973,0.6746,0.727,0.6428,1.4154,1.0853,1.0287,-1.4353,-0.9811,-0.8869,-1.1892,-0.6973,-1.1587,-0.977,-1.8262,-1.7532,-1.2633,-1.7466,-2.1139,-0.9306,-0.1637,-0.3837,-0.1022,0.5379,0.9674,0.4342,1.004,0.7675,1.3576,1.3289,1.6085,1.046,0.9034,0.1257,-0.155,0.0487,-0.0304,0.0203,-0.5019,-0.4284,-0.0494,-0.0913,-0.1843,0.4774,0.5888,1.5993,2.0572,1.112,0.9771,2.3089,0.8173,-0.648,-1.2763,-1.4136,-0.2662,-0.7821,-0.5946,-1.5193,-0.5021,0.1534,-0.4441,0.6575,0.4596,0.7928,-0.3428,-0.1678,0.2396,-0.2372,-1.1849,-0.1117,0.0724,0.6426,0.1442,0.3723,-0.2,-2.0537,-0.2304,0.2608,-0.9614,-0.0456,-1.257,-1.8625,-2.5808,-2.1279,-1.4923,0.0975,-0.3267,-1.0837,-0.158,0.6843,0.0208,-0.1029,1.0689,1.2138,0.9078,1.5008,1.1592,0.0019,0.4466,0.261,0.2471,0.5921,0.926,1.1126,0.6362,1.6957,2.7485,2.7118,1.6597,1.0331,1.3391,0.913,1.2239,1.6358,0.6767,-0.3724,-1.8307,-2.7135,-2.8239,-1.4401,-1.4486,-0.5887,-0.5366,-0.8553,-0.41,0.1355,0.3964,-0.1984,-1.3878,-2.0634,-2.3469,-2.1198,-0.8759,-0.4092,-0.8005,-0.435,0.4837,0.0668,-0.56,0.8988,0.6339,0.9878,1.216,1.0329,0.5172,1.1199,0.3344,-0.7502,-0.1643,-0.5364,0.3467,0.0753,0.7057,0.4837,-0.0066,0.9764
"IC62",-0.4265,0.2873,0.1649,0.4492,-0.2058,-0.9509,-0.3781,-0.5331,-0.2378,0.0006,0.086,0.157,-0.4628,-0.1938,0.0741,0.1549,0.0206,-0.3033,0.2171,-0.0874,-0.409,-0.1613,0.0451,-0.2521,-0.603,-0.1122,0.6917,0.7424,0.1797,-0.3332,-0.5474,0.1774,-0.2748,-0.1592,-0.0557,0.5663,0.9442,1.3106,1.0095,1.0514,0.4606,-0.448,0.0286,-0.1612,-0.3543,-0.4084,-0.4935,-0.7967,-1.029,-1.0779,-0.528,-0.0485,-0.1432,0.14,-0.0036,0.0153,2.1975,1.754,0.8056,0.9718,0.7076,0.9168,0.6209,0.455,0.9898,0.8399,0.4514,0.1412,-0.0569,-0.8278,-1.2401,-0.6597,-0.5999,-0.5634,-0.7758,-0.9178,-0.9604,-0.2144,-0.6782,-1.0821,-0.854,0.0195,0.552,0.3631,0.1231,-0.2383,0.0752,-0.1083,-0.1099,-0.6079,-0.3954,-0.8721,-1.2857,-1.3756,-1.7626,-0.545,2.007,0.8334,0.5008,0.5535,1.2623,1.5533,0.7627,0.5698,0.3475,0.3728,0.3283,-0.3366,-0.8376,-0.8964,-0.7638,-0.9498,-0.5493,0.9027,-0.043,-0.2165,-0.8245,-0.1778,1.2432,1.378,0.9409,0.2693,-0.3064,-0.5551,0.1345,-0.503,-0.0575,-0.0363,2.0766,0.7076,0.5618,0.5774,0.9551,0.9494,-0.1085,-0.0188,-0.0143,0.3768,0.7903,1.304,1.1593,0.9291,1.1124,1.1604,0.0933,-0.3005,-0.3583,-0.6432,-1.4691,-1.5406,-2.5289,-2.3778,-1.1223,-0.886,-1.4612,-2.2927,-2.4181,-3.0364,-3.1248,-2.9306,-2.0033,0.0976,-0.0702,0.8658,0.9174,1.5067,2.3085,2.7917,1.5746,1.3656,0.1213,-0.5445,-0.2983,2.7443,1.3391,0.7892,0.9956,1.9398,2.2989,1.4554,1.1245,-0.1662,-0.0802,-0.2001,-0.5316,-0.2296,-0.4599,-0.5758,0.579,-0.0206,-0.3719,-0.1018,0.9913,0.9917,0.883,0.2155,0.437,-0.311,-0.8634,-0.9738,-0.9826,-1.8523,-1.1412,-1.6307
"IC63",0.6424,-0.1885,-1.6763,-0.7916,-0.4798,-0.3434,-0.108,-0.8031,-0.4411,0.8763,0.6015,0.4164,-0.3314,0.1775,0.5866,0.8371,1.0618,0.5829,0.1632,-1.0341,-0.3501,0.8644,1.2402,1.149,0.52,-0.4086,-1.6551,-1.5218,-0.5198,-0.4838,0.3276,1.0824,1.8212,1.5475,0.5554,-0.6135,-1.2908,-1.1434,-1.1548,-0.9678,-1.2408,-0.6427,0.2087,0.6262,0.7936,1.1889,0.538,1.7118,0.4289,0.6553,1.0334,0.6704,1.399,0.3384,-0.5337,-0.9989,-0.5677,-0.7326,-0.9445,-0.7951,-0.5218,-0.9634,-1.6452,-1.6854,-1.5932,-0.8101,-1.25,-1.5461,-0.1095,0.9181,0.8224,1.3066,0.9795,0.9588,0.7337,1.1297,1.0419,1.2401,0.8989,1.4642,-0.3709,-0.3055,-0.2522,-0.235,0.1068,-0.3638,-0.5997,-1.0646,-0.75,-1.2079,-0.2326,-0.1984,0.1252,0.3009,0.0608,0.8866,1.3896,2.0984,1.2719,0.2844,-0.6913,-0.4942,-1.3984,-0.0961,-0.26,-0.7223,-0.7103,0.0507,0.0175,-0.8483,-0.2293,0.11,0.6963,1.4408,1.0599,-0.6745,-0.7807,-0.1911,0.3684,-0.4486,0.3563,-0.2471,-0.8738,-0.9397,-0.777,-0.4702,0.0881,1.3423,1.9551,0.7231,-0.1472,-0.7703,-1.014,0.2083,0.18,-0.5804,0.1644,0.0461,0.6432,1.2061,0.7346,0.4152,-0.0231,0.4498,-0.5583,-0.4613,-0.8517,-0.3843,-0.7487,-1.0047,-0.9112,-1.2301,-0.4254,-0.5123,-0.4806,-1.5596,-1.072,-0.297,-0.3612,-0.4495,0.6381,5.7491,3.0165,1.885,0.9698,-0.0031,-0.8328,-0.8822,-0.8975,0.0504,-0.1711,-0.3589,0.0845,1.4577,1.3792,1.986,0.0834,-0.3464,-1.2805,-1.3865,-1.3353,-1.3831,-0.6911,0.0192,-0.5111,-0.1877,1.3734,0.6277,1.3352,1.009,0.9514,-0.2886,-1.596,-0.8713,-1.202,-1.7142,-0.8822,0.3774,-0.1114,-0.0488,0.6161,0.0722,0.8313,0.7132
"IC64",-0.2811,-0.5566,0.2414,-0.0176,0.1133,-0.4144,-0.8228,-0.1546,0.0689,0.0571,0.3474,-0.5897,0.5631,0.0815,-0.2618,0.1201,0.5255,0.5257,-0.1877,-0.0419,-0.939,-0.9233,-0.633,-0.9876,0.3325,0.5521,0.5605,0.8527,0.3047,0.694,-0.074,-0.412,-1.2689,0.1503,0.5559,1.7042,1.0843,0.1739,0.2354,-0.0216,0.5996,0.0374,-0.3995,-0.8491,-0.4283,0.586,-0.05,0.1195,1.3676,1.2956,1.0423,-0.4998,0.4066,1.2035,2.7545,0.902,-1.8517,-0.6055,-1.2265,-0.3537,-0.9923,-0.6321,-0.817,-1.2291,-1.1676,-1.0547,-1.0905,-1.2811,-1.3007,-1.5395,-0.4642,-1.4935,-0.8696,0.1559,1.6601,0.9492,1.1143,0.8456,0.4167,0.2396,1.7171,0.9838,1.5453,0.1653,-0.2929,0.1063,-0.7786,-0.6273,-1.0306,-0.2966,-0.6393,-0.928,-0.1312,0.6274,1.4473,1.4095,0.2666,0.1628,0.2967,1.7295,1.8544,0.3862,0.6567,-0.8553,-1.4903,-1.9193,-1.6237,-0.0879,-1.5023,-0.0914,-0.1821,0.6974,0.252,-0.0233,1.5762,1.374,1.7023,-0.0176,-0.3802,-0.8125,-0.1675,0.9723,0.9924,-0.0892,-0.4348,-0.623,-0.4941,-0.3577,-0.7456,0.0915,-0.2359,0.3357,-0.1831,1.0373,0.318,-0.9651,-0.03,-0.6472,-0.454,-0.4358,-0.769,1.0089,-0.2888,-0.3278,-0.0237,-1.3648,-0.6301,-0.2909,-0.3967,-0.9414,-0.366,-0.9215,-0.9002,-0.7185,-0.3891,1.2854,1.6517,-0.0062,0.05,-0.3803,-0.1502,2.2112,0.3155,0.9158,2.6226,1.1681,1.4838,1.318,0.011,-1.3053,-1.3456,-1.8559,-1.3166,-0.0671,0.0367,2.1943,1.8788,2.6509,1.8786,1.5864,-0.8932,-0.7942,-2.0698,-2.1168,-1.9723,-1.9171,-1.2649,-0.8091,-0.544,-0.2874,-0.4412,1.2131,1.725,1.1709,1.452,1.647,0.0026,-0.3709,-0.7982,-0.8677,-1.5554,-0.5441,-0.08,0.7156
"IC65",-0.8474,-0.5635,1.1105,0.4301,0.1011,0.4604,0.2118,0.1007,-0.4568,-0.2171,0.5977,0.6203,0.7734,-0.6411,0.2612,0.5894,-0.5996,-0.0803,0.7117,0.8404,-0.0368,-0.6403,0.6554,0.6171,0.0432,-0.8176,-0.048,-0.6447,-0.4312,-0.3312,-1.1801,-0.1319,0.2176,1.5113,-0.0555,-0.6476,-0.6257,0.0682,-0.316,-0.2433,0.4534,-0.0664,-0.5657,0.0407,0.5117,0.1105,-0.5406,-0.2635,0.1254,-1.4768,-0.0439,0.332,1.5164,1.1813,0.5963,-1.155,-1.512,-0.3075,0.5775,0.2827,-0.6505,-0.8419,-0.2628,0.1315,0.2092,0.0543,-0.6035,-0.5921,-1.1299,-0.0768,0.3028,-0.6813,0.569,-0.6064,-0.4157,-0.2456,-0.12,-0.4349,0.6298,1.0784,1.1516,0.8204,1.1679,-0.3131,-0.0473,0.4206,0.2674,0.2751,0.1337,-0.4662,-1.6428,0.6611,-0.0856,-0.3784,1.0498,0.8234,0.6587,1.996,0.1969,0.0367,0.423,0.9041,1.4798,0.2989,0.921,-0.181,-0.1544,0.1203,0.1676,0.6475,-0.9395,0.6417,-0.7437,-1.1203,0.0514,-0.9583,-0.731,-0.6334,-0.8152,-0.2575,-0.4784,0.169,-0.7581,-1.8981,-0.7924,-1.3294,-1.3555,-0.496,-1.5027,0.2769,-0.1956,-0.4705,-0.0369,-0.5897,-0.5417,0.0182,-0.2233,-1.0398,-0.9672,-0.907,0.0175,-0.2953,-1.8164,0.0359,0.3228,0.7635,1.6137,2.4211,1.2551,1.9981,2.4197,2.6765,1.9089,3.4941,2.7061,0.7389,1.1789,0.5539,0.149,0.7033,1.9066,1.4961,0.2502,-1.0932,-1.7978,-2.6531,-2.4889,-0.9286,-0.9949,-0.7092,0.1822,0.9856,0.1967,0.3409,-0.3058,-0.492,-1.6941,-3.2767,-3.5276,-1.2519,-1.9199,0.1568,-0.0821,-0.5603,0.7377,-0.1765,-0.6508,-0.429,-1.1471,-0.3022,-0.6749,0.9946,-0.7812,0.9693,1.682,-0.0799,-0.1862,0.4631,1.4345,1.3419,1.0483,0.0778,0.5683,1.3219
"IC66",-0.4107,0.1875,-0.1834,-0.1929,-0.093,-0.4771,-0.3713,0.1785,0.6918,0.7033,0.6479,1.1289,0.7979,0.2672,0.3745,0.2779,0.1846,-0.2835,-0.1981,-0.1258,0.0324,0.3916,-0.0249,0.1596,0.0997,-0.1505,-0.6128,-1.2555,-1.216,-0.0051,0.6369,0.4588,-0.0673,0.1783,-0.0132,-0.3231,-1.0125,-0.9607,-1.0274,-0.3836,0.3942,-0.5147,-0.7881,-0.8802,1.4563,0.6621,0.4002,-0.1397,0.2899,1.6864,0.5382,0.513,0.8663,1.517,0.3947,-1.004,0.8501,-0.8437,-1.5686,-1.0706,-1.3922,-1.0558,-0.8283,-1.0486,-0.5263,-0.74,-0.6135,-0.8265,-0.8772,-0.3908,0.302,-0.0035,0.5512,1.5975,2.0882,1.4797,2.1058,1.6755,1.1162,0.9099,0.4041,0.121,-0.2783,-1.1833,-1.033,-1.2744,-0.8493,-0.7574,-1.6227,-1.2985,-0.7171,-0.2082,0.4363,1.4717,0.917,1.2402,2.7965,2.1387,2.3095,1.103,0.1849,-0.7567,-1.112,-1.709,-1.1246,-1.6734,-0.6997,-0.2561,-0.9282,0.1711,1.6183,1.71,0.2751,0.5658,0.1065,-0.3155,-0.5295,0.0654,-0.8075,-1.1782,-1.629,-1.5042,-2.1708,-0.0975,1.0569,-0.11,-0.0277,-0.4137,1.3895,-0.6126,-0.9856,-1.9105,-1.5726,1.8631,-0.0343,-0.9498,-0.669,0.5966,0.3841,-0.2996,-0.4451,-0.0353,1.226,0.7825,-0.5373,-0.0257,0.7803,0.3815,0.0797,1.1165,1.5996,1.9227,1.5343,1.1541,1.1065,1.7635,2.4932,0.2521,0.3193,-0.2947,-0.3768,-0.0234,-0.1216,-0.5842,-1.382,-1.6229,-1.4103,0.8422,0.0529,0.9611,-0.7889,-0.9207,-1.1861,0.912,-0.1387,-0.0109,-0.0011,-1.199,-1.2041,-0.4696,-0.1365,-1.7829,-1.9463,-1.5913,-1.7368,-0.763,-1.1395,0.1721,-0.0093,-0.2193,1.2486,1.3518,2.1368,0.695,0.1659,-0.5007,0.4843,0.8006,0.6338,0.0337,0.2238,-0.746,1.4686,0.7384
"IC67",0.3459,0.7574,-0.1256,-0.3942,-0.2499,0.1034,0.391,0.5642,-0.0273,-0.0639,0.1286,0.9149,0.7517,0.4456,0.2706,-0.3772,-0.1201,-0.5572,-0.2449,-0.2136,-0.0239,0.4531,1.0208,0.681,0.2399,-0.8463,-1.1199,-1.7387,-0.8018,-0.2507,0.373,1.5298,1.4463,1.158,0.5118,0.1021,-1.4616,-1.5554,-1.3644,-0.965,-0.7133,-0.6063,-0.0712,-0.3221,-0.9312,-0.1648,0.3023,0.053,-0.1683,-0.0072,0.5206,0.8422,1.5095,0.4396,-0.6953,-1.9418,0.9478,-0.0764,-0.1626,-0.024,-0.4312,-0.4054,-0.3719,-0.4605,-0.2652,0.336,0.5633,-0.2155,-0.4087,-0.0479,0.0628,0.0937,0.8654,1.3038,0.8923,0.6215,1.2566,1.3677,1.4049,1.0498,-0.115,-0.9441,-0.4806,-0.6976,-0.7218,-1.3816,-1.2435,-1.2997,-1.5817,-1.416,-1.0808,-0.5647,0.3366,0.3482,-0.0954,0.1485,3.273,3.3971,2.9108,1.4388,0.2948,-0.0951,-0.0587,-0.068,-0.1295,0.0058,0.4056,-0.1675,-1.0791,-0.0751,-0.391,-0.0754,-0.4572,0.645,-0.2975,-1.3358,-1.5718,-1.8707,-0.5288,0.2637,0.4523,0.9687,-0.6117,-1.9812,-0.93,-0.7955,-0.6712,0.2123,1.2754,0.282,-0.0908,-1.173,-1.7932,0.7593,-0.9615,-1.7241,-0.6659,-0.474,-0.4772,0.1158,-0.1536,0.3949,0.8014,0.8859,-0.0736,0.2176,1.4376,0.4525,1.1788,1.1637,2.8383,2.6592,0.9118,1.0773,1.5847,2.3484,2.556,0.2591,0.9687,0.3218,-1.3786,-0.9523,-0.5094,-0.3316,-0.9223,-1.7413,-0.7068,-0.0101,-0.5955,-0.7767,-0.9498,-0.991,-0.7193,0.5093,0.6145,1.0769,-1.0068,-1.8903,-2.4558,-1.1422,-0.9025,-1.0716,-1.4225,-1.1492,-1.3822,-0.8,-0.4746,0.5974,0.1202,0.2974,0.7996,-0.151,1.2438,0.5526,0.3476,0.5507,0.6237,1.072,0.2759,0.2012,-0.0741,0.5208,0.9805,1.3023
"IC68",0.5266,0.0662,-0.2293,-0.4589,-0.3253,0.1625,0.3814,0.4369,0.2817,-0.351,-0.2911,0.013,-0.5401,-0.5722,-0.1485,0.5536,0.2641,0.3268,0.3799,-0.4023,-0.2219,-0.0437,0.1355,0.5184,0.5437,0.1516,-0.1743,-0.5307,-0.568,-0.6184,0.4607,1.0273,1.0378,0.9131,0.7121,-0.4347,-1.3599,-0.6238,-0.5406,-0.1029,-0.4468,-0.7378,-0.2981,-0.1182,-0.5246,1.3281,1.0659,0.4654,0.0033,0.6387,1.3117,0.8536,0.9103,0.8169,0.4514,-0.5307,-0.9031,-1.3362,-0.6361,-0.8881,-0.7566,-0.6275,-0.5819,-0.3891,-1.3372,-0.6649,-0.7097,-1.2783,-0.8917,-0.9051,-0.3876,-0.263,-0.4435,0.165,0.3053,0.458,0.3987,1.5013,1.476,1.5066,1.1435,0.4905,0.1288,-0.2389,0.1391,0.0271,-0.1537,-0.3469,-0.4835,-0.9433,-0.1613,0.3856,0.3869,1.4243,1.4068,1.7842,2.6792,1.6541,1.0098,0.3468,-1.1993,-1.1857,-1.5553,-1.6455,-1.5282,-2.0485,-1.5443,-0.0981,-0.1174,1.22,0.7294,1.6598,1.0931,1.1699,0.7281,-0.4304,-0.1866,-1.0922,-0.2587,0.0613,0.206,-0.0505,-1.0901,-1.7408,-0.6541,-0.4534,0.0315,0.9614,0.6195,0.0419,-0.5372,-1.8672,-1.7426,-0.7224,-0.2884,-0.5335,-1.4174,-1.6447,-0.185,-0.5753,-1.1226,-0.5254,-0.5733,0.5966,0.1942,0.2853,2.6764,1.1624,1.7931,1.634,2.2053,1.9453,1.267,1.9955,1.4008,1.1737,2.1408,0.7915,-0.0012,0.7245,0.1401,-1.3589,0.0978,-0.6788,-1.124,-2.208,-2.4911,-2.1223,-1.6646,-0.0564,0.7161,0.2862,0.4641,0.4921,1.2106,0.9774,-1.0311,-2.0705,-2.9217,-0.2971,-0.7516,-0.2051,-0.6685,-0.5155,0.2139,0.4679,0.8736,0.7769,1.0093,0.9447,1.2057,0.5833,-0.0813,-0.392,-1.1599,-1.6611,-1.2863,-0.4465,-0.2019,0.3145,0.1612,0.7328,0.8144,1.9835
"IC69",0.8002,0.5356,-1.4479,-0.5462,-0.4655,0.4646,-0.0608,1.293,-0.0536,0.4266,-0.4081,0.0962,0.4663,0.598,-1.0166,-1.2249,-0.6317,0.0895,-0.5317,-0.6505,0.0185,0.1076,0.1896,-0.2434,-0.5056,-0.4779,0.2388,-0.4387,-0.0558,-0.1701,1.1888,0.0348,0.369,-0.1773,0.8254,0.808,0.3169,0.3664,-0.1274,0.5236,-0.6037,-0.8194,-1.4896,-0.1555,1.2043,1.1922,-0.399,0.1873,0.5965,2.2531,0.9493,0.3635,-0.2232,-0.7226,0.6179,0.0597,1.123,0.1597,-0.4407,-1.0048,-0.5715,-0.1031,-0.8122,-0.799,-1.3435,-1.1224,-0.705,0.1677,-0.5007,0.4378,-0.1724,-0.0745,-0.3262,0.1656,-0.4502,1.5279,-0.2161,0.5466,-0.7454,-0.3256,0.506,0.6142,0.9955,0.364,0.2676,-0.7417,0.2472,-0.3071,1.0222,0.9713,1.9743,0.6072,0.4197,0.3562,-0.1617,-0.1954,-2.2969,-1.1015,-0.2182,-0.291,-1.2846,0.2885,0.0938,-0.7082,-0.7137,-0.7606,-0.4934,-0.5001,-1.1642,0.1929,0.343,0.8455,0.3889,-0.6474,0.3957,-0.2533,-0.0408,-0.7856,-0.1035,-1.0298,1.3605,1.1047,0.4802,-0.2445,-0.1636,-1.5888,-1.5877,-0.1153,0.9871,1.8589,2.3362,1.9949,1.4715,3.0815,0.2399,-0.2482,0.5444,-1.3764,0.3565,1.1123,0.3723,1.0647,0.0653,1.5355,0.183,-0.3433,-0.5621,-0.0508,-0.9547,-0.9698,-2.7948,-2.2747,0.3073,-1.4626,-1.5406,-3.624,-0.8839,-1.5934,-2.2317,-0.8191,-0.0995,1.9376,-1.0021,0.3427,1.9001,1.3397,-0.4231,1.8696,-0.2002,1.0377,-0.4609,-0.7432,0.5723,-0.7105,-2.0819,0.1885,0.4833,2.4719,1.9835,2.2721,0.9335,1.6972,0.1316,0.7903,-0.4784,-0.0436,1.0213,-0.0245,1.9464,-0.0337,-0.5838,-1.6626,-0.7124,0.8171,-0.6881,-0.0589,0.5032,-1.1612,-1.185,-0.5289,-1.1788,-0.0152,-0.0331,-0.2016
"IC71",0.1585,-0.2266,0.0691,-0.4303,0.0722,0.41,0.2849,0.1586,0.1457,0.1631,0.5528,0.1961,0.1527,0.0708,0.3253,0.4392,0.146,0.2305,0.224,-0.1192,-0.5315,-0.366,-0.0758,0.0628,0.306,0.2093,-0.0464,-0.3122,-0.5657,0.0927,0.0428,0.1558,-0.0324,0.129,0.1944,0.016,-0.1691,-0.1439,-0.3794,-0.3104,-0.0419,-0.5162,-0.2504,-0.4279,-0.4419,0.0136,0.0183,-0.4324,-0.1513,0.3454,0.3736,0.0234,0.1151,0.4522,0.6029,0.2618,-0.02,-0.567,-0.3541,-0.3926,-0.694,-0.7443,-0.6238,-0.6682,-0.8844,-0.7491,-0.2556,-0.5243,-0.4172,-0.4362,0.2372,0.0622,0.5144,0.5143,1.0108,0.4835,0.6696,0.8157,1.199,0.6625,0.5541,0.3218,-0.0314,-0.3534,-0.346,-0.0073,-0.1767,-0.0074,-0.4747,-0.066,-0.3645,-0.1184,0.0405,1.1168,1.1614,0.9962,1.3652,0.9155,0.8016,0.6349,0.3788,-0.3167,-0.154,-0.7087,-0.6409,-1.199,-0.5624,-0.0437,-0.6452,0.3071,0.7389,1.6816,0.5743,0.374,0.1495,-0.1777,-0.1528,-0.2726,-0.7945,-0.924,-1.704,-1.2942,-1.1653,-0.9315,0.3556,-0.2198,-0.705,-0.4638,-0.5923,-0.967,-1.1799,-1.7333,-1.7219,0.1869,-0.1167,-0.9798,-1.3431,-0.485,-0.0505,-1.0417,-1.5044,-0.8752,0.653,1.2767,0.688,0.6636,2.4803,1.6677,1.6682,2.2126,2.9307,2.9175,1.943,2.5088,2.3711,2.6722,3.1359,1.9007,2.1048,1.5805,0.4661,-2.2227,-1.16,-1.9723,-2.4844,-3.0725,-3.1922,-1.8826,-1.3004,0.0466,-0.0676,-0.3318,-0.4517,-0.1191,-0.8118,-1.3641,-1.6777,-2.5024,-2.5338,-0.9792,-0.1804,0.1277,-0.4437,-0.3758,-0.1541,0.1868,0.0522,0.8539,-0.0426,0.2811,1.205,1.0559,0.6922,0.1725,0.068,-0.0214,0.0467,0.0398,0.4607,0.2426,0.5266,0.124,0.7327,1.4633
"IC72",0.3062,0.956,0.7423,0.8129,-0.3178,-1.1088,0.3847,0.0732,0.421,0.144,-0.2935,0.3241,-0.1049,-0.0033,-0.0924,0.1812,0.4713,-0.2312,-0.0013,-0.6183,-0.7634,-0.2686,0.0963,0.5534,0.4445,0.4888,-0.2548,-0.5411,-0.4665,-1.1715,-0.4308,0.2342,0.0294,0.7232,0.8735,0.2598,-0.8714,-0.7674,-0.6227,-0.0518,-0.9033,-1.3763,-0.6705,-0.5591,-0.5384,0.6577,1.0806,0.7073,-0.1845,0.4992,0.8471,1.2961,1.7394,1.7415,0.4647,-0.3056,-0.6662,-1.3587,-0.6322,-0.0387,-0.3115,-0.0767,-0.6932,-0.2507,0.2437,0.0875,-0.3914,-0.8999,-0.4718,-0.8175,-1.4706,-0.1108,-0.1482,0.0844,0.6063,0.6225,0.3799,1.0499,1.0611,1.4397,0.9597,0.9857,0.1826,-0.4893,-0.4332,-1.0175,-1.1829,-1.5333,-1.2545,-1.8971,-0.8375,-0.5547,-0.7464,1.0742,1.355,1.8999,2.1579,1.8016,1.7695,1.7219,0.833,-0.0884,-1.4194,-1.2034,-0.8531,-0.8375,-0.8175,-0.6715,-0.3139,0.1574,0.8215,0.5759,1.3807,1.7112,0.296,-0.9055,-0.7131,-0.8187,-0.0119,0.1799,0.6374,0.1296,-1.5524,-1.392,-0.9561,-0.9457,-0.4485,0.9347,1.1245,0.2843,0.4784,-0.7834,-0.5595,-0.3073,-1.3897,-1.0643,-0.6151,-0.6989,-1.0343,0.2451,0.2545,0.318,0.0204,-0.0057,-1.1844,-0.8361,0.4791,-0.4029,0.1476,0.4814,0.4551,1.0681,0.7845,1.1088,1.3608,0.6636,1.0998,1.1482,0.7912,1.3219,1.0275,1.8524,2.3351,1.9088,1.3837,0.5848,-0.1392,-1.8731,-2.8531,-1.3587,-1.5882,-1.632,-0.5548,-0.0635,0.4324,1.1429,0.2644,-0.4833,-1.3092,-1.1511,-2.2829,-2.0169,-1.5663,-1.1856,-0.8808,-0.6893,-0.1166,0.2509,0.9496,1.1545,1.2808,1.4942,0.4963,-0.1979,-1.1299,-1.7511,-1.5231,-0.9875,-0.3897,0.0867,0.7234,1.3358,1.8801,3.4448
"IC73",-0.6158,-0.4885,-0.9155,-0.6963,-0.8571,-0.6306,-0.1108,-0.3135,-0.1621,0.0309,0.002,0.1023,0.3078,0.4503,0.3151,0.2885,0.415,0.3815,0.2445,-0.4849,-0.3797,0.1065,0.4729,0.3171,0.65,0.4972,0.0935,-0.1416,-0.5743,-0.3611,0.2109,0.591,-0.1124,-0.0584,0.5745,0.81,0.3816,0.0802,-0.1973,0.038,-0.3811,-0.2956,0.1038,0.0414,0.2261,0.5295,0.2888,0.3852,-0.2686,0.8722,0.9657,0.1786,0.5418,0.4684,0.3911,0.5935,1.4325,-0.5812,-0.861,-0.729,-0.8106,-0.6908,-1.0978,-1.1576,-0.9449,-0.3341,-0.646,-0.7391,-0.2582,-0.3421,-0.1568,0.1631,-0.1675,0.4181,0.7584,0.411,1.0592,1.3523,0.1031,0.1931,0.5121,0.3688,-0.0566,-0.216,-0.2776,-0.2582,-0.1882,-0.4291,-0.6087,-0.7155,-0.5919,-0.9607,-0.5272,-0.599,-1.2064,0.2908,1.7872,0.9082,0.9578,0.8852,0.4595,0.2398,-0.41,-0.6345,-0.8202,-0.6746,-0.2359,-0.0168,-0.0363,-0.3362,0.1088,-0.3481,-0.0315,0.8943,0.44,0.2451,-0.4162,-0.1964,0.6282,-0.1422,-0.1338,-0.2769,-0.7031,-0.2055,-0.1086,-1.4695,-0.4765,0.852,2.7074,1.7222,2.0241,1.146,0.8569,1.5017,0.1108,-0.6649,-0.056,0.3504,0.0538,0.7189,0.5423,0.8077,1.0353,0.4032,-0.8518,-0.6474,-0.704,-0.5023,-1.621,-1.6385,-1.9932,-1.8766,-0.4565,-0.5587,-0.859,-1.1971,-1.2616,-2.9023,-2.9296,-3.3807,-2.8645,-0.5593,1.4249,2.3125,2.0709,1.9568,1.666,1.7183,0.839,0.4922,-0.9457,-1.0795,-0.414,1.9215,0.9677,2.0977,2.4077,2.9611,2.6126,1.3618,0.1547,-0.2441,-0.7673,-0.4384,-0.8818,-0.4627,-0.8025,-0.3619,0.3745,0.1768,-0.0347,0.3333,2.1197,1.3216,1.2432,0.1167,0.2204,-0.4592,-0.9865,-1.2314,-1.6019,-2.0826,-1.7413,-1.3377
"IC74",-0.3656,0.3407,0.6331,-0.2612,-0.2844,-0.6523,0.1319,0.0546,-0.053,-0.3038,-0.1615,0.9295,0.4693,0.0406,0.4347,0.7822,0.3164,-0.501,-0.1594,-0.2157,-0.617,0.2267,0.1459,0.6907,0.9913,0.375,-0.2568,-0.7831,-1.0122,0.1857,0.387,0.5092,-0.0445,1.0605,0.7383,-0.1439,-0.8845,-0.8423,-0.8885,-0.7245,-0.4551,-1.0785,0.0426,-0.254,0.2551,0.6941,0.4784,0.1121,-0.0696,0.7872,0.6732,0.6069,0.6479,0.3665,0.0818,-0.1381,1.9573,-0.5416,-1.3287,-0.7283,-0.8091,-0.861,-1.3025,-1.2311,-0.6876,-1.0901,-1.2628,-0.6741,-0.484,-1.2209,-0.713,-0.0367,-0.1893,0.7474,1.2785,0.6586,0.9125,1.2367,1.2102,0.849,0.7717,0.5695,0.3302,-0.1633,0.1949,-0.0433,-0.3864,-0.5959,-0.5965,-0.1312,-0.3011,-0.4772,-0.4323,0.7322,0.6942,1.5563,3.2794,2.0438,1.4559,1.1104,0.3994,-0.8466,-0.7388,-1.6734,-1.0618,-1.5168,-1.0847,-0.5223,-0.6005,0.7091,0.7551,1.8229,1.1804,0.8733,0.0905,0.2133,-0.2142,-0.0837,0.2686,-0.5042,-1.0819,-1.395,-2.1204,-1.6157,0.0821,-0.8873,-1.1079,-0.7915,0.218,-0.8051,-0.9903,-1.662,-1.4932,0.1579,-0.0054,-1.1941,-1.5166,-1.1553,-0.2041,-0.3921,-0.8108,-0.2069,0.4788,1.7031,1.0938,0.1831,2.1442,0.6898,1.4651,2.2018,2.0754,2.3985,2.4494,2.7052,1.9724,2.1688,2.4953,0.5997,1.1013,0.3335,-0.175,-2.1994,-1.0942,-0.6327,-1.0565,-2.0342,-2.1723,-1.2845,-1.4743,0.0909,-0.5281,-0.9024,-0.6473,1.1253,-0.123,-0.3938,-0.9423,-1.1746,-1.4141,0.4307,0.1547,-0.8303,-0.9653,-0.716,-0.2875,-0.3422,-1.5183,-0.017,0.5294,0.3918,0.722,0.1513,0.6471,0.3404,0.1383,-0.1501,-0.1341,-0.6351,0.0328,-0.0472,0.4155,0.539,1.2803,1.8158
"IC75",-0.449,-0.1292,0.2163,-0.9158,-0.0336,-0.4204,0.6063,0.9064,1.2536,0.5219,0.9879,1.2327,1.0764,-0.2429,0.7386,0.5074,0.7409,-0.4575,-0.235,-0.8662,-1.3396,-0.2301,0.0962,-0.1397,0.3489,0.1331,-0.4128,-1.3406,-1.5503,-0.0349,-1.6374,-0.205,-1.1474,1.1982,1.1303,0.64,-0.5866,-0.6797,-1.0162,0.1747,0.3332,-1.3104,-0.6587,-0.7593,-0.487,0.0553,0.4763,-0.4441,1.5029,0.4879,0.0234,0.99,1.7656,2.1738,1.2833,-1.0886,0.3089,0.9566,-0.3024,-0.1046,-1.242,-1.3887,-2.6763,-1.5132,-0.7819,-1.4373,-0.8459,0.4132,0.7705,-0.0861,0.4919,0.5979,1.2971,0.785,1.2955,0.4573,0.8958,0.5764,1.4012,0.437,1.1826,0.6228,0.7885,-1.0821,-0.7431,-0.2689,-1.1523,-1.0041,-1.4444,-0.2204,-1.1957,-0.7921,-0.302,0.5202,-0.0144,-0.4393,0.5774,2.9672,2.1511,2.5917,0.9461,-1.0978,-0.0099,-1.6315,-0.2135,-1.809,-0.1526,-0.9858,-1.4275,0.7105,-0.16,-0.1455,-0.9009,-0.2211,0.2949,0.3935,0.1106,-0.7036,-0.0366,0.2037,-1.4229,0.3617,-0.0971,-0.344,0.1055,-1.0892,-0.7127,-0.4892,0.6135,0.3944,1.4844,0.1751,0.8012,2.2628,-0.6106,-0.0796,-0.3483,-0.0518,0.0607,1.1105,0.4598,0.0684,-1.043,-0.2491,-1.2093,-1.4289,-0.5811,-1.0598,-1.4504,0.2307,0.6425,0.9553,0.2638,1.018,0.8122,1.9136,2.5895,0.2029,0.5633,-0.2686,0.0473,-1.3703,2.2754,1.7691,1.7247,0.8049,-0.2613,0.3658,-1.8135,-0.5842,-1.9011,-2.0191,-1.5258,0.542,0.8323,0.2731,0.4927,0.0461,-0.9182,-1.041,-1.3807,-1.3049,-1.2482,-1.0102,-0.5074,-0.8899,-1.7968,0.0419,-0.4293,-0.2479,-0.067,0.3589,1.0734,1.491,0.6978,-0.2726,0.098,-0.2412,0.9416,0.4927,1.002,-0.4857,0.8011,1.5942
"IC76",-0.6469,-0.2828,-0.2724,-0.3941,-0.4338,-0.8501,-0.1635,0.1309,0.1124,-0.3747,-0.2402,0.4481,0.6505,0.4668,0.5534,0.5549,1.1423,0.5978,0.2203,0.0673,-0.529,-0.324,-0.2675,-0.016,0.8607,0.8816,0.4872,-0.307,-0.854,-0.2969,-0.246,-0.1522,-0.0819,0.071,0.26,0.426,-0.4876,-0.84,-0.8434,-0.523,-0.0873,-0.9127,-0.9784,-1.1313,0.3705,0.1143,0.131,0.255,0.925,1.9869,0.6851,0.739,1.4343,1.9799,1.9409,0.073,0.6223,-0.2501,-0.7972,-0.3366,-1.1767,-0.803,-0.639,-0.6016,-0.2051,-1.1003,-1.3046,-1.3457,-1.1443,-1.0196,-0.62,-0.3719,-0.1495,0.7758,1.2981,0.7862,1.7301,0.8819,0.525,0.7722,0.9426,0.4253,-0.0049,-0.4773,-0.4042,-0.933,-1.2815,-1.3555,-1.2261,-1.1481,-1.106,-0.7521,-0.1862,0.825,0.5357,0.3228,1.5639,1.4889,2.2156,1.9601,1.5308,0.336,-0.5949,-1.508,-1.1717,-1.6213,-0.4055,-0.3278,-0.4875,0.598,1.1444,0.5554,0.1877,0.9527,0.6341,1.0642,0.8375,0.2858,-0.3636,-0.4712,-0.3131,-0.2731,-1.0529,-0.7026,-0.5865,-1.2404,-0.5977,-1.3535,0.1153,-0.1852,0.0094,0.166,0.1149,1.2293,-0.9627,-1.0554,-0.6616,-0.592,-0.3506,-0.4588,-0.3969,0.3934,1.1166,1.5781,0.5901,0.2386,0.6007,0.6388,-0.1539,0.3284,0.6669,0.1075,-0.0148,0.52,1.1358,1.4748,0.8425,-1.1614,-1.6515,-2.2722,-1.965,-1.4646,0.7652,2.0652,1.8236,1.1472,0.6995,1.0183,-0.1746,-0.7729,-2.0917,-2.3586,-2.2056,-0.0132,0.0555,1.0412,1.7249,2.0259,1.2374,0.3286,0.2299,-1.0301,-1.5853,-1.0209,-0.7822,-0.616,-1.3583,-0.6049,-0.9567,-0.487,0.5375,0.9447,3.2214,2.5297,2.1605,1.2163,0.8501,0.4342,-0.3921,-0.9387,-1.2037,-1.5616,-1.1115,-1.3278
"IC77",-0.6663,-0.0393,0.0595,-0.7562,-0.4519,-0.0656,0.0032,0.5901,0.8867,-0.2311,-0.597,0.3641,0.6819,-0.1822,-0.2642,0.5551,0.9614,0.5605,0.5834,0.6163,0.3355,0.3381,-1.1043,-1.3086,0.3752,1.2147,1.6478,0.9281,-0.5754,-1.0462,-1.3799,-1.384,-1.1407,0.0835,0.5775,0.7236,0.9601,0.3613,-0.399,-0.076,0.0556,-0.7512,-0.8156,-1.3152,-0.1479,-0.0666,-0.5335,-0.8854,-0.3647,0.3092,-0.7275,-0.9473,-0.1857,0.5702,1.1669,1.5697,2.2406,0.511,0.4354,0.4764,0.7753,0.4434,0.5128,0.3803,0.8015,0.3079,-0.699,-1.0505,-1.732,-1.7815,-1.032,-1.1916,-1.3095,-0.61,0.2692,-0.6849,0.027,-0.9088,-0.3714,-0.1634,1.2045,1.8388,1.2224,0.2929,-0.0222,-0.4885,-0.2221,0.0211,-0.4158,-0.4696,-1.0346,-0.7629,-0.3165,1.2407,1.0369,0.259,1.5419,1.848,1.8764,2.2689,2.2233,0.8897,0.4065,-1.0662,-1.6837,-2.0519,-0.8636,-0.5424,-0.8503,0.0709,0.3981,0.8838,-0.4475,-0.2581,0.1324,1.0195,1.0979,0.1847,-1.4262,-1.0867,-1.2076,-0.2569,-0.205,0.2248,1.0799,-0.6188,-1.3504,-0.6101,-0.409,-0.0684,-0.0699,-0.5541,0.2258,1.1751,-1.5194,-1.9349,-1.5603,-0.4829,-1.54,-1.6105,-1.6188,-0.5433,1.6195,1.2486,0.4891,0.2105,1.5913,0.6748,0.0555,0.813,0.9014,1.0357,0.289,1.7954,1.4912,1.9399,2.21,0.8292,1.8982,1.239,0.5095,-1.5986,1.2329,0.4035,-0.1131,-0.7074,-1.3451,-0.5468,-2.0348,-0.8936,-1.0611,-0.936,-0.7036,0.5854,0.3969,-0.5247,0.2365,-0.1687,0.1896,0.385,-0.9097,-1.5705,-2.016,-1.5125,-1.179,-0.8417,-1.3718,-0.2058,-0.1849,0.7446,1.3925,1.6257,2.316,0.8041,0.4277,-0.0787,-0.1077,-0.6391,-0.8486,-0.899,-0.3353,0.2411,1.2327,1.4673
