"IC05","1.0306","0.5692","0.5878","1.2135","0.2580","0.2580","0.4561","0.0876","0.7287","0.7172","1.0992","-0.3802","-2.1078","-0.6686","-0.8199","-1.2232","-2.1607","-1.0379","-0.5786","-1.7602","-0.9178","-0.7900","-1.1435","-1.4784","-2.1871","-1.3383","-1.0693","1.5122","0.9056","0.4509","2.0369","0.4828","0.5377","1.2692","0.9063","1.2152","0.7037","-0.0828","0.0509","2.1958","0.7940","0.2756","1.1316","0.9956","0.6027","0.3422","0.8229","-0.0841","-0.2602","1.1443","0.1922","-0.9986","-0.9896","-0.3673","-0.7102","-0.2954","0.6233","0.3120","-0.8553","0.6144","0.2854","-0.0363","0.3215","-0.2130","-0.6086","0.4094","-0.2836","-1.2044","-0.5619","0.6893","0.6397","0.3896","0.0834","-0.2412","0.2295","-0.2637","-0.9096","-0.7936","-0.1008","0.4048","-0.2714","0.8760","1.2989","-0.1755","-0.9509","-0.1746","-0.1509","-0.6417","-1.3097","0.0362","-0.3866","-1.5035","-1.8444","-1.5061","0.3487","0.3952","-1.1831","-0.3514","-0.3251","-0.1717","0.6251","-0.8719","-0.2256","-0.3464","0.2573","0.5501","-0.7568","-0.2803","0.5807","0.6377","1.1870","0.5469","0.4530","1.3328","0.7948","1.8403","1.1295","0.5943","1.0200","1.2320","1.7944","2.1874","1.9397","0.5076","-1.0572","-2.3901","-1.1640","3.4141","2.8379","1.3936","-0.2539","-0.1592","-1.3983","-1.4091","-2.1697","-1.3431","-1.3509","-1.7479","-1.5957","0.1244","-1.2010","-0.0276","-0.7980","-0.8756","0.7294","1.0087","-0.3270","0.1269","-0.2852","-1.3951","-0.4049","-0.9292","-0.4822","-0.2474","-0.8728","-1.0308","-0.4076","-2.5577","-1.3127","1.3862","-0.6135","-0.9721","1.2895","-0.0802","1.4245","1.0833","0.4893","0.0476","0.6510","0.9860","1.4954","1.1880","0.2028","1.0607","-0.1753","-0.2677","0.9911","-0.0119","0.9061","0.7476","0.7703","0.4635","0.5638","1.1775","0.6048","-0.2048","-0.5269","-0.3964","-0.3114","-0.6596","-0.8541","0.1955","-0.1168","0.9758","-0.0361","-1.5103","0.2319","-0.3381","-0.5215","0.1409","-0.3432","-1.1773","-0.2742","0.0842"
"IC08",-0.0705,-0.2329,-0.3854,1.193,0.3979,0.6679,0.057,-0.4252,-0.2546,-0.3791,0.7333,-0.4321,-0.7266,0.5691,-0.197,-1.0665,-0.2119,0.438,-0.494,0.9315,0.4836,-1.2248,-1.229,0.6592,0.1639,-0.6383,-0.281,0.7038,-1.0479,0.0414,2.1853,0.0085,-0.1898,-0.603,0.9236,0.8878,0.0463,0.4277,-0.8321,1.3424,-0.1655,-0.0851,-0.1778,0.4986,-0.612,-0.8113,0.4132,0.5531,-1.0944,0.8659,-0.4099,0.0319,0.3047,-0.2366,-0.3898,-0.3134,0.1564,-1.0475,-2.0276,0.2512,0.261,-1.4405,0.3991,0.7088,-0.1056,0.6124,-0.228,0.4835,0.3629,-1.0131,-0.5625,0.4279,-0.8702,-1.1981,-0.0985,-0.3561,-0.4442,1.062,2.4044,3.2094,2.141,2.5987,2.6159,0.866,0.0069,-0.2449,-0.4505,-1.463,-1.1262,0.2579,-1.4219,-1.1795,-1.0359,-0.4788,0.0332,-1.5422,-1.5963,-0.1874,-0.566,-0.5197,0.5202,-1.3496,-0.1664,-1.2024,-0.8112,0.3854,-0.4766,-0.1172,-0.3328,0.0906,1.3648,0.6381,0.7054,0.256,-0.4347,0.5118,0.3079,0.0478,0.3945,-0.6162,-0.2946,0.2742,0.4067,0.8896,-0.0323,0.0996,1.1891,1.5865,-0.5557,0.2114,0.6825,1.0789,-0.9049,-1.2071,-0.7907,3.2073,4.3738,2.4778,-0.0829,-0.5298,-3.0567,-1.0977,-0.9332,-0.6811,-0.5397,-1.0112,-1.4971,-0.9154,-0.9322,-0.542,-0.3098,-0.9488,-1.0541,-0.7868,-0.5431,-0.5155,0.9753,-0.8419,-0.8913,0.652,-1.209,0.4988,2.5753,2.2967,1.9791,0.6217,0.0747,0.9022,-0.1004,-0.5121,-0.1004,-0.9973,-0.2514,0.6226,-1.4074,0.4597,1.036,0.3236,1.7162,0.1797,-0.8231,-0.5644,-0.0354,-0.5078,-0.6392,0.2588,-0.143,-0.9344,-0.479,-0.7046,0.2316,0.8915,0.1511,0.5357,-0.2675,-0.2342,1.1495,-0.574,-0.3872,0.6257,-0.6599,-0.8121,0.0511,0.8721
"IC09",-1.2631,-1.0628,-0.4633,-0.7998,-0.5806,-0.0076,0.0289,2.1134,1.413,-0.4902,-0.7267,-1.0379,-0.5153,-0.2022,-0.4542,-0.3794,-0.4287,-0.3249,-0.5643,0.7626,1.936,0.0186,-0.3224,-1.0745,-1.3322,-0.4704,1.524,1.1316,1.5618,2.674,2.3601,3.4993,1.4596,0.2533,0.8103,-0.8595,-0.7469,-0.7262,0.3913,-0.1718,-0.7926,-1.5625,-1.3776,-0.7548,-0.7062,-0.5848,0.6641,-0.969,-1.0706,-0.8142,0.3716,-0.7384,-0.4247,0.5774,-0.0719,0.0645,-0.2149,-0.8252,-0.1234,-0.084,0.6256,1.2227,0.4878,-0.2969,0.0488,-0.1605,0.6002,0.658,1.8245,2.2006,-0.0771,-1.274,-0.1459,-0.9415,-0.9044,-0.7656,-0.4602,-0.412,-1.3676,-1.2389,-0.3144,0.3408,1.1536,0.3728,0.707,-0.4863,-1.1568,-0.2943,-0.8227,-0.8406,-1.6817,-2.0999,-0.2735,-0.1531,0.9184,1.4375,0.0241,-1.0176,0.2925,0.9789,1.3891,0.8417,1.7117,3.1505,2.0055,2.5925,0.8134,-0.369,-0.299,-0.7561,0.4212,0.1095,0.001,0.7173,0.0688,0.7307,2.1204,1.716,0.9575,-0.7222,-0.2607,-1.5058,-1.5711,-2.357,-2.1463,-1.6371,-0.4709,-0.8269,-0.4972,-1.9245,-1.1543,-1.0591,-1.5524,-1.5489,-0.832,-1.125,0.624,1.0284,1.2548,-0.2017,-0.472,0.1464,1.1286,0.8886,0.6554,0.7667,-0.0201,0.5705,1.1107,-0.7189,0.1637,0.1923,-0.4043,0.2302,0.946,-0.0121,-0.23,0.5677,-0.2628,-0.3942,0.4507,0.4829,1.1684,0.054,0.1699,0.8139,0.9321,0.5596,0.4632,-0.4648,0.0105,1.1944,-0.6054,-0.5639,0.1672,-0.9852,0.8599,0.9989,-0.4173,-0.4573,0.046,-0.9478,0.0686,-0.8224,-1.2564,0.4753,1.5573,-0.023,-0.6819,0.056,-0.4285,0.355,-0.0061,-0.3617,0.1129,-0.952,-0.4784,0.1477,0.171,0.3988,-0.249,-0.0764,0.3736,-0.8041
"IC15",-0.4025,0.1436,0.2734,-0.6626,0.0365,0.4296,0.3637,-0.016,0.4684,0.4903,0.7527,0.6391,-0.5297,0.2703,0.1976,0.7454,-0.1181,-0.6058,-1.1089,-1.7902,-1.0329,-0.8695,-1.5127,-0.8314,-0.173,0.5171,-0.1273,0.0524,-0.0746,-0.0256,0.5823,-0.2223,0.2642,1.84,0.7668,0.0664,-0.5313,-0.0745,0.3656,1.1011,1.0292,0.5857,0.251,-0.5386,0.5136,1.507,-0.3299,-0.4498,0.0499,0.5022,-0.3709,0.5517,1.7451,-0.88,-1.2049,-0.4645,0.0106,0.7755,0.2499,0.1611,1.6963,0.9853,1.0089,0.1114,-1.9484,-0.9754,0.2043,-0.3902,-1.1182,-1.8856,-0.4515,0.4277,0.0002,-1.7433,-1.9368,-1.1797,-0.4933,-0.1795,-0.2464,-0.5466,-1.0498,-0.868,0.5984,2.3925,1.5239,-0.3105,0.0856,-0.4425,-0.5574,-0.2075,0.2183,-0.4905,-0.2955,0.4037,0.1367,-0.9575,-0.5326,1.2356,2.016,0.7066,0.8087,-0.2112,-1.4818,-0.5904,0.4327,0.4474,0.8611,1.7027,-0.0064,-0.0843,1.243,0.5873,0.8471,1.1161,1.2067,1.5275,2.2848,2.6319,1.8697,0.0688,0.5129,-0.4741,-0.0198,-0.8752,-2.0847,-0.955,-1.1493,-2.3709,-1.7025,-2.057,-2.2802,-1.2467,-1.8421,-0.9799,-0.7344,-1.224,-1.9761,-1.2384,-1.688,0.0508,0.0269,0.9788,1.6512,1.4332,-0.2648,-0.1998,0.5062,-1.7269,-0.5618,2.0289,1.313,1.3119,1.8005,0.8277,0.9957,0.5032,0.5116,0.493,-1.0816,-1.5082,0.1924,1.1729,0.4996,-0.2746,0.617,1.4984,2.07,1.0076,0.355,1.1582,1.0672,-0.3565,-0.5464,-0.9579,-1.5369,-0.1383,0.0997,0.2978,0.1165,0.3976,0.3456,-1.3241,-0.7835,-1.4082,-1.4978,-1.5457,-0.533,0.3395,-0.3157,0.4993,-0.1147,-0.8292,0.218,-0.5512,-0.5715,-0.258,-0.4232,0.7858,0.4524,-0.0036,0.5457,1.3083,0.5067,0.1571
"IC16",-0.6329,0.8723,0.1795,-0.9868,-0.3958,-0.5789,-1.29,-0.9749,-1.0054,-0.1537,2.1028,1.5641,0.7885,0.571,1.3587,1.8059,0.7306,0.4599,0.0915,-0.3355,-1.2353,-0.5444,0.1105,0.2654,-2.4826,-1.5041,-0.7639,0.4323,0.3173,0.2648,1.6071,-0.1569,-0.6179,-1.4066,-2.1495,0.0807,2.1629,0.7848,0.705,1.2946,0.0891,0.5064,1.2081,0.7439,-0.9076,-0.1138,2.2372,-0.5893,-1.2029,-1.7913,-1.6568,-1.2584,-0.6873,0.3349,0.3833,-0.6175,-1.084,-0.9102,-1.275,1.1386,1.372,-0.3843,-1.0386,-0.3684,1.0864,2.0557,1.8165,1.9892,0.1937,0.4324,-0.7573,-0.3945,-1.4776,-1.7679,-0.6339,0.2175,1.1762,1.0498,-0.6808,-0.4469,-1.4856,-0.1465,1.2629,1.2171,0.7902,-0.0768,-0.752,0.1629,1.1534,0.5,0.8773,0.278,0.1085,-1.1499,0.6074,0.5517,-1.3236,-1.0394,-1.5715,-0.5528,0.5021,-0.0879,0.3637,0.2633,-0.1336,0.8503,0.5493,0.3935,0.8653,-0.4519,-0.0816,0.068,0.1087,0.8009,-0.3578,0.4882,-0.2316,0.2208,0.45,-1.6334,-2.5364,-2.8605,-1.4061,0.0275,-0.9875,-0.4165,-0.3158,1.7768,1.4244,1.0978,0.8951,0.7204,-0.7958,-0.3074,-0.1428,0.1972,0.9335,1.0564,-1.2367,-0.401,-0.6992,-0.6985,0.8567,1.2863,1.6156,0.7365,-0.219,1.6018,0.8217,-0.2405,-0.1943,-1.0711,-1.1286,0.4862,0.6076,0.8552,2.3363,0.1937,-0.5003,-1.1213,-1.9267,0.165,0.1676,-1.0253,-1.0673,1.0423,0.1936,-1.5363,-0.3517,-0.4907,-1.1897,1.0465,1.2349,0.3659,-0.9802,-0.7504,-0.2984,0.2773,-0.2913,-1.195,-1.0295,-0.3677,-0.4878,1.1359,0.8032,0.13,0.4464,0.813,0.8532,0.4111,0.111,-0.0381,-0.2026,0.7717,0.5801,-0.0321,0.8098,-0.3909,0.5694,0.7355,-0.2844,-2.3503,-0.7893,0.4856
"IC17",0.5173,-0.9592,0.6803,0.5379,0.3439,0.2018,-2.0846,-3.0648,0.0108,0.572,-1.3332,-0.9398,0.3071,1.1796,0.8464,0.3944,-0.058,0.8183,-0.1687,-0.6435,1.7492,2.3404,0.0016,1.078,0.8001,0.3608,-0.5033,-1.1634,-0.6945,-0.4346,-1.4595,-1.046,-0.6435,-0.0361,-0.6734,-0.3148,-1.6492,0.8337,1.2341,0.8898,0.4272,1.7199,1.2534,0.302,2.2781,2.0707,-0.8956,0.1054,-0.7271,-0.3923,-0.4241,0.4709,-0.181,-1.2123,-0.1658,-0.8347,-0.3718,0.1761,-0.866,-0.2279,0.9342,0.2551,0.3073,-0.5717,-3.1245,0.0244,1.9432,0.0525,1.0029,-0.7266,-0.4218,0.1493,0.3803,-1.5044,-1.6347,0.28,-0.3384,-1.3119,0.5088,0.4646,-1.2838,-0.5643,1.3468,1.6365,-1.115,-1.3151,0.5481,0.5381,0.5028,2.4478,2.4889,0.3031,-0.8252,0.1496,0.8251,-0.8089,-0.9898,0.3139,0.7271,-0.738,0.5151,0.2726,-0.7665,-0.3957,-0.1025,0.7418,0.7501,0.1384,-0.9697,-1.3699,-0.3285,0.298,0.1328,-1.7213,-1.1172,-0.0962,0.5578,0.2081,0.77,-0.1875,-0.6976,-0.6734,0.4674,0.4962,0.1622,1.4816,0.7771,0.0358,1.0371,0.1435,-0.0485,1.1212,0.6279,1.3836,1.223,0.9971,-0.3859,-0.4261,-1.5364,-0.0126,-1.5378,-0.2697,0.7299,0.7505,-2.0285,-1.0248,-1.5761,-3.5853,-0.244,1.0064,-0.4853,-1.4398,-0.1679,-0.6947,0.1064,0.7338,-0.8838,-0.1429,-0.8538,-0.3294,0.6527,1.1701,0.6706,0.5762,1.5362,0.1079,1.1363,0.7848,-0.0128,1.1171,1.2075,-0.2044,0.7741,0.9057,0.1215,0.7072,0.7287,0.6751,1.0236,-1.8335,-1.4543,-0.155,0.1034,-0.8649,-0.1516,-0.5427,-1.247,0.6133,0.5208,0.375,0.0313,0.6699,0.0403,-0.5763,-1.5444,0.9508,0.1166,-0.4714,1.028,-1.0284,-1.8388,0.0146,-0.1087,0.92
"IC18",-0.7914,-0.6567,0.8025,0.2302,-0.5891,0.3489,-0.6527,-1.7078,0.1761,-0.156,-0.5341,-1.4257,-0.467,0.0254,-1.611,-1.1982,-0.6893,-0.0187,0.0388,1.3651,2.3231,1.3917,0.5438,2.0325,0.5343,-0.4734,-2.1776,-0.261,-0.5663,0.5654,1.8095,0.2625,0.3234,0.8786,-1.4175,0.657,1.3325,2.0575,0.38,0.8318,0.2231,1.1104,1.1932,-0.0826,1.0366,0.582,0.1268,0.859,-0.0127,-0.7192,-2.0419,0.5881,0.1011,-0.3919,-0.9951,-0.8597,-0.1266,-0.4809,-0.4591,-0.2261,-1.0318,-0.5273,-0.2654,0.1337,-1.1732,-1.9366,-1.8017,0.2825,0.7542,-0.6268,0.1222,-0.3354,-0.7125,-0.1289,-0.4321,-0.2215,-0.5899,0.3951,1.3345,-0.8028,-1.9467,-0.8601,-0.2955,1.3349,1.0514,0.6453,1.563,-0.2859,0.798,1.9093,0.6267,0.8349,0.4815,-0.5545,0.2305,-0.8164,-0.5632,-0.1961,0.0326,-0.2009,-0.3201,0.9186,0.1213,0.4767,0.4342,0.1968,0.9788,1.9501,-0.7286,0.7048,0.4873,-0.5199,0.4924,-0.5431,-0.4528,0.4143,-0.8918,-1.0999,1.851,1.2204,-0.47,-0.4203,0.5777,0.5381,-0.6171,-0.9065,-0.7643,1.0768,-0.5411,0.39,-1.4613,-1.6329,-1.2363,-0.9026,-0.0117,0.7322,0.5603,-0.7023,-1.3304,0.1105,-1.297,-0.4286,-1.0883,1.5384,0.9722,-2.6895,-0.2704,0.5103,-0.2127,1.9789,1.591,-1.0375,0.0745,-1.0181,-2.6588,-0.978,2.1166,2.0174,1.5158,-0.2658,-0.7012,0.9135,0.5243,0.627,1.8712,-1.4043,-0.2819,0.9606,-0.3806,-0.743,0.0393,-0.7726,0.9054,2.2145,-1.7726,0.6844,-0.3118,-1.2597,1.4469,1.1142,-0.0228,-0.0463,1.2272,0.8492,0.1868,1.8686,0.5437,0.5236,-0.0752,-0.3621,0.7191,-1.3305,-0.6051,-0.0941,-0.5539,-0.2073,-0.1725,-1.5285,-0.5556,-1.0451,-1.5302,0.3715,-0.8129,0.7621
"IC19",-1.0554,0.4005,-0.0594,0.2079,1.3351,1.3206,0.5012,-0.2034,0.0887,1.1486,0.7228,-0.1846,-0.619,0.2411,1.2231,1.2103,-0.4293,0.2139,0.6476,-1.189,-0.9475,-0.5898,-0.0333,-1.2829,-2.6244,-1.8276,-0.7059,-0.1605,-1.3509,-2.7055,-1.4496,-0.5007,-1.0492,1.1559,1.4704,0.1703,0.9921,-0.3333,-0.1878,0.3049,0.8686,0.6485,0.7997,2.2952,1.647,1.6923,1.761,1.2897,1.8388,0.8205,0.0667,0.6496,1.2122,0.4136,0.2717,-0.7107,-3.0137,-1.9084,-0.3841,-0.63,-0.7013,-2.3099,-0.5742,-0.7668,-0.8214,-0.6034,-1.0584,-1.5264,-0.3449,0.8507,-1.0187,-0.323,-0.0602,0.6485,0.7798,-0.5747,-1.3187,0.2007,0.0437,0.9745,0.7671,1.4627,1.3824,0.4314,1.1771,1.3511,-0.3609,0.8733,1.1129,1.409,0.561,0.7315,0.8096,0.373,-1.6438,0.1386,0.7364,0.4237,-1.4742,-0.5649,-0.7046,-0.4645,-1.6651,-2.5891,-1.3114,-1.2867,0.3065,-0.8423,-0.0335,2.1032,-0.8814,-0.6568,-0.3934,-0.5568,0.706,0.7263,-0.1702,-0.55,-0.7409,-0.7068,0.4973,0.9098,1.0537,1.2183,1.3315,0.5499,1.0338,0.7823,0.5371,0.9902,-0.0367,0.2325,-0.0871,-0.2794,-0.8679,0.4788,-1.0239,-0.4617,-0.599,-1.2344,-0.9542,-1.0695,0.0877,-0.436,0.2506,0.9065,-0.7209,0.8712,0.3731,0.3036,-0.392,1.0742,0.4539,0.0443,1.8221,-0.1982,-0.0217,-0.1675,0.0702,0.5722,-1.942,-2.1428,-0.615,-1.2117,-1.1271,1.1828,0.0088,0.0817,1.3353,0.8035,0.6697,1.1417,-0.243,-0.2597,1.4179,1.1404,0.281,0.304,-0.9833,-1.1026,0.6753,-0.942,-1.6106,0.3047,0.004,-0.4314,0.4333,-0.2406,-0.2293,0.6758,-1.0223,-1.2256,-0.6285,-0.3668,-0.7674,-1.1432,0.2535,-0.3628,0.162,1.251,1.3115,0.0102,1.619,0.6605
"IC20",1.0302,0.5952,0.6423,-0.76,-0.2109,1.473,1.4759,-0.2,-0.0849,0.7628,0.9635,0.5456,-2.1152,-1.818,-0.6254,-0.2959,-1.2729,-1.7112,-0.7325,-1.4602,-1.2718,0.5985,0.5495,-0.1487,0.0384,1.3335,-0.2694,-1.0273,0.2901,-0.3373,-1.58,-1.6192,0.0611,0.1816,0.8517,0.4985,0.6517,0.118,1.3144,0.4069,1.3121,1.2796,0.9249,1.1235,0.0219,1.0085,0.2333,1.043,1.1697,0.8508,-0.1815,-0.1571,0.395,-0.6193,-0.2676,0.341,0.2518,0.9702,-0.8427,-0.9616,1.0159,0.6182,-0.0325,-1.919,-1.0629,-1.5073,-1.3441,-1.6546,-2.948,-1.1709,-0.0155,0.876,-0.0654,1.4347,1.7365,1.5536,1.1213,-0.7561,-1.9242,-1.3055,0.1169,-1.0668,0.3777,0.6253,-0.1611,-0.3797,-0.5167,-0.0426,1.6128,0.6301,1.7851,1.2931,-0.9247,0.516,-0.6143,-0.6678,0.5165,-0.8131,-1.2213,0.1779,-1.1457,-0.3968,-1.2779,-1.5653,-0.1371,-0.2216,2.336,0.254,0.772,1.8707,0.7181,2.569,1.7719,0.7729,0.6611,-0.4472,-0.122,0.2292,-0.4799,-0.4471,0.2942,1.3169,-0.3864,0.4499,-0.6114,-0.7976,-0.5124,-1.2847,-1.3782,-0.5529,-1.1987,-0.8574,0.2702,0.0071,-0.685,-0.4724,-0.8474,-0.7206,-0.7393,-0.3855,0.1434,-0.5348,1.1033,0.5751,0.5026,-0.0511,1.2671,1.7097,-0.6488,0.4668,0.2486,2.1636,1.7792,-0.0983,-1.6595,-1.3973,-0.8862,-0.8766,-0.0977,-0.6729,1.0886,1.2506,-0.381,1.6551,-0.119,0.2054,-0.1395,-1.3132,-0.7661,0.5952,-0.5031,-0.1446,0.2856,-1.1889,-0.7691,0.3193,-2.2891,-0.578,-0.3809,0.3614,1.1904,1.601,0.4172,0.4535,-0.0262,-1.0949,0.6518,1.1786,1.0362,1.618,0.3239,-0.2781,1.7767,0.024,-1.0045,0.2996,-1.2786,-1.4848,-1.2016,0.1024,0.0278,-0.1401,0.1455,0.1837
"IC23",0.8488,0.532,-0.3005,0.423,-0.293,0.0489,0.8233,-0.5764,0.0897,-0.092,-0.3019,-1.7212,-0.774,0.7713,-0.5277,1.6023,1.1572,-0.0742,0.3714,0.7048,0.9638,-0.1204,0.6809,1.1262,-1.3254,-0.8325,-0.5821,-0.8199,-0.747,-0.4523,0.7995,0.3089,-0.4232,0.5728,-1.6547,-0.9398,-0.4508,-0.7022,-0.2024,1.7399,0.28,0.1398,0.2754,-0.7627,-0.8612,0.0404,0.7051,-0.1459,0.3567,1.0337,-1.0475,-1.6784,1.2076,-0.1184,-2.6182,0.6283,0.7212,-0.6085,0.0372,-0.5308,-0.9851,1.3427,1.0518,-1.1416,-1.7033,-0.2741,0.266,1.8086,1.9562,0.4145,0.9318,1.8138,-0.7069,-0.5089,-0.4776,-0.4034,0.2923,-0.2917,0.7075,0.3988,-0.2356,0.3666,0.4556,1.2166,1.3185,-1.7031,-0.9933,-0.4458,-1.1221,1.5251,1.1333,0.5927,-0.7648,-0.0213,1.0694,0.1505,-0.4786,1.0472,-1.4236,0.1301,0.2113,0.8129,0.161,-1.8936,0.5596,-1.1333,0.0369,1.1706,-2.2586,-0.8161,0.1594,-2.5407,-0.3623,-0.416,-0.735,0.2728,-0.1533,-0.7157,0.9504,1.5225,-1.0545,-0.4745,-0.6075,-0.555,-0.573,-1.6348,-1.3743,1.342,0.4574,0.536,2.4008,1.1318,1.2876,0.7154,-0.2295,0.7178,1.7702,0.803,1.1446,-0.6169,-0.1074,-0.4067,-1.4579,1.3364,2.1974,-1.5758,-0.8591,0.3348,-0.9118,1.5348,0.9338,-0.7889,0.8847,0.1919,-2.1276,0.7255,0.5814,-1.0638,0.5347,-0.839,-1.3127,0.5912,-0.9784,-0.6212,2.1644,-0.9448,0.1262,1.8373,-1.5332,-0.4958,0.501,-1.6377,-0.5346,-0.1626,-0.9774,-0.293,-0.9702,-0.3675,2.0641,1.81,-1.6003,-0.6768,0.4017,-0.2841,-0.4406,0.1765,-0.9425,-0.2179,0.5305,-0.5768,0.4545,-0.5167,-0.2096,1.3125,-1.4014,0.2015,0.9168,0.3289,1.8402,-0.4984,-1.0296,1.397,-0.3092,0.7279
"IC24",0.7176,-0.7023,0.4565,0.3717,0.1768,-0.2381,0.5971,0.2455,-0.0291,-0.8136,0.2193,-0.0828,-0.973,-0.064,0.3778,-1.0038,0.8097,0.9636,-0.8367,-0.67,0.2775,0.3861,0.109,1.3479,0.6203,-0.073,-0.1815,0.1378,-0.6392,-0.7681,1.2861,1.2411,0.7544,-0.0652,-1.049,-1.4836,-0.5223,0.5447,-2.4128,1.253,0.1553,-0.9576,0.3949,0.8903,0.0674,-0.6027,-0.2856,1.2383,-1.8461,0.4189,-0.8543,-1.0491,0.1662,0.3405,-0.5847,-1.0484,0.0454,0.5651,-0.4879,-0.9561,0.2126,0.4462,1.4867,1.0515,-1.1862,0.723,0.2083,0.3492,0.3543,-0.4841,-0.1728,1.1129,0.4884,-1.1809,1.1172,0.2606,-2.3416,0.717,0.4889,-0.5644,-0.8992,-0.7252,1.0008,2.5396,1.7926,1.6359,1.1013,-0.6485,-1.6906,0.3963,-0.9941,-0.2055,-1.2471,-0.5524,1.3917,0.6917,0.3535,-0.3652,-1.449,-1.5723,1.1043,-0.0078,1.5568,-0.6368,-1.1846,0.6447,-0.1485,0.5029,-0.5939,-0.5539,-0.1591,-0.1287,0.7695,-0.572,-0.6751,0.331,-0.0619,-1.4253,0.6244,1.8646,-0.5538,0.0896,-0.4886,0.1008,0.6527,-1.1137,-2.9622,0.2596,-1.3909,0.4569,-0.0945,0.4854,-1.0351,1.1269,-0.5907,0.7634,1.0044,0.3015,0.1772,1.1417,-1.8956,0.0895,-0.3665,-0.3246,0.8355,1.656,-0.2794,1.3182,0.8557,1.0785,1.5781,0.984,-0.145,-0.6947,0.2216,-1.1363,2.0082,1.258,-1.2859,1.3796,-0.9903,-1.9991,0.2626,-0.7192,0.1748,-0.3688,-0.8984,0.0291,0.775,-0.1338,-0.5414,-1.464,-0.8227,1.5006,-1.752,-1.5552,-0.3513,-1.274,1.7762,1.936,-1.5035,-0.1625,0.6487,-0.0651,-0.5894,-0.7358,0.8594,-0.2719,-2.282,0.2906,0.2429,0.0155,-0.6762,1.2257,1.4868,-1.8951,1.8363,0.6379,-1.0068,2.4621,0.567,-0.2126,-1.7592,1.0509
"IC26",0.7434,0.7469,0.0772,0.5848,0.5839,0.718,-0.0749,0.122,-0.6422,-0.3498,-0.1287,-0.7889,-1.5816,-0.9664,0.0601,0.2322,0.8959,-0.1465,-1.9904,0.3257,0.2794,0.7751,-0.4968,0.2043,0.6264,-0.537,-1.2114,0.6734,-0.6013,-0.2106,2.2361,-0.149,-1.1685,-0.5434,-0.6789,-0.5487,1.4105,2.0416,0.223,0.0319,1.2278,0.9479,-0.0302,0.4297,-1.4876,0.7769,1.6577,-0.3264,-0.9374,-0.0819,-0.7324,-1.3341,-0.8056,-0.1448,-1.2513,-1.0658,-0.1066,-0.1913,-0.6984,1.1479,2.0587,-0.0733,-0.2479,-0.4911,0.0335,1.931,0.6762,-0.0052,0.0823,0.6505,0.3827,0.611,-0.6659,-1.7141,-0.5245,-1.3089,0.0291,0.9522,-0.4735,-0.2103,-1.5448,-1.0205,0.0301,-0.7134,0.2293,1.2066,-1.335,-0.0854,0.9542,1.3826,0.3231,-0.0355,-0.3515,-0.7852,0.3486,2.2201,-0.1312,-0.6538,-0.1495,0.7643,0.2347,-0.5117,0.6193,-0.0888,0.0802,0.081,-0.5673,0.5967,-0.024,-1.1279,0.6491,-0.3453,0.2221,3.436,-0.18,0.5532,2.7149,0.2576,-0.0757,0.5015,0.086,-0.9267,-1.5905,-0.0944,-1.3039,-2.0387,-2.8178,0.7467,1.2561,-0.5853,-1.1672,0.0782,-0.4641,-1.0182,-0.8762,-0.0214,0.2855,-0.4519,-1.1694,0.6429,-0.3999,0.594,1.0754,-0.4065,0.71,0.2243,-1.3887,-0.2282,-0.7238,0.1031,0.086,0.0681,-0.4109,1.0405,0.849,0.8196,2.5407,-0.4888,0.4965,2.816,-0.2605,0.9849,1.0409,-0.4311,0.7651,0.5684,-0.5658,0.8758,0.6874,-0.5261,-1.1519,-0.7829,-0.4743,0.7599,-1.6391,-0.7628,-0.7693,-1.0821,0.8299,1.941,-0.1231,-1.8483,-1.9955,0.7591,-0.8073,-0.9536,-0.4155,-2.2092,-0.3667,-0.9265,-1.2274,1.6276,0.7723,1.4659,-0.0853,-0.2869,0.9161,-0.4039,0.5285,2.6816,0.2728,-1.8149,0.3016,1.0428
"IC27",-0.2385,-0.3677,0.1759,-0.1518,1.1315,1.1775,-0.6256,-1.1536,-0.7174,0.2517,0.5376,0.4432,0.1972,-0.4865,-0.5874,-0.1844,-0.4283,1.5301,-0.1795,-1.6788,-0.4793,-1.0595,-1.434,-0.1988,1.0619,0.8132,0.3863,0.292,0.5688,0.4843,0.632,0.5972,-1.016,-0.802,0.2901,0.3033,-0.0722,-0.5051,0.6177,0.542,0.2646,-0.1857,-0.4742,-0.407,0.6981,0.6204,0.0272,0.1736,0.0776,-0.5861,0.2632,1.2126,-0.0139,-0.7569,0.6551,0.5178,0.4027,0.3548,0.049,0.3199,0.9968,0.7853,0.2436,0.0579,0.002,-0.1587,0.319,0.2195,-0.0362,-0.4728,-0.5642,-0.3533,0.0353,-0.6158,-1.7373,-1.4009,-1.1537,-1.3951,-1.4191,-0.7638,-0.4824,-0.6687,0.7819,1.2585,-0.1589,-0.646,-0.7211,-0.4853,-0.4375,-0.2565,0.0009,-0.1718,0.2748,0.7372,0.6747,0.1639,-0.3482,0.3275,1.0924,0.9298,1.6239,1.3981,-1.5172,-0.8007,0.3945,0.1547,0.6602,0.1227,1.5269,0.6905,1.3477,1.8419,0.1193,0.3711,1.3654,0.8632,1.7453,1.8793,0.2886,-1.0449,0.259,0.0565,-0.6576,-1.2984,-1.8261,-1.6567,-0.8844,-1.5894,-1.6541,-0.3836,-0.9874,-1.0487,-1.387,-2.1423,-2.121,-0.8066,-1.4147,-0.5141,-0.9495,-0.2241,-0.0914,-0.7337,0.69,1.1448,1.9225,4.7909,4.0753,1.657,2.1312,0.4861,-1.1859,-0.3047,0.2796,-0.8844,1.0592,-0.1458,-2.1527,-0.2948,-0.0535,-0.9437,-0.2288,-0.8323,-0.7479,0.075,-0.4353,-0.0839,0.369,-0.1498,-0.3554,0.3189,-0.327,0.5493,-0.0641,-1.7679,0.5499,0.9657,1.1248,1.7252,0.9648,-1.0926,1.1519,0.157,-1.1059,0.9573,2.5017,0.7519,-1.7381,-0.8922,-0.4349,0.3097,-0.1656,-0.5971,-0.0942,-0.6614,-1.5693,-0.9716,-0.829,0.7157,1.0202,-0.3548,0.8858,0.1407,-0.165,-0.15
"IC29",-0.818,-0.377,0.6307,0.3379,-0.6332,-0.615,0.8494,0.6926,0.7112,0.4384,-0.1671,-1.3102,-1.1571,-1.1359,-1.2513,-0.6492,-1.2602,-1.7835,-0.5244,-0.4687,0.3701,-0.0307,-0.2448,-0.5508,-0.6639,0.7064,1.8348,0.8063,1.7281,1.0389,1.1507,0.0209,1.4844,2.3552,1.4531,1.0076,1.2282,0.1592,1.4273,0.5995,-0.2249,0.0499,0.5473,0.4421,-0.2054,0.2246,-1.1388,-1.5085,0.2985,-0.8089,-1.6596,-1.4009,-0.8941,-2.0503,-0.8844,1.0358,-0.82,-0.3557,-0.0527,-0.2164,0.5852,1.8148,1.2359,-0.5959,0.5034,-0.1662,-1.4529,-1.9903,-1.0125,-0.6236,-1.0334,0.1223,-0.5945,0.8008,1.2962,0.1027,-0.13,0.2843,1.1134,1.8751,1.8262,1.7804,0.836,0.9481,0.8295,-1.3071,-1.4795,-1.2048,-0.0306,-0.4233,-0.8371,-0.6465,-2.3459,-1.0765,-0.5169,-1.0664,0.047,0.5543,0.5872,1.4006,0.5595,-0.0202,-1.31,-0.8317,0.1817,-0.3682,1.0422,0.2476,-0.2185,-0.0459,-0.1448,1.4596,2.2072,1.2542,1.3918,0.7885,-0.9374,-0.6927,0.6454,0.8196,0.7788,0.8397,0.4377,0.1904,0.5837,0.123,-1.7547,-1.6822,-1.7719,0.3111,0.8563,-0.6388,0.5357,-0.3431,-0.6579,-0.9559,-0.9851,-0.9795,-0.4722,-1.491,0.2888,-0.0963,0.0267,1.4077,1.5598,1.1514,1.7147,-0.0866,-1.8529,-1.3209,-1.1668,-0.8259,-0.0964,0.5733,-0.3661,-0.2568,-1.4866,-2.1477,-0.3538,0.2253,0.8966,0.9883,0.911,1.6604,0.4186,-0.4038,0.9053,0.8161,0.3525,0.7638,0.4137,0.1664,0.0468,-0.3567,-0.1083,-0.6018,-1.9106,-0.5411,0.5086,-0.1598,-0.7113,-0.2618,0.8718,0.8111,0.8678,0.9206,0.6798,0.9182,0.7254,0.337,0.8521,1.226,2.0839,1.1985,-0.6149,-0.1589,-0.1263,-1.1938,-1.0569,-0.7191,-1.569,-1.6475,-0.6987,-1.1199
"IC31",0.3049,0.4522,-0.221,-0.5501,-0.9017,1.1548,0.3664,-0.894,-0.0282,-0.0386,1.2155,1.0382,-1.3947,-0.4226,-0.3405,0.0178,0.4622,-0.4162,0.169,0.9985,0.2718,1.0414,0.2289,-0.2977,-1.7159,-0.4824,0.3443,0.5421,0.7758,0.6812,1.5762,0.0041,1.0741,0.2952,-0.9002,-0.4425,0.9561,0.5224,-0.2463,-0.0034,-1.0199,-0.0875,-1.3325,-0.9162,-1.8758,-0.2291,0.86,-1.1422,-1.6935,-0.3167,-0.8875,-0.1316,0.3248,-0.444,-0.9848,-1.1476,-0.6511,0.479,-0.6168,-0.4049,0.6285,-0.5921,0.0134,-0.1297,0.4458,1.4221,1.1276,1.3659,1.081,1.3021,0.6596,1.1258,-0.4477,-0.0027,0.8829,0.4083,2.3117,2.3319,-0.1902,-0.9631,-1.0632,-0.206,0.7734,0.1631,-0.5034,-0.4765,-1.373,-1.5369,-0.7055,-0.3009,-1.4205,-0.4975,-0.7359,-0.7097,-0.3769,1.4637,0.5199,0.0949,0.1727,1.0929,1.1888,-0.2711,0.6762,-0.2319,-0.1223,0.035,-0.0051,-1.1441,-1.3917,-0.3122,0.147,-0.1112,0.7636,0.5328,-0.3557,1.4098,1.4898,0.4798,1.5026,0.7823,-0.3796,-0.0863,-0.7756,-0.7841,-1.392,-2.1518,-1.207,1.0545,0.021,-0.2373,-0.6315,-1.5559,-1.6103,-0.9987,-1.1473,0.0233,-0.3079,0.3738,0.7535,0.0941,0.1578,0.4117,-0.0521,-0.8592,1.3538,1.9077,0.5927,1.2567,0.1096,0.9182,0.2904,-0.3072,-1.1246,-0.1931,0.1352,0.6393,3.1536,1.1977,1.7685,1.754,-1.1161,0.1274,1.1098,-0.0366,-0.2699,-0.1246,-0.8846,-0.1616,-0.5208,-0.0754,-0.7936,-0.3286,1.5901,0.9793,-1.7821,-0.1557,-0.3896,-0.2088,-0.2721,-1.6973,-2.3804,-2.3419,-2.615,-1.1027,-0.9144,-0.0468,-0.2864,-2.4186,-1.2966,0.093,0.4552,1.339,1.5953,2.8792,0.613,1.0486,2.2079,1.0785,0.4864,1.0177,-0.2015,-1.0891,-0.5142,0.0413
"IC33",-0.3349,0.7184,-0.8294,-1.8249,0.9538,2.2391,-1.0673,-0.9835,0.777,0.5729,-1.1515,-0.7004,0.1056,-0.2821,0.2856,1.0791,-0.184,-0.5298,0.2754,0.7025,0.4185,0.4273,-1.2691,-1.7747,-0.4414,1.0611,0.4608,0.5974,0.5134,0.2318,-0.0222,-0.0245,0.1232,0.9087,0.4042,0.1439,-0.3696,0.2235,0.0281,-1.1047,-0.5979,0.1535,-0.0766,-0.5793,-0.5454,1.43,0.0965,-0.5808,-0.7394,-0.8119,0.6251,0.4402,0.3193,0.0843,0.9775,0.4267,-0.3703,0.6676,0.5707,0.1882,2.1411,0.9832,-0.1164,0.334,-1.0467,-0.0115,0.7721,-0.8291,-0.897,-0.7707,-0.5328,-0.706,0.4381,-0.713,-1.4448,-0.5468,-0.3283,-0.2493,-0.2226,-0.925,-0.9754,-0.33,0.2175,-0.3236,-0.8019,0.6711,0.6735,0.2029,-0.3512,0.3162,0.5667,-1.0278,-0.9609,0.5085,-0.0895,-0.6766,-0.4301,1.1365,2.1073,1.8386,1.5224,-0.484,-1.9624,-0.4029,0.218,0.0032,-0.0393,-0.4216,0.4306,1.4056,1.9039,1.3407,0.2874,-0.8747,-0.051,1.5371,3.3461,1.9721,0.4572,-0.1293,1.0033,0.0097,-1.0768,-0.9777,-1.5971,-1.4942,-0.6959,-1.5456,0.2579,-0.6803,-2.5312,-1.1992,-1.8089,-1.9974,-0.6365,-0.037,-1.9361,-0.4366,-0.0263,-0.4568,-0.5867,0.1452,2.2796,1.1363,0.016,2.1291,1.0227,-0.9035,1.4302,2.7859,0.0914,0.0954,0.6381,-0.3524,0.8371,0.8731,-1.5291,-1.8338,-1.389,-0.3196,-1.4547,-0.8956,-0.2814,-0.1885,-0.0653,0.3354,1.2556,1.3775,0.7042,0.9836,0.299,0.4102,-0.1082,-1.0618,0.9394,2.1806,1.1838,2.4368,1.4159,-0.9988,-0.4424,0.2075,-0.01,-0.4942,-0.03,-1.3241,-1.413,-0.201,-1.1278,-1.1401,-0.6595,-1.033,-0.9881,-1.1308,-0.8701,0.1654,-0.0937,0.9455,0.9343,-0.1934,-0.448,0.0783,1.0703,1.3315
"IC36",0.4085,0.9412,0.9647,1.9125,1.4039,0.0954,-0.7739,-0.0904,-0.5451,-1.6688,-0.9419,-0.0595,0.9497,1.4678,0.0389,0.4753,0.9274,0.3159,0.8889,-0.7556,-0.3615,0.3598,-0.2623,-1.5557,-1.3038,-0.4821,0.0244,-0.0196,-0.1343,-0.3254,-0.2672,-0.7319,-1.4131,-1.8349,0.0427,-1.2542,-0.5205,-0.8357,-1.4474,-1.0607,0.0565,-0.4941,-0.0057,1.3193,1.1384,-0.4181,-0.7225,-1.9062,-0.7558,0.7432,1.2284,0.5981,1.5902,1.9171,0.4764,-0.153,0.7469,1.412,1.8855,0.0756,0.1145,0.8467,0.5479,0.425,1.2334,-0.1807,0.5531,-0.9128,0.2285,0.94,-1.0952,-1.2638,-1.6074,-0.3305,-0.0029,0.1261,1.1943,1.3579,-0.2127,-0.3147,0.766,-0.1211,1.237,0.3193,-0.1581,-0.0184,-1.3373,-0.1374,1.3213,-0.1221,-0.3634,-0.7007,0.9191,0.4509,-1.3301,-1.0095,-1.1516,-1.1984,-0.2242,0.3196,0.1359,-1.4171,-1.8494,-1.0655,0.5681,0.6613,-0.5125,-2.1036,-1.9995,-1.4123,-0.3599,0.1835,0.4374,0.2903,1.6321,0.5965,0.7468,0.7754,-0.9822,-0.6962,-0.3494,-0.9452,-0.4484,0.7142,0.1601,1.5977,2.8457,0.3025,1.3935,0.404,1.7624,1.775,0.939,1.3343,1.0075,0.0598,1.9226,0.9248,-0.0657,-1.3102,0.8876,-0.5118,-1.1411,-1.0875,-0.0186,0.1256,0.1194,-1.154,-1.1984,-2.6512,-1.2841,-0.2157,-1.2874,0.7248,0.4319,0.6815,-0.2539,-0.0906,-0.3071,-0.9362,1.7333,0.5117,0.9936,1.6376,-1.9544,-1.1802,-2.1815,0.0446,1.5636,-0.4709,-1.0006,-0.2216,-1.0628,-1.8377,1.3282,0.0452,-0.7118,-0.3094,-2.0641,-0.0268,0.0925,-0.0345,0.185,-0.1158,0.6104,0.054,1.6214,0.4632,-0.7037,0.0354,-0.2324,1.8651,2.0208,0.4106,0.7109,0.1133,0.0589,-0.3605,0.124,-0.0662,-0.6775,-0.3618,0.2784,0.1743
"IC37",-0.165,0.0625,-0.1522,1.198,1.6117,1.3698,-0.1775,-1.1449,-0.6161,-0.3224,-1.2348,-0.2829,-0.2793,0.8297,-0.016,0.0898,-0.3915,-0.9466,-0.134,-0.854,0.305,0.4386,0.53,0.3021,-0.2347,-0.3947,-1.2723,-1.0325,-1.0108,-0.5479,-0.6202,-0.7352,-0.9063,-0.8428,0.3139,1.3137,0.7652,0.8654,1.3219,1.0191,1.5684,0.1873,0.3399,1.4439,1.5165,0.4296,0.6526,-0.0267,-0.8291,-0.5464,0.1676,-1.0161,-0.2441,-0.8272,-0.6381,0.4967,1.0703,1.2458,0.3076,-0.6453,-1.6096,-1.7661,0.4149,0.8064,0.1619,-0.6755,0.0725,0.5129,1.0282,1.5222,-0.0376,0.2609,0.1703,0.2371,0.1516,-0.2684,1.0501,0.1851,-1.5266,-1.6494,-0.7298,-0.4149,-0.5678,-1.2124,-0.7126,-1.3625,-1.5146,-0.8317,0.0158,1.1315,0.5154,0.7476,1.3368,0.8103,-1.2762,-0.0615,-0.0588,-0.3895,-0.9769,-0.6998,1.1254,1.406,1.1346,-0.4669,-0.7236,-0.0667,0.6353,-0.4778,-0.461,0.0622,0.0243,-0.0516,0.3671,0.384,0.465,1.3729,2.4557,2.0851,0.2009,0.1466,0.0889,-0.2953,-0.1893,-1.3486,-1.1721,-2.7045,0.5324,1.2724,2.0822,1.6494,-0.268,-1.1325,0.1202,-0.1458,-0.3015,-0.6385,-0.991,-0.8348,-0.4632,-1.9673,-0.9274,0.5326,-0.161,0.3416,1.6346,0.2607,-0.3695,1.1231,0.3013,-0.1496,0.4549,0.4154,-0.4682,-0.2259,-0.856,-1.5365,-0.1526,-0.492,-2.3467,-3.2789,-1.182,0.7788,2.6423,1.8687,0.8761,-0.0578,-0.1124,1.2425,1.701,-0.2381,0.8694,1.5093,0.9819,0.5766,-0.8264,-1.1194,0.3209,-0.353,-1.0185,-1.2716,-1.3886,-1.4723,-0.4173,-1.0781,-1.397,0.2347,1.9167,1.789,1.3222,1.8863,0.8733,1.27,0.8648,0.5055,0.6361,-0.1531,0.6399,-0.7079,-1.0327,-0.6239,-1.8054,-1.5352,0.484,-0.4744
"IC38",-0.4995,-0.0224,-0.2057,-0.7115,-0.6125,0.6054,1.7935,1.7128,1.2047,1.0419,0.5952,-1.6241,-2.4342,-1.7018,-2.2755,-1.3524,-2.1683,-1.9213,-1.7587,-0.9667,0.3281,-0.8627,-0.0025,0.4003,1.2202,2.3429,0.7033,0.6561,1.4914,0.7387,0.4328,-0.3695,0.1588,0.9723,1.8428,2.007,1.3999,0.776,1.6449,1.7374,1.5847,0.4407,0.7255,0.4757,-0.3855,0.1025,1.0863,0.9121,0.7088,-0.4085,-1.0631,-1.8689,-1.1345,-1.3925,-0.9721,-0.1967,-1.2101,-1.7773,-1.1871,-0.4609,0.2905,1.355,0.4317,-1.3125,-1.1248,-1.1861,-0.9063,-2.0699,-1.7847,-0.4521,0.1641,1.0332,0.8598,1.1299,0.6255,0.1469,0.1265,-0.9565,-1.1305,-0.4694,-0.6911,-0.3407,-0.335,-0.5445,-0.4207,-0.5243,-0.0947,0.8102,0.7284,1.0452,0.9961,0.8026,0.4802,0.5165,0.9063,0.9067,0.2245,0.5093,0.4591,0.9351,0.6251,-0.3992,-1.1317,-0.5707,0.369,0.324,1.1378,1.8657,1.1406,1.0028,1.7058,0.7636,0.5844,0.5961,-0.6729,-0.9067,-0.0522,-0.41,-0.3478,0.1829,0.6457,0.0871,-0.6724,-1.3547,-1.5843,-1.9682,-0.5952,-0.2862,-0.7383,-0.8319,-1.2652,-1.5792,-0.0707,-0.4256,-0.7786,-1.182,-0.927,-2.0031,-0.5568,0.5346,0.744,0.7568,0.4669,1.7123,1.8922,0.2315,0.6778,1.2004,-0.8154,-1.1689,-0.1322,0.1783,0.7819,0.4395,-1.0267,-0.79,-0.4599,-0.7383,-0.3558,-0.1309,0.3372,0.4173,1.0087,0.9197,1.8602,1.6014,1.1957,1.1589,0.4443,0.6746,0.7747,-0.2638,-1.711,-0.6848,-0.0788,-0.0994,-0.1262,-1.028,0.2181,1.4514,0.166,0.1886,0.2581,-0.2055,-0.7785,-1.1145,-0.5511,0.1273,0.2443,0.4595,-0.0087,0.3595,0.0056,0.5638,-0.938,-0.5074,0.5068,-0.6967,-0.1562,1.3196,0.278,-0.8763,-0.5269,-1.3416
"IC41",1.7356,0.6938,1.0968,1.5567,1.8451,0.8571,0.1375,-0.718,0.488,0.9865,0.8378,0.1393,-0.9027,-0.4957,-0.1369,-1.6308,-1.6509,0.2271,-0.6557,-1.0346,-0.2274,-0.44,-0.4205,0.1406,1.0043,0.7834,-1.3105,-1.1589,-2.2819,-1.9419,-2.0494,-1.8894,-0.3064,-0.4737,-0.7284,0.3905,0.1811,-0.2972,-0.4144,2.0452,0.6197,0.4687,0.8303,0.9745,1.4244,1.0172,0.3163,0.82,0.1603,0.4761,-1.0852,-0.1714,-0.4031,-0.8707,-0.0046,0.1454,0.1492,0.576,0.3557,0.5029,0.1231,-0.3823,-0.5303,0.1049,0.1913,1.0574,-0.4631,0.268,0.6357,-0.0481,0.6178,-0.0379,0.025,-0.7106,0.9331,1.5033,-1.1801,-0.0352,-0.116,-1.7464,-1.968,-1.1091,-0.3258,0.6669,0.4404,0.3484,0.9921,0.0465,1.1808,1.806,0.8159,1.5081,1.2977,-0.0342,0.1063,-1.9413,-0.5799,0.0565,-1.1367,-1.3018,-0.5407,-1.8591,-0.4906,0.9483,0.4544,1.0637,0.6291,1.2169,0.3846,-0.0581,-1.4348,-0.499,-0.2624,-1.3758,-0.3317,0.1663,-2.4941,-1.6622,0.6756,-0.2406,-1.4925,-0.8304,0.3697,0.5751,0.7892,0.1195,-0.1725,1.1694,-1.0667,0.1214,-1.1029,0.3937,-0.1053,0.9196,0.1222,0.406,0.1047,0.7192,0.3635,0.7751,0.0413,0.7366,1.7662,1.9914,0.5286,0.0523,0.3327,1.0745,0.4049,0.346,1.1629,0.7905,0.6955,-1.009,-0.2095,-0.2455,1.6363,1.4126,-0.1099,0.2744,0.4202,0.6725,0.2021,-0.5965,-0.5531,-1.708,-1.4474,-2.5406,-1.5577,-1.0853,-2.0711,-1.9358,-0.8806,-0.9026,-1.5699,-1.9323,-2.4669,-0.3541,1.7203,-0.2367,-1.3093,0.1466,0.2122,0.4685,1.4191,0.4652,0.5733,1.5862,-0.9118,0.5803,1.6633,-0.6503,-0.1643,0.0962,1.6732,1.1762,0.281,0.4287,-0.1719,0.2744,1.4787,0.3916,-0.684,0.2983
"IC42",-1.455,-0.6075,-1.0332,0.2292,1.5194,0.744,0.1115,1.6324,1.5829,0.7841,-0.7004,0.0911,-0.9998,-1.4344,0.427,0.8238,0.0356,-0.9442,-1.6445,-0.0209,0.7598,1.0181,0.7557,0.93,1.2136,-0.5511,-1.5153,-0.2878,0.2352,-0.0489,-0.1261,0.5356,-0.7808,-0.7533,0.1393,0.2663,-0.1222,0.0997,0.3539,0.3857,0.9894,-1.0901,-0.9196,-0.6512,-0.9116,-0.0733,1.8149,0.6334,-0.4563,0.5442,0.3939,-2.2398,-1.5368,-0.2191,-0.4386,-0.2042,0.4166,-0.2101,-0.3254,-0.5627,1.2202,0.8006,-0.5821,0.0019,-0.8947,-0.9906,-0.3067,-1.7484,-0.8935,1.4797,1.076,-0.2344,0.8226,0.8709,1.0709,0.5242,1.1688,1.0509,-0.0977,0.01,0.566,0.1262,1.505,1.755,0.8352,0.3282,-0.9443,-1.0919,-1.2042,-0.7298,-0.0984,-1.4874,0.275,0.3982,0.7247,1.3651,-0.2515,-0.5579,1.0179,0.4245,1.5328,0.1508,-1.7349,-1.8818,-1.937,0.8384,-0.1209,-0.1752,-0.5217,-1.2048,0.868,-0.5754,0.3464,0.8227,-1.9249,-1.5022,0.5677,0.7875,-0.1036,-0.2191,0.6849,0.2171,0.4331,-0.0899,0.3016,-0.3597,-0.5643,-1.5995,-0.3579,-1.5168,-0.0188,1.1376,-0.3472,-0.4993,0.4238,-0.4534,0.8833,-0.0821,-0.2912,0.2679,-0.4488,-0.8991,1.0782,0.5951,1.1146,2.3824,0.9391,-0.4359,0.9927,0.4054,2.7293,2.9671,0.8809,-0.0131,0.1834,-0.3793,0.1583,-0.7985,-2.0099,-0.8533,-0.138,-0.5397,1.7675,-0.4862,-0.9626,-0.5564,-1.961,-0.3129,0.5926,-1.7607,-1.1186,0.4118,-0.0118,-0.0137,-1.3109,-3.3808,-1.3093,0.4128,0.248,1.6095,1.044,-0.9565,0.0779,1.1184,-0.1397,0.2599,1.6515,0.2496,-0.7688,0.0607,0.5932,2.17,0.138,-0.7525,0.0057,-1.8696,-1.1829,-1.1058,0.224,1.9097,0.8605,-0.4859,0.7258,0.3163
"IC43",-0.4486,1.1227,0.8712,0.9538,0.6295,-0.3166,-0.801,0.3923,-0.3859,-0.8432,0.1832,0.6939,0.2377,0.8461,0.4126,0.6546,0.841,0.1194,-0.4332,0.2639,0.3764,-1.0284,0.8067,1.8121,0.0878,-1.4394,-2.4679,-0.7406,-1.0401,-0.9531,-0.3064,-0.1142,-1.9035,-2.307,-0.9317,-0.78,0.5077,-0.244,0.4726,1.8077,1.4165,-0.8394,0.3124,0.7091,0.1578,-0.8775,2.0152,-0.5496,-0.6877,-0.2581,0.6453,-0.5344,-0.1753,0.8407,-0.1181,-0.1324,0.5129,-1.0195,-0.608,-0.0547,0.7045,0.7626,-0.1322,0.1794,-0.005,-0.415,1.1142,0.1524,1.1752,2.2604,0.2369,-0.3715,-0.2023,-0.2305,-0.2435,-0.5325,1.3983,0.6442,-1.2452,-0.9378,-1.6947,-1.4836,1.3026,0.9634,0.1551,-0.2058,-0.9469,0.038,-0.1397,0.8805,0.8513,-0.2525,1.6744,0.5663,-0.4656,1.0783,-1.5637,-2.3606,-0.9888,-0.6945,1.1763,0.8312,0.3536,-0.0065,0.6106,1.3168,-0.2908,-0.3634,-0.5684,-1.7254,0.1959,-1.7322,-0.7787,0.7393,-1.0814,-0.0033,1.5388,0.1291,0.6937,1.0915,-0.5044,-1.5536,-0.6962,-0.8925,-2.0832,-1.5725,0.4517,1.7153,2.5766,0.001,-0.3514,-0.3333,0.4801,-0.1964,1.0877,0.2734,1.8193,0.024,0.1023,-1.2143,-1.0885,0.3126,0.7345,0.4528,1.8708,-0.252,-0.6146,0.6265,1.2279,-0.4107,1.941,0.2267,-1.4948,0.1767,-0.4889,0.1924,1.1343,0.1159,-0.4207,-0.2945,-0.6161,-0.4773,2.1002,-1.0522,-1.0102,0.2273,-1.3473,0.3106,0.9882,-2.1491,-1.0779,0.6939,-0.8666,0.4661,-1.0481,-1.9046,-0.107,0.4228,0.6066,1.2102,0.101,-0.4873,-0.0013,-0.4333,-2.6587,-0.4315,1.4377,-0.6246,0.1421,0.0623,-0.4275,1.9048,-0.7298,-0.2583,-0.0215,-0.4384,0.6521,-0.945,1.7701,0.8685,-1.808,-0.0132,2.1838,1.1893
"IC44",1.221,0.5966,-0.6332,1.0147,0.8712,0.6296,0.7431,0.587,0.2897,0.1664,-0.6695,-0.3917,-1.2459,-0.3657,-1.4584,-1.0368,0.5125,0.9791,-0.1449,-0.8928,-0.2705,-0.0072,-0.5547,-0.1646,0.4551,-0.1923,-0.9942,0.2514,-0.1748,-0.6083,1.0987,0.2058,3.1562,1.6292,-0.2623,-0.4799,-1.3411,0.1799,-0.0051,1.3398,-0.9009,-0.4927,-1.5391,-2.397,-1.016,-0.1237,0.4403,1.082,0.0111,0.9374,0.9307,0.321,-2.4903,-1.8385,-0.0943,-0.995,-0.1711,-0.0105,-1.3779,-0.5943,-1.1844,-1.2852,0.126,1.0526,1.3018,1.2071,1.8904,1.7718,1.3124,1.3171,0.6096,-1.0312,-0.9298,0.1091,-0.4329,-0.037,2.7326,1.8717,-0.3613,0.0008,-0.3268,-1.1621,1.209,0.8917,-0.0462,1.6543,0.2212,-0.4301,-0.5992,-1.1487,-0.9529,-0.4674,-0.187,-1.1988,-0.6427,0.6114,-0.2301,0.2949,0.0895,-0.9772,-0.0975,-0.9469,0.9202,1.1077,-0.1739,0.7088,-1.4404,-1.1083,0.7479,0.4003,-0.8598,-1.1786,-0.5565,0.2692,0.1777,0.4074,0.4497,0.5745,-0.237,-1.0165,-0.27,0.4036,0.1479,-0.3519,-1.7793,-0.5465,0.5526,0.8788,1.345,0.0325,-1.4747,-1.6938,-0.8997,0.5401,-0.1968,-1.2412,-0.7367,-0.2234,1.17,2.5326,0.697,0.2346,-0.4682,0.1492,1.5733,2.3645,1.9027,0.2155,0.9167,0.6736,0.432,-0.006,-1.6172,-0.3992,0.5696,0.835,1.874,1.0381,1.0837,0.9907,-0.3094,-0.3968,0.0583,-1.3255,-1.5717,-1.4137,-2.1278,-1.9158,-1.628,0.0989,-0.9194,-0.9989,0.805,-0.4893,-1.363,0.5283,-0.2272,0.6557,0.5132,0.2141,0.6282,-0.5591,-1.2641,-1.1897,-0.4851,0.0781,-0.3488,-1.7972,0.3905,0.3645,-0.4014,1.3974,0.9489,1.6046,0.1621,-0.5617,0.8734,-0.1707,0.4288,0.5373,-0.4557,-0.1306,1.5601,0.4487
"IC45",0.3637,-1.1035,0.0361,0.5775,-0.3467,1.0594,-0.4826,-1.2327,1.0924,1.2861,-0.0393,-1.9809,-1.4113,1.0633,0.5185,0.2345,-0.4814,1.8941,0.3209,-0.6274,1.304,0.7038,0.2217,0.9095,0.6181,-0.6256,-1.3598,0.8724,-0.5205,0.1163,2.3958,-0.2179,-0.3775,0.1041,-2.1504,-0.3608,-0.661,-0.9913,-0.5483,2.6093,0.0956,-0.1401,-0.2653,-0.0366,-1.1554,-0.7781,0.4587,-0.3997,-0.7774,0.0309,-1.4347,-1.1879,-0.7688,-1.4455,-0.8194,-0.1975,-0.3018,0.4784,-0.1561,0.4726,1.0316,-0.8418,-0.5943,0.3359,-0.7336,1.3002,-0.2369,0.7147,2.1508,0.6958,0.9025,1.056,0.164,-0.0367,0.4474,-0.0865,-0.95,0.2655,1.3465,-0.1644,-0.9979,1.3069,0.4995,0.4044,1.0173,0.724,0.1528,-0.993,-0.706,2.7509,-1.1119,-1.0384,0.8218,-0.0924,1.0477,-0.4691,-1.3525,0.2678,-0.6185,-0.4723,1.1338,-0.3412,0.1665,0.8762,1.4164,-0.1784,-1.3175,-0.0885,-2.1176,-1.4467,0.1762,-1.0487,-0.5314,-0.4964,-1.6686,0.0772,-0.5997,-0.6409,1.3396,-0.4906,-2.3467,-1.368,0.8973,-1.2491,-1.0268,-0.9058,-1.4027,2.8517,2.2119,0.8995,0.2443,0.739,0.7062,0.1675,-0.647,1.339,1.3859,1.4715,0.7441,1.528,0.3117,0.4439,-0.5047,0.1363,0.7871,0.5211,-0.9913,-0.4199,-0.4843,0.417,0.9657,-0.9024,0.6009,-0.5261,-0.5775,-0.6764,0.6753,1.0619,-0.3937,0.5577,-1.3465,-1.1641,1.7392,-1.5503,1.5656,-0.8747,-0.1992,1.0698,-0.3229,-0.9733,-0.6498,-0.6687,-0.1068,0.6965,-2.0039,-1.3431,0.1406,-0.3407,2.2941,0.5425,-1.6099,-1.1597,0.5496,-0.0813,-0.642,0.2471,-0.2804,-0.1906,0.2121,-0.3633,0.9223,0.639,-1.1687,1.4859,-0.1458,-2.3112,-0.4968,0.1276,0.8753,0.2053,0.4583,0.8513,0.2532,1.2943
"IC46",0.7811,1.6335,1.2172,0.9819,1.3684,0.7061,-0.2573,-0.5694,-1.1677,-1.0872,-0.895,0.654,1.1645,0.7187,1.0977,1.0883,0.1726,0.423,1.1993,0.874,0.9209,1.0245,0.6719,-0.7257,-1.3178,-0.5318,-1.0677,-1.2379,-1.3726,-1.7757,-1.8869,-0.5538,-1.2964,-2.4519,-1.5746,-1.5847,-0.8808,-1.7817,-1.0172,-1.0393,-0.1156,-1.0629,-2.2841,-0.5056,-0.1314,-0.0041,0.8207,0.7049,0.2146,0.3398,1.492,1.5495,1.7713,1.7218,1.3707,0.8553,0.2411,0.7594,0.1975,-0.3463,0.8647,-0.1335,-0.4826,0.0586,0.6001,0.8244,1.7615,1.5335,1.1224,1.2062,0.273,0.6263,0.2504,0.324,0.2781,-0.5339,-0.2969,0.5061,0.0194,-0.6075,-0.5987,-0.6305,0.1346,0.7855,1.2157,0.4372,-0.5763,-0.5188,-0.3413,-0.3577,-0.2054,-1.1239,-0.8324,-0.4517,-0.6283,0.0514,-0.2347,-0.597,-0.5963,-0.8406,-0.6271,0.2995,-0.1753,-0.5351,-0.7323,-1.0937,-1.2463,-1.475,-0.6605,-1.5553,-1.2591,-0.4788,-0.6011,-0.5988,-0.7877,-0.7372,-0.6187,0.3987,0.6692,0.1414,0.0348,-0.2257,0.6336,0.9503,1.9358,2.2652,2.4098,1.6029,1.3428,0.9537,1.0792,2.2489,1.6555,0.3823,0.5832,1.4498,2.061,2.1137,0.3051,-1.5854,-1.9683,-2.4323,-1.1479,-0.9063,-0.9034,-0.4315,-0.8982,-0.4073,0.7605,0.7504,0.1897,-0.3396,-0.4687,0.0317,1.1388,0.4892,0.6069,0.965,-0.2647,-1.1441,-0.302,-0.158,-0.3971,-1.0102,-1.6751,-0.5121,-0.4152,-1.1983,-0.6815,-1.1505,-1.2795,0.1952,-0.1542,-1.263,-0.3828,-0.495,-0.3576,1.717,1.1609,0.3478,0.281,-0.1562,0.1486,0.7943,-0.1332,-0.7056,-0.5892,-1.1899,-1.0498,-0.0416,-0.0484,-0.1711,-0.4877,-0.4639,-0.3131,-0.0429,0.7519,0.7067,0.1286,1.0369,1.2668,0.7792,1.4281,1.44
"IC47",-1.3319,-0.9232,0.4259,2.216,1.2514,0.6,0.1902,-0.1076,0.486,0.4165,1.2176,0.2321,0.0416,-0.0636,-1.1197,0.2764,-0.3144,-0.713,-1.2343,0.1556,1.1439,0.0369,-1.4779,-0.5669,-0.2435,-1.3689,-1.1576,0.9185,-0.6984,0.3826,1.752,-1.5926,-0.6379,0.3779,-0.7086,1.2612,1.4536,0.8826,-0.3217,0.2222,-2.3314,-0.8683,-0.5472,-1.3468,-0.1334,1.3239,0.3445,0.4017,0.3069,-0.0645,-1.482,1.4735,1.1333,-0.0192,1.1115,0.8823,0.1428,-0.5025,-1.286,1.2746,0.2679,-0.4407,-0.4811,-1.757,0.016,0.3191,-1.2962,0.6085,1.0811,0.2272,0.4402,0.1187,-0.4891,-0.8501,0.4774,1.361,0.9487,-0.4092,-1.5154,-1.5809,-1.8236,0.9548,3.0404,2.3492,0.2235,-0.1439,-0.2462,-1.5083,0.5332,0.4828,0.028,1.4625,-0.7002,-1.8278,0.2416,-0.8303,-0.6501,0.7958,0.8835,1.7255,0.0863,-2.6452,-1.1754,-1.0548,-1.6991,-0.0136,1.6461,2.4323,-0.1055,0.5971,-0.2232,-0.3827,1.1127,0.5594,-1.2898,-0.5117,-2.0924,-0.9664,1.1122,-0.3126,-1.4596,-0.963,1.0657,2.056,0.2503,0.1383,0.2881,0.3044,-1.2472,-0.7824,-0.7679,-0.6101,-0.538,0.1748,-0.0375,0.8958,0.7714,0.1648,0.1004,1.324,-0.719,0.8795,0.6211,1.6151,0.4019,-0.4609,0.4226,0.1829,0.0893,0.9456,-0.414,-0.9833,-0.191,0.7137,0.5654,0.9522,1.5499,-1.4931,-1.139,-0.4328,-1.0621,1.2684,0.0646,0.1421,0.3963,-0.9302,-0.8478,-1.0081,-1.5009,-0.9808,0.1907,0.8404,1.4664,0.0718,-2.2408,-0.484,-0.0977,0.6583,1.2255,-0.7233,-1.9246,-1.103,0.4501,0.9227,0.1157,1.3743,-0.2519,-1.0061,-0.1949,-0.2244,1.1437,0.2294,-0.7693,0.243,0.0324,1.0007,-0.0991,-0.5052,0.6184,-0.5296,-0.4156,-0.2351,0.8568,1.3048
"IC48",-0.7141,-0.6728,-0.8389,-0.8824,0.0335,0.169,-0.4044,-0.2297,-0.5222,-1.3853,-1.9044,-0.2952,0.6442,-0.594,-1.0633,-0.0842,-0.0339,0.9207,0.6172,0.0807,1.9537,0.1809,0.6096,0.3714,0.6322,0.1887,-0.3751,0.2791,0.7197,1.6798,1.5931,1.4736,0.392,-1.0341,0.8956,1.9054,1.9271,1.9329,1.1366,0.4222,-0.0393,-0.6079,-1.1734,-0.6843,1.3686,-0.1798,-0.0411,0.5735,0.1203,-0.9284,-0.2587,-0.004,-2.5165,-3.2585,-1.2699,-0.8788,-0.1383,0.1833,0.3252,-0.9949,-2.3665,-1.1329,-1.4934,-0.2716,-0.4146,-1.145,-0.3061,-1.1728,-0.0733,0.9104,1.5773,0.2345,0.3583,0.09,-1.2954,0.5406,1.7954,1.5473,0.8832,-0.2545,-0.1579,0.2516,0.6075,1.7489,0.4219,-0.9588,0.4863,1.3072,0.77,0.3979,0.1901,-0.8725,-0.2328,-0.1024,0.8449,1.6097,1.1818,0.4758,-0.8371,-1.2993,1.0159,1.98,-0.8269,-0.5251,-0.3292,-0.081,-0.4789,-0.4271,0.2459,-0.6123,-1.5788,-0.5735,-0.2761,-1.2294,-1.2475,-0.7406,-0.5426,-0.869,-0.1394,0.658,0.4434,-0.6823,0.6629,0.4278,1.1603,0.3649,1.1794,-0.8045,1.1304,1.9139,0.0143,-0.6827,0.758,0.0213,-0.2253,-0.234,0.1107,-0.0928,0.2163,-0.446,-0.4496,-0.8863,-0.4586,1.6803,0.0619,-1.188,-0.6356,-1.514,-0.9651,-1.4332,-1.1259,-0.3577,0.0394,-0.5437,0.308,0.5828,-0.4418,1.3179,-0.2979,-1.7524,1.0672,0.4683,0.3631,1.6886,1.3185,0.0751,2.2455,2.0524,0.4303,-0.0564,-0.4958,1.6877,1.4767,-0.6946,0.0182,-1.4052,-1.0364,-0.2886,-0.0946,-0.6071,-0.6052,-0.9104,0.5832,-0.0977,-1.6711,-1.2189,0.0175,1.9928,1.5105,0.7845,2.0073,1.8436,0.1176,-0.5015,-0.5284,0.1345,0.3295,0.1391,-0.464,-0.9446,-0.3025,-1.1001,-0.843,-2.2496
"IC49",1.6417,0.6698,1.1603,0.8439,0.0468,0.4054,0.9002,0.3743,-0.7257,0.477,-0.233,-1.8612,-1.3857,-0.7646,0.193,0.8631,0.5714,1.0116,1.4238,0.4627,-0.3868,-1.1139,-0.0642,0.0935,-1.2072,-0.3679,-0.976,-2.3544,-1.6714,-0.0627,0.1864,0.3301,0.8098,-0.6481,-0.0737,-0.5419,-0.2874,0.274,-0.2109,-0.3841,-0.4748,0.1466,-0.4823,-0.4426,0.9483,1.3115,-0.8615,-0.2325,1.4232,0.0949,-0.5441,0.0972,-0.4767,-1.898,-0.7526,0.0896,-0.2898,0.1206,-0.7475,-0.6229,-0.8407,-0.0383,2.1845,-0.0288,-0.0463,1.1461,2.1544,3.1173,1.7428,0.2931,1.0752,1.2357,-0.4472,-0.5625,-0.8646,0.1244,0.8462,0.9656,0.566,0.2753,0.4237,0.5088,0.3326,0.6467,0.552,-1.7064,-0.9824,-1.1095,-0.8216,-1.0724,-1.5108,-0.3438,-1.5715,-0.6011,-0.5471,-1.036,-0.0069,-0.7965,-0.6001,-0.7583,-1.2243,0.1482,0.245,-0.0943,0.7178,0.3263,1.9179,0.5305,0.0083,-0.6817,-1.0788,1.8309,0.1712,-2.109,-0.0018,-0.0637,-1.0345,0.0758,1.9072,0.644,0.2076,0.4775,0.2319,0.9464,0.4555,-0.2942,0.5855,-1.5128,-0.6438,1.4922,-0.4093,-0.875,0.3623,-0.4252,0.3404,1.1002,0.3905,2.2816,1.1054,-0.013,-0.0612,-1.3908,-1.7085,0.7912,0.2785,0.2083,0.5272,0.5166,1.6777,1.7931,-2.2555,-1.5332,0.4559,-0.9761,-0.4336,-0.1388,0.3328,0.8592,-0.5907,-1.1873,0.8685,1.0421,-0.651,-0.2644,-1.4447,-1.315,0.3481,-0.6072,-0.7018,1.4586,-0.3536,0.0056,1.2804,-0.8246,0.2314,1.3419,-0.4101,0.8684,0.6643,-2.38,-1.5009,-1.1279,-1.1272,-1.3769,0.8928,0.1545,-1.7556,-0.3909,-0.9449,-1.3647,0.3782,-0.2324,1.455,0.2664,0.281,1.3606,0.864,2.7164,0.8339,-0.2928,1.5261,1.1071,-0.7583,-1.0465
"IC50",-1.8689,-1.3154,-1.0341,-1.6485,-0.5831,1.0144,1.6559,1.5843,0.8646,0.3055,0.6152,-0.8825,-2.6029,-2.4478,-0.9471,-0.6881,-1.1121,-0.9447,-0.842,-0.0984,0.0091,0.6854,0.5463,0.276,0.7565,1.8892,1.7966,1.4955,1.577,0.9264,1.1589,1.281,0.6185,1.0932,1.5232,1.1439,1.3044,0.7133,0.6987,0.4733,0.3028,-0.5734,0.2214,0.0946,-0.9179,0.1992,0.8265,0.4947,0.4203,-0.6214,-2.2286,-2.6876,-1.4208,-1.4142,-0.9092,-0.4982,-0.7123,-0.2586,-0.736,-0.7393,0.9197,1.2718,0.5178,-1.0594,-1.2676,-0.8475,-0.7854,-1.591,-2.2808,-0.4771,1.0152,1.2637,1.4684,1.1306,0.635,-0.2915,-0.364,-0.2407,-0.5117,-0.022,1.462,1.4242,1.0582,0.0634,-0.2409,-0.1228,-0.6341,-1.3093,-0.7675,-0.5578,-0.2328,-0.056,-0.3399,0.1394,0.5618,0.5486,0.6084,-0.0558,0.1308,1.1135,0.8458,-0.0985,-0.8917,-0.9136,-0.3401,0.2817,0.8553,1.1051,0.8672,1.4693,1.7388,1.7339,1.868,1.2479,-0.0576,-1.2112,-1.023,-0.5493,-0.1518,0.3998,0.8756,1.1261,0.5506,-0.1426,-1.2465,-1.3629,-1.5358,-1.4428,-1.2254,-0.4926,-0.3029,-0.6044,-0.8897,-1.0541,-1.202,-1.0345,-1.2375,-1.6138,-1.0589,0.1352,-0.0786,-0.6186,0.7356,1.064,1.7356,1.124,0.2604,0.716,-0.4826,-0.2795,0.5626,0.8825,-0.2166,-0.2218,-0.1217,-0.2654,0.1062,-1.408,-0.8986,0.3117,0.0365,0.4213,0.9253,1.3715,1.6815,1.7413,0.1173,-0.1572,0.4679,0.1829,0.1078,0.0499,-0.3605,-0.1398,-0.1311,-0.0842,-0.6954,-0.4156,0.3621,1.5247,1.3623,0.6201,-0.0759,-0.4975,-0.1084,-0.08,0.4634,-0.2182,-0.0968,1.6413,0.3566,-0.4716,0.7021,0.7672,-0.0741,-0.9861,-0.8685,-1.6087,0.1512,1.5358,-0.1025,-1.2448,-1.6319,-1.9755
"IC51",0.2427,-0.0465,0.8125,0.0251,1.1449,2.2258,0.7652,-0.5831,-0.5331,-0.3714,-0.8307,-0.2129,0.2298,-1.0281,-1.326,-0.5259,0.872,0.5607,0.4184,0.6604,0.1217,0.3886,-0.8202,-0.1685,-0.006,0.3299,0.4279,-1.5609,-0.5967,0.033,-0.2139,1.4021,0.0154,-1.0672,-0.9392,-0.8515,-0.4202,0.6815,-0.3819,-1.6849,-0.1245,0.118,-1.1365,-1.0725,-0.8901,-0.8976,-0.8424,1.278,-0.0757,-0.7822,0.9906,1.1989,1.4905,1.5496,1.7096,0.674,0.6987,1.534,-0.0673,-0.6119,0.6784,0.5229,0.9014,0.2093,-1.4707,-1.8104,-0.4661,-0.3751,-0.6895,-0.2519,0.279,-0.2348,1.55,0.281,-0.6422,0.708,1.0303,0.8788,0.667,0.8966,0.7453,-0.3241,0.0316,0.9687,0.3398,0.0426,-0.3471,-0.1427,-0.3254,-1.7901,-0.5652,-0.4683,-2.2306,-1.7582,-0.4676,-0.4931,-0.6125,-1.7241,-0.2471,-0.5042,1.0255,1.4298,-0.5278,-0.6197,-1.3038,-0.3639,-0.0244,-0.7387,0.6329,-0.7443,0.1598,0.7234,0.0973,-0.5299,-0.4505,-0.4702,0.7518,1.7109,1.3628,1.216,2.6872,1.4415,1.2922,1.5528,1.1197,1.7064,0.6394,-1.8232,-1.4937,-0.6187,-0.1149,-0.1776,0.1525,-0.2861,0.2058,-0.1828,-0.4668,1.1409,0.1347,-0.4624,-1.6942,-1.8576,-0.2876,-0.8796,-0.5484,0.6637,-0.1373,-0.8267,1.8513,1.7596,-1.2185,-1.2344,-1.6079,-1.8833,-1.1141,-0.4255,0.3625,1.5792,0.7949,-1.0436,-0.1108,0.0325,-0.2599,0.4641,-0.4524,-0.7482,0.213,0.1794,0.8663,1.3736,0.4659,1.1501,1.3011,0.5203,1.1354,0.8683,1.7675,2.0487,0.4366,-2.0305,0.1136,-0.4167,-2.2574,-1.653,0.2043,-1.2031,-2.6348,-0.6884,-1.1015,-1.1554,-0.8046,-0.2172,0.7143,-0.5866,-0.1838,1.4175,0.686,1.8998,0.4729,-0.5854,-0.1617,-0.4825,1.0715,1.5755
"IC54",-0.9176,-0.8465,-0.7477,-0.62,-0.5368,-0.5481,1.2506,1.6587,1.9031,0.8668,-0.4754,-2.3706,-3.0665,-1.8684,-2.0269,-1.5385,-0.4402,-0.6338,-1.1442,0.7327,2.1923,1.6172,-0.8931,0.411,1.5956,1.7589,0.9433,0.9063,0.8613,0.3887,3.014,1.7207,0.4355,0.5974,-0.0911,0.333,1.2881,2.6338,0.962,-0.4244,-0.4463,-0.4997,0.1542,-0.7458,-0.2529,0.6973,-0.8651,-0.0716,0.0364,-0.8118,-1.8122,-1.4972,-0.9979,-1.1629,-0.5386,-0.351,0.1421,0.0304,-1.3114,-0.2963,0.958,1.5326,0.8191,-0.6659,-0.7875,-0.6476,-1.123,-1.7267,-0.8231,-0.7323,-0.0537,1.3264,0.6059,0.1424,-0.0424,-0.4266,-0.5755,-0.6895,0.1564,0.7683,-0.1137,0.1139,0.188,0.3133,-0.425,0.514,0.7578,-0.1984,-0.3947,-0.078,-0.3594,0.05,-0.0561,-0.5997,0.1313,0.5679,0.4243,1.2814,2.2477,1.1519,0.6991,-0.3853,-0.5168,0.6149,0.7035,1.0579,0.8409,1.2193,0.6985,0.3249,0.8143,-0.1199,0.6016,0.2186,-0.9176,-0.7162,-1.1445,-1.9758,-1.7769,-0.5576,0.5461,-0.4162,-0.7669,0.0207,0.5349,0.0647,-1.0133,0.2086,-0.7867,-0.8353,-0.8724,-0.6986,0.1152,0.7833,-0.9745,-1.8555,-1.7529,-1.3811,-0.7098,1.2265,0.6808,1.684,2.2527,1.791,0.9498,0.3783,-0.2126,-1.5402,-1.2488,-0.1873,-0.1571,-0.6528,-0.052,1.1516,0.1537,0.3797,1.6493,-0.1735,-0.9299,0.1926,0.7787,1.033,0.5232,0.1712,-0.189,-0.2822,-0.4854,0.1601,0.2112,-0.0624,-0.0849,-1.3815,-1.2382,1.4592,0.9546,-0.4371,-0.7789,-0.4317,1.2948,1.8815,0.6558,0.1886,0.1698,-0.333,-0.0645,-0.3374,-0.0048,0.5409,-0.2206,-0.0098,-0.1446,0.1009,0.2763,0.2211,0.8215,0.9066,1.1328,0.0473,-0.5613,0.7695,-1.1191,-1.578,-1.5571,-2.0383
"IC56",1.7112,1.8536,0.7222,-0.1266,-1.2694,-0.2264,0.309,-0.5652,-0.3255,0.8681,-0.0088,1.1737,-0.3927,-0.8995,-0.0513,0.2115,-0.2122,0.1341,1.4793,-0.2358,-1.9479,-0.8739,-0.0321,0.1682,0.0589,0.0239,-0.0308,-0.8591,-0.5007,-0.709,0.2659,0.8045,1.4218,-1.2508,-2.3271,-1.3639,-0.1229,-0.8836,-0.4657,-1.0131,-0.4788,1.7844,0.0421,0.7653,0.4741,0.7054,1.5476,0.8877,1.0989,-0.1602,-0.4178,0.0063,-1.7361,-1.6995,-0.038,0.2218,-0.1051,0.57,0.1827,1.4197,1.3228,-0.8839,-0.8983,-0.0935,1.0094,1.9261,0.6617,0.4474,0.0624,-0.0429,-0.1521,0.2234,-0.4473,-0.8426,-1.0568,0.0156,1.4856,0.5432,-1.2575,-1.2257,-1.4424,-1.1403,-0.1743,-0.3284,-0.9993,0.5818,-0.2152,0.1807,1.6205,0.7106,0.3219,0.9919,-0.171,-0.6361,-0.1227,0.3559,0.7935,0.719,-1.0254,-0.4055,0.1456,0.8423,0.7694,0.8696,1.298,1.3602,1.0338,-1.1746,0.9156,0.2157,-2.7789,-0.6295,-0.0709,-0.6133,-0.291,0.523,-0.3643,-0.0332,0.4212,-1.0096,-1.433,-1.5347,-2.233,-1.2493,-0.2622,-0.945,-1.5067,0.301,0.2425,1.1352,-0.8226,-0.605,0.0142,-0.8878,-0.3453,1.2233,-0.0312,1.5238,2.0156,0.8886,2.3843,0.9876,-0.8131,-0.1152,1.1446,1.8405,1.0685,1.0098,-0.2845,0.0799,-0.4787,-0.5071,1.1562,0.7107,0.9187,0.8853,1.3172,1.0263,0.9939,0.7669,0.0025,0.2536,-0.9543,-2.1099,-1.2614,-1.6103,-0.7761,-1.8614,-2.9609,0.122,-1.0784,-2.0223,0.1389,-1.0969,-2.4544,0.2535,-1.0082,-0.2465,1.2764,-0.3806,0.3898,0.2571,-0.4986,0.3511,0.6456,0.4218,-1.039,-0.1081,1.8165,0.4124,-0.0253,0.3926,0.0464,2.0466,-0.3139,1.0416,1.0111,1.0377,-0.3682,-0.6324,1.3151,-0.3395,-0.0934,-0.9965
"IC58",0.3059,0.1817,-0.799,0.4923,0.2194,1.3017,0.6614,-0.8598,-0.5646,-1.578,-2.1969,-0.9799,-0.4277,0.3442,-0.3964,0.6434,0.91,-0.2594,-0.0707,0.668,0.8309,2.1986,0.9485,0.9526,0.4256,-0.7265,-1.1759,-0.7039,-0.6098,-0.5153,0.8496,0.6016,0.3278,-1.0775,-1.0846,0.4778,0.4507,-0.5716,0.2561,1.0034,0.7669,0.1144,-0.3397,-0.2549,-0.1585,0.4801,1.9816,2.0427,-0.2904,-1.9023,-2.2733,-1.1502,-0.4015,0.1895,1.0132,0.257,-0.8797,-0.3306,-1.1037,-0.2908,1.2981,0.9077,-0.6359,-1.2018,-0.5558,0.2843,0.6026,0.0402,0.61,1.1803,0.2768,0.4035,-0.3103,-0.5822,-0.7689,0.0926,1.3151,0.578,-0.1398,-0.6208,-0.8435,-1.2465,-0.1057,0.5287,-0.136,-0.7821,-1.599,-1.2731,0.9349,1.612,1.0032,0.1205,-0.143,0.238,2.3557,2.485,-0.3611,-1.6871,-1.6982,0.2385,1.5162,0.4109,0.4748,-0.7297,-0.738,1.2927,0.6255,0.3199,-0.2671,-0.5916,-0.8981,-0.8758,1.0528,0.7778,-1.2155,-0.4318,0.2867,-0.2684,0.0607,0.4978,-0.899,-2.9094,-2.8448,-1.7231,-1.4761,-0.4599,-0.065,1.1071,2.948,2.5427,1.0972,1.0139,0.9115,-0.7957,-0.2886,1.1578,1.5267,0.4732,-0.5494,-0.5925,-0.5715,-0.9511,0.398,0.5429,0.7456,0.4201,-0.104,-1.236,-0.5751,0.5412,1.6789,1.345,-0.783,-1.1802,-1.1809,0.1139,1.3831,0.5579,-1.599,-2.3152,-0.8026,-0.1119,0.2124,0.7065,-0.3274,-0.2827,0.4719,-0.1071,-0.6709,0.3602,-0.5896,-0.2447,0.3349,-0.1722,-0.3801,-0.4145,-0.4884,1.1461,2.319,1.5602,-0.0242,-0.784,-0.2869,-0.3448,-0.6012,-0.4738,-0.0155,0.9435,0.9622,0.6896,0.4262,0.7429,-0.2155,-0.3004,-0.3505,0.3604,-0.6224,-1.1454,0.4626,1.6234,0.0145,-2.2833,-0.5947,0.2538
"IC60",0.9508,-0.622,-1.2113,-0.626,-0.3494,0.418,0.9827,1.1784,1.3951,0.3691,0.1871,-0.6385,-1.8204,-1.1746,-1.0049,-0.8355,-1.1571,0.3725,-0.4312,-0.7118,0.0468,-0.6857,-0.0142,1.3182,1.5477,1.3647,1.1867,1.1761,-0.0124,0.5085,1.7063,-1.166,-1.7507,-1.6676,-1.0973,0.73,0.5005,0.2563,0.8207,2.232,0.2231,0.9234,0.2927,0.0095,0.3377,1.0103,0.6169,1.0726,0.577,0.0261,-1.9675,-1.4167,-1.4623,-2.5198,-0.4095,0.6805,-1.2782,-1.5077,-1.005,0.9023,-0.2185,-1.0377,-0.7934,-0.8371,0.8228,2.2483,0.4303,1.7427,1.1638,-0.5565,0.7973,1.3682,-0.0416,-0.4562,-0.2279,-0.0059,-1.0196,-1.6318,-1.3551,-0.5896,-1.9174,-0.5234,0.6337,0.2477,0.5092,-0.3844,0.2665,-0.6667,0.5992,1.942,1.2103,2.2176,0.553,-0.1803,0.9367,-0.5354,-0.4054,0.2251,-1.5358,0.3812,0.5195,-1.3834,-0.4928,-0.7595,-0.0701,0.7555,1.7083,1.5982,-0.1413,0.1431,0.5492,0.4767,0.3605,0.0858,0.4425,1.023,-0.3223,-0.6458,-0.4027,0.378,-0.2708,-0.0381,-0.194,0.4943,-1.0045,-2.8151,-2.509,-0.1174,-0.869,-0.4246,-0.7007,-0.3032,-0.0027,0.0852,-1.3538,0.4344,-0.4651,-0.8722,-0.697,1.2003,-0.3563,0.7731,1.2141,1.9283,0.8176,0.5565,0.2887,0.6517,-0.9068,0.7608,-0.2816,-0.2095,1.9849,1.1963,-0.0881,-0.32,0.1957,-1.0534,-0.3929,0.8275,-1.0288,0.6994,-0.5768,0.7099,2.8296,-0.0943,-0.2974,0.1533,-1.0047,0.3123,-0.1097,-1.1124,-0.3556,-0.5543,-2.3596,-0.9395,-0.8551,-0.8392,1.9178,0.5446,-0.8792,1.1844,1.1065,0.1224,-0.2964,-0.3856,-0.8491,0.8004,1.2486,0.0534,-0.0068,-0.7896,-0.1194,1.43,-1.5215,-0.291,0.3668,-0.7115,0.9703,1.3336,0.4533,-0.662,-1.025,-0.312
"IC62",-1.3051,-0.4984,-0.9901,-0.7455,-0.3855,0.5981,1.4093,0.7335,0.6944,0.254,-0.6129,0.1104,-0.1733,-0.2382,-0.5997,-0.2347,-1.4555,-1.272,-0.5377,-0.3937,0.5019,-0.3256,0.1452,1.1873,0.7583,0.3299,-0.1609,0.1802,1.2281,0.4528,-0.5115,-0.6925,-0.1577,0.297,0.4396,0.9614,0.3139,-0.266,-0.0751,0.8996,1.6524,0.4286,-0.4398,-0.4038,0.7143,0.4413,0.7588,2.0818,2.0316,0.1715,-0.4291,-0.3759,-1.0875,-1.9769,0.543,1.1568,-0.1425,-0.3761,-0.5813,-0.2752,-0.7788,-1.4093,-1.2846,-0.4772,-0.1258,-0.9716,-0.2301,-0.8746,-0.4969,-0.206,0.8249,0.9108,0.9684,1.9609,1.966,1.5471,0.3312,-1.8383,-2.8088,-1.4822,-0.8064,-1.3642,-1.6628,-0.1327,0.2716,0.2417,0.593,-0.0548,-0.3468,-0.6108,0.3929,0.4963,-0.2408,-0.2625,0.6127,0.7893,0.2325,0.1471,0.3431,0.2001,-0.4913,-1.0453,-1.3544,-1.1341,-0.9417,0.8401,1.4057,1.4071,1.0259,0.9015,1.0337,1.4888,1.3936,0.2658,0.7043,0.6202,0.4697,1.0578,0.6363,1.6057,2.2066,0.4875,0.6552,0.0436,0.0163,-0.2573,-0.9651,-2.9239,-1.7818,-0.8686,-0.8492,-0.3813,-0.1005,-1.3663,-1.7033,-2.1767,-1.0558,-1.8665,-0.6043,0.459,-0.5653,-1.611,-1.2951,0.614,1.3436,1.5607,1.9262,-0.1645,-0.6038,-1.1189,0.8851,2.6371,1.7525,-0.0447,-0.7999,-0.5888,-0.7259,-0.5602,-1.1392,-1.3211,0.529,0.5366,0.5402,1.0953,0.023,-0.4327,0.4728,0.4626,0.1905,0.8905,0.5847,0.6832,0.1585,-0.553,0.3118,-0.2342,-0.6629,-0.5827,-0.0801,0.1417,0.3819,0.5037,1.8327,2.385,2.1357,0.1151,-0.6855,0.3648,-0.0153,0.865,0.5996,-0.0087,-0.116,-0.6741,-1.4511,-2.1787,-1.5832,-1.0555,0.3486,0.7711,0.207,-1.3753,-0.3266,-0.2721
"IC63",0.2266,1.2649,2.1487,1.7702,1.109,-0.3846,-0.9927,-0.8032,-1.1333,-0.6061,0.038,0.8431,1.7215,1.4643,0.7776,0.6365,0.8448,0.3489,-0.729,-0.8234,-0.6982,-1.3607,-0.4038,-0.7993,-1.329,-1.0896,-0.0281,-0.557,-1.3667,-1.2153,-1.5518,0.0012,0.3095,-0.2601,-0.3337,-0.8087,-0.5138,-0.078,-0.5985,-0.7165,-0.9235,-1.6183,-0.6408,-0.3295,0.019,-0.558,-0.3288,-0.4403,-0.6191,-0.3359,1.1404,1.6199,2.335,2.4133,2.3065,0.8736,1.0202,0.2652,0.2881,-0.1236,0.0375,1.2741,1.3738,0.2712,0.0437,-0.1374,0.9196,0.8725,0.932,1.4194,0.6043,-0.2391,-0.1609,-1.0261,-0.9217,-0.1827,0.7616,0.7018,-0.6523,-0.5467,0.0361,-0.0475,0.8284,1.1697,0.5106,-0.6435,-1.2788,-1.0018,-1.4338,-1.5695,-0.9929,-1.4069,-0.887,-0.5788,-1.638,-2.2253,-1.1253,-1.0574,-0.0538,0.3099,-0.1377,-0.1123,0.0761,0.1978,-0.0539,0.394,-0.4696,-0.9107,-0.4876,-0.5294,0.71,1.4644,0.4068,-0.9081,-0.3912,0.5679,1.92,2.0564,1.7074,1.565,1.1243,0.4698,1.083,0.8232,0.4252,-0.1391,0.0239,-0.574,-0.0834,0.4575,0.8289,0.8481,0.305,-0.6634,0.0749,0.1172,0.3512,-0.0729,-0.4715,-1.0125,-0.6448,-0.5372,-1.1653,-0.1872,0.957,0.6929,0.1366,0.675,2.3028,0.9396,-0.8042,-1.5155,-1.5865,-1.6519,-0.1664,-0.4915,-0.6563,0.1029,-0.9703,-2.0517,-0.0781,0.3091,0.5107,-0.3452,-2.2147,-1.6,-1.1945,-0.5514,0.6311,0.3951,0.6503,1.4264,0.3017,-0.1381,1.5569,1.4983,2.73,2.7629,0.065,-1.1093,-0.2576,-0.8939,-1.3282,-1.1822,-0.3671,0.582,0.3918,-0.8079,-1.4901,-1.4222,-1.2655,0.0777,0.6175,-0.112,0.8127,-0.1486,0.6538,0.6071,-0.3816,-0.3337,0.2532,0.3854,1.1045,1.5936
"IC64",-0.4363,-1.0195,0.6889,-0.1928,-1.3748,0.4774,2.4049,1.3102,1.5301,0.0488,-1.4619,0.4556,1.1295,-0.0544,-0.3271,-0.3693,-0.8514,0.3716,0.2701,-1.91,-1.3816,-1.1986,-1.1327,-0.4586,0.6599,-0.1242,1.4426,-1.0704,-0.3483,-1.1786,-0.8906,1.7659,0.9388,1.8315,-0.0983,-0.8303,0.09,-0.7242,-1.1232,-0.5857,1.1017,0.5879,0.5231,-0.3081,0.0066,-1.128,-1.6058,1.7595,2.1908,1.5408,1.3799,0.1774,0.4711,0.0517,0.8106,-0.1548,-1.2064,0.3588,0.5498,-1.3792,-1.064,0.3486,-0.3991,-0.2374,0.3681,-0.1274,0.0776,-0.8401,-0.8129,-0.4594,0.4921,0.9881,1.1579,1.2774,-1.0934,-0.4153,-0.593,-0.7677,-0.1519,1.1111,0.8851,-0.9571,-1.3056,1.7155,2.0527,0.3081,0.4889,-0.1214,-2.2639,-0.4104,0.1765,-0.6249,-2.0119,-0.7583,-0.2302,0.7004,1.0155,-0.091,-0.681,-2.4773,-2.4669,1.9104,0.1862,0.7138,-0.5776,-0.1773,1.8183,0.2911,0.7998,0.4601,-1.4121,-0.9046,0.5015,0.8671,0.257,-0.4694,0.3516,-0.1008,-0.2215,1.8469,0.8116,-0.2327,0.2694,0.2479,-0.0921,0.9898,0.1243,-1.6701,-0.8225,-0.148,2.5688,0.4466,1.1974,0.0883,-0.561,-0.1114,0.6795,0.9618,0.3904,-0.2046,0.5832,-1.6627,-1.2806,-0.2973,-0.835,-0.38,1.1081,-0.8522,-0.293,-0.1667,-1.1198,0.3111,0.2473,-0.4633,-0.2192,-0.3709,-1.9948,1.5774,0.2977,-1.8348,1.1443,-0.9803,-2.7887,1.2776,0.1581,0.258,0.2049,1.1231,0.4948,0.4144,-0.27,-0.7908,-0.2423,0.5364,1.4542,0.5507,-0.1978,-1.2224,-0.4852,0.7818,0.8396,-0.3427,-0.0786,0.4247,0.2659,0.1227,-0.4959,0.3871,0.7904,0.5063,0.5263,-0.2417,0.1652,-0.7135,0.9124,2.0673,-0.1526,-0.093,-0.5558,-0.654,1.1167,0.5414,-1.1991,-2.7909
"IC65",0.7621,0.1463,-0.8839,0.9652,0.8852,-0.0266,0.1028,-1.5867,-1.3858,-0.9054,-0.3903,-0.5825,0.1613,0.8466,0.5123,0.2592,-0.5069,-1.6163,-0.2176,1.6142,1.879,1.0397,1.0259,0.6838,0.207,-0.7101,0.4418,0.6701,0.3311,0.6655,1.3415,-0.1491,-0.5948,0.2791,-1.0198,0.0797,0.5441,-0.3915,-0.9988,-0.0628,-1.5342,-1.2532,-0.5941,-1.5331,-1.4962,0.6981,0.6661,-0.9081,-0.5146,0.4766,-0.5561,0.7089,1.6828,0.8236,-0.7234,0.0411,-0.0907,-1.1739,-0.2649,0.5573,-0.5767,-0.6878,0.6111,-0.4246,-0.0043,0.6263,-1.8666,-0.5659,0.4166,-0.949,-0.702,1.2272,-0.1601,-0.5188,1.0679,0.2319,-0.1552,-0.4764,0.6394,1.0469,0.7428,2.7275,2.5082,1.6394,1.5503,0.5153,0.0919,-0.1743,-0.0648,0.0734,-0.5846,-0.0032,-1.382,-0.3251,1.1278,-0.7991,-0.6293,0.5747,-0.4102,0.4164,0.6552,0.0483,0.2164,-1.1803,-1.1216,-0.3215,-0.4006,-0.188,-1.9545,-0.4262,-0.9855,-1.2673,-0.2728,-0.8698,-1.3209,-0.5412,-2.7268,-2.0511,0.3131,-0.3088,-1.1748,0.1801,0.8519,-0.2596,-0.1237,-0.2769,0.5211,4.1557,1.9369,1.7712,2.0622,1.5117,1.8418,1.6706,0.3653,1.8379,1.7332,-0.3149,-0.48,-0.8688,-1.0497,-0.0555,-1.5477,-0.1514,1.1803,-0.7714,-0.8281,-0.3744,-2.0673,0.1539,0.2946,-2.3222,-1.5219,-0.2973,0.4797,0.053,-0.4072,-0.6774,0.9922,0.5639,-1.0883,0.8792,0.6498,0.2163,0.4435,-0.8316,1.1986,1.2501,-0.2857,0.2376,0.4333,-1.2586,0.1405,1.2812,-0.9615,-0.1161,0.3305,-0.1525,1.3033,-0.7217,-1.9769,0.2732,0.8774,-0.0232,-1.2036,0.3069,-0.068,-0.7532,-0.296,-0.2454,0.4744,-0.1336,-0.7916,0.4967,-1.3113,-0.4172,-0.2173,0.2227,0.982,-0.1744,-0.332,1.1537,0.0686,1.4555
"IC66",-0.2067,-0.0523,0.3078,1.068,0.0039,0.5513,0.5782,-0.7243,-1.117,-1.1074,-0.3842,0.2149,0.6093,1.1713,0.1516,-0.0575,-0.0797,-0.0106,1.8773,1.5283,1.0436,1.3069,1.387,0.4905,-1.4567,-0.6755,-0.5298,-1.1767,-0.9921,-0.6717,0.2493,-0.56,-0.839,-1.3364,-1.1408,-0.8359,-0.6512,-0.9757,-0.821,-0.2308,-0.9607,-0.4497,-0.8845,-0.7632,0.1579,0.4562,0.3169,-0.2695,0.7726,1.3246,0.6789,1.5343,1.7007,1.1699,0.5427,0.1927,0.2337,-0.1669,-0.6463,-0.0766,-0.3555,0.0587,0.8206,-0.6731,-0.7231,-0.8519,-0.5893,-0.2145,0.1409,-0.0896,-0.0246,0.6633,-1.1561,-0.5593,-0.0211,-0.3112,0.5389,0.5761,0.9145,0.8834,0.875,1.3442,2.0354,1.9226,1.393,0.3266,-0.7046,-0.6922,0.2387,-0.3144,-0.0894,0.1027,-1.5037,-0.5188,0.3707,0.2783,-0.1246,-0.4524,-1.182,-0.3276,-0.3523,-0.0295,0.2096,-1.5271,-0.7455,-0.2961,0.2998,-0.3579,-1.5366,-0.9811,-0.9925,-0.0163,-0.7254,-2.1835,-1.1067,-1.0769,-1.7442,-2.0308,-0.6209,0.3072,-1.468,-0.0285,0.5494,1.3037,1.8423,1.6997,2.0922,2.1705,1.9225,2.7326,3.0134,2.2174,1.9581,1.476,0.7385,1.6714,2.574,1.7787,-0.0086,-1.8057,-2.0775,-2.0201,-1.1862,-0.6994,-1.4221,-1.8771,-1.5917,-0.9403,-1.0258,-0.7561,-0.5209,-0.9963,-1.1867,0.243,0.4039,0.786,0.0633,-0.6098,-0.3216,-0.7797,-1.0944,-0.6684,-0.4034,0.78,0.4433,0.0773,1.0691,1.1838,-0.0185,-0.0406,-0.04,-0.1889,0.9053,0.9287,0.3207,0.7906,-0.5359,-0.0863,0.4343,0.1678,-0.5634,0.4256,0.542,-0.3728,-0.1186,-0.7472,-1.0247,-0.351,0.0714,0.0199,-0.4771,-0.3331,0.0655,0.0904,-0.8676,-0.5242,-0.3079,-0.2165,0.8109,-0.0756,-0.4465,0.3886,0.6237,2.1809
"IC67",-0.5291,-0.2773,-0.4809,-0.4432,-1.1301,-0.2865,0.1498,-1.6259,-2.0561,-1.0911,-0.4914,-0.8498,-1.1516,0.0552,0.1965,-0.1663,-0.0768,0.6077,1.1454,0.8433,1.2673,2.1183,1.4913,0.2489,-0.9067,-0.5105,0.1602,1.6428,1.2509,1.1184,2.0998,0.5862,-0.2542,-0.0669,0.4199,0.1571,2.137,2.6065,0.6907,-0.3607,-0.8941,-0.4865,-0.2565,-0.0606,-0.9809,0.6596,0.6568,-0.6235,-0.1371,0.0808,-0.7609,0.9963,-0.2047,-0.947,-1.14,-1.2622,-0.2033,-0.6218,-1.2333,-0.2526,0.0204,-0.7404,-0.0729,-1.536,-1.3737,-0.1018,0.1284,-0.5668,-0.0085,1.2823,0.0466,-0.2814,-1.3615,-0.7771,-0.8209,-0.9785,0.5899,0.5362,-0.8588,-0.9384,-0.4575,0.4731,2.624,1.1405,-0.5169,-0.0965,-0.5803,0.2672,1.822,1.9345,0.8499,1.0631,-0.4689,-0.4154,0.3585,0.9743,0.2851,0.4013,-0.3971,0.6978,0.6195,0.1748,0.0963,-0.925,0.0224,-0.8491,0.029,-0.2287,0.6401,1.7751,-1.0645,-0.2052,0.4661,-0.9763,-1.3343,-0.8004,-0.8466,-1.2537,-0.2112,0.2468,0.5737,0.4271,-0.6453,0.7453,0.1024,0.4371,1.8337,2.1626,1.6692,2.1291,0.9766,0.2913,-0.2982,-0.2629,-1.2542,-0.4357,-0.6336,-0.8197,-1.1051,-1.0033,-1.2366,-0.5082,-1.0015,-1.5813,-0.168,-1.5539,-1.8334,-0.2739,-1.5136,-0.7753,-1.0864,-1.3805,-1.9168,-0.9836,0.208,0.4116,1.457,-0.5361,0.0998,1.1089,0.6848,1.6213,0.8158,1.7222,2.0012,1.2268,0.8757,0.9137,0.5691,1.7285,1.1688,0.9066,1.6747,1.7506,1.0742,1.5614,0.3324,-0.1586,-0.3881,-0.4078,-0.263,-1.2072,-1.3405,-0.8726,-1.8611,-1.2178,0.6785,-0.2376,0.704,1.2258,-0.6055,-0.1875,0.2503,0.5325,-1.0039,0.2766,0.1567,-1.2685,-1.9671,-0.5909,-0.3606,-0.7577,-0.3289,0.6601
"IC68",-0.1029,0.2876,-0.2995,0.2773,-0.0218,0.2957,1.7571,0.5111,-0.2798,-0.861,-0.7278,0.2737,0.2942,-0.5128,-0.4481,0.148,1.6903,-0.1138,-0.2873,1.2831,1.2491,-0.0266,0.419,1.2745,1.1045,-0.6263,0.2489,-1.3937,-1.4005,-0.6989,-0.8772,0.0541,-0.6076,-1.551,-0.679,-0.8175,-1.2501,-0.653,-0.6521,-0.2817,0.146,-0.0828,-0.1022,-0.3971,-0.1588,-1.081,0.5836,1.0346,-0.0505,-0.2274,0.3105,0.3899,-0.4934,0.045,0.0676,-0.2896,0.3799,-0.5917,0.2452,0.6767,-0.0209,0.8969,0.0224,-0.5099,0.1086,0.9831,1.782,1.0187,0.8531,0.0492,0.2702,-0.4782,-0.4988,-0.3394,-0.6536,-0.4677,0.103,-0.4638,1.0694,2.938,2.3176,1.7972,1.921,2.077,-0.0744,-1.0187,-0.9695,-0.5807,-1.089,-1.0494,0.3925,0.0193,-0.6613,-0.1013,-0.1056,-0.7533,-1.3246,-1.6371,-1.0656,-1.2237,-0.1569,0.1881,-0.5825,-1.4189,-1.5874,0.6066,0.7608,-0.041,-0.4758,-1.0828,-0.9129,-1.6666,-0.6218,-0.4034,-1.2525,-1.3577,-0.2338,-0.2977,-1.5383,-0.1244,0.3077,-0.6066,-0.6066,0.2806,1.4462,1.6428,0.9328,1.2025,1.7593,2.3465,4.0548,2.881,3.1945,1.518,1.3396,1.7381,2.6944,0.7563,0.7122,-0.8251,-0.9957,-1.1446,-1.4564,-1.5202,-1.3235,-0.4463,0.0084,-1.724,-0.8225,-1.3906,-0.4843,-0.877,-1.3706,-0.6383,0.0475,0.1472,-0.8657,-1.0727,-1.1777,-0.1141,0.3991,-0.7683,0.1768,0.8023,0.0406,-0.3149,-0.5628,0.2536,-0.855,-0.303,0.6263,-0.9412,-0.7995,0.4887,0.4436,-0.3254,0.886,0.7051,1.2441,0.756,-0.4463,-0.6806,-0.3247,0.2529,-0.097,0.1645,-1.1112,-0.696,0.6679,0.2215,-0.1174,1.0715,0.5974,0.8282,0.2947,0.6136,0.9351,0.2013,-0.0201,-0.1004,0.1865,0.1569,-0.2356,-1.5993
"IC69",-1.032,-0.3384,-1.3792,-0.9184,0.1633,1.2061,0.0573,0.1719,0.1551,0.2629,-0.3532,-0.4667,-1.6506,-1.4437,-0.9156,0.6996,1.8029,-0.1225,0.4516,0.5681,-0.3876,0.4145,1.128,1.7184,1.9888,1.3104,-0.9112,-0.6895,-0.0156,-0.7077,-0.1023,0.4617,-0.5048,-1.356,0.4453,1.3591,2.562,0.7855,0.5803,0.2744,1.0962,0.0641,-1.1313,-0.9787,-1.1861,1.0064,2.5528,1.2771,0.4264,-1.0781,-2.3028,-2.1895,-1.9842,-0.7217,-0.3917,-0.7341,-0.4884,-0.2173,-0.8386,-0.4672,0.8539,-0.8598,-0.511,-0.3564,-0.5212,-1.4918,-0.2677,0.8237,1.1957,2.6019,1.0998,-0.0194,0.0744,1.2156,-0.0345,-1.5293,-0.2685,-0.2283,-1.482,-1.3928,-0.0978,-0.2224,-0.8044,-1.6769,-0.7,0.8893,0.311,0.8192,1.5266,1.3568,1.5055,1.4665,0.9134,1.0543,-0.4674,0.8296,0.6304,-0.7012,-0.6115,0.606,1.2486,0.8875,0.6192,0.7115,1.2223,0.3005,1.0234,0.0028,-0.6401,-0.6353,-0.9221,-1.8858,-1.4518,-0.6413,-1.1047,-0.7635,0.7325,0.3313,0.0565,0.5817,0.1157,-0.3622,-0.5758,-1.3576,-1.289,-0.896,-0.2763,-0.5199,0.8423,0.463,-1.9201,-1.5603,0.2054,-0.0683,-0.2549,-0.3366,0.0317,-0.0547,0.3981,-0.0655,-0.2565,0.4263,1.7251,0.7788,1.2797,-0.2992,-0.8878,-0.3938,-0.6222,-0.2773,1.1304,1.4385,-0.6073,-0.1558,-0.2365,0.2351,2.7973,2.2691,1.1273,-0.167,-0.0205,0.7863,2.1369,0.472,-1.7978,-0.6023,-0.1621,-0.5869,0.519,-0.5659,-1.6776,0.007,-0.9933,-0.4028,-0.3512,-0.6485,-0.1603,-0.0727,0.3101,1.0748,0.2787,0.1602,-0.0025,-1.3794,-2.2176,-1.8767,0.8081,0.6731,0.9499,1.8991,0.2338,0.4317,0.1261,-0.1088,-0.3287,-0.2793,-0.101,-0.3673,0.7537,1.261,-0.4719,-0.9612,-0.1428,-0.6142
"IC71",0.7824,0.2433,1.0821,1.6688,1.6658,0.6632,0.7699,-0.0452,-0.0814,0.2545,-0.0001,0.0903,1.3927,1.235,1.1396,0.935,0.7876,-0.6764,-0.6889,-0.7581,-0.1082,-0.6861,-0.5911,-0.3856,-0.7985,-1.603,-1.0822,-1.4826,-2.6085,-1.3127,-1.3842,-1.5713,-1.3457,-0.8063,-1.506,-1.4113,-1.3722,-1.052,-1.455,0.389,-0.1751,-0.7812,-0.2784,-0.5984,0.0887,0.1591,0.5181,0.7302,0.3736,1.6362,1.2787,1.8471,2.8828,2.3796,1.1388,1.2602,1.3752,0.2808,0.7942,1.1698,0.5053,1.6088,2.0288,0.0078,-1.1941,-0.2077,-0.1535,0.2654,0.0745,-1.0676,-0.1892,0.2201,-0.251,-1.5323,-0.9597,-1.0576,-1.3221,-1.2812,-0.4627,-0.3095,-0.5652,0.8379,1.241,1.8518,1.9983,0.9542,0.3294,-0.2838,-1.1739,-0.7087,-0.1962,0.6117,-0.7365,-0.0833,0.4907,-1.8154,-1.5166,-0.0155,-0.1716,-0.6009,-0.1468,-0.8513,-0.9755,-1.1494,-1.1185,0.1775,0.3351,1.2195,-0.8923,-0.9895,-0.7335,-0.3045,0.8258,-0.3517,-0.1601,1.1884,-0.7417,-1.5813,0.023,0.339,-0.8411,-0.5833,0.1503,0.513,0.6563,0.7539,0.8928,1.8699,1.2399,1.2742,1.8036,1.633,0.8796,1.0072,0.5265,0.5154,1.0299,-0.2701,0.2276,0.029,-1.0819,-0.1392,-1.0402,0.2552,-0.6026,-1.3943,-0.8343,-0.8841,-1.0243,0.2023,0.9804,0.055,0.346,1.0494,1.5601,1.6973,0.9029,-0.0761,0.0866,-0.0822,-1.1701,-0.9457,-1.0579,-1.3525,0.1095,-0.9229,-0.2525,-0.4343,-1.1878,-0.6178,0.3426,-1.5243,-1.3226,-0.308,-1.6463,-0.9768,-0.9484,-1.0146,2.104,1.2934,-1.679,-0.3272,1.211,0.0466,-0.7773,0.4388,0.3533,0.223,0.3985,-0.3317,0.3367,-0.1986,-1.0384,0.8692,0.078,-0.146,0.6916,0.2461,0.8765,0.5729,-0.1214,1.4186,0.5922,1.168
"IC72",-0.9976,-0.8188,-1.0215,-1.0203,-1.0868,-0.346,0.3675,-0.437,-0.8852,-1.0217,-0.3277,0.0762,-0.1493,-0.6625,-0.9568,-0.9608,-1.1381,-0.2051,0.1155,0.0704,1.0072,1.5656,0.7257,-0.0406,0.0421,1.0385,1.6302,2.7383,2.6958,1.7838,1.8831,0.4241,0.5984,0.346,1.7218,2.5225,1.5974,0.6871,0.5712,0.3151,-0.5281,-0.4922,-1.0559,-0.7246,-0.233,-0.3246,-0.4832,-0.5903,-0.9418,-0.905,-1.0561,-0.9264,-1.2909,-1.7632,-1.363,-0.4773,-0.503,-0.3801,-1.0954,-1.0047,-0.2038,-0.4736,-1.4796,-1.2144,-0.4537,0.1808,-0.2469,-0.7042,-0.4283,0.6479,1.0151,0.2227,0.6133,0.8169,0.4318,0.4606,1.1726,1.059,0.7332,1.1287,1.8252,1.8071,1.6908,0.4969,-0.7119,-0.5063,-0.3078,-0.4735,-0.1551,-0.0395,-0.589,-1.4929,-2.1075,-0.8688,1.4033,0.9727,-0.4896,-0.5111,-0.5246,0.5662,1.3047,-0.0594,-1.4461,-1.5867,-1.1915,-0.0955,-0.0137,-0.1874,0.7137,1.579,0.9456,1.323,1.67,0.6545,-0.3763,-0.5977,-0.6146,-0.5561,0.0139,0.3124,0.4867,0.5656,-0.1145,-0.8844,-0.8578,-0.7323,0.6604,1.7946,1.884,1.1184,0.3395,0.0423,0.1837,-0.441,-1.7312,-0.4169,-0.2208,-0.4874,-0.357,-0.1702,-1.0325,-1.1877,0.3593,0.4077,-0.1938,-0.3526,-0.4284,-0.4704,-1.6156,-2.2847,-0.9907,-0.5428,-1.3545,-0.8306,-0.2903,-0.3463,-0.04,-1.0174,-0.1502,0.8777,0.5122,0.8249,1.9569,2.5005,2.2698,0.9599,1.2155,1.0004,0.7985,-0.222,-0.6232,1.0364,1.3926,0.1779,-0.5124,-0.7101,-1.1814,-1.0476,0.6119,1.0159,0.6437,-0.2135,-0.2949,1.0864,0.7911,0.0285,0.0172,-0.1173,0.7526,0.8856,0.5359,0.8624,1.285,1.3311,-0.3722,-1.1453,-0.9108,-1.1885,-0.6799,-0.5955,-0.9325,-1.972,-1.3949,-0.9201
"IC73",0.1946,1.1316,1.0391,0.9523,0.3938,-1.0287,-0.6083,-0.2189,-0.7988,-0.1429,0.2612,1.5318,1.9251,1.2543,0.7609,0.626,0.4994,0.5745,-0.3164,0.46,1.0341,-0.2691,-0.0156,0.7851,0.5777,-1.5582,-1.6112,-0.1806,-1.4195,-1.5738,-1.168,-1.2532,-2.3391,-2.0815,-1.3886,-1.4257,-0.9611,-0.7332,-0.87,-0.3657,-0.2896,-1.3522,-1.0042,-0.5421,-0.2971,-0.7207,0.3368,0.1704,0.1525,0.9998,2.187,1.6075,1.6359,2.1875,1.9423,1.4308,1.7594,0.3989,-0.2594,-0.1087,0.6313,1.2278,1.0892,0.4987,-0.4137,-0.4443,-0.2558,-0.8663,-0.5567,0.1149,-0.3696,-0.3382,0.1708,-0.1696,-0.3339,-0.8669,-0.4829,-0.1871,0.0758,0.9266,1.1872,1.1229,2.0269,2.0151,1.2559,-0.1701,-0.9131,-0.5665,-1.2971,-0.8777,-0.8508,-1.1254,-0.2357,-0.9346,-0.5605,0.0145,-0.7115,-0.3753,0.186,-0.4316,0.0636,0.3348,-0.3617,-1.2344,-1.102,-0.3493,-0.9486,-0.9916,-0.2544,-0.6099,0.0472,-1.2435,-0.7831,-0.4311,-1.6381,-1.1595,0.2105,-0.124,-0.6924,0.2518,0.9691,-0.5092,0.6637,1.7552,1.9698,1.6489,1.8433,1.0126,1.3679,0.9596,1.7979,2.132,2.2586,1.3817,0.6755,0.6398,1.9342,0.9805,-0.0712,-0.9285,-1.9533,-2.0142,-1.5188,-0.6561,0.2229,-0.7209,-1.2128,-1.0098,-0.0659,-0.384,0.2525,0.1583,-0.8272,-0.8118,0.2063,-0.468,-0.4226,-0.7979,-1.4547,-0.9728,-0.3739,-0.448,0.4885,-0.2179,0.5009,0.3373,-0.0585,0.3299,0.5803,-0.6725,-0.2926,0.8391,0.0147,0.3576,0.0089,-0.7183,0.4194,0.3471,0.2635,0.9062,1.3344,0.0819,-0.0785,0.1557,-1.3665,-0.5361,-0.1069,-0.7367,-0.2466,-0.6704,-0.4302,0.3976,-0.8898,-0.7234,-0.8366,-1.3438,-0.0781,-0.3627,-0.1691,0.153,0.4052,0.9452,2.7399,2.6186
"IC74",-0.0016,-0.0071,-0.4781,0.3061,1.5409,1.9487,0.4736,-1.41,-2.0202,-1.7295,0.993,1.8259,1.2258,0.0648,0.0844,-0.1067,-0.3723,0.4066,1.263,0.8847,-0.6099,0.0445,1.2609,0.7372,-1.0519,-0.7742,-1.1243,-0.6824,-0.6584,-0.9208,0.7923,-0.0402,-0.6515,-0.7687,-1.2255,-0.309,-0.2991,-1.5752,-1.4321,0.4024,-1.0132,-0.7293,-1.8689,-0.5589,0.9484,0.1552,2.2455,1.506,0.516,-0.1657,-0.4872,0.1191,-0.0203,-0.1967,-0.0378,1.397,1.0587,-0.0953,-0.1182,0.8996,1.4576,-0.6659,-1.3057,0.4823,0.756,0.2405,-0.8983,1.5105,0.9604,-0.0125,0.8475,0.7588,-0.61,-1.9938,-0.7761,-0.0862,-0.5951,0.6378,1.2041,1.4619,-0.1038,0.2709,2.3268,1.7307,0.2686,-0.4,0.1007,0.185,-1.9818,-1.4031,0.0494,-0.6174,-0.933,-0.8295,-0.1975,-1.3063,-0.8312,0.3977,-0.6275,-0.4902,0.1401,-0.0277,0.7156,0.0546,-0.4933,-0.0806,0.0684,-0.4042,-0.9637,-1.28,0.1691,-0.0039,-1.4582,-0.316,-0.7717,-0.3262,-0.2779,-1.0252,-1.0665,-0.1615,-1.0079,-0.4611,1.7428,1.8325,1.7779,0.8759,-0.5974,2.0421,1.4994,2.1547,2.7242,1.2575,1.0182,1.2881,0.0051,1.5092,2.5088,1.3902,-0.8479,-0.8954,-2.1575,-2.3396,-0.555,-0.8322,-1.267,-0.8882,-1.8664,-0.6286,-0.4434,-1.1349,0.3422,-0.8089,-0.47,0.341,0.6114,0.4784,1.0578,0.0299,-0.069,0.2698,-2.17,-0.7423,1.385,1.3079,0.0857,0.3932,0.128,-0.5993,-0.6293,0.0112,-1.2501,-1.0331,0.0222,1.0344,0.4155,0.0217,-0.0337,-0.6488,0.7046,0.32,-1.5378,-0.731,-0.259,0.9376,0.237,-0.7997,-1.0803,-0.0662,1.3358,0.6854,0.378,0.1744,-0.0026,0.1239,-0.1967,0.4708,0.4524,-0.2833,0.8686,0.6783,1.3864,-0.6042,-1.2537,-0.1575
"IC75",-0.7534,-0.2565,-0.621,0.7385,1.1563,2.2811,1.2999,-0.879,-0.555,-0.1199,0.5088,-0.1128,-0.2729,0.2116,0.0193,0.6698,0.0224,-0.3719,2.0703,2.5886,1.046,0.2865,0.3754,-0.2954,-1.3657,-0.208,-0.9359,-1.2961,-0.9577,-1.611,0.0269,-1.065,-2.1252,-1.1582,-0.3341,-0.2801,0.3183,-0.2943,-0.223,-1.4105,-1.5835,-0.133,-0.5689,0.9085,-1.3378,-0.7006,0.5931,-0.1044,-0.5072,1.1955,0.457,0.2789,0.6364,0.377,0.6086,0.8737,0.1576,0.5375,-0.5419,1.0651,1.3429,0.2472,1.5141,0.0948,0.3258,0.0318,-0.8022,0.0274,-0.5976,-0.675,-1.7442,-0.055,0.1774,-0.2453,0.9293,0.1004,-1.0997,0.4429,1.9861,1.6641,1.2291,2.2999,2.0078,-0.5247,-0.1761,-0.2509,-0.0514,-0.3606,0.1694,0.0272,0.2133,0.4791,-1.2713,-0.5897,-0.1399,-1.2872,-0.0349,1.0034,-0.3941,-0.7902,-1.1133,-2.6853,-0.2923,-0.0485,-0.121,-0.6829,0.1982,0.3437,-0.3042,-1.2301,-0.1068,0.4397,0.0676,-1.3606,-1.1604,0.2492,-1.9807,-2.1763,-2.2215,-1.7706,0.2603,-0.3771,-0.7553,1.545,1.7355,1.087,2.0297,2.4605,0.8607,1.3309,1.5567,1.464,-0.2263,1.1763,0.6196,1.3358,1.8257,1.0847,-1.2739,0.269,0.2902,0.4917,1.063,-0.19,-1.1174,-1.2137,-1.0107,-0.1696,-0.807,0.7829,-0.7899,-1.225,0.6101,0.87,0.4109,-0.016,1.0566,-0.457,0.1666,0.7407,-1.3382,0.2061,-0.188,0.5149,-0.1534,-0.2413,-0.5141,-2.0399,-1.9434,-0.8844,-0.7881,-0.8094,-1.0056,-0.0152,-0.2988,0.2604,0.7579,1.0854,0.5549,-1.8176,-1.4689,-0.7042,-0.8455,0.5498,0.8361,-0.068,0.1926,0.4627,-0.5584,0.2197,0.8179,-0.8185,0.4766,1.1713,0.204,1.1755,2.3057,0.5841,-1.5926,-0.0402,0.4384,-0.6061,0.3942,0.4398
"IC76",-1.2068,-1.641,-2.2813,-1.4804,-0.7586,1.1475,1.7389,1.1596,0.8523,0.0263,0.1059,-0.2372,-1.7419,-1.9394,-1.7223,-1.3125,-0.7911,-0.3579,0.5999,1.0186,0.8609,0.5216,0.9965,1.4799,1.3939,1.3121,1.2782,1.258,1.387,0.8735,1.5025,0.9897,0.6609,0.7389,0.8816,0.8205,0.8417,-0.503,-0.1028,-0.185,-0.9055,-1.1057,-0.5339,-0.4107,-0.5815,0.8272,1.6286,1.2405,1.1294,0.166,-1.7425,-2.7158,-2.4717,-2.8881,-1.9081,-0.7986,-0.9981,0.1062,0.235,-0.0874,-0.0373,-0.9482,-0.2025,-0.5061,-0.1739,-0.9516,-1.2382,-1.7037,-1.0057,0.4887,0.731,1.2507,0.9457,1.5229,1.7837,1.2974,0.995,0.4855,-0.4116,0.6991,1.0912,0.6461,1.2605,1.0222,1.076,0.7434,0.1333,-0.2839,-0.5802,-1.3571,-0.4299,-0.2661,-1.5088,-0.3447,-0.1965,0.1124,0.8182,0.1764,-0.8716,0.1106,0.526,0.2175,-0.8389,-1.1253,-0.2749,0.0655,1.0854,0.495,-0.1805,-0.5177,-0.3635,0.9398,0.5167,0.2034,0.2638,-0.9679,-1.3462,-0.5638,0.391,1.1892,1.1339,1.3145,0.8243,1.313,0.1893,-0.6644,-1.0823,-2.1592,-1.4442,-0.1291,-0.0696,-0.1758,-0.3776,-1.1765,-1.022,-0.1252,0.3247,-0.1353,-0.3863,-0.1595,-0.4402,-1.122,0.1499,0.3965,1.3104,0.958,0.9346,0.4249,-0.9086,-0.3735,0.377,1.4165,1.1139,0.7875,-0.4725,-0.3005,0.3663,-0.6584,-0.6258,-0.3046,0.0882,0.3572,0.5355,1.198,-0.2952,-0.5116,-0.1571,0.6607,0.6758,-0.3115,-0.653,0.7778,0.3091,-0.4487,-0.7171,-1.5735,-2.5304,-0.7088,0.2596,0.4853,-0.1095,0.147,0.875,1.5658,1.2246,0.2467,1.1013,1.0393,0.8873,1.2285,0.9916,1.4725,1.2438,0.2217,-0.7344,-0.4013,-1.2349,-1.9313,-0.509,0.0931,-0.7167,-1.5521,-1.2533,-0.8154
"IC77",0.098,-0.7249,-1.6853,-1.2708,-0.8993,-0.4281,0.5179,-0.0405,-0.6416,-0.9528,0.5805,-0.9398,-2.1318,-1.2196,0.7223,1.796,1.7483,-0.2154,-0.7194,0.4006,0.6589,0.3961,1.5559,1.8535,0.3308,0.3196,0.535,0.514,0.2703,0.4784,1.7337,0.9184,0.5843,0.916,0.3598,0.4225,1.4021,0.68,-0.3125,1.1933,0.1867,-0.4791,0.2872,-0.6353,-0.7261,0.2914,0.1316,-0.2534,-0.4918,-1.192,-2.9889,-2.2807,-1.6097,-2.9585,-2.5931,0.1012,-0.1269,-0.3542,1.4619,0.8059,-0.3896,-0.5868,-1.2681,-1.7807,-0.0421,2.1529,0.5251,0.6118,1.3295,1.0088,0.0265,0.2283,0.3197,0.1756,0.3449,0.9814,-0.0358,0.5237,0.7113,0.1452,1.0755,1.7888,1.2993,1.0306,-0.1548,-1.46,-0.757,-1.1107,-0.3457,1.353,0.7865,0.2032,-0.3232,-0.6842,0.3817,-0.3891,-0.7167,-1.4325,-1.6878,-1.4085,-0.4603,0.2465,0.5234,0.317,0.2827,-0.1835,1.0087,1.0903,-0.8569,-0.7996,-1.0529,-0.7101,0.2384,0.0089,0.1394,0.7604,-0.2072,-0.6528,1.4827,1.8187,0.261,0.0192,-0.2804,-0.213,0.3519,0.0499,0.411,1.4419,-0.2514,0.642,0.9239,1.4732,0.6444,0.2927,-1.4905,-1.689,-1.5904,-2.2502,-1.6406,-1.0603,-0.8118,0.4165,-0.0415,-0.2771,0.9693,0.6162,0.369,1.9436,0.7437,-0.1792,-0.2165,0.3145,0.4845,-1.0196,-2.0199,-2.1727,-0.6193,-0.2246,0.1229,0.7896,-1.1135,-0.3116,0.1892,1.7829,2.1082,0.3143,0.3932,1.1924,0.4361,0.249,-0.6919,-0.6907,0.8774,1.711,0.5367,0.1433,0.0723,-0.5227,0.6045,0.2526,-1.5412,-0.5226,0.4806,0.4047,0.1219,-0.5451,-1.0307,-0.1117,-0.2317,0.1631,1.0508,0.7339,0.8667,0.3936,0.4361,0.8099,0.6031,-0.2683,-0.3312,-0.1449,0.0786,-0.7806,-2.2744,-1.931
