-0.002265465,-0.039944645,-0.23511046,-0.377612169,-0.087520115,0.280158843,0.196061168,-0.299920402,-0.817911922,-0.983370864,-0.571606797,0.219345656,0.772839246,0.871772312,0.80400226,0.531922702,0.164281347,0.124797851,0.414682917,0.767571959,0.864788023,0.682113431,0.554732886,0.484931283,0.394762717,0.120595838,-0.271913064,-0.254383518,0.246977826,0.534324995,0.364544492,-0.197563697,-1.106402341,-2.188665871,-3.025231677,-3.132138186,-2.732975176,-2.287607268,-1.967318541,-1.476777384,-0.871756377,-0.398023783,0.089971877,0.603320355,0.657776,0.239951099,-0.15314735,-0.208666134,0.037608236,0.159558056,0.066192462,0.082965007,0.254589954,0.359398521,0.220998621,0.164041019,0.298148589,0.082335038,-0.564484151,-1.320669751,-1.824839825,-1.736162856,-1.199013916,-0.654295895,-0.205238522,0.018889449,0.070805101,0.048745362,-0.086175798,-0.211282231,-0.270850767,-0.317995808,-0.111381825,0.332962469,0.600606147,0.491073483,0.044080887,-0.312060768,-0.356284764,-0.268623383,-0.120386694,0.14247142,0.346384665,0.19453844,-0.204596511,-0.502029507,-0.55539523,-0.573696625,-0.422089087,0.090515662,0.87767132,1.439194949,1.382117748,0.987936102,0.652591041,0.61251704,0.89716092,0.843821186,0.131175204,-0.81008869,-1.418030056,-1.351022868,-0.915687616,-0.658167212,-0.486809351,-0.122708835,0.136562089,-0.100457478,-0.70864289,-1.250024242,-1.471578934,-1.320888999,-0.960993708,-0.729368017,-0.538365818,-0.332239946,-0.144128941,-0.201104532,-0.54143609,-0.644117008,-0.471869024,-0.475578758,-0.492412925,-0.125761983,0.842503817,1.794851937,1.984959811,1.672403595,1.308200576,0.831615064,-0.139078838,-1.365506528,-2.38865264,-2.62873319,-1.824296426,-0.771663044,-0.214285061,-0.059813843,-0.027748364,0.119840361,0.442709482,0.670527851,0.533244325,0.189008702,-0.16877846,-0.597044403,-0.775932408,-0.399751864,0.049476625,0.198507587,-0.019355527,-0.671269838,-1.652063236,-2.652449966,-3.169086955,-2.487943415,-1.201615868,-0.368408845,-0.167512692,-0.262809062,-0.29959488,-0.351205482,-0.591799812,-0.802737228,-0.92096725,-1.28538808,-1.689628726,-1.48682508,-0.590710914,0.307831757,0.78761382,0.985602974,1.265580367,1.537949799,1.542193882,1.560952148,1.826483494,2.159831163,2.285827682,2.117240618,1.82252053,1.435668473,0.888262173,0.309795304,0.226824745,1.003423048,1.751279088,1.651874297,0.783844199,-0.380825647,-1.341219734,-1.888496928,-2.300837063,-2.67840505,-2.658590855,-2.219252084,-1.714341679,-1.129562353,-0.811498646,-0.994446022,-1.393443281,-1.606722582,-1.290839095,-0.690342632
0.008170878,0.103127121,0.269276396,0.132298043,-0.208220548,-0.52560731,-0.98385622,-1.376284573,-1.109584145,-0.160492608,0.566975328,0.799997718,0.748470219,0.573474504,0.556714692,0.75548339,0.919778596,0.969794187,0.872316225,0.718890822,0.566348539,0.246235106,-0.123627839,-0.253053848,-0.219611431,-0.225634604,-0.337749796,-0.310600944,-0.289891482,-0.662870863,-1.066334783,-1.186430564,-1.272210678,-1.419989566,-1.336848504,-0.878164125,-0.493682996,-0.663072468,-1.368415895,-2.064844052,-2.261077118,-1.676061105,-0.470750494,0.530476437,0.775774565,0.53181738,0.369940735,0.504830788,0.576810854,0.199332508,-0.475189635,-1.039303494,-1.130772607,-0.710201981,-0.026743754,0.757474303,1.21127536,1.108923799,0.954814423,1.147407946,1.151993164,0.49612308,-0.380906427,-0.996326247,-1.205106678,-1.129525204,-0.97802067,-0.997681901,-1.134048274,-1.197510232,-1.316029756,-1.43273893,-1.254916641,-0.3449641,0.831865435,1.289170791,1.090123333,0.678859051,0.47158314,0.323901468,-0.006159285,-0.153449114,0.127163557,0.422605779,0.564601592,0.61605021,0.678909821,0.818652298,1.105383381,1.454642283,1.590778006,1.370606659,0.899102454,0.459730967,0.162212646,-0.180944869,-0.478140376,-0.517015947,-0.71845895,-1.262506168,-1.609737375,-1.391753271,-1.171000534,-1.129827516,-0.886548115,-0.385322912,-0.380199619,-0.948776845,-1.728451419,-2.421770871,-2.82331755,-2.625705227,-1.388966341,0.106439978,1.068094225,1.459566609,1.271447704,0.600981647,-0.392620245,-1.526438716,-2.524884946,-3.073120987,-2.920911206,-2.116614161,-1.118233405,-0.363417144,0.006089303,0.059625682,-0.341615075,-1.214728565,-2.344177177,-3.450551294,-3.92755561,-3.198353009,-2.13634741,-1.586947341,-1.573282236,-1.546701112,-1.108114024,-0.697962668,-0.650620905,-0.832679668,-0.801453248,-0.63547804,-0.581130347,-0.676095998,-0.750508761,-0.496669837,-0.041931287,0.422738983,0.57820917,0.482576417,0.600572478,0.872314831,0.985176169,0.85495347,0.581413806,0.067715109,-0.734004637,-1.57228322,-2.090102302,-1.631814762,-0.287635564,0.505971389,0.455160635,-0.147638251,-0.9287237,-1.361531704,-0.97456905,0.072787676,1.032318772,1.49681422,1.664400154,1.701546565,1.681370149,1.758732652,1.68740817,1.264736907,0.640227008,-0.036789836,-0.476342275,-0.623216333,-0.93710395,-1.430944954,-1.507815075,-0.705999318,0.16829715,0.3149641,-0.108666707,-0.650098328,-0.809450064,-0.466450665,0.044388106,0.664805056,1.225624132,1.386230001,1.012202248,0.554786796,0.187758727,-0.253031648,-0.593909751,-0.559088852,-0.230405213,-0.097816066
-0.022182322,-0.282345607,-0.765336907,-1.148544708,-1.171645119,-0.883479011,-0.503457646,-0.249267037,-0.262721883,-0.360909924,-0.11148536,0.479354447,0.959165947,1.055016405,0.806221847,0.630820495,0.717147565,0.78506572,0.821185216,0.841054132,0.716770543,0.467387441,0.199778379,-0.008317394,-0.301095187,-0.685446286,-1.218386956,-1.790353913,-2.027467376,-1.759117959,-1.2685939,-0.865042285,-0.710350427,-0.948181627,-1.306656315,-1.468305446,-1.469906369,-1.413776446,-1.196276879,-0.854416497,-0.64183444,-0.625724452,-0.69127418,-0.688888969,-0.486072139,-0.087653008,0.352839135,0.68268084,0.833083828,0.878307299,0.965080256,1.00241084,0.798994373,0.453248379,0.048780829,-0.476089719,-0.997336537,-1.278452734,-1.160371972,-0.72217019,-0.357842441,-0.250476555,-0.373511429,-0.577216367,-0.62655232,-0.368378678,0.082650325,0.25412221,-0.129797707,-0.649268313,-0.587788614,0.187160889,0.936146177,1.256123629,1.037417551,0.379504314,-0.29280406,-0.632388197,-0.716022368,-0.553965731,0.027759058,0.665945099,0.9410785,0.833430221,0.446836751,0.031732732,-0.103388405,-0.066365791,0.068073537,0.486104849,0.919286858,1.106569459,1.20678975,1.291065894,1.235731254,0.967603273,0.506796897,0.004816959,-0.361646967,-0.64066754,-0.909905158,-1.125875355,-1.276863797,-1.013482708,-0.172966267,0.564071828,0.94114126,1.033734217,0.9132002,0.725728711,0.552795799,0.377139907,0.181689643,-0.042341247,-0.110110416,0.005337382,0.025561196,-0.183149138,-0.445510815,-0.358788613,-0.080461993,0.00355523,-0.15997617,-0.284267441,0.115417528,0.767472681,0.979408306,0.899806619,0.694890618,0.317719398,-0.037271044,-0.197675346,-0.227226783,-0.202096161,-0.083899084,0.049533963,0.097793289,-0.003975142,-0.261080541,-0.566730285,-0.74040651,-0.821932888,-0.952402197,-1.029892118,-0.871664747,-0.616183875,-0.512732877,-0.630002143,-0.993712885,-1.41646133,-1.53610444,-1.003261721,-0.041151421,0.640085852,0.911407955,0.888373002,0.629956296,0.349356927,0.094179297,-0.255630975,-0.540998666,-0.698803487,-0.981365772,-1.431786303,-1.867828473,-2.217389161,-2.418333419,-2.031016089,-0.715004036,0.530589485,1.100153562,1.381436927,1.481006137,1.297197645,0.958744007,0.657677532,0.409591317,0.223493089,0.090752702,-0.096320286,-0.18822586,0.096041587,0.591974,0.881234124,0.977300228,1.127600578,1.251962925,1.143517779,0.901135083,0.671902688,0.57221727,0.314220614,-0.435143952,-1.422706474,-2.140479781,-2.04803818,-1.390563419,-0.603382425,0.041619299,0.446169869,0.831564982,1.221534667,1.377271502,1.482579749
0.001530334,0.010050285,-0.047443159,0.018232329,0.305020932,0.502920121,0.524758993,0.549728429,0.882736699,1.426384944,1.677852175,1.645084649,1.380010794,0.795237885,0.066635548,-0.527465766,-0.80925631,-0.701363439,-0.265522712,0.16423334,0.453505476,0.624769858,0.756431133,1.056289597,1.322628733,1.269017663,0.860176345,0.320077899,-0.133687996,-0.443795453,-0.650976436,-0.786043822,-0.905961864,-0.966084866,-0.9255163,-1.135254527,-1.833641001,-2.783704214,-3.641626829,-3.762849381,-2.877222856,-2.032159197,-1.934635924,-2.247896369,-2.567741226,-2.712825943,-2.578627241,-2.135206728,-1.498975563,-0.968777585,-0.664287153,-0.303424554,0.181976534,0.339146434,-7.01E-05,-0.527779687,-0.969852417,-1.392674782,-1.816166875,-2.099198244,-2.056008381,-1.370330529,-0.234136836,0.544892182,0.434801926,-0.244296036,-0.843794333,-0.931686338,-0.437996868,0.0827887,0.113818445,-0.129027333,-0.328374623,-0.08083752,0.760292994,1.667732359,2.091339749,1.964637621,1.639069675,1.292405685,0.876164453,0.33152175,-0.248879179,-0.607493124,-0.50432465,-0.05463804,0.190507374,-0.039552538,-0.576707774,-1.139233485,-1.325004489,-0.861444709,-0.051215392,0.544927432,0.767049345,0.747381452,0.691489098,0.799194037,0.813324719,0.455268014,-0.367657757,-1.327168289,-1.798679554,-1.321022675,-0.263584703,0.629548762,0.935461642,0.772180024,0.24131659,-0.452750006,-0.928606529,-1.07971962,-1.342151023,-1.713999168,-1.940942019,-2.096918053,-2.043806694,-1.680578061,-1.471501445,-1.707615183,-2.186688096,-2.692070382,-2.944498144,-2.474290052,-1.658593265,-0.820365498,0.347895935,1.403079109,1.821734054,1.875470725,1.707881797,1.283029197,0.746458228,0.372264768,0.403869663,0.722284309,1.036082656,1.133647781,1.033576762,0.805680785,0.569120336,0.282290884,-0.12052942,-0.460059991,-0.406345012,-0.223922978,-0.454522346,-0.867686703,-1.184879988,-1.397176905,-1.305622645,-0.759066221,-0.004940352,0.591004867,0.969550273,1.249226978,1.455019809,1.371027076,0.712471381,-0.270564642,-1.060653348,-1.227791801,-0.917613554,-0.486860667,-0.025592494,0.431221477,0.536716745,0.254405509,-0.018446314,0.128458797,0.666193168,1.14005021,1.33236431,1.39711154,1.494651026,1.391454645,0.957557921,0.474198858,0.208953106,0.289189113,0.478855475,0.343215743,-0.065350216,-0.558891656,-1.060951125,-1.258296853,-0.886180978,-0.240305022,0.356894837,0.604305023,0.409882693,0.083292824,-0.018611563,0.090867741,0.126094278,-0.039967003,-0.404871363,-0.76038652,-0.81830838,-0.515968903,-0.063435393,0.190604023,0.018879647,-0.506386927
-0.005060145,-0.067277229,-0.233838099,-0.64156762,-1.045402568,-0.963594098,-0.538240007,-0.224291564,-0.050538856,0.071876361,0.014501858,-0.221966044,-0.55038967,-0.862582583,-0.848841016,-0.701794131,-0.775747807,-0.509695377,0.289764851,0.879670466,1.09633977,0.900790642,0.644471964,0.694702309,0.672321197,0.349569871,-0.019914421,-0.336023514,-0.671270848,-0.959875164,-1.064199203,-0.964790177,-0.650389659,-0.153161474,0.387243211,0.695501126,0.776879411,0.846583268,0.908566243,0.826476494,0.538588938,0.091653668,-0.187222283,-0.076873341,0.202898127,0.477393069,0.582887734,0.491877777,0.324648512,0.297101879,0.390094768,0.597732316,1.024389881,1.49282799,1.723626499,1.713690571,1.493228406,1.057677984,0.531907445,0.13473852,-0.074383104,-0.212829923,-0.361837473,-0.59653949,-1.07810504,-1.683466456,-2.131837872,-2.133875726,-1.429062844,-0.590017276,-0.02949569,0.36376305,0.649305716,0.983630942,1.328434842,1.416198587,1.307738503,1.223816149,1.257110859,1.105728611,0.736354972,0.368702577,-0.075898492,-0.746098961,-1.464218887,-1.795878052,-1.382648795,-0.537670928,0.062227702,0.236965206,0.304437183,0.520458208,0.761038169,0.540052822,-0.161013496,-0.787005264,-0.771714226,-0.421467169,-0.326907408,-0.466143034,-0.610387993,-0.627622018,-0.473540379,-0.330528426,-0.129012171,0.117811952,0.311373499,0.617385909,0.831882186,0.776596625,0.546337517,0.398515619,0.473085269,0.634848416,0.797692885,0.89574236,0.968555856,1.010641552,0.984630759,0.909315901,0.823241149,0.759662853,0.72184667,0.652556223,0.62162716,0.61002424,0.505263671,0.283089702,0.202109797,0.447283364,0.597746649,0.345631169,-0.101812233,-0.335343719,-0.149278509,0.227888934,0.387916543,0.259685698,0.027927475,-0.17972897,-0.180232713,0.051703184,0.18033794,0.038091496,-0.240059691,-0.548436784,-0.873773639,-1.080097703,-1.042734989,-0.810228021,-0.372628446,0.305807792,0.820130583,1.072565757,1.143293841,0.921896761,0.599768172,0.399369994,0.210179941,-0.102564061,-0.657248078,-1.515871978,-2.312850573,-2.450761546,-1.7693693,-0.622081073,0.414858981,1.054127479,1.312743528,1.314810558,1.374483655,1.523057583,1.533962666,1.461372,1.303677978,1.29147259,1.34047967,1.295860018,1.274136545,1.008637732,0.242941231,-0.733793637,-1.362226261,-1.15032189,-0.452994635,0.02287022,0.204867779,0.487476935,0.876485549,0.984659332,0.814429601,0.654212692,0.572181149,0.493685875,0.270949529,-0.197312875,-0.788684679,-1.336515111,-1.375077415,-0.517976267,0.304154493,0.622633216,0.739170818,0.624892219
-0.001927353,-0.00957918,0.114126242,0.368493422,0.507944944,0.521525447,0.303023818,-0.207135779,-0.670499103,-0.707626062,-0.402680098,-0.265658032,-0.429782154,-0.625600858,-0.59724262,-0.337107703,-0.059805906,0.030229961,0.069835463,0.302364573,0.518683058,0.466508986,0.295412542,0.143350367,0.192876064,0.308321278,0.188078381,-0.146187155,-0.519386267,-0.673921007,-0.418660724,-0.038200175,0.106715715,0.076607573,0.080836147,-0.070438293,-0.364347654,-0.521578528,-0.678533305,-0.855076147,-0.818032942,-0.530792023,-0.092592408,0.329866948,0.697143571,1.128680264,1.450230983,1.384689537,1.007793989,0.775082069,0.828814057,0.990123642,1.190567034,1.305476946,1.229232161,0.931677743,0.61354863,0.413784309,0.262193354,0.092691734,-0.159443621,-0.531097887,-0.802923283,-0.480763882,0.503428952,1.241712347,1.35805868,1.068927084,0.437885772,-0.302819444,-0.922220837,-1.454961466,-1.783019987,-1.391431144,-0.46549206,0.014707408,0.098459618,0.183501348,0.256022263,0.242734087,0.078650672,-0.387572091,-1.080755503,-1.659624412,-1.874932279,-1.79326676,-1.478553665,-1.060395959,-0.889683944,-0.888007972,-0.706941087,-0.267068767,0.228945729,0.362825823,0.242370393,0.234294758,0.464856153,0.645946842,0.354118844,-0.497449649,-1.57225924,-2.462670346,-2.756801692,-2.517796362,-2.31351495,-2.02777051,-1.188405894,-0.445418414,-0.622820953,-1.516022877,-2.517115839,-2.805803681,-1.93913593,-0.85645953,-0.069966932,0.436210702,0.355947533,-0.256760157,-1.000819482,-1.647596381,-2.296230746,-2.916393933,-2.786498462,-1.434193307,-0.15034104,0.407176404,0.293960677,-0.14310419,-0.451713761,-0.291151999,0.325089009,0.764949621,0.883830301,0.92144479,1.043406757,1.220200924,1.160105536,0.989323627,0.725379904,0.392629852,0.301487005,0.221410771,-0.109228975,-0.458619269,-0.530284836,-0.22436638,0.185759763,0.571493192,1.168501924,1.871864509,2.296806348,2.249212714,1.751265388,1.139383066,0.808350998,0.87375719,1.024660295,0.814291954,0.12000405,-0.805475135,-1.514523214,-1.424805528,-0.426964548,0.52193317,0.901526189,0.788074712,0.594151049,0.629541257,0.845754197,1.001210693,0.754268307,0.034279082,-0.998953612,-1.917310929,-2.118464889,-1.553931326,-0.692215324,0.048427531,0.512544046,0.785164067,0.838138815,0.585625101,0.226561682,-0.069098515,-0.367938031,-0.381670613,0.291984355,0.906363183,0.917167845,0.640735272,0.058790539,-0.845152765,-1.548001025,-1.072941636,0.819924856,2.549244954,3.114743993,2.774822257,1.873050578,0.662464588,-0.411182678,-0.83412403,-0.479118606,0.280669697
0.021974337,0.293150034,0.818946,1.159515656,1.015421948,0.642533446,0.438608734,0.369312324,0.326793517,0.402706957,0.618397189,0.899505307,1.167586826,1.276920852,1.191500385,1.009236141,0.864685423,0.733552664,0.599142417,0.410420711,0.225788894,0.178256887,0.203210749,0.188030543,0.11760239,0.143667622,0.409775748,0.833453395,1.170264843,1.376777592,1.488843794,1.56651562,1.659155452,1.457519895,0.854954082,0.306516842,0.179206751,0.370898037,0.70357395,0.813954519,0.487114716,0.012653494,-0.223427115,-0.100850454,0.130179907,0.040822074,-0.382979936,-0.885040046,-1.479984122,-2.158919059,-2.496077545,-2.171133741,-1.643663535,-1.349282377,-1.199420541,-0.731169787,0.038610919,0.505378679,0.415412741,0.1544515,0.087883525,0.232852613,0.586096195,1.07171145,1.223806359,0.893456058,0.44876655,0.313742125,0.63700457,1.049821209,1.144890104,1.043989659,0.979594581,0.918854455,0.855121412,0.874272151,1.076132978,1.296549035,1.409569387,1.484422607,1.395977846,1.188761905,1.097777435,1.168696549,0.997128886,0.388849067,-0.385729038,-1.228090216,-2.146745161,-2.978540698,-3.190158943,-2.201289794,-0.462893418,1.038079728,1.669283913,1.593658728,1.180092058,0.874955443,1.001146639,1.459570327,1.885424291,2.026941391,1.793835684,1.261232978,0.572773706,-0.060013486,-0.420700534,-0.642558773,-0.910007291,-1.10591781,-1.08871516,-0.933454112,-0.877466117,-1.099611722,-1.573621562,-2.081981776,-2.250827055,-1.829999063,-1.464193627,-1.570144913,-1.785072304,-1.572459536,-0.880154447,-0.210037555,-0.056779957,-0.441944144,-1.057955842,-1.534170746,-1.611400884,-1.353741607,-1.159256417,-1.269138963,-1.644031672,-2.138439025,-2.323906604,-1.830066807,-1.025395093,-0.63326036,-0.593613783,-0.42737091,-0.160624653,0.043178705,0.105189608,-0.071088717,-0.267462777,-0.16453599,0.213991326,0.562707142,0.734637762,0.711652923,0.609124758,0.526276073,0.249094244,-0.229450268,-0.514183771,-0.448407545,-0.371287519,-0.395640463,-0.322707246,-0.204692085,-0.086523412,0.198648081,0.504766594,0.501599192,0.148342185,-0.155686065,-0.055702433,0.25363454,0.479601212,0.605774253,0.731106592,0.950987268,1.199493201,1.307210336,1.355397505,1.533699412,1.684283,1.606059677,1.242168049,0.799860257,0.445479608,0.130843131,-0.085046168,-0.295978805,-0.863821231,-1.803839439,-2.80718738,-3.275080913,-2.664969577,-1.761082103,-1.186190759,-0.686288925,-0.153075461,0.005938962,-0.181343282,-0.564887926,-0.964619657,-0.985609563,-0.274334904,0.667490072,1.152673977,1.25839445,1.237224227,1.078358001
-0.023787179,-0.288835515,-0.69235184,-0.994849209,-1.115254153,-0.962153875,-0.691714575,-0.347448281,-0.038475666,0.015029588,0.056526074,0.377954817,0.698516284,0.603571156,0.289533752,-0.087592161,-0.693712208,-1.330936622,-1.254857751,-0.047192613,0.984092564,1.083690583,0.384661262,-0.704292046,-1.555668851,-1.604278151,-1.279321657,-1.12366035,-1.131859257,-1.133120301,-1.111739149,-0.991499839,-0.598372021,-0.022637953,0.404662476,0.684421179,0.834447575,0.808049679,0.689967355,0.70809125,0.821116153,0.865390312,0.823460175,0.807216495,0.924832258,0.933833804,0.633870661,0.117337867,-0.402665296,-0.81973735,-1.2736448,-1.68589812,-1.697021856,-1.399781417,-1.224994984,-1.235110611,-1.250219795,-1.231647499,-1.258406234,-1.023039392,-0.471693848,-0.035699852,0.120203568,0.317899408,0.714939493,1.079109531,1.285485626,1.224468425,0.945761153,0.549000334,0.204946548,0.119524249,0.126419902,-0.045601807,-0.296469428,-0.378372477,-0.422943068,-0.695362271,-1.023156809,-1.085707964,-0.717399203,-0.133031644,-0.00328367,-0.636648459,-1.695656297,-2.74055323,-3.381903503,-3.215086444,-2.244594501,-0.893322389,0.267427028,0.718116189,0.474153307,0.002193164,-0.210291182,-0.067657914,0.073300456,-0.024838226,-0.050727132,0.111072259,0.217474448,0.300144345,0.349628071,0.239612679,0.124476432,-0.147776891,-0.492911437,-0.332088358,0.199614996,0.481128946,0.493007,0.74529402,1.354831868,1.629461901,1.319315054,0.68489031,0.180198159,-0.18561198,-0.693924011,-1.23207835,-1.651135079,-1.917160746,-1.79665559,-1.227606004,-0.743624715,-0.583258763,-0.616866033,-0.769429788,-0.948253058,-1.021858333,-0.805086199,-0.290734357,0.08197649,0.133716772,-0.101389495,-0.522093995,-0.917829895,-1.063352952,-0.980709677,-1.139998665,-1.628360895,-2.039405061,-1.972328464,-1.453210465,-0.674524043,0.270482774,1.075945437,1.482856802,1.620295327,1.70340391,1.757535536,1.809399241,1.692908473,1.301111865,0.710923115,0.009623282,-0.712591067,-1.348854412,-1.821172248,-2.0076073,-1.766090795,-1.014294757,-0.134272671,0.099668963,-0.082800029,-0.287046768,-0.573725454,-0.722493251,-0.318038209,0.335146084,0.664605558,0.520046395,0.118750629,-0.220726221,-0.34360208,-0.235220194,-0.136610732,-0.227961548,-0.354956639,-0.220483446,0.390042889,1.267730861,1.921711053,1.895627525,1.333368281,0.885114964,0.844908477,0.824690131,0.70643127,0.38220933,-0.156051595,-0.608168911,-0.483991687,0.462928646,1.457911442,1.998366416,2.194006594,2.09331304,1.685044822,1.201019972,0.822899628,0.399440408,-0.074338277,-0.245257274
0.001755742,0.011061431,-0.06904105,-0.212394333,-0.441826043,-0.844465852,-1.159398708,-1.129645601,-0.661244319,0.022716624,0.329817341,0.112244976,-0.488257807,-0.993533922,-0.636073844,0.270804538,0.604338016,0.442082756,0.261782413,0.094604784,0.005398529,0.274781026,0.644104109,0.627971745,0.177789473,-0.393757836,-0.852370313,-1.124474033,-1.155591728,-0.957583108,-0.594979862,-0.315949547,-0.290980955,-0.554733252,-0.802736123,-0.825006648,-0.770571179,-0.595064704,-0.240212786,-0.018808518,-0.108606273,-0.401011563,-0.805324179,-1.103756272,-1.096301257,-0.899314653,-0.822733014,-0.89564192,-0.796317126,-0.336467771,0.185465159,0.615904095,0.695841919,0.280791491,-0.113444137,-0.252454669,-0.420830267,-0.773482781,-1.287877898,-1.74740595,-1.845283428,-1.491108935,-0.839038887,-0.224328453,0.179272709,0.229170702,-0.172152561,-0.574862598,-0.384496157,0.197630243,0.642348959,0.721275864,0.365604039,-0.247882773,-0.691254305,-0.849979153,-0.997690617,-1.192095006,-1.381017433,-1.410079162,-1.139196206,-0.688167446,-0.40316513,-0.281417392,-0.100533217,0.060064816,0.017331938,-0.244739382,-0.395492872,0.030567825,0.758974329,1.11083265,1.079417653,0.923748106,0.813205727,0.764654507,0.747101476,0.897115833,1.124516221,1.241380446,1.305983629,1.394612521,1.361142931,1.159918851,0.869718778,0.504669202,0.174687169,0.07533685,0.168346995,0.498981079,1.076384413,1.305406106,1.017617467,0.638850261,0.54267653,0.803721906,1.093455585,1.226214102,1.079660428,0.690087393,0.307803898,-0.026498249,-0.276664647,-0.302512505,0.005569984,0.570426468,1.19409579,1.591686023,1.470156623,0.763357808,-0.127013142,-0.67278901,-0.335378051,0.517102251,0.968638294,0.961414283,0.660918946,0.153198653,-0.080544629,0.222391103,0.419714961,0.330583286,0.372694666,0.605312266,0.657762512,0.359936924,-0.295036461,-1.071547753,-1.629836687,-1.668606411,-1.17098103,-0.566358868,-0.105314174,0.114166622,0.076161136,-0.197173308,-0.64023892,-0.965747053,-0.800050396,-0.254111721,0.148870776,0.137287386,-0.176042775,-0.398917985,-0.337271187,-0.397686684,-0.795845955,-1.053640958,-0.772535328,-0.323877022,-0.010455087,0.134764007,0.16553182,0.137770835,-0.117910876,-0.499848649,-0.656685723,-0.463641848,-0.166149076,-0.175853874,-0.450102198,-0.7661616,-0.964861259,-0.832888492,-0.297079653,0.305460989,0.551455793,0.288700866,-0.164428094,-0.354115973,-0.510120092,-0.866656298,-1.408590021,-1.949296864,-2.004005856,-1.66726656,-1.205173812,-0.5420095,0.162453816,0.637013478,0.685277797,0.452921903,0.12362266,-0.371779064
0.006704764,0.083150395,0.23614782,0.305309753,0.106199234,-0.505805099,-1.04175708,-1.080940843,-0.953721467,-0.731015323,-0.513325326,-0.545917769,-0.604121275,-0.517646994,-0.479633334,-0.308311975,-0.034476741,-0.120083673,-0.590068715,-1.001777287,-0.719695779,0.082751592,0.428462589,0.294786441,0.256893641,0.616469995,0.893590343,0.667775704,0.182140115,-0.30733904,-0.574570768,-0.684182448,-0.968756786,-1.539993249,-2.13791717,-2.134455359,-1.105054223,0.092268489,0.399931257,0.010906301,-0.429192717,-0.539599057,-0.34169903,-0.103149947,-0.086117531,-0.297802413,-0.613060811,-0.889501472,-0.884235801,-0.778151978,-0.892221861,-1.168347663,-1.321168821,-1.354560675,-1.640238031,-2.058691985,-1.940261822,-0.69004458,0.553057806,1.133361892,1.494714097,1.819770156,1.994368272,1.801463336,1.371894158,0.847461857,0.163695929,-0.460086133,-0.542275377,0.18937168,1.08361208,1.442131947,1.341007672,0.886843661,0.098129924,-0.781441324,-1.437801728,-1.48064225,-0.978332275,-0.725664856,-0.839614436,-1.02527201,-0.994459189,-0.404639743,0.525024648,0.926265783,0.694383183,0.323382599,0.130276506,0.065648173,0.12518879,0.188364903,0.429807009,0.76751121,0.792907438,0.457578835,-0.063649207,-0.297865669,-0.045835641,0.310924745,0.556301019,0.804242745,1.220345896,1.600592562,1.726925694,1.69826853,1.546729773,1.06654851,0.323988551,-0.432432253,-0.721139633,0.01652005,1.172757024,1.725568256,1.445485211,0.681626632,-0.009194248,-0.231133958,0.092653577,0.68846765,0.998296023,0.902180092,0.745548641,0.624775726,0.174455731,-0.611210706,-1.390526794,-1.917967527,-1.973229341,-1.354937449,-0.2428777,0.760974345,1.270998755,1.228653017,0.939990972,0.859554038,0.894736828,0.870998984,0.892627328,0.743961635,0.383186048,-0.086883074,-0.591571502,-1.009484877,-1.257476575,-1.313372389,-1.28910017,-1.229476072,-0.897106519,-0.18039822,0.208700724,0.057360985,-0.120177935,0.031704533,0.42175919,0.620531137,0.315345081,-0.100256518,-0.120683375,0.031201161,-0.053441888,-0.349792656,-0.648235293,-0.822268178,-0.706666621,-0.491330876,-0.424887362,-0.17581146,0.278253763,0.471166647,0.331875507,0.209484738,0.416240204,0.854344341,1.232751599,1.138849632,0.53831774,-0.344950473,-1.025689343,-0.960715144,-0.5105508,-0.569792388,-1.18433153,-1.561985931,-1.203404248,-0.590872488,-0.117676213,0.020383271,-0.101652631,-0.220082563,-0.25183804,-0.426783102,-0.706091861,-0.818138043,-0.671058034,-0.378531692,-0.190272293,-0.551653308,-1.273309833,-1.702828507,-1.291259451,-0.328588802,0.44456218,0.73687826
-0.016443547,-0.212974237,-0.650816371,-0.910097256,-0.464213946,0.432867469,1.100801616,1.385840669,1.434549151,1.511741854,1.705729708,1.765977972,1.671342794,1.633767151,1.72859603,1.743921964,1.686928127,1.710990705,1.784630096,1.807030068,1.64464128,1.366610166,1.153634042,0.878132705,0.365029977,-0.082260147,-0.12735888,0.112784337,0.282505205,0.18365698,0.056360367,0.218288665,0.507361187,0.558474161,0.342399003,-0.006736009,-0.437499344,-0.692445669,-0.405158578,0.129590445,0.372627478,0.45540385,0.704211278,1.013225337,1.127448144,0.999302071,0.674256177,0.36957627,0.378080107,0.590086848,0.73567179,0.71762735,0.558835733,0.204787033,-0.456944714,-1.356065172,-1.97556352,-1.550923232,-0.484816461,0.270884754,0.291215769,0.004474112,0.167998805,0.790943702,1.076694283,0.80696377,0.284996727,-0.107900223,-0.22045516,-0.305064438,-0.49525103,-0.582907925,-0.258185321,0.396617249,0.799551492,0.623859977,0.199037893,-0.001876721,-0.014052877,-0.250320021,-0.675313536,-0.815603179,-0.464280514,0.036404945,0.445117204,0.766656072,1.049512084,1.209250995,1.191939274,1.015459007,0.654267275,0.384596089,0.507211414,0.747569046,0.677935298,0.229067443,-0.45598874,-0.975763612,-0.824899167,-0.085960792,0.511288889,0.691114079,0.907899461,1.463574778,2.011667555,1.92491293,1.16024765,0.279810856,-0.160838427,-0.034913875,0.138484898,0.007664613,-0.376570075,-1.00684788,-1.684104322,-1.934446855,-1.506731113,-0.663273375,0.199247209,0.767310872,1.105254578,1.470068957,1.763661641,2.045562949,2.347454843,2.323291436,1.630176888,0.481778029,-0.683887433,-1.441371808,-1.606886519,-1.43167904,-0.957990892,-0.638339984,-0.967068312,-1.596808265,-1.913171752,-1.458616968,-0.630118923,-0.139343022,-0.046753005,-0.209057912,-0.333497393,-0.066713976,0.406170205,0.774668127,0.884109369,0.77627313,0.433588665,-0.022901064,-0.298826209,-0.518700413,-0.970719851,-1.471419446,-1.583316719,-1.003464479,-0.289834667,0.117724308,0.256090727,0.124692458,-0.045719002,0.193920276,0.669488676,0.995898922,1.08253385,0.870046687,0.601976547,0.471996075,0.421601834,0.426571964,0.481849842,0.762192471,1.148202303,1.343558679,1.365331951,1.169993214,0.992471206,1.023285568,0.937973816,0.633113368,0.262548103,0.132872384,0.335997818,0.62300165,0.769443544,0.691654555,0.42132624,0.083179392,-0.039064121,0.461707935,1.288425121,1.731560646,1.806806378,1.887653448,1.945183472,1.747862458,1.242067737,0.583268358,-0.042952956,-0.390995086,-0.351075897,0.053429433,0.643097259,0.918867708
-0.010362697,-0.130145075,-0.220083822,0.03011837,0.494898573,1.006939763,1.427076806,1.55280116,1.386647978,1.079874856,0.684538667,0.195915123,-0.365525365,-1.001066745,-1.640243483,-1.919892078,-1.58040192,-0.856283772,-0.001207001,0.268021944,-0.015332984,-0.283244749,-0.277533037,-0.126501857,-0.031633695,-0.017628161,0.21413284,0.680971246,1.083211508,1.203652739,0.979670892,0.644619658,0.488734924,0.670052865,0.876301905,0.752727686,0.367865946,0.129703017,0.407365182,0.942504319,1.249764914,1.23385336,1.144333522,1.03006593,0.80181656,0.374400647,-0.189537734,-0.657037414,-0.949959553,-1.211080529,-1.359679755,-1.093377206,-0.453868007,0.208465188,0.508747268,0.459336026,0.367542545,0.478787794,0.729178548,0.691675911,0.144715393,-0.630725581,-1.090131711,-0.880259424,-0.479564105,-0.350395599,-0.467081083,-0.504673581,-0.190200484,0.318206305,0.693102277,0.88779526,0.896044873,0.673468329,0.261066051,-0.160649072,-0.4004974,-0.508176507,-0.464308947,-0.117958178,0.53714408,1.155988055,1.361593658,1.123399664,0.539254245,-0.186500176,-0.662673478,-0.403666094,0.338242499,0.887393469,0.98385377,0.746922798,0.388546551,0.003197223,-0.266078173,-0.40699185,-0.766958851,-1.140140266,-0.973184776,-0.483587199,-0.140395663,-0.058274231,-0.121974828,-0.242839265,-0.407590946,-0.667217079,-0.93528159,-0.944963515,-0.56196953,0.183792193,1.151246401,1.630554456,1.283259543,0.4297487,-0.514790512,-1.157954031,-1.17016427,-0.74040907,-0.408468062,-0.160816882,0.228042645,0.421685331,0.227111894,-0.158556761,-0.502417514,-0.722370044,-0.878529494,-0.925255117,-0.812628479,-0.634593764,-0.497354162,-0.426140596,-0.348147514,-0.254478643,-0.064200943,0.183120189,-0.008491406,-0.613758853,-1.061361176,-0.830022331,-0.344389771,0.019709043,0.249424029,0.095871653,-0.371212595,-0.818442017,-0.891313334,-0.801005537,-0.964611346,-1.124110015,-0.918944096,-0.627376412,-0.472780433,-0.469846569,-0.704007776,-0.953903227,-0.835108674,-0.279928363,0.271554207,0.590925392,0.679009159,0.68977804,0.651006799,0.252878477,-0.499092396,-1.314579278,-1.925335064,-2.048910906,-1.73252218,-1.379499848,-1.09300451,-0.920732958,-0.823878207,-0.70076441,-0.404808883,-0.126492081,-0.133162121,-0.310642005,-0.54385319,-0.824305414,-0.964495319,-0.652834648,-0.022320682,0.506813133,0.55210551,0.09483367,-0.546095195,-0.966620505,-1.086633018,-1.193150668,-1.504117406,-1.954609813,-2.054932722,-1.29705374,-0.087538685,0.772891925,0.999206293,0.663367928,-0.045979658,-0.659901629,-0.604827164,-0.032206249,0.498923983,0.711993229
0.011955018,0.140402628,0.273207926,0.180311009,0.000144917,0.058215426,0.452639257,0.80907566,0.567896788,-0.187069384,-1.287911791,-2.513560757,-3.506464736,-3.462975305,-2.329852594,-1.112012474,-0.196741029,0.396017363,0.684120896,0.665932017,0.285392884,-0.299447835,-0.610852758,-0.421216728,-0.078219017,0.138348296,0.120610428,0.026744059,-0.018761256,0.156588161,0.733126308,1.468064748,1.903324562,1.929778756,1.676071636,1.144438077,0.48426455,-0.020829224,-0.389142958,-0.752282943,-1.130354119,-1.37958666,-1.191160959,-0.563112736,0.172124694,0.75172214,1.008277056,1.070264843,1.139366622,1.110759445,0.925166857,0.753833899,0.592851552,0.250552611,-0.260453612,-0.778895015,-1.175597707,-1.22382452,-1.12928939,-1.175721447,-1.095817869,-0.79045779,-0.559281483,-0.732186045,-1.182447304,-1.560184509,-1.499856982,-0.996337419,-0.467760646,-0.174050742,-0.243720896,-0.634276265,-1.221646492,-1.785935713,-2.033331324,-1.76627756,-1.059580837,-0.268231126,0.353951445,0.710722031,0.86568983,0.841510574,0.641313235,0.490446892,0.501951189,0.502937612,0.321684583,-0.009247648,-0.384855696,-0.636996397,-0.530445857,0.007321305,0.471030531,0.46856328,0.239864893,0.077890927,0.02336165,-0.050762498,-0.34366527,-0.554635001,-0.298618475,-0.015800784,-0.144396114,-0.621612185,-1.264042132,-1.747815505,-1.607962357,-1.268531389,-1.44894124,-1.886528665,-2.180400517,-2.195697379,-1.924115085,-1.428638226,-0.876801219,-0.447490045,-0.088230473,0.220893824,0.389030627,0.236776759,-0.402779423,-1.175048521,-1.598919026,-1.485327603,-1.143066201,-0.809803701,-0.559657373,-0.507434968,-0.349709153,0.288442511,0.914118582,1.211199636,1.280061184,1.027971643,0.656731976,0.396536588,0.141070585,-0.267439513,-0.893503109,-1.459899825,-1.419626289,-0.762956484,-0.145927249,0.238524988,0.403774154,0.368573727,0.125179275,-0.208566681,-0.308673872,-0.021856988,0.384353007,0.679309756,0.970002025,1.271715832,1.303768928,1.099909385,1.0261455,1.108403069,1.118417013,1.146527826,1.219744824,1.047610318,0.582917781,-0.028667804,-0.540827228,-0.633032164,-0.483207218,-0.330541408,-0.240845766,-0.423040989,-0.89846209,-1.608784902,-2.290633744,-2.642883917,-2.787687555,-2.734514278,-2.3286391,-1.762043036,-1.195817837,-0.700599759,-0.422957932,-0.409206391,-0.560746646,-0.772277075,-1.059756591,-1.477238601,-1.883582656,-1.856104199,-1.168846445,-0.241771602,0.482194255,0.60304941,0.070287742,-0.821115934,-1.555250463,-1.420785492,-0.363124476,0.532522544,0.693417702,0.405929597,-0.025708802,-0.386872538,-0.567920758,-0.752752408
0.010942,0.160797907,0.599347018,1.130913771,1.511075141,1.517635817,1.152387942,0.655726845,0.214245636,-0.179681134,-0.530150986,-0.737055508,-0.802514141,-0.792039037,-0.72308804,-0.537838289,-0.148936403,0.203734243,0.209613837,-0.165505115,-0.639855743,-0.834487675,-0.755520468,-0.584381707,-0.433571458,-0.419356456,-0.570559794,-0.674531947,-0.613610334,-0.496773492,-0.29053977,0.043508502,0.393675253,0.463569533,0.377893113,0.390429602,0.274819172,-0.144450117,-0.653701436,-0.92736071,-0.670550472,0.070481046,0.747834609,1.115661524,1.243968564,1.306118699,1.382680414,1.226875906,0.893662144,0.654368128,0.531139438,0.483642919,0.408879101,0.199241669,0.019544455,0.01577799,0.13382338,0.357053153,0.519378981,0.503667352,0.435636257,0.261895822,-0.013676584,-0.194261954,-0.148726783,0.065214644,0.229526009,0.214569657,0.242867191,0.612139725,1.091442435,1.327000242,1.23314561,0.865813579,0.402368515,-0.04878761,-0.221836832,0.049303886,0.094608458,-0.376091093,-0.898900974,-1.013489861,-0.836742205,-0.808606414,-0.930932737,-0.860733189,-0.522833745,-0.298694601,-0.256410159,-0.252595882,-0.204867107,0.176568229,0.866971012,1.367411255,1.477033495,1.212698755,0.834633943,0.667401844,0.599382331,0.561449178,0.927107058,1.58838005,1.961809394,1.850599798,1.215389932,0.170544038,-0.905280295,-1.658294117,-2.035722594,-2.023367127,-1.403052571,-0.224234389,0.733500189,1.078378973,1.241116448,1.266449567,1.024373017,0.706246964,0.607729113,0.778668133,1.028194647,1.178418165,1.088052135,0.597617038,-0.223201693,-1.115088978,-1.846358509,-1.976600298,-1.142218853,-0.180161502,0.202454613,0.328522935,0.704024685,1.150437893,1.153045781,0.743377471,0.346045485,0.250478777,0.409663912,0.519089859,0.541226117,0.512312251,0.24830752,-0.234038978,-0.5994361,-0.615026099,-0.523212351,-0.555709076,-0.77154811,-1.047079065,-1.067629736,-0.465150057,0.352865284,0.766715748,0.738158163,0.580720566,0.638249849,0.849981698,0.893428825,0.499397305,-0.142381812,-0.599926605,-0.838904829,-1.004364092,-0.805770049,-0.182653832,0.485315131,0.879679517,1.012895943,1.007136523,0.851050298,0.400691404,-0.34842264,-1.032978501,-1.322915137,-1.490026396,-1.746691145,-1.906448856,-1.902561499,-1.878002518,-1.746365896,-1.30241902,-0.786456376,-0.360758095,-0.136274678,-0.380022878,-0.84065724,-0.994543901,-0.854712923,-0.557262209,-0.148047046,-0.008759118,-0.095913511,-0.166121884,0.001088372,0.484859367,0.905568447,0.880665294,0.319995102,-0.526424235,-1.270423378,-1.79879971,-2.233922712,-2.404326915
-0.008762164,-0.101177466,-0.179627212,-0.052439662,0.293550571,0.904314475,1.444712869,1.441006301,1.09678889,0.93475182,1.222665831,1.54637241,1.432772758,1.075889706,0.836454642,0.780811978,0.712976745,0.504622693,0.24032641,0.01589484,-0.027735317,0.178028063,0.594717857,1.053357678,1.302739003,1.415900563,1.481934288,1.384007531,1.033130079,0.701293478,0.550522812,0.403399675,0.253055363,0.280779416,0.378000667,0.169978145,-0.314722955,-0.829552513,-1.194686022,-1.398390773,-1.399658376,-1.182482938,-1.032318539,-1.003330045,-0.784624611,-0.469064095,-0.298398028,-0.212064939,-0.325084925,-0.573000388,-0.754628728,-0.646037597,-0.207968711,0.10684432,-0.024111703,-0.439175439,-0.779890944,-0.708636193,-0.117732089,0.524435208,0.616063988,0.02697728,-0.830183823,-1.372249603,-1.339764561,-0.92866403,-0.111187821,0.910414121,1.562537139,1.824814817,1.857813217,1.712946103,1.450823948,1.064458484,0.66619541,0.462348074,0.455949832,0.139734897,-0.501432055,-0.770148218,-0.217792962,0.482468012,0.855790972,0.982071879,0.810076617,0.386175154,-0.209687073,-0.732338496,-0.774080926,-0.260213134,0.245218619,0.454651694,0.570929141,0.546437538,0.369934498,0.180986516,-0.010453382,-0.281098115,-0.665471238,-1.132672427,-1.527728315,-1.672843378,-1.423849513,-0.6287319,0.24295486,0.775956279,1.060676205,1.232151445,1.221981432,0.94141168,0.491928248,0.006116361,-0.171232898,-0.117559828,-0.234122973,-0.450268845,-0.60755857,-0.74469182,-0.744247951,-0.445601857,-0.046364885,0.45430259,1.037164826,1.550891663,1.840582669,1.682844155,1.190413518,0.777013259,0.558689251,0.355371587,0.13032085,0.044850421,0.241583161,0.418850555,0.354585978,0.373006951,0.782913065,1.225050829,1.108758022,0.571059154,0.087145666,-0.123322142,-0.260573369,-0.55879811,-0.668388642,-0.143952701,0.541700877,0.71997193,0.319220332,-0.210819311,-0.529252639,-0.571630271,-0.194622991,0.443956412,0.77687603,0.678990346,0.290667941,-0.247645671,-0.70992149,-0.939794737,-0.653817285,0.072730831,0.451966937,0.402201067,0.344223973,0.398584475,0.426493818,0.544374436,0.919742163,1.326552412,1.423237799,1.225476985,0.865129983,0.38188485,-0.19267272,-0.780761601,-1.277772432,-1.552596821,-1.705077547,-1.857927914,-2.002028904,-2.087682087,-1.986383695,-1.631410579,-1.026622265,-0.725871582,-0.966514802,-1.399228169,-1.667524612,-1.610023022,-1.400865555,-1.160649147,-0.70071138,-0.134636448,0.135380217,0.142684217,0.096368753,-0.125496229,-0.40714843,-0.187651175,0.453573492,0.869276794,1.041133357,0.9361536
-0.002391932,-0.026759784,-0.019916892,0.101229617,0.20805471,0.136582276,0.035194731,0.058126531,0.162326607,0.343514376,0.581575763,0.658739275,0.425148809,0.147698879,0.211439615,0.460086087,0.622539009,0.811773246,0.949648599,0.87153551,0.578831397,0.080715221,-0.540186713,-1.116621267,-1.350098577,-0.793643103,0.220366571,0.954036554,1.092866742,0.761285509,0.449372869,0.240015802,-0.079917332,-0.124001726,0.426084303,0.982161056,1.164757962,1.185965013,1.261549201,1.397302102,1.584892172,1.742768347,1.642899414,1.149650847,0.553539069,0.011901016,-0.695446542,-1.370379906,-1.491873799,-1.095720083,-0.578925536,0.012746774,0.516239757,0.621121284,0.329915279,-0.305150654,-1.175111276,-2.005679839,-2.416708671,-1.771320446,-0.306655259,0.750870074,1.026191987,0.743228847,0.379865535,0.253796251,0.195408417,-0.041555241,-0.06301435,0.566249701,1.089668662,1.131233631,0.863709618,0.357434734,-0.293300578,-0.886612806,-1.187771703,-1.29121963,-1.38133928,-1.509345037,-1.641235816,-1.609293757,-1.235059309,-0.688404825,-0.381550952,-0.260744414,-0.23707315,-0.404128938,-0.834861755,-1.286222003,-1.20895384,-0.546782232,-0.073011233,0.080357888,0.167937561,0.262688629,0.252599214,-0.173430922,-0.87979636,-1.220248522,-0.80926285,-0.343546096,-0.137182448,-0.018717031,-0.007407935,-0.146309064,-0.446829108,-0.862810149,-1.163911227,-1.045168425,-0.307952233,0.512263487,0.652199684,0.084867316,-0.691274472,-0.966140511,-0.428464061,0.072704886,0.249287577,0.208630546,-0.020507159,-0.333632121,-0.609566701,-0.804255834,-0.979899749,-1.079182101,-0.802764773,-0.399012636,-0.206604284,-0.084815482,0.064835747,0.295538006,0.32294057,0.132015646,-0.073580395,-0.329844315,-0.573548184,-0.61326766,-0.391507502,-0.032662559,0.242115227,0.436793097,0.668274052,0.991483682,1.339951745,1.406857323,1.158062684,0.99242535,1.270526182,1.737482681,1.861239243,1.615392481,1.312818029,0.95321149,0.44088488,-0.077949873,-0.308255728,-0.31673344,-0.443059998,-0.587526515,-0.555619572,-0.469565925,-0.593763426,-0.887262245,-1.153446846,-1.390819854,-1.666001829,-1.734211354,-1.228899283,-0.415948703,0.081604511,0.005716189,-0.572660354,-1.355497074,-1.95168207,-2.00450285,-1.472045732,-0.69689687,-0.014468269,0.366636135,0.274972771,-0.062709968,-0.416062201,-0.767947499,-1.048201432,-1.120139939,-1.117586967,-1.158200991,-1.180800262,-1.335957,-1.70003815,-2.154608896,-2.513559716,-2.613655965,-2.139668308,-1.240391194,-0.643057313,-0.293954187,0.116618236,0.449699538,0.479627053,0.300286561,0.019064155,-0.386648381
-0.005512952,-0.061126205,-0.083429734,-0.00057311,-0.199895549,-0.750634968,-1.301616967,-1.286360662,-0.353539726,0.513536054,0.852159848,0.94983575,0.985719213,1.051763595,1.131334273,1.07496412,0.798754622,0.549973445,0.363505943,0.117014045,-0.052461531,0.12353077,0.710554955,1.344264044,1.663535687,1.408852911,0.809209695,0.254836887,-0.140136204,-0.380296434,-0.543086235,-0.853853642,-1.334328295,-1.805977889,-2.098311113,-2.045975069,-1.644238764,-1.342782637,-1.49557027,-1.875599149,-1.891388482,-1.199307903,-0.599193591,-0.468659245,-0.575236993,-0.821232601,-1.0650468,-1.340608236,-1.810178603,-2.339563274,-2.863131872,-3.384097272,-3.734636413,-3.912140797,-3.875580286,-3.265110137,-2.055535228,-0.61127535,0.398165443,0.574959621,0.380421449,0.256404726,0.100454531,-0.220402307,-0.648434081,-1.003458499,-0.991748641,-0.341858746,0.480763919,0.58224863,-0.046212145,-0.849616632,-1.165210701,-0.530999194,0.225837227,0.344457366,-0.033967413,-0.314641254,-0.020279679,0.550951321,0.87325208,0.617248344,0.153726739,-0.077699763,-0.155777311,-0.186950316,0.089234836,0.846941705,1.599606953,1.936532097,1.672688156,0.812609761,-0.270947235,-1.229917799,-1.915812936,-2.264013846,-2.39198263,-2.460089435,-2.297204075,-1.776076976,-1.252758534,-0.974079714,-0.801205675,-0.618343928,-0.358741566,-0.136920859,0.064798243,0.534999109,1.167179589,1.389327542,1.11435126,0.537944211,-0.099090147,-0.780597969,-1.622462712,-2.457708386,-3.029676366,-2.943611549,-1.916137778,-0.600390704,0.325667341,0.707176216,0.622525384,0.394243601,0.27442877,0.194240367,0.261831275,0.542014442,0.706644432,0.606981847,0.304215896,-0.12611553,-0.468845983,-0.574126713,-0.543740739,-0.437782101,-0.338429551,-0.308659521,-0.182606429,-0.27424803,-0.777918546,-1.30302629,-1.154061581,-0.233683511,0.641618421,1.051673762,0.916742449,0.333828815,-0.455926825,-1.048832865,-1.108097594,-0.506590284,0.187478548,0.568914278,0.734959635,0.580832442,0.058511034,-0.64514876,-1.263292494,-1.633170569,-1.4853698,-0.986439187,-0.840631801,-0.973258749,-1.039521441,-1.09742518,-1.195399625,-1.03337204,-0.41106694,0.206347038,0.43594345,0.171002027,-0.41299165,-0.941417807,-1.420313412,-1.816765891,-1.865229107,-1.666650592,-1.193912359,-0.518002036,-0.197371521,-0.36526637,-0.836143523,-1.292529401,-1.089435382,0.087763819,1.13276971,1.300749974,0.912416937,0.379622414,-0.049549385,-0.027772527,0.631434508,1.288816619,1.471959166,1.179175762,0.62110333,0.131385654,0.045543805,0.232242605,0.310073768,0.289306241,0.155735433,-0.17923254
-0.011156466,-0.139842759,-0.365676923,-0.387836351,-0.137317122,0.116377166,0.036404949,-0.368529767,-0.874596515,-1.250688907,-1.374193667,-1.190673686,-0.6229224,-0.065993522,0.21899863,0.422403211,0.617678753,0.582296799,0.080793275,-0.716311813,-1.537735173,-2.050092027,-1.644072325,-0.422651143,0.830175869,1.470131864,1.464855828,1.103087133,0.522041823,-0.081015465,-0.546023496,-0.902513712,-1.127394433,-1.009749346,-0.254092384,0.505783334,0.530190625,0.052728322,-0.415134853,-0.478019308,-0.476326052,-0.975684371,-1.641835761,-1.767038418,-1.481361082,-1.155382983,-0.515184068,0.090782358,0.055179078,-0.337455965,-0.431485937,0.045290147,0.698067168,1.127136165,1.265963151,1.023622151,0.58100902,0.053935,-0.411826255,-0.473316083,-0.072458788,0.261490957,0.336979537,0.509697269,0.829381829,1.043876156,1.002685551,0.731920163,0.551204137,0.681547203,0.952242363,1.006696549,0.806640329,0.629449859,0.477313826,0.374078787,0.53533997,1.035332934,1.665940518,1.967965265,1.562443198,0.51711159,-0.712797086,-1.536904999,-1.556998509,-1.345118032,-1.266094643,-1.222967999,-1.275746808,-1.397457222,-1.49044967,-1.539188497,-1.294033022,-0.799482213,-0.435078678,-0.00758919,0.624641233,1.059217014,1.061602375,0.652124413,0.064290118,-0.267752763,-0.16331361,0.062788607,0.377234538,0.569294377,0.301430924,-0.3089567,-1.093652519,-1.626672548,-1.228922727,-0.328351241,0.000686863,-0.327635592,-0.687745033,-0.666965667,-0.340303972,-0.105902742,-0.131654849,-0.336207267,-0.639227063,-0.825221853,-0.545402984,0.182079114,0.758165613,0.9736012,0.733776801,0.038946261,-0.642804858,-0.823773058,-0.584177746,-0.389475477,-0.267774178,-0.071259267,-0.051404837,-0.181804399,-0.038741087,0.409702627,0.934175002,1.216471059,1.004794317,0.400792222,-0.183731152,-0.248041225,0.32169795,0.764171091,0.677168252,0.39276582,0.275314215,0.461443447,0.895251731,1.285641618,1.352849261,1.362370186,1.363375341,1.25993595,1.279286998,1.445894604,1.307360587,0.756279041,0.050226848,-0.522180466,-0.79701949,-0.928468834,-0.927937856,-0.649380212,-0.344013509,-0.330369841,-0.642565827,-1.300320872,-2.129506025,-2.731710046,-2.593189167,-1.700632374,-0.799348614,-0.194131331,0.230670698,0.553983146,0.715055275,0.691413533,0.641860379,0.642517702,0.70151167,0.671567448,0.514194533,0.340240584,0.206589071,0.03252844,-0.179410088,-0.564963897,-1.012498769,-0.758536369,0.384304262,1.128240925,0.957175259,0.275301666,-0.396024063,-0.558648025,0.021425392,0.659874071,0.806084641,0.638340993,0.547392423,0.579902015
-0.011725732,-0.141778483,-0.305262105,-0.43096126,-0.479843603,-0.336107638,0.249723417,0.978838849,1.102122256,0.75355316,0.460972374,0.377405956,0.150739905,-0.148386073,-0.270644337,-0.300507932,-0.149034856,0.190600055,0.34669155,0.46034758,0.736987478,0.770293942,0.502359098,0.285525831,0.171278755,0.079096569,0.016576769,-0.077511427,-0.235150717,-0.192170549,0.198859822,0.550279039,0.688439039,0.796846158,0.829085304,0.603254305,0.306938458,0.215097737,0.161453757,-0.236036171,-0.988967653,-1.74468731,-1.784320008,-0.797412197,-0.03962557,0.030926937,-0.153218061,-0.331396504,-0.444985859,-0.573416445,-0.877352122,-1.270383672,-1.399323323,-1.134432087,-0.842369078,-0.707100839,-0.750919158,-0.865317093,-0.719048061,-0.163103132,0.360003318,0.50029381,0.259599068,-0.179463785,-0.541551662,-0.573902937,-0.307565658,0.046725661,0.194945517,0.066474043,-0.179854021,-0.408376691,-0.553932747,-0.850869509,-1.260588547,-1.376271103,-0.755231488,0.325786171,0.90550478,0.789299508,0.364591606,0.078993398,0.199582927,0.512360055,0.730167061,0.773102125,0.736329536,0.613270518,0.299031791,0.09269574,0.278022699,0.482802468,0.407945933,0.33806424,0.418523901,0.503875727,0.628746921,0.693037463,0.467968777,0.084920365,-0.060217863,0.066432063,0.259570762,0.351824831,0.124156142,-0.318657644,-0.540105831,-0.28406598,0.070763574,0.091475895,-0.011034297,0.074956921,0.295957642,0.565596154,0.578623486,0.260550158,-0.288122717,-0.987560693,-1.37602312,-0.984129388,-0.335180926,-0.066427199,-0.1439091,-0.315275795,-0.392362353,-0.332558974,-0.090529707,0.604038463,1.350898747,1.456245056,0.966061461,0.184667723,-0.45134606,-0.413481236,0.234454843,0.684688569,0.696877174,0.535924294,0.338964421,0.04252061,-0.362257065,-0.687361715,-0.791603561,-0.721681039,-0.45444979,0.01022911,0.408881275,0.611167727,0.758660258,0.789073434,0.664610516,0.539318047,0.411565285,0.212501061,-0.002671805,-0.164664502,-0.079893031,0.198289216,0.238833826,0.039172384,-0.038502662,-0.056664698,-0.117367113,0.053499913,0.40737286,0.521692923,0.506554796,0.538443317,0.475113492,0.227677165,-0.159156291,-0.642751849,-1.120660474,-1.413287082,-1.411858963,-1.056091832,-0.504602244,0.009034426,0.225464704,-0.174639369,-0.8647672,-1.045701977,-0.203897799,0.934455121,1.470514,1.481071502,1.324012449,1.162703855,1.033343657,0.890570784,0.664550393,0.213276407,-0.640993372,-1.741399944,-2.785986139,-3.464174162,-3.657024133,-3.419731129,-2.441880841,-1.453212982,-1.047242124,-0.974208993,-0.94475195,-0.707280646
-0.010896082,-0.148342677,-0.48158918,-0.764053525,-0.675093962,-0.275016807,0.167101822,0.553368252,0.852441862,0.88250709,0.661649086,0.447827273,0.354237686,0.306242123,0.145691857,-0.043804512,-0.121596871,-0.077634767,0.25851447,0.66618401,0.694820036,0.20319941,-0.35227326,-0.319149473,-0.033310917,-0.12571964,-0.593145221,-1.340969447,-2.161674852,-2.603241045,-2.158277181,-1.143270288,-0.33712145,-0.00082345,0.201834006,0.308672488,0.13425091,-0.071191569,-0.008681557,0.193984921,0.277605901,0.201337085,0.228328523,0.494849158,0.822568706,1.099478931,1.171449925,0.789654409,0.238856642,-0.109149606,-0.224718167,-0.215714758,-0.311237304,-0.303028795,0.080009297,0.536401266,0.745142418,0.719106402,0.58616482,0.412907763,0.354626714,0.365926494,0.168417546,-0.141567328,-0.409012735,-0.661535124,-0.82236057,-0.650287791,-0.235397745,-0.113286579,-0.317723775,-0.471277768,-0.458104777,-0.575953737,-1.105595599,-1.900807735,-2.528674427,-2.7465194,-2.72479892,-2.495860717,-2.164413261,-1.87922411,-1.529624636,-1.200164582,-0.958394914,-0.65562331,-0.361253842,-0.010044,0.505401921,1.206447257,1.558935958,1.436593429,1.271357678,1.226818915,1.144345271,0.886515862,0.269320304,-0.394765343,-0.523306517,-0.071467587,0.343335946,0.384267239,0.158448085,-0.236728219,-0.504485805,-0.645505296,-0.8619068,-1.007759419,-0.891448168,-0.594147543,-0.607397566,-0.778977206,-0.832979704,-1.031095166,-1.376801044,-1.493678659,-1.297288906,-1.332729564,-1.412151934,-0.980468,-0.17752499,0.626086079,1.093410808,1.159530156,1.029761716,0.642212954,-0.057141076,-0.873756241,-1.542744767,-1.857058812,-1.554391331,-0.647162886,0.207876085,0.747732982,1.064923917,1.002934556,0.409729399,-0.433533513,-0.991408528,-0.850214953,-0.330892755,0.053011466,0.071629829,-0.296924425,-0.679647736,-0.505638682,-0.016587419,0.35825309,0.709155159,0.823783214,0.63654183,0.45630092,0.577029018,0.942053863,1.14823485,1.007719731,0.603282203,0.131707512,-0.326823686,-0.521608114,0.051893846,0.948274505,1.176523086,0.879323278,0.389808645,0.016646109,-0.077361067,-0.2969182,-0.781813894,-1.140917021,-0.940953109,-0.550136999,-0.553664558,-0.812496418,-0.80088926,-0.226804084,0.45950476,0.931603684,1.100173136,0.98031505,0.632172303,0.236011789,0.019239177,-0.067965219,-0.142366807,-0.081679824,0.179420495,0.271756625,0.093017459,0.104483072,0.563599099,1.178520325,1.434126089,1.182372299,0.710492665,0.365723568,0.485135743,1.134443767,2.078088014,2.616463035,2.174886257,1.103667745,0.045059852,-0.604608864
-0.005071788,-0.075154242,-0.315506029,-0.811934327,-1.364579904,-1.687860422,-1.726039816,-1.784751319,-1.93961781,-1.801282587,-1.299671291,-0.852309349,-0.800762266,-0.974087782,-1.046449866,-1.062596638,-1.274534516,-1.655917068,-2.148862957,-2.774126737,-3.420836873,-3.609331457,-2.621457451,-1.038471493,0.520406296,1.554727975,1.787484132,1.431246884,0.737098868,0.208103557,0.306411327,0.64741516,0.536573982,0.164088383,0.08583355,0.54040335,1.006638494,0.904163504,0.323655393,-0.331717333,-0.669356568,-0.385568386,0.435943629,0.899043209,0.669260816,0.09393047,-0.602509961,-1.16702595,-1.320849727,-1.127912124,-0.627339056,0.036593614,0.391129265,0.420039597,0.282476147,-0.0133285,-0.364145095,-0.703618431,-0.996020761,-1.138014939,-1.06005451,-0.71192445,0.017001112,0.825740812,1.161399026,1.149226799,1.133594978,1.183711722,1.096223711,0.689249677,0.216315473,0.02096603,0.028159194,0.229981935,0.539682675,0.699104561,0.618508672,0.498728986,0.469106878,0.379329514,0.337122287,0.47613664,0.874794283,1.477805798,1.865298913,1.97451978,1.733068371,1.0300881,0.032497306,-0.957293923,-1.514150714,-1.333503689,-0.714213231,-0.128872002,0.048719399,-0.172125514,-0.559913131,-0.818309698,-0.779710981,-0.571508653,-0.649939506,-0.861079771,-0.817236959,-0.629885534,-0.588862465,-0.682791981,-0.662875663,-0.257843916,0.389669667,0.66405078,0.440860039,-0.030152286,-0.407162578,-0.521833957,-0.526260745,-0.721350461,-1.12427045,-1.341217733,-1.004709782,-0.4460343,0.125509556,0.66477912,1.042023858,1.155800154,1.144387994,1.147242579,1.066320574,0.755160051,0.378085821,0.393691903,0.746850675,0.956446888,1.016943921,1.057982538,1.01285648,0.873653883,0.764860068,0.662083904,0.426329988,0.251223445,0.330515436,0.48715317,0.598532787,0.475305173,0.270069878,0.292956566,0.489810023,0.684630414,0.610532807,0.443901589,0.321788303,-0.162371401,-0.984570104,-1.530597683,-1.158298869,-0.439403714,-0.013210552,0.005627347,-0.154306812,-0.233051501,-0.092350779,0.414597002,1.071199912,1.556231691,1.784692358,1.684488019,1.299365892,0.845678128,0.38287534,-0.037919425,-0.179675792,0.003477829,0.157098944,0.111309769,-0.049085003,-0.363492224,-0.803632809,-1.090719852,-0.80175684,0.052984478,0.922058111,1.438410278,1.525264531,1.307233568,1.025368076,0.945123822,1.042728271,1.103557043,0.921413749,0.296759933,-0.528875315,-1.08939729,-1.206971437,-1.141925047,-1.22860625,-1.513915193,-1.752448005,-1.676851861,-1.127019473,-0.276848691,0.535167674,1.085204272,1.241092933,1.206568621
-0.019071905,-0.249206627,-0.767323266,-1.373498918,-1.806628985,-1.625217452,-0.795059859,0.030809434,0.489747967,0.717245,0.838030542,0.684816748,0.420558616,0.259050373,-0.074074864,-0.724268323,-1.320582022,-1.500808778,-1.304356443,-0.784155665,-0.071536318,0.580450885,1.006317097,1.226270746,1.190248563,0.900439879,0.525824587,0.194753395,-0.125815239,-0.344312328,-0.416619691,-0.48107936,-0.266836789,-0.006220656,-0.38811001,-1.111124149,-1.560923497,-1.122463063,-0.057208349,0.602223009,0.600210994,0.177497709,-0.497813894,-1.169780326,-1.346993481,-1.076550333,-0.911082587,-0.73654438,-0.297278644,0.309957683,0.848906049,1.122894507,1.329001997,1.467534383,1.392796467,1.117095208,0.696692691,0.13060825,-0.405093641,-0.72110197,-1.000813015,-1.286648527,-1.581755739,-1.718039904,-1.222754164,-0.477882191,-0.022283463,0.165811387,0.102228963,-0.119543191,-0.384399297,-0.446086938,-0.068079716,0.382172085,0.532330158,0.617731703,0.622554948,0.617082821,0.867983143,1.233007874,1.397779699,0.973447477,0.23348786,-0.297611968,-0.470485837,-0.605017039,-1.016975082,-1.558882472,-1.730876778,-1.2169794,-0.405353853,0.225853673,0.352307788,0.125400919,-0.043014333,-0.039998016,0.205001157,0.650259988,0.849761546,0.706786608,0.457799019,0.117114356,-0.459351072,-0.985452714,-1.050886469,-0.828467374,-0.42247032,0.159837923,0.542447747,0.631664411,0.505658908,0.125993802,-0.538941711,-1.222799027,-1.486856183,-1.341974559,-1.174236659,-0.798998403,-0.083972994,0.441546517,0.273568115,-0.321877188,-0.636712207,-0.394526432,-0.291890163,-0.387703764,-0.284444399,0.022628187,0.092536161,-0.06778181,-0.195153267,-0.287055735,-0.579674307,-1.016934552,-1.4717842,-1.765819539,-1.512196929,-0.855129959,-0.179927602,0.185970275,0.173870329,0.080199704,0.225791136,0.38975865,0.191493719,-0.273652751,-0.429521451,0.111488794,0.789071556,1.223595968,1.311539237,1.000142368,0.519804497,0.31587475,0.708578287,1.254789194,1.335011639,0.995408109,0.555996389,0.124345071,-0.459691366,-1.159014884,-1.734372494,-2.054700285,-2.097100265,-1.826293571,-1.451939701,-1.134210943,-0.654414165,-0.003304497,0.480202057,0.607098195,0.478631367,0.165232356,-0.307835988,-0.976067442,-1.637102489,-2.065238653,-2.196487837,-1.550527079,-0.092663685,1.101381739,1.302295443,0.745351737,0.025502655,-0.386720321,-0.348987416,0.003280139,0.403367635,0.721422286,0.918760763,0.918416089,0.726399192,0.554095865,0.663032982,1.028011753,1.262149225,1.034313787,0.695467859,0.506354701,0.331024278,-0.095954499,-0.435788327,-0.422972507
-0.004548504,-0.056990867,-0.145795471,-0.297911005,-0.440493551,-0.653559928,-0.964979881,-1.090760614,-1.026762007,-1.119351663,-1.315335134,-1.330927823,-1.041788424,-0.519848535,0.03478984,0.523178575,0.79683691,0.808016732,0.627907929,0.414269133,0.168590654,-0.136257091,-0.380056799,-0.526772327,-0.621143532,-0.649547758,-0.436042712,0.172653196,0.823840864,0.925744735,0.566528451,0.175480827,-0.1134805,-0.317239827,-0.325712202,-0.260705181,-0.240261258,-0.064892815,0.264337881,0.600433375,0.831856437,0.807921799,0.707944747,0.621597774,0.243859886,-0.466557096,-1.293268245,-2.107211686,-2.66621727,-2.377265658,-1.320037841,-0.28789645,0.265406196,0.253370079,-0.179485956,-0.63835371,-0.839926503,-0.805990634,-0.695317098,-0.608176666,-0.4282381,-0.334577263,-0.741551456,-1.399861965,-1.655804609,-1.052275253,-0.208683483,0.236620534,0.419149026,0.59556811,0.806527701,0.808344503,0.587143818,0.312482154,0.141645761,0.27717184,0.553450568,0.78731926,0.881847602,0.688809825,0.362968229,-0.002847479,-0.411935308,-0.744696077,-0.916308212,-0.782676504,-0.270672073,0.170786758,0.30754392,0.177127938,-0.069478009,-0.32306037,-0.600851071,-0.682957224,-0.550612253,-0.607607613,-0.884103116,-1.256931839,-1.778700544,-2.33221753,-2.742393963,-2.966028927,-3.106692447,-3.283115819,-3.178820159,-2.592198516,-1.812890199,-1.283143611,-1.003363847,-0.66824053,-0.193574269,0.674210204,1.669700823,2.064323766,1.757049968,0.867093677,-0.257640802,-1.179636429,-1.490156215,-1.24915682,-0.842040136,-0.376552337,-0.081379057,-0.196789959,-0.49176673,-0.599055434,-0.582667053,-0.465719512,-0.208819613,-0.114349185,-0.226812102,-0.238931227,-0.050000622,0.067856519,-0.035392886,-0.21549793,-0.340540157,-0.239860928,0.480197895,1.266130459,1.344963485,0.973078567,0.460919228,-0.078109971,-0.489588804,-0.625275512,-0.463753382,-0.132966578,0.109003969,0.033084125,-0.271518763,-0.522885618,-0.497711029,0.007001935,0.907113453,1.437423041,1.354632688,1.067552263,0.963223045,1.000349004,0.891259832,0.608060044,0.156451441,-0.336158813,-0.715740912,-1.123472184,-1.568541213,-1.778063713,-1.585247045,-1.19392316,-0.768126671,-0.406131553,-0.409678062,-0.785826444,-1.050504684,-0.777331056,-0.425370893,-0.474297074,-0.733699021,-0.822577504,-0.534805694,0.150625801,0.934169732,1.269325427,1.214818541,1.156080282,1.230848042,1.308844904,1.235826804,0.93511877,0.465630445,0.086872012,0.050491331,0.238105665,0.168957564,-0.21231399,-0.502149345,-0.474914186,-0.356242356,-0.358593132,-0.48117961,-0.483796684,-0.313320484,-0.314187198
-0.013300062,-0.15922703,-0.359879803,-0.410980998,-0.263993299,-0.225549125,-0.408391178,-0.541204253,-0.5729556,-0.551026174,-0.399899524,-0.284365008,-0.191314429,0.138831488,0.434738668,0.205434497,-0.303146064,-0.41999695,-0.071097948,0.269381189,0.358028989,0.108622395,-0.241041175,-0.427189979,-0.340865617,-0.213568655,-0.432510095,-0.885430479,-1.219490273,-0.948831743,-0.024085556,0.777433488,1.152717928,1.111689181,0.680258021,-0.055257877,-0.609932298,-0.570062349,-0.209102519,0.109080153,0.270942903,0.268701933,0.118007441,0.086084803,0.411358713,0.716377924,0.966336848,1.429634936,1.821860733,1.858936089,1.505964543,1.058546563,0.866187549,1.040311322,1.363413914,1.458813911,1.30777316,1.089978862,0.791566401,0.517810659,0.39267667,0.383723157,0.540424554,0.812394587,1.039865362,0.962384447,0.51883078,-0.032196063,-0.399692197,-0.430127588,-0.213585438,0.330667299,1.025219879,1.429838709,1.296888523,0.639958883,-0.211528827,-0.766225567,-0.725337823,-0.615615964,-1.00667588,-1.711924502,-2.109463135,-1.456213348,-0.030486045,1.061422712,1.409091546,1.151934846,0.460595344,-0.504289109,-1.377704599,-1.915291714,-2.370308873,-2.527497404,-1.830913212,-0.882875728,-0.432015829,-0.409034311,-0.307608585,0.290595294,0.991704056,1.077817119,0.614058141,-0.02838217,-0.370585657,-0.207225641,0.208310399,0.483913466,0.375729701,-0.056574229,-0.547368748,-0.588687746,0.029795108,0.652289211,0.942831462,0.903326187,0.417739932,-0.381685824,-1.145472983,-1.525935073,-1.334289896,-0.818849555,-0.472087768,-0.393008484,-0.514989283,-0.721633399,-1.002279447,-1.229518092,-0.953981546,-0.216169329,0.506955825,0.845301483,0.75384067,0.420820498,0.06588479,-0.056465918,0.037999224,-0.075227983,-0.397095445,-0.548718924,-0.500047349,-0.528075823,-0.514998282,-0.120934858,0.661249747,1.565088668,2.151835797,2.200844853,1.909463014,1.557706385,1.247322684,0.824504742,0.1046123,-0.704799724,-1.346429588,-1.665019795,-1.536746649,-1.030671079,-0.134647704,0.902519057,1.614890669,1.653921964,1.032101582,0.366923991,0.17499114,0.253821796,0.084821542,-0.320144652,-0.724676685,-0.98457535,-1.054748565,-0.922302854,-0.314806548,0.693864038,1.222126403,1.038495505,0.641085803,0.394500412,0.06184096,-0.525226704,-1.123713849,-1.277190568,-0.646039641,0.113361233,0.445022445,0.362727622,0.093080682,0.07276192,0.395690704,0.725741199,0.893868171,0.761935465,0.495380621,0.303257625,0.35003746,0.731468137,1.21858583,1.47464222,1.394004734,0.971669124,0.224930811,-0.549660652,-0.878353235,-0.679127384
0.017632433,0.24159399,0.750830548,1.068631818,0.851357802,0.31952063,-0.018667143,-0.144526971,-0.344212666,-0.548916424,-0.73049775,-1.060635503,-1.555890214,-1.732000178,-1.358783188,-0.786961054,-0.254220974,-0.057192957,-0.174792609,-0.441917944,-0.564136447,-0.392024617,-0.063104174,0.351182862,0.692764534,0.800143495,0.761417793,0.498003726,-0.080316577,-0.744815047,-1.321264334,-1.614194527,-1.451874115,-1.118519573,-0.805624884,-0.320278915,0.185141118,0.319279378,0.14442356,-0.078604018,-0.145229381,-0.055016878,-0.104226298,-0.446522758,-0.968776535,-1.331050055,-1.033640126,-0.309038399,0.09631437,0.108984954,-0.045836004,-0.240879694,-0.368427349,-0.599378288,-1.038547584,-1.419214196,-1.400108588,-1.007869066,-0.603877998,-0.330935742,0.044944198,0.484005667,0.522017587,0.174317936,-0.41787949,-0.992893952,-1.390387554,-1.630868011,-1.733883243,-1.829528917,-1.892282599,-1.810998384,-1.51111998,-1.124673451,-0.55503316,-0.023866661,0.209293195,0.18661656,0.028342531,0.085086744,0.462257618,0.835836691,1.043966472,0.975842795,0.661327831,0.362611123,0.254338688,0.268245059,0.014665185,-0.644255896,-1.465414502,-2.199525614,-2.476559819,-2.093964135,-1.677468874,-1.574781197,-1.781902345,-2.178825083,-2.386311116,-2.211145499,-1.716019202,-1.142678302,-0.86915538,-0.822654272,-0.783543067,-0.488259949,0.151714501,0.83881236,1.103653839,0.92280062,0.659885239,0.695203011,0.92389407,0.732830729,0.038493549,-0.817495993,-1.487738175,-1.551981073,-0.948343514,-0.065273656,0.728216817,1.173077222,1.429390517,1.478905312,1.269148179,0.97252923,0.630897071,0.2623023,-0.097813844,-0.200310544,0.280445892,0.816405486,0.701717669,0.270456536,-0.152107161,-0.692796784,-1.283579508,-1.647949862,-1.601904843,-0.882726517,0.119113282,0.66719282,0.827296338,0.645154781,0.235225892,0.056689731,0.322879144,0.452879523,0.224005726,-0.047643796,-0.002269659,0.45659472,1.043673666,1.455397102,1.596406727,1.610746132,1.51570774,1.46625746,1.583073145,1.696247356,1.559567174,1.097767674,0.609891445,0.421896458,0.530444158,0.692663551,0.782956573,0.765698618,0.497013643,-0.053706773,-0.549045277,-0.616679081,-0.367505865,-0.319146007,-0.588728572,-0.774153493,-0.494350856,-0.119360372,-0.032826877,-0.057649317,-0.057337551,-0.166225399,-0.479961728,-0.823028485,-0.889795195,-0.479841663,0.281256974,0.730063347,0.756480211,0.755896264,0.720641996,0.421379783,-0.056865265,-0.425302175,-0.42023497,-0.060291663,0.369883007,0.631547705,0.719166968,0.747718888,0.883002474,1.013440228,1.053808522,1.231620483
0.004136068,0.062798449,0.263701929,0.537754323,0.791777394,0.981696711,1.098248163,1.000637816,0.508669484,-0.06714569,-0.358713818,-0.367803178,-0.263226667,-0.414165976,-0.843739806,-1.182647449,-1.483474023,-1.965971887,-2.417155117,-2.480340698,-1.967093364,-1.337926092,-0.965484097,-0.5893893,-0.068305841,0.391856639,0.723568115,1.07820097,1.391765931,1.628802848,1.829763584,1.729901718,1.245099276,0.656795588,0.106407453,-0.493265551,-0.953270736,-0.907654456,-0.501650944,-0.280761286,-0.335509412,-0.289774695,-0.01570813,0.152701248,0.028447851,-0.260476377,-0.465424347,-0.459813321,-0.442693321,-0.623944753,-0.834132615,-0.804468832,-0.594035431,-0.528780432,-0.792800616,-1.098055075,-0.852652253,0.115930605,1.027718484,1.348738682,1.226445298,0.878938809,0.363256223,-0.257491644,-0.857042624,-1.218813209,-1.095561034,-0.56551058,-0.146523461,-0.193541751,-0.513140685,-0.948233157,-1.497640732,-2.058868129,-2.337158858,-1.972246955,-1.365973963,-0.965468692,-0.611728708,-0.211253168,0.030116879,0.044380839,-0.089855863,-0.350246537,-0.509364047,-0.253208584,0.233386086,0.582171269,0.718871645,0.705815242,0.562924598,0.410507834,0.419478684,0.57299059,0.435687307,-0.154351395,-0.682940841,-0.530300813,0.037241398,0.218386525,-0.016533795,-0.123092799,0.264873566,0.738087022,0.688369343,0.210370972,-0.438823599,-0.975547806,-1.04222919,-0.640852434,-0.219986082,-0.208755705,-0.512533758,-0.830262003,-1.097271935,-1.242551533,-1.138880886,-0.739067644,-0.170670324,0.075851734,-0.207853683,-0.809062326,-1.158230559,-0.635498308,0.214589878,0.575017908,0.533983454,0.434894649,0.463368063,0.719942377,0.935249917,0.802678691,0.313532901,-0.30982866,-0.647972427,-0.626376035,-0.727606703,-0.872402399,-0.613689241,-0.011184134,0.516078909,0.65650126,0.491838978,0.2600277,0.103370896,-0.021892388,-0.11617811,-0.041065256,0.351938972,0.816067011,0.994928351,0.944237899,0.77145827,0.687185341,0.799165334,0.945438114,0.851694258,0.459625566,0.116335062,0.17550225,0.553274442,0.924850042,1.031326068,0.801423081,0.325593341,-0.110451963,-0.145196815,0.263051163,0.608116852,0.680655,0.725767723,0.861904308,0.855055231,0.46059633,-0.184246114,-0.808666882,-1.217753294,-1.486004484,-1.732351189,-1.77165845,-1.30980738,-0.398684898,0.349624497,0.487041274,0.08485881,-0.583491556,-1.063611973,-1.153517118,-1.052354526,-0.894867285,-0.78112265,-0.587208373,-0.173856072,0.446706843,0.881218495,0.968396062,0.64725864,-0.024575426,-0.579406935,-0.552630616,-0.194700873,-0.110190661,-0.177634773,0.070743976
-0.005429445,-0.079784663,-0.31152807,-0.551403652,-0.445266197,-0.031815714,0.265016752,0.330442408,0.13936216,-0.292916372,-0.890277465,-1.56111974,-2.013305368,-1.746974172,-0.950552472,-0.267036857,-0.003667639,-0.122438066,-0.380293825,-0.498330388,-0.340191951,-0.245435135,-0.577182315,-1.40984591,-2.418125655,-2.817238359,-1.458488669,0.24665907,0.957726789,0.924778451,0.472231547,0.02580372,-0.083452031,-0.093815925,-0.176546417,-0.198316417,-0.060716269,0.247662929,0.551369405,0.670355624,0.671975259,0.362029844,-0.203779586,-0.741309248,-0.984575208,-0.647800311,-0.27315264,-0.28998436,-0.470330684,-0.475267851,-0.212918394,-0.078052516,-0.0861265,0.027963557,0.094058989,-0.030070172,-0.004563367,0.294937786,0.690925967,1.17367291,1.604825752,1.829638832,1.748657547,1.542094714,1.53712675,1.744070498,1.904114925,1.642494224,1.110212442,0.704297116,0.581483305,0.720429457,0.882919038,0.870899149,0.62644697,0.30055565,0.171630448,0.243747261,0.311484442,0.457112173,0.836360889,1.127105088,0.91147669,0.335308573,-0.288331281,-0.978933902,-1.617653064,-1.679987662,-1.059443383,-0.670766144,-0.756522025,-0.779929385,-0.541107883,-0.235055675,-0.046606748,0.137352628,0.585309462,1.06545618,1.162315443,0.858504542,0.349917702,-0.126876965,-0.284543797,-0.07463838,0.240934753,0.555042655,0.830417071,0.970047677,0.99953904,0.888103977,0.503751975,0.057017372,0.033970617,0.324293112,0.289280284,-0.015315604,-0.235927245,-0.101191985,0.406983433,0.83793893,0.967779133,0.797256636,0.334605554,-0.326535404,-0.894852637,-0.857162667,-0.25911104,0.086416592,-0.052766991,-0.364747133,-0.423392114,-0.1450242,0.137717824,0.238469831,0.114883415,-0.272184279,-0.654676498,-0.97596639,-1.59853754,-2.314581016,-2.387641764,-1.558767404,-0.718642935,-0.289252493,-0.066059751,0.163118591,0.388820484,0.369499405,0.025226691,-0.305762605,-0.420070054,-0.564001289,-0.928091015,-1.408785106,-1.693874249,-1.448262212,-0.86775466,-0.146101294,0.749785107,1.448640024,1.621128225,1.333789768,0.971788257,0.768824307,0.682921815,0.656642748,0.436831482,0.096098516,-0.20152751,-0.660316928,-1.23096898,-1.680938802,-1.941583289,-2.020840911,-1.797769728,-1.371224861,-1.108410029,-1.014971905,-1.06370775,-1.154824025,-1.384275224,-1.782359145,-1.948713081,-1.501544528,-0.595479357,0.184179749,0.550587397,0.736323268,0.808394295,0.633527179,0.29514102,0.065182892,-0.080597405,-0.435190588,-0.800571544,-0.599441183,0.016741386,0.24083089,0.076198939,-0.123759213,-0.231060072,-0.317504788,-0.657950575,-1.435659449
0.007335757,0.108490672,0.45545083,0.845107285,0.971579827,0.909144133,0.703565454,0.352419041,0.084076584,0.153494428,0.452230145,0.446219976,-0.015093468,-0.763060615,-1.453636351,-1.689302991,-1.292843018,-0.442276821,0.449717362,1.14092176,1.467106094,1.127378192,0.339925803,-0.476026298,-0.926977122,-0.925047437,-0.893431211,-1.015215732,-1.208626108,-1.246644395,-0.80045521,-0.021176176,0.431357661,0.247781114,-0.619440486,-1.690400878,-2.203834103,-1.580384974,-0.628110614,-0.24065677,-0.328439148,-0.467833689,-0.215515655,0.542958231,1.217597075,1.373295136,1.158946366,0.797241199,0.618452,0.768148598,0.867276202,0.787517102,0.634769005,0.487918183,0.279152394,-0.010269163,-0.372315669,-0.882679292,-1.405886948,-1.638600024,-1.344131817,-0.862284202,-0.531317504,-0.359515335,-0.186982798,0.047501012,0.075875479,-0.276254905,-0.866656034,-1.262368566,-0.955542326,-0.244160515,0.078651026,0.11722879,0.180679272,0.313266242,0.332115246,0.127024535,-0.307108052,-0.806086108,-0.897585864,-0.314204506,0.526560458,1.097063712,1.254967751,1.233864678,1.279363931,1.466077042,1.714065113,1.774349112,1.421016216,0.632311395,-0.323015877,-1.099151946,-1.413016674,-1.030164875,-0.419907316,-0.14010875,-0.287862387,-0.669074154,-0.902328729,-0.835928931,-0.460323499,0.012395213,0.372496363,0.446182186,0.162808405,-0.01692663,0.475824475,1.367147985,1.947147415,2.092651002,2.076630499,2.027821699,1.75226383,1.214976287,0.547869439,-0.002242508,-0.115833057,0.152739235,0.329078809,0.478063239,0.861432366,1.314041353,1.538110347,1.533095655,1.413923779,1.215134793,0.892910628,0.395178833,-0.278477256,-0.914471617,-1.286018426,-1.420977745,-1.385826401,-1.167871424,-1.019975568,-1.044937663,-1.135095258,-1.481941353,-2.153721509,-2.626389849,-2.137982059,-1.070436255,-0.176401792,0.220089136,0.388960476,0.636234619,0.881020532,1.044410598,1.108471166,1.031133092,0.707255176,0.292985624,-0.17381056,-0.663884912,-0.825713478,-0.585407142,-0.205134886,0.162710145,0.326188239,0.371426889,0.458825465,0.536816025,0.607778861,0.573842869,0.295780888,0.032163569,0.078110789,0.210523967,0.298741468,0.190704701,-0.241584062,-0.722997774,-1.237200206,-1.850961116,-2.179656677,-1.569223329,-0.271233161,0.470565844,0.433939821,0.237620401,0.463298655,1.212193024,1.79161294,1.800986082,1.334669944,0.58783805,-0.067931156,-0.306164684,-0.217838077,0.132571328,0.758846566,1.260654454,1.422159757,1.143900223,0.390401236,-0.560571611,-1.193249677,-1.110384583,-0.516944689,0.228780955,0.771495232,0.898044791
-0.006880597,-0.078892066,-0.14238049,0.091356538,0.457662473,0.439812556,0.347508542,0.520712684,0.671755885,0.590488674,0.507962538,0.508368598,0.674704388,0.806497115,0.454677473,-0.316211168,-1.064743301,-1.340867811,-1.155429923,-0.923623777,-0.714989218,-0.543832312,-0.434198492,-0.327066518,-0.214293647,-0.280487171,-0.421359574,-0.519824062,-0.643591223,-0.460551495,0.245691003,0.77008304,0.70010291,0.144665945,-0.629449266,-1.010000439,-0.536078471,0.064063339,0.12609896,-0.303488498,-0.787975863,-0.716867828,-0.139647865,0.296459556,0.355400935,-0.052122783,-0.749559013,-1.093048627,-0.490080965,0.716386264,1.504726709,1.558162952,1.17927868,0.55335597,-0.181574245,-0.824143975,-1.020598964,-0.81127461,-0.766978689,-0.943874446,-1.155095793,-1.327429914,-1.632301984,-2.097543505,-2.321510812,-2.032810414,-1.45849837,-0.531060086,0.536265934,0.971209981,0.623724997,-0.022291554,-0.187769157,0.279141142,0.639942994,0.68994718,0.625039616,0.381209512,-0.199760837,-1.074423716,-1.991798174,-2.426936086,-1.874421557,-0.824244878,-0.065155561,0.314749303,0.655882234,1.120883769,1.36511715,1.164243025,0.759079553,0.440909846,0.367446742,0.708659388,1.259057898,1.430861538,1.276837991,1.105328902,0.773718526,0.137424211,-0.515134145,-0.779784822,-0.578745755,-0.278990617,-0.150784929,-0.316102562,-0.700331398,-0.952082146,-0.899539505,-0.8328945,-1.049963543,-1.309242724,-1.209628846,-1.02287735,-0.990894993,-0.884234744,-0.552831913,-0.32909976,-0.511146597,-0.994378427,-1.612266315,-2.012669271,-1.789445321,-1.350276147,-1.283347954,-1.556449906,-1.776506006,-1.583278919,-1.588898983,-2.195998841,-2.706994839,-2.259963554,-1.260288538,-0.172374644,0.798706862,1.287025786,1.305104942,1.092492562,0.8108226,0.44088217,-0.103951381,-0.520899523,-0.45812851,-0.244895591,-0.355699038,-0.845058211,-1.413050526,-1.680042358,-1.438184491,-0.609794055,0.304995995,0.670462037,0.641490683,0.610188826,0.821582072,1.190840012,1.454540006,1.453581351,1.26091354,1.080526179,0.858327815,0.336198409,-0.315018826,-0.820929049,-1.059106918,-1.046645737,-0.929808748,-0.610011429,-0.203068212,-0.01651689,-0.046199426,-0.265779699,-0.352404308,-0.085938806,0.320040518,0.642807258,0.788702312,0.564376226,-0.155550876,-1.033180604,-1.643668491,-1.79718887,-1.315965575,-0.300268471,0.448745468,0.334839645,-0.40199131,-0.90906701,-0.590609752,-0.014099573,0.155140623,-0.240376859,-0.772531515,-0.872547559,-0.184609822,0.474297955,0.429903608,0.040528267,-0.011168044,0.424494069,0.55110425,0.252858768,-0.204222622,-0.463176198
0.000427791,-0.009322026,-0.165497991,-0.430840817,-0.69974001,-1.028001029,-1.361021366,-1.413448489,-0.95541246,-0.401212932,-0.319849829,-0.581475767,-0.569898933,-0.205499871,-0.005584092,0.088299031,0.068438073,-0.047785513,-0.143539214,-0.257238046,-0.20500653,0.087280672,0.372535195,0.508230372,0.456900273,0.145926922,-0.369848882,-0.72279091,-0.625154406,-0.08407093,0.508652221,0.835428504,1.112304969,1.29081404,1.21940073,1.009470725,0.947638988,1.068799066,1.159430399,0.978686716,0.397841809,-0.22357635,-0.298976166,0.211779657,0.584415362,0.516606578,0.147803263,-0.190042921,-0.349909375,-0.406133367,-0.468135568,-0.466059039,-0.073490892,0.496922435,0.76508889,0.642733647,0.256264604,0.083821889,0.514510373,1.054617944,1.205771157,0.986777383,0.46504327,-0.085888551,-0.295464472,-0.286276606,-0.224862811,-0.19994142,-0.335200037,-0.579070748,-0.769424787,-0.640974782,-0.356508947,-0.175097241,-0.067891848,0.013486103,0.102208559,0.359458383,0.837001679,1.060232712,0.655962808,0.017523268,-0.189139251,0.099814303,0.22906767,-0.078804863,-0.886915141,-1.841036606,-2.372419837,-2.212934847,-1.746651353,-1.553746013,-1.776302513,-1.951934815,-1.6988428,-1.265082029,-0.766561067,-0.287861742,0.079941017,0.315342168,0.316462729,0.112843808,-0.18129348,-0.278433945,0.086529866,0.622053904,0.851114925,0.570637345,-0.141652098,-0.868134881,-0.969170498,-0.346162367,0.084336848,-0.125069733,-0.757830115,-1.441228414,-1.82574305,-1.788097595,-1.629646941,-1.618342121,-1.610069351,-1.358638559,-1.055182754,-1.178340896,-1.72384012,-2.140590914,-1.892898372,-1.266845833,-0.322962747,0.795531627,1.424508067,1.444847484,1.162822558,1.033899376,1.02062907,0.953741374,0.939779681,0.989950625,1.028493937,1.166124972,1.350374997,1.147149172,0.665787091,0.342481281,0.29425805,0.400840513,0.677301309,0.99766504,1.21705101,1.107420992,0.631928896,0.112393026,-0.081758764,0.16539964,0.631737666,1.020554927,1.18178121,1.214819609,1.279964226,1.266880991,0.801406058,-0.086721606,-1.049951853,-1.463320815,-0.967923561,-0.495208473,-0.625454849,-1.102404088,-1.295407,-1.001684884,-0.502016285,-0.279833118,-0.622172094,-1.136527768,-1.613500815,-2.229754387,-2.748861419,-2.71500752,-2.301803171,-1.733921494,-0.951322873,-0.151739695,0.243846169,0.185710545,-0.337269723,-1.070195671,-1.531489717,-1.507873268,-1.349651647,-1.349138178,-1.777289461,-2.628170576,-3.494144648,-3.869128423,-3.688419735,-3.060128076,-2.214015966,-1.332003818,-0.543599163,0.088320251,0.506619108,0.802187956,1.086606286,1.282064262
