0.009248955,0.121135283,0.298810992,0.278505632,-0.032193369,-0.54258227,-1.06536048,-1.352273426,-1.274371145,-0.877998689,-0.397823276,-0.070550411,0.064047295,0.224838771,0.559267152,0.918192421,1.149077221,1.271660349,1.400598827,1.405687262,1.275855163,1.196725401,1.191984016,1.272901435,1.18346719,0.759598666,0.276871383,0.021777567,-0.016116703,-0.012446407,0.04055156,0.133164782,0.13388933,0.267237849,0.726991774,1.285980843,1.628937468,1.767587088,1.719010053,1.166962733,0.182418437,-0.672483267,-0.848198138,-0.468354964,0.134062048,0.844341829,1.362308789,1.517059334,1.570528774,1.486356275,1.013294099,0.260117732,-0.476177636,-0.895712936,-1.005727637,-1.191162961,-1.478490877,-1.34683142,-0.354101153,0.91318715,1.788609604,1.973503106,1.744813338,1.431656417,1.050725175,0.637652939,0.389235732,0.364474789,0.208654454,0.001319379,0.112605429,0.332105734,0.23401608,-0.203020038,-0.783280858,-1.249689443,-1.357689047,-1.128601429,-0.725084977,-0.426201601,-0.522440343,-0.926035942,-1.375898792,-1.797443719,-2.019797558,-2.037039697,-1.997679631,-1.730929628,-1.285235806,-0.732332256,-0.254448394,-0.081299075,-0.181195753,-0.178968426,0.220615105,0.698832597,0.927993154,0.954077326,0.958609263,1.019639454,1.083973195,0.943221181,0.591162855,0.277489359,0.07979553,-0.040600569,-0.029057335,0.266099112,0.788999088,1.252601491,1.500761441,1.535881824,1.374222917,1.063444162,0.696792372,0.521153757,0.926571494,1.524553425,1.645613598,1.380496549,0.860617711,0.348161563,0.04368164,-0.046865608,0.107791034,0.355321062,0.477696699,0.554787309,0.821578456,1.215436097,1.490883899,1.345286418,0.807988118,0.097905737,-0.485652548,-0.623409665,-0.46153707,-0.19073241,0.094700353,0.233635947,0.125103416,-0.29565089,-0.919608228,-1.594087414,-2.013280122,-2.227344526,-2.717357581,-3.427786423,-4.144534632,-4.739388568,-4.953476805,-3.951404885,-2.695928407,-2.221501079,-2.429333703,-2.874758401,-3.243903007,-3.248272448,-2.49227618,-1.422652721,-0.515766989,0.082227474,0.233638676,0.062207841,-0.176876249,-0.307363148,-0.107989259,0.421988411,0.737124303,0.437053858,-0.297164056,-0.983917218,-1.261517124,-1.241658755,-1.159834028,-1.175290169,-1.307400408,-1.585544464,-2.159624166,-2.766644193,-2.843576025,-1.973529037,-0.499021658,0.41048016,0.386587771,-0.095617788,-0.472383557,-0.307121257,0.250251176,0.838867019,1.426989626,1.950920438,2.072207178,1.700168709,1.239486592,0.820276697,0.198162472,-0.463028207,-0.725917728,-0.593717316,-0.513281889,-0.675523412,-0.694612889,-0.298558299
0.008691618,0.132868532,0.431654774,0.555697392,0.402025525,0.195254379,0.230757654,0.416435427,0.276136216,-0.094187783,-0.175298948,0.407755844,1.12901885,1.451859252,1.547784911,1.553808161,1.338608192,0.923353468,0.527591819,0.423699537,0.735202032,1.09841722,1.255363637,1.158132375,0.903982709,0.659185688,0.645276504,0.838131562,0.955152992,0.785430834,0.293968525,-0.259981458,-0.722034659,-1.16459437,-1.373828511,-0.838519402,0.07307488,0.572147557,0.552660552,0.048737286,-0.583437348,-0.738529315,-0.421107775,-0.327301261,-0.522636712,-0.577869442,-0.311619441,0.040518364,0.143490741,-0.303694774,-1.029697295,-1.324145846,-0.595283365,0.592300761,1.454031694,1.868251288,2.047188923,2.119295362,1.992156072,1.603111939,1.147166282,0.955585476,1.139403488,1.364584353,1.403309677,1.129387379,0.564075906,-0.001919977,-0.317795498,-0.202326565,0.306010754,0.978150854,1.446186617,1.54783172,1.137341278,0.495222759,0.185309709,0.538235922,1.154313389,1.591027539,1.788772516,1.526611093,0.786993858,-0.013677058,-0.604946303,-0.999798724,-1.23511835,-1.187155926,-0.662167604,0.074038861,0.494461959,0.361549208,-0.149518876,-0.671188116,-1.154503325,-1.73471208,-2.309606092,-2.52195254,-1.764511711,-0.175973679,0.974673281,1.061060117,0.526309866,0.030060815,-0.008891524,0.150612757,0.200580734,0.309489253,0.519605556,0.599056108,0.485150206,0.327458354,0.363590372,0.452093825,0.35171675,0.102354839,0.037086287,0.368480192,0.744434477,0.844340035,0.613439783,0.227062543,-0.126135692,-0.210329781,0.407914299,1.414207332,1.976360691,1.962924641,1.70173715,1.500125269,1.508481883,1.620199943,1.442777696,0.918380523,0.290857624,-0.279081753,-0.740699026,-0.821932879,-0.402881599,-0.156256095,-0.429169448,-0.907614531,-1.341873474,-1.787142686,-2.158324321,-2.220978632,-1.773005867,-0.768846209,-0.104890039,-0.015643798,-0.02771269,-0.037855242,-0.061532768,-0.278292792,-0.947448673,-1.840014387,-2.400023975,-2.006767949,-0.906943096,0.088792633,0.594268151,0.397554906,-0.289545681,-0.95502226,-1.140515086,-0.654449623,-0.072348196,0.12329962,-0.160232637,-0.711471124,-1.030329945,-1.047518356,-0.871429616,-0.537300485,-0.280876774,-0.25984643,-0.328815327,-0.244798731,-0.050540164,-0.019034603,-0.284385665,-0.570503405,-0.34550703,0.17834817,0.136628343,-0.248579591,-0.460408285,-0.41891291,-0.176033241,0.220752139,0.514807727,0.629991025,0.684789645,0.669612848,0.680699075,0.773301953,0.637274697,0.351042146,0.154194337,-0.032741457,-0.388024588,-0.832724209,-1.070162768,-0.937690214
0.021779599,0.291961824,0.943924848,1.54016594,1.60865186,1.240520989,0.741093269,0.236136909,-0.19322487,-0.452003372,-0.424914083,0.031958739,0.523524886,0.62124514,0.660537798,0.896714995,0.98819928,0.780055536,0.665453713,0.801320034,0.908235392,0.897454619,0.793038431,0.833352829,1.172545435,1.103971237,0.564036155,0.141164177,-0.008451268,-0.071024972,-0.065796407,-0.027464964,0.130540758,0.546277752,0.982126875,1.167318565,1.094328782,1.017121122,1.050927102,1.069894825,1.033538573,0.838675711,0.474442502,0.107973077,-0.171225511,-0.439973043,-0.609774921,-0.716896331,-0.85765366,-0.941761014,-0.71932935,-0.180388543,0.25402399,0.438410331,0.597528254,0.734612899,0.809362224,0.946180062,1.004004533,0.969460747,1.018748307,1.251945959,1.230508457,0.647830473,-0.11150549,-0.702575408,-1.034518444,-1.012812051,-0.820564749,-0.50792431,0.086433728,0.759599675,1.083870686,0.991002642,0.577522733,0.101461673,-0.038294778,0.066400426,0.155456513,0.3532207,0.413330083,0.043649058,-0.389888578,-0.595982952,-0.826222209,-1.202316242,-1.424697728,-1.189896982,-0.749121522,-0.380787113,-0.084098667,-0.013386828,-0.219909684,-0.485400006,-0.414313413,-0.075164225,0.301778926,0.5780801,0.645544692,0.749276859,0.974977121,1.058233234,0.946813796,0.693681161,0.579413522,0.829592716,1.092359496,1.155039179,1.174680653,1.152430238,1.091536956,1.074293792,0.984857533,0.539097824,-0.216482082,-1.092814174,-1.774719456,-1.84177285,-1.315667762,-0.530125569,0.196163373,0.582649563,0.667354973,0.772824078,1.082680109,1.347995288,1.378340739,1.164907417,0.970022469,0.834019971,0.561539842,0.294263552,0.112115812,-0.172863302,-0.32761716,0.057170685,0.804062709,1.327425911,1.418583568,1.173382607,1.052311736,1.371178984,1.513375127,1.07826691,0.445194171,-0.138966283,-0.637391645,-0.951742546,-1.056120533,-1.29160536,-1.702989475,-1.864601833,-1.853610742,-1.893753426,-1.773256852,-1.620782367,-1.626639981,-1.546627889,-1.17884462,-0.438437446,0.416734249,0.819443127,0.825262924,0.82590119,0.910560122,0.964661282,0.983474425,0.953075394,0.623040022,-0.060458228,-0.860593501,-1.647401782,-2.327529473,-2.505102171,-1.774394653,-0.647878872,0.092067509,0.149295826,-0.250997966,-0.759837135,-1.013481578,-0.976853509,-0.679154184,-0.05885067,0.487993173,0.579592971,0.320235268,-0.009882305,-0.358540682,-0.535632536,-0.276716141,0.127188429,0.419958604,0.311253816,-0.182386164,-0.691473253,-1.058596104,-1.302111258,-1.287699223,-1.069085099,-0.873498978,-0.740814591,-0.564610236,-0.043064809
0.00958415,0.130639952,0.329571934,0.351187053,0.01347951,-0.412502297,-0.54108291,-0.466939523,-0.385173438,-0.260066491,0.070992463,0.350451405,0.279748974,0.156153725,0.457539489,1.074061905,1.557470632,1.81115318,1.921064925,2.034667459,2.220626546,2.239842033,1.888517399,1.31100966,0.66428456,-0.128171201,-0.927515827,-1.310211523,-1.12700578,-0.712046051,-0.209924034,0.252514818,0.411761149,0.230745102,-0.092458226,-0.267237289,-0.098672013,0.372522892,1.030232377,1.569908867,1.572479851,1.257019899,0.959324867,0.939378338,1.132070327,1.043150821,0.494843344,-0.192499471,-0.418294581,-0.093766908,0.042779258,-0.346151473,-1.080092027,-1.792940049,-2.078767274,-2.033992575,-1.92291606,-1.589642245,-0.958770099,-0.214263454,0.299928211,0.598693651,0.853407269,1.153447837,1.148086131,0.612276712,-0.223430015,-1.016551987,-1.480933436,-1.577593586,-1.438185845,-1.205008048,-0.941175881,-0.58325796,-0.075491875,0.376757186,0.756541061,1.130447092,1.327432162,1.081346172,0.323547704,-0.562893687,-1.124679115,-1.434077653,-1.830050547,-2.078228647,-1.595773743,-0.511004923,0.243326737,0.454135505,0.475993654,0.398757425,0.066695777,-0.489891365,-0.917753668,-1.055631687,-1.066383772,-0.861336017,-0.350040819,0.11622766,0.131472143,-0.113073873,-0.280918894,-0.112382722,0.246710533,0.483914179,0.830273182,1.339171712,1.651454024,1.731136556,1.894867272,2.125680298,1.965725251,1.434923099,0.909283332,0.45821466,0.095702524,-0.005604142,0.070121772,-0.007574001,-0.467434829,-1.104345443,-1.279647992,-0.690618696,-0.121948566,0.269844265,0.680385418,0.887083934,0.93719988,1.073442884,1.135284982,1.005771191,0.763169466,0.548167869,0.292201582,-0.062768153,-0.230067812,-0.053730152,0.326951864,0.793483426,1.015168829,0.75869739,0.368395267,0.111663267,-0.096632127,-0.401189502,-0.976610955,-1.705044898,-2.114489457,-1.845197486,-1.369296555,-0.904957909,-0.358556875,0.076765505,0.090901537,-0.309147667,-0.850222336,-1.4301048,-2.032290845,-2.248377404,-1.666286969,-0.938691522,-0.520515561,-0.26591983,-0.219565189,-0.322540804,-0.204062672,0.089498085,0.065014622,-0.257231024,-0.626987477,-0.899524344,-0.932105644,-0.76715381,-0.695932707,-0.911627208,-1.357467219,-1.834152201,-2.11605948,-1.80785827,-0.959389175,-0.348373956,-0.127518584,-0.007089604,0.162574201,0.344434201,0.530554486,0.620678058,0.537439128,0.267390121,-0.216369836,-0.665776385,-0.543023141,0.092300583,0.678161296,1.036497768,1.083955442,1.061757278,1.200315936,1.318911508,1.105432143,0.570639996,0.120160933,0.18107566
0.022822862,0.287524952,0.705388999,0.9446633,0.966481017,0.906779365,0.764298697,0.44676678,-0.059807198,-0.509259788,-0.558253834,-0.21264387,0.202172612,0.387064833,0.500814837,0.914322699,1.283379995,1.250286497,0.860746442,0.203336873,-0.513890728,-0.904773773,-0.700398362,-0.177503079,0.155568825,0.007442117,-0.397942295,-0.673775028,-0.645551166,-0.653505112,-1.037144571,-1.480791648,-1.575554888,-1.364929472,-0.925713846,-0.37323697,0.106131582,0.556330539,0.968988161,1.086767873,0.782700251,0.213471809,-0.171569422,0.203870446,1.018150368,1.335196582,0.896937249,-0.048063532,-1.124159042,-2.204386635,-3.090299952,-2.629921995,-1.120784793,-0.073767787,0.413599054,0.5471591,0.3843033,0.221952243,0.216536324,0.189615088,0.171281768,0.226448164,0.378430124,0.454501607,0.227635202,-0.15074819,-0.305317016,0.073476004,0.697371305,1.141814671,1.383237009,1.408406151,1.302149643,1.192514519,1.244541579,1.335613462,1.112266057,0.614388922,0.002307304,-0.649908996,-1.074518835,-0.940118451,-0.44203086,-0.172135834,-0.353117265,-0.719718233,-0.922787794,-0.459801202,0.466062426,0.898655778,0.878883615,0.891531541,1.083135337,1.257926242,1.202941674,0.736282551,0.033092728,-0.393832419,-0.289411593,0.006206777,0.215354271,0.146219886,-0.136376888,-0.461616967,-0.851599861,-1.171039138,-1.285024854,-1.346612896,-1.496170519,-1.635112181,-1.381885372,-0.558317048,0.134735516,0.358519738,0.468565271,0.72965505,1.059592278,1.069936239,0.795369299,0.687383612,0.934619548,1.353119789,1.729890383,1.907050581,1.476980276,0.540129557,-0.420719389,-1.131464914,-1.444901661,-1.044025984,-0.141408244,0.640975705,1.157806363,1.243454082,0.828289077,0.072649257,-0.706839234,-1.219760516,-1.370402203,-1.267634592,-1.190527197,-1.316456728,-1.500884218,-1.470565737,-1.249804824,-0.946476981,-0.575406333,-0.218257575,0.255113121,1.012663169,1.674405392,1.84924696,1.589168844,1.132391857,0.714509768,0.318753704,-0.216140935,-0.709494316,-0.921341789,-0.879673796,-0.839459257,-1.075581738,-1.493963658,-1.61001657,-0.803417786,0.344677098,0.960818465,1.071131645,1.001241591,1.101472908,1.164228435,0.878049032,0.390106243,0.053468966,0.058090878,0.168698968,0.230690034,0.153841021,-0.004184365,0.018860879,0.394510975,0.842347371,0.89115512,0.390168611,-0.449703525,-1.136027214,-1.298212018,-1.143181348,-0.978320755,-0.77656243,-0.315298201,0.507240728,1.438610438,2.000868179,2.052730719,1.63113492,1.055382416,0.520103827,0.0148367,0.013922387,0.604250877,0.851501754,0.589171759,0.110087751
-0.009203234,-0.108089574,-0.221375553,-0.285501853,-0.556846349,-1.010945049,-1.297924573,-1.236724234,-1.13824383,-1.048637257,-0.601608462,-0.155870555,0.030311101,0.325569419,0.723542326,0.913838308,0.744401963,0.292882446,-0.293844984,-0.79877315,-1.031774336,-0.990707945,-0.567779728,0.046936438,0.439968206,0.506140566,0.131119002,-0.698318561,-1.678184422,-2.272487716,-1.958506476,-1.100401064,-0.460791563,-0.401011728,-0.557614127,-0.371722845,0.12113727,0.409818106,0.392466041,0.41456164,0.630101753,0.635109842,0.145171735,-0.611620436,-1.17698764,-1.362207091,-1.365509752,-1.269888628,-1.17484791,-1.178869869,-1.215123052,-1.23794015,-1.322340528,-1.282907142,-0.994446806,-0.5536244,-0.132465124,0.073064036,0.2680022,0.493021248,0.456404293,0.08661325,-0.370635538,-0.526531744,-0.190820374,0.244413625,0.368209184,0.306816459,0.339025655,0.448010406,0.631098208,0.80538104,0.910745187,1.032242726,1.047453039,0.858981393,0.585964403,0.151513753,-0.362851852,-0.630996401,-0.582567953,-0.610408837,-1.063309621,-1.87107907,-2.494955703,-1.915700355,-0.620216686,0.43958244,0.855097189,0.513187032,-0.114358861,-0.488663361,-0.361514966,-0.064430334,-0.120831353,-0.653947268,-1.364561969,-1.909445242,-1.941304821,-1.450463429,-1.173264968,-1.17866617,-1.107358366,-0.697013205,-0.072807755,0.294411386,0.267158924,0.101398101,0.05295743,0.098424214,0.089441811,-0.01692482,-0.39036627,-0.838804497,-0.782595765,-0.25933838,0.179890074,0.28530259,0.161317517,0.025802352,0.138783277,0.552276583,1.005486517,1.188272575,1.023142672,0.745930268,0.579240968,0.186857725,-0.552459067,-0.959679239,-0.231704537,0.818634086,1.445271246,1.823400839,1.872313583,1.461127791,0.780597091,0.175841124,-0.007819979,0.231452902,0.690988888,0.969004174,0.77786943,0.418455992,0.208741332,0.110669263,-0.259634286,-0.888348413,-1.500256016,-1.737071103,-1.128028644,0.026943438,0.937071531,1.313618764,1.328148141,1.136714126,0.865176247,0.741463589,0.807936229,0.646857127,-0.115577429,-1.361864731,-2.68748136,-3.734376973,-3.648114456,-2.564643418,-1.586582809,-0.999473611,-0.897835826,-1.212608021,-1.625884681,-1.866658435,-1.771075043,-1.236175574,-0.551310347,-0.010807282,0.397412403,0.686210806,0.992515389,1.458914248,1.812443727,1.548270985,0.809952666,-0.142834849,-1.253050447,-2.369032618,-3.320208096,-3.884618243,-3.226065045,-1.46981524,0.236832363,1.299211063,1.60984015,1.383244338,0.826444548,0.1390883,-0.460243597,-0.960868691,-1.440348105,-1.764722508,-1.600386177,-0.631208807,0.622047021,1.071492412
-0.013510945,-0.178448082,-0.564435769,-0.916270918,-0.988053441,-0.789853842,-0.426568113,-0.251211412,-0.435995372,-0.903411941,-1.375609173,-1.394022044,-1.159578363,-1.068954404,-1.127297574,-1.204521329,-1.160030944,-1.125082404,-1.327079681,-1.713110949,-1.904541005,-1.607409118,-1.056609366,-0.641264894,-0.270867265,0.039264428,-0.008597941,-0.35295183,-0.627927541,-0.472119998,-0.062434306,0.279248338,0.448372795,0.308513716,-0.099349213,-0.484246304,-0.640514144,-0.73181424,-0.88035178,-0.835633619,-0.421600408,0.022128043,0.296133902,0.375303932,0.292161515,0.261282748,0.154344897,-0.40552217,-1.246658452,-1.780488667,-1.42115053,-0.291095311,0.485385488,0.440220162,0.046225142,-0.367272175,-0.439325849,0.071805019,0.770468338,1.029808598,0.33803258,-0.877657092,-1.86633496,-1.997425041,-1.461482627,-0.828029762,-0.474493237,-0.317272293,-0.083123329,0.288365258,0.415242383,0.133868075,-0.259179453,-0.265763008,0.412639091,1.264094658,1.748917844,1.740689776,1.327930315,0.917506148,0.947013723,1.249237093,1.352711421,1.006675197,0.477214224,0.159274669,0.215769502,0.576054497,0.828413124,0.883744889,0.740883619,0.445946515,0.269976222,0.375611451,0.492907705,0.339125667,0.203680971,0.243984231,0.015558605,-0.463102911,-0.919102453,-1.005477222,-0.394355426,0.271270934,0.382243357,0.238387483,0.056334058,-0.324047807,-0.944796913,-1.637040323,-1.991844779,-1.656359825,-0.900347246,-0.278456614,-0.14946424,-0.553995953,-1.186747307,-1.54159913,-1.343131383,-0.781549561,-0.481976606,-0.615318093,-0.769970617,-0.76293829,-0.579870349,-0.125069322,0.175068893,-0.02144067,-0.541986096,-0.966300127,-1.097992115,-1.098165792,-0.734830835,0.019281973,0.494936911,0.604232818,0.536004155,0.478742668,0.80419728,1.48327589,1.789238718,1.548407142,1.192069854,0.979773131,0.759337808,0.357185671,-0.265458451,-1.120451539,-1.927225759,-2.271484928,-1.924004537,-0.715121057,0.575394621,1.21429907,1.17902205,0.81190208,0.282385135,-0.286059404,-0.54955021,-0.363481361,-0.127052176,-0.305834555,-0.895836443,-1.579860564,-2.066587012,-2.20776366,-1.994379555,-1.33575733,-0.417989779,0.171737389,0.225978533,0.010143497,-0.171230136,-0.418918007,-0.930905202,-1.631099191,-2.065502743,-1.850378224,-1.342211491,-0.82693557,-0.453538961,-0.33907838,-0.413293834,-0.457054264,-0.246298685,-0.030817932,-0.045611083,0.014667789,0.229234006,0.210657727,-0.069190972,-0.623665185,-1.233153117,-1.157124447,-0.21811339,0.636055581,0.928478511,0.800606135,0.70221886,1.023114564,1.407095722,1.49998239,1.260968276,0.779446666
-0.012487585,-0.150580513,-0.355715678,-0.720399711,-1.440752421,-2.151301997,-2.064308277,-0.93205478,0.240795893,0.867054985,1.046573524,0.951267628,0.609849958,0.13113921,-0.276438902,-0.423920902,-0.06760328,0.323901103,0.294986166,0.092535166,0.078066562,0.504443305,1.035594809,1.04632673,0.475926326,-0.184650698,-0.611219238,-0.867963507,-0.917634852,-0.83500463,-0.550011167,-0.022944493,0.352032894,0.565118589,0.773501113,0.895494346,0.968027018,1.073527531,1.195362312,1.235376355,1.122113131,1.058867215,1.021367867,0.967283394,1.122355481,1.278228751,1.207107722,1.004544105,0.731202146,0.498285173,0.540354372,1.024445662,1.524241355,1.448943305,0.732691482,-0.13031518,-0.58751333,-0.558767149,-0.229870265,0.227685859,0.530402111,0.472336936,0.056070158,-0.513929534,-1.066122456,-1.455292304,-1.502200088,-1.567410913,-2.010283925,-2.429534821,-2.168655788,-1.436523425,-0.720975076,0.000520909,0.518974222,0.405056954,-0.237104621,-0.98749614,-1.484461484,-1.582365385,-1.395751603,-0.815522651,-0.095725214,0.197243904,0.084250063,-0.381048063,-1.039671409,-1.416272766,-1.141158473,-0.68713315,-0.321715709,0.003719183,0.168105467,0.132605183,-0.151225205,-0.746131083,-1.423769732,-1.916798099,-2.065620013,-1.698315206,-1.079475787,-0.772325382,-0.781927785,-0.874739305,-0.843725233,-0.443727121,0.195907722,0.410781719,0.205221407,-0.012485029,-0.141166224,-0.256966914,-0.343951507,-0.378677574,-0.460843299,-0.570003611,-0.461158949,-0.011284736,0.556111556,0.897101054,0.814254018,0.356898283,-0.141628962,-0.371321427,-0.282486514,0.027714246,0.225659835,0.114442509,-0.111444048,-0.120705738,0.327152951,0.794364784,0.981555198,0.980015817,0.900839005,0.783205274,0.537616462,0.257926686,0.25889046,0.671361948,1.099706142,1.055100967,0.497351013,-0.137818431,-0.456912756,-0.721917975,-0.99478724,-0.691856494,-0.013435297,0.149461179,-0.319395286,-1.143099496,-1.899292597,-2.053086134,-1.620439885,-1.050907858,-0.442587503,-0.003277804,0.220028081,0.411728547,0.594856843,0.813143963,0.812919081,0.475537468,-0.025996714,-0.500825405,-0.618342913,-0.159543108,0.471316864,0.86882452,0.841836878,0.486106597,0.00525298,-0.562694604,-1.2539856,-1.663235991,-0.917626264,0.40161348,1.208980541,1.304149564,0.765563651,-0.09526596,-0.859783224,-1.055125981,-0.706326931,-0.434176703,-0.558115578,-0.950696694,-1.404543129,-1.711195474,-1.395308385,-0.280759727,0.773080542,1.176209331,1.162441392,0.928862862,0.213851645,-0.958766972,-2.163296511,-2.99205961,-3.287150853,-3.222131414,-2.844631305,-2.046940153
-0.017163658,-0.228127369,-0.646318855,-1.035300092,-1.155460972,-1.015341704,-0.965875554,-0.999587292,-0.92107788,-0.848331142,-0.878260441,-0.812638538,-0.558558802,-0.415558881,-0.213552048,0.184887251,0.443472411,0.478141992,0.288675707,0.133447605,0.262674824,0.510347753,0.75866004,0.852289618,0.537931123,0.04281951,-0.077581001,0.375207657,0.801560654,0.685623178,0.327568643,0.154379784,0.208743304,0.406164572,0.443583195,-0.250319356,-1.48404258,-2.77182034,-3.591775462,-3.371774955,-2.313624393,-1.299044521,-0.614735486,-0.273861164,-0.323137246,-0.618095972,-0.994067219,-1.260607052,-1.387287421,-1.403785057,-1.080802694,-0.466846245,-0.202980925,-0.347346423,-0.509095922,-0.45489491,-0.205334393,-0.009915388,0.053886032,0.139383477,0.302058923,0.274327722,-0.121780338,-0.619093204,-0.708217427,-0.245721746,0.253724298,0.404036755,0.256890306,0.259029528,0.520844922,0.624930494,0.454407917,0.166323825,-0.108219089,-0.366022358,-0.436854799,-0.051291749,0.474130515,0.613275065,0.461029965,0.445814813,0.753554225,0.877005524,0.589664961,0.167640844,-0.093906606,-0.130558736,-0.249538874,-0.73603735,-1.473188994,-2.084063331,-2.114926941,-1.390163545,-0.498352251,0.056230745,0.40979384,0.641622933,0.6806774,0.540982082,0.480704237,0.778863449,1.190804343,1.334423249,1.21852433,1.05070179,0.852117775,0.537321555,0.248665382,0.113876465,0.124724518,0.085011091,0.014280565,0.005464221,-0.03261137,-0.112040859,-0.180144,-0.347255487,-0.688054047,-0.817578813,-0.627225855,-0.561904922,-0.642922339,-0.714190325,-0.629710776,-0.205928734,0.362327343,0.780782332,0.757035348,0.277772866,-0.360076711,-0.858376757,-1.203549058,-1.672848941,-2.227893582,-2.702633585,-3.043150394,-3.104399544,-2.919747057,-2.495955583,-1.731769926,-1.108208399,-1.025584344,-1.271349539,-1.470224723,-1.601188353,-1.521250044,-0.971882432,-0.511578851,-0.228411965,0.014964232,-0.128233901,-0.647137421,-1.154535259,-1.448685362,-1.598742885,-1.543968939,-1.298861132,-0.994706895,-0.802758501,-0.799164153,-0.906089138,-1.285390372,-2.017105572,-2.813228004,-3.07928973,-2.347638913,-1.278402146,-0.325660981,0.542620811,1.145772875,1.624013447,1.888063043,1.770968218,1.361625297,0.722107958,0.22502849,0.094902703,0.155083783,0.509518649,1.025448681,1.278634492,1.178833197,0.952892848,0.922400788,0.959971664,0.742923395,0.30792993,-0.148356408,-0.418171922,-0.354388531,-0.087961629,0.063588395,0.172341614,0.223982133,0.030575817,-0.322427871,-0.835211985,-1.509036855,-2.204269787,-2.830119882,-2.920755678,-1.907933491,-0.720986006
-0.010796484,-0.142360976,-0.360108179,-0.438116605,-0.38185386,-0.160063549,0.340158791,0.764221301,0.852667683,0.606634109,0.267348298,0.143363163,0.36527515,0.671891579,0.927571641,1.145148908,1.231344985,1.307113539,1.386578925,1.175822591,0.575752747,-0.154890916,-0.567652948,-0.446500243,-0.206543583,-0.070179343,0.101675765,0.266918232,0.206486739,-0.281827004,-1.073046995,-1.828159583,-2.27349764,-2.308120493,-2.045485899,-1.611680453,-0.986341386,-0.171899227,0.376291896,0.667293302,1.039224478,1.351696328,1.5031967,1.472587382,1.179805507,0.897305497,0.997258641,1.13515975,0.867407165,0.468400821,0.230601286,0.014194982,-0.134934238,-0.111494853,-0.175311048,-0.430311963,-0.699639631,-0.706052764,-0.515603003,-0.326041321,-0.051931122,0.12382284,0.04120713,-0.278192146,-0.618527252,-0.757925538,-0.639022344,-0.281670474,-0.038838702,-0.141354494,-0.251187114,0.015705925,0.547805804,0.897938154,0.724732413,0.399445813,0.321335618,0.444264921,0.53024221,0.540172902,0.672288186,0.949393691,1.156793348,1.111471868,0.863983057,0.568187478,0.25408635,-0.044017416,-0.374187277,-0.884900813,-1.346836574,-1.269990128,-0.586774292,0.398457448,1.319148585,1.907036708,2.044369873,1.806045295,1.298596997,0.615277155,-0.157849175,-0.794445714,-0.910324963,-0.688908987,-0.613037533,-0.736330966,-0.913574998,-0.836774645,-0.383770249,0.158918149,0.542936838,0.656839813,0.293659237,-0.456167415,-1.130302622,-1.203203143,-0.6029936,-0.032977471,0.045685904,-0.150445263,-0.214867431,0.01195394,0.365657543,0.536954824,0.457231923,0.29685969,0.014560411,-0.275243451,-0.193279656,0.022141819,-0.1109669,-0.496159535,-0.713994017,-0.56602151,-0.336660333,-0.40477789,-0.870762547,-1.247630912,-0.909246268,-0.132978516,0.50428018,0.779128668,0.691282399,0.322032449,-0.164255636,-0.645342653,-1.08475985,-1.334180376,-1.148441613,-0.39792683,0.482407787,0.988745286,1.160500701,1.238957446,1.282998973,1.162761087,0.830500607,0.42750302,-0.015051982,-0.408433018,-0.423718508,-0.0878873,0.264897844,0.498641796,0.619877614,0.642531563,0.722189377,0.890321212,0.868535084,0.476116282,-0.157725602,-0.836343636,-1.396341892,-1.706706907,-1.707768555,-1.32177089,-0.71872749,0.039171186,0.9200612,1.602846909,1.861853227,1.733480171,1.303309626,0.721133247,0.134121954,-0.270805975,-0.26103127,-0.122634055,-0.23084243,-0.551575627,-0.742309075,-0.360276013,0.352416507,0.634529236,0.319096879,-0.225750952,-0.684314396,-1.021594156,-1.444352148,-1.821071996,-1.687026321,-1.082717981,-0.541673301,-0.661891837
0.014203186,0.189268615,0.577787478,0.84896171,0.887931823,0.872722493,0.992409319,1.312169958,1.476080415,1.465564359,1.35784353,0.958172733,0.316099107,-0.226807729,-0.354952379,-0.080438563,0.338528478,0.577025434,0.37385643,-0.188415018,-0.813031288,-1.217327447,-1.164610054,-0.713537929,-0.331483605,-0.332072566,-0.538337682,-0.542226442,-0.223042888,0.250330794,0.527317725,0.514112891,0.482009606,0.370013229,0.030097299,-0.52475258,-1.206279634,-1.870185522,-2.322034875,-2.196733851,-1.443908814,-0.513385046,0.327316552,0.903483245,1.214264006,1.426179812,1.712858898,1.870048981,1.520566161,0.907358061,0.538213121,0.644611196,0.940902126,0.979957094,0.742957685,0.516108746,0.504070653,0.764038108,0.87806568,0.751587459,0.724443477,0.72045606,0.597191659,0.386203783,0.063601036,-0.185514684,-0.002021438,0.380177213,0.490217461,0.170512708,-0.517594314,-1.361730096,-2.177739264,-2.79229629,-3.038982291,-2.92001274,-2.731413566,-2.640160236,-2.496105466,-2.231887936,-1.785403547,-0.995251216,-0.100208446,0.537348074,1.025428734,1.384357363,1.492985019,1.510029737,1.655848419,1.667986367,1.3680379,0.782219708,-0.047121337,-0.898508674,-1.497850543,-1.912756443,-2.36001724,-2.554967529,-1.913605561,-0.674512821,0.319239958,0.761245802,0.960971948,1.399340945,2.012127375,2.231646566,2.035669731,1.579815123,1.048657768,0.66136071,0.493085039,0.323861155,0.124594505,0.064205702,0.075254503,-0.107432374,-0.552589534,-1.163686127,-1.771377412,-2.143224749,-2.101742537,-1.576923357,-0.777093126,-0.233849361,-0.023716056,0.235750115,0.591790413,0.611948651,0.374545438,0.25576027,0.469897526,0.87736092,1.015653025,0.808500972,0.428798505,-0.24179813,-1.113615009,-1.818435271,-2.199483983,-2.485413726,-2.526683911,-1.930464404,-0.978153816,-0.243738211,0.162857891,0.484531972,0.672655184,0.498792547,0.028232934,-0.496507619,-0.976536602,-1.378492397,-1.730877842,-1.953298088,-1.832637975,-1.504080256,-1.126807798,-0.856765325,-0.779231171,-0.672930955,-0.530513741,-0.789751196,-1.426431819,-1.983821977,-2.137604557,-2.043279626,-1.826363802,-1.344657346,-0.556993624,0.197391933,0.570896561,0.48217793,-0.138388581,-1.09815457,-1.989658839,-2.344128925,-1.91924136,-1.273868348,-0.978794704,-0.906901406,-0.91109431,-1.089135171,-1.365456932,-1.484779051,-1.17707549,-0.498069427,0.133511239,0.479410072,0.748116472,0.927618225,0.657876354,-0.040077844,-0.766325529,-1.188626158,-1.425695214,-1.640308506,-1.793262005,-1.559197592,-0.500283678,0.683694586,1.175882624,1.18565577,0.962777978,0.361325923
0.003287028,0.048712678,0.194265021,0.373006764,0.554578058,0.639559566,0.837289632,1.285002832,1.467200026,1.199972244,0.619555755,-0.064822574,-0.491610686,-0.269702817,0.479933119,1.236157253,1.466672244,1.021098903,0.02027197,-1.08920014,-1.707590298,-1.509736801,-1.096713384,-1.019783312,-1.094819738,-0.731057267,-0.109240435,0.116798533,-0.035290805,-0.117304537,0.209992986,0.628073349,0.827768857,0.970825218,1.144101199,1.168968606,1.056005377,1.058445634,1.193408227,1.217134221,1.07293162,0.77297728,0.291200018,-0.224639519,-0.710278575,-1.130623278,-1.147425067,-0.758741989,-0.388251132,-0.1735248,-0.057608329,0.030486277,-0.051817511,-0.478838435,-0.901192318,-0.890785393,-0.532206601,-0.031201082,0.27725277,0.439871352,0.682668997,0.857474144,0.828300402,0.812360369,0.975976196,1.247600553,1.678763985,2.049645385,2.111706174,1.89973938,1.643132199,1.357827496,0.834901323,0.159073904,-0.504999656,-0.86020541,-0.782050186,-0.524435017,-0.08665029,0.395217379,0.641391903,0.507982787,0.173311786,-0.021100424,-0.127160244,-0.451478968,-0.894845498,-1.034675294,-0.755120608,-0.493037999,-0.647524236,-1.160650399,-1.675477687,-1.922403741,-1.597713325,-0.702093626,-0.155176077,-0.191329943,-0.472893992,-0.697552662,-0.582534244,0.007641361,0.671450229,0.886294697,0.834351865,0.878194262,1.044883353,1.309209593,1.425352156,1.145534414,0.657304988,0.095734684,-0.441082993,-0.718513147,-0.431217855,0.316985354,0.950054798,1.268989688,1.335789258,1.112135098,0.489934138,-0.399998181,-1.070425692,-0.76438354,0.346993301,1.267728214,1.725134394,1.668077074,1.199353024,0.74279881,0.557387493,0.761158304,1.174767625,1.228087818,0.87630323,0.521667177,0.506400716,0.79653187,0.993243567,0.761033489,0.232501472,-0.360721392,-0.71128959,-0.514562147,-0.069802909,0.142711821,0.257957721,0.508888961,0.57357352,0.240245484,-0.084334841,0.022130961,0.349270275,0.568639301,0.676433776,0.695765278,0.764202782,0.87633179,0.735702993,0.368639349,0.166441901,0.173587032,0.063056779,0.02932233,0.355982911,0.954863454,1.356677105,1.336166804,1.055768065,0.681718568,0.201564525,-0.23627698,-0.292494551,-0.057075661,0.049207607,-0.094674413,-0.472884571,-0.71601844,-0.385420483,0.235613641,0.731113353,0.975505323,1.066178034,0.917553843,0.567462194,0.370773005,0.41818391,0.466075581,0.237560883,-0.137193891,-0.297219983,-0.491738024,-0.943246563,-1.455592254,-1.820185579,-1.672524459,-0.831448628,0.009992681,0.359718829,0.549834575,0.750067606,0.787265891,0.615483661,0.34478322
-0.002133974,-0.036090379,-0.180026946,-0.332245515,-0.170219735,0.450781781,0.97281564,1.047144944,0.833820234,0.641309093,0.892544105,1.331025337,1.343860421,1.091096675,0.866505486,0.488376449,-0.131561832,-0.7265858,-1.019837907,-0.932085312,-0.68063684,-0.412320366,-0.130421656,-0.025490894,-0.111529492,-0.285749258,-0.357150066,-0.202094686,0.035990384,0.122322334,0.088542828,0.073830515,0.052578975,0.049434881,0.231796716,0.750792423,1.284210713,1.370413476,0.962535093,0.351722353,-0.210110389,-0.529289341,-0.375536789,0.083574871,0.509981209,0.680155534,0.592913825,0.398758042,0.028632414,-0.451952855,-0.684297352,-0.67458295,-0.747128441,-0.984208506,-1.337725545,-1.620155779,-1.475567582,-0.851031651,-0.246096592,0.003159381,-0.035220336,-0.080046747,-0.177182193,-0.408570717,-0.394053679,0.156589818,0.620747482,0.605101541,0.246308862,-0.116016704,-0.211652212,-0.218833188,-0.179509791,0.097997409,0.353279947,0.168636935,-0.431166761,-1.146598171,-1.52373791,-1.225333887,-0.715063274,-0.367599586,-0.235084944,-0.185733535,-0.304382427,-0.618722125,-0.69818942,-0.385539916,-0.02781781,0.16902018,0.433724657,0.751002398,0.930789961,1.073720929,1.12653743,1.118676692,1.049337623,0.656409068,0.019837896,-0.465964655,-0.442995257,0.028832547,0.45360582,0.357891892,-0.1929319,-0.548513789,-0.125468692,0.649555944,1.297635238,1.722336371,1.690192913,1.261763835,0.797391796,0.521624668,0.422269279,0.401394796,0.374666112,-0.009580897,-0.671923076,-1.142435912,-1.190390888,-0.905928385,-0.467817836,-0.16707975,-0.187880407,-0.597879703,-1.262372667,-1.817561569,-1.938298351,-1.787082933,-1.694026214,-1.470053645,-0.849431858,-0.021636005,0.55145755,0.437314361,-0.321637965,-1.171629126,-1.471251233,-0.98216254,-0.143616571,0.402434252,0.494916224,0.31575361,0.20861504,0.295475726,0.300867176,0.188192241,0.32472373,0.769914246,1.091476292,1.143140085,1.052090649,0.956291179,0.896051691,0.958939907,0.981431972,0.688785741,0.246403845,0.115681088,0.491597524,0.981309575,1.125394484,0.845878593,0.252923724,-0.26763082,-0.344017601,-0.103443406,0.245372218,0.472199732,0.462175148,0.229210168,-0.133601266,-0.367577636,-0.410028484,-0.555289118,-0.733247241,-0.295896164,0.643033682,1.08161599,0.801842091,-0.019082181,-1.007735897,-2.004636752,-2.966355533,-3.617126511,-3.496661456,-2.323129245,-0.890440703,-0.200804021,-0.390270025,-1.005133141,-1.574600314,-1.702084841,-1.27671543,-0.56581113,-0.00212788,-0.007105764,-0.314037552,-0.402375755,-0.201960561,0.073074998,0.33507394,0.492067853
-0.003842449,-0.049845359,-0.166820519,-0.362228187,-0.727383321,-1.134298397,-1.402265683,-1.430222823,-1.216464054,-0.668377715,0.170665879,0.7441588,1.1328974,1.477139467,1.488378139,0.828113709,-0.316164065,-1.421810062,-2.027128717,-2.057135298,-1.683253257,-1.140576105,-0.782733171,-0.659581642,-0.595112206,-0.362662542,-0.345942137,-0.784145686,-1.272034709,-1.34005283,-1.102283863,-0.948228001,-0.761141826,-0.557635579,-0.296027097,0.118927284,0.455430846,0.479471639,0.074450802,-0.630501796,-1.144260896,-0.88991076,-0.057483921,0.606801062,1.000080979,1.142802769,0.934671037,0.544657302,0.198575261,0.169617302,0.637784061,1.201548835,1.308133368,0.804690727,0.028351015,-0.469027991,-0.368519008,0.194675204,0.726121428,0.719284602,0.461617388,0.476016117,0.885618112,1.192193752,1.01946931,0.339552198,-0.576906557,-1.431774086,-1.96549073,-2.058833144,-1.996555108,-1.829996751,-1.419370881,-0.595623335,0.598969435,1.347580036,1.31317326,0.689992824,0.086528188,-0.110565139,-0.047573301,0.057930042,0.117266481,0.115920557,0.018726444,-0.255956943,-0.615962022,-0.983722533,-1.231703143,-1.107664334,-0.722796641,-0.327885017,-0.028581685,-0.170184263,-0.813009982,-1.488767606,-1.583210174,-0.941009069,-0.241020704,0.244527009,0.704952307,0.785929033,0.24249964,-0.656856585,-1.349732507,-1.191137396,-0.457627268,0.205599971,0.562782893,0.662968836,0.782309033,0.979457702,1.103269563,1.143772015,0.930551386,0.435946461,-0.024356959,-0.27428589,-0.391337933,-0.335305955,-0.180560019,-0.06415167,-0.025170249,-0.103611952,-0.169418224,-0.191014231,-0.510309294,-1.082653075,-1.565564992,-1.666469781,-1.360032948,-0.837922796,-0.038866187,0.905048223,1.453099265,1.307675931,0.992958542,1.030175109,1.303968094,1.641391757,1.755909236,1.605792971,1.157196646,0.433985409,-0.336005793,-0.779933635,-0.701939798,-0.624215208,-1.073337491,-2.05945534,-3.164462288,-3.878208476,-3.434423095,-1.949025086,-1.114714874,-1.340530424,-1.810911402,-1.549613471,-0.299174038,0.87679189,1.202981821,0.77391694,0.02853322,-0.484871405,-0.434263646,-0.338835514,-0.497934448,-0.639411076,-0.425466572,0.249102433,0.979877939,1.291999718,1.05229191,0.439966275,-0.274015498,-0.684813681,-0.785705623,-1.116428941,-1.571381377,-1.438516175,-0.569184317,0.088735997,0.30566796,0.384523318,0.506237421,0.65733765,0.978469037,1.263340069,0.833877432,-0.14006371,-0.9783852,-1.09382676,-0.666947075,-0.324955453,-0.263324369,-0.393167196,-0.206667472,0.414631575,1.030165826,1.161208299,0.699307304,-0.0926491,-0.836289216,-0.982110381
-0.011270395,-0.139513585,-0.332816357,-0.422896035,-0.301067394,-0.095797083,0.097203137,0.081556817,-0.228797637,-0.72239044,-1.268957235,-1.617719377,-1.363669262,-0.605668194,-0.097600184,-0.1797772,-0.657969543,-1.01164003,-0.859042234,-0.312725698,0.285942057,0.464405566,0.13225191,-0.286217825,-0.444852657,-0.412586988,-0.467186422,-0.676818106,-0.699247494,-0.15503501,0.554472203,1.040996255,1.425923544,1.728101974,1.871287079,1.696410936,1.024079273,0.043429139,-0.841413107,-1.412340107,-1.626207405,-1.265490704,-0.607241694,-0.147903003,0.188174261,0.623435427,0.950505624,0.919645591,0.500308312,-0.146330329,-0.6050757,-0.549193531,-0.25678593,-0.08536364,-0.096384453,-0.151618052,-0.173739552,-0.14553319,0.041891302,0.385734303,0.503646639,0.234075168,-0.298098609,-0.782783703,-0.797997575,-0.529933356,-0.321650472,0.061855758,0.754810257,1.285028695,1.451276655,1.270872074,0.725610343,-0.000924064,-0.775726928,-1.464648827,-1.750352728,-1.215791925,-0.109045548,0.902274579,1.451788321,1.449040246,1.042979687,0.410839491,-0.180658429,-0.564649651,-0.878389291,-1.051514776,-0.882507074,-0.522100928,-0.246792143,-0.081765088,0.003992726,0.050115012,0.178781727,0.266665501,0.111495819,-0.127054436,-0.166460094,-0.280479465,-0.574833988,-0.685208154,-0.465292784,-0.183571224,-0.030573192,-0.009608145,0.000961177,0.198634291,0.399309473,0.256725042,-0.08739901,-0.246945612,-0.094391408,0.307815201,0.643259475,0.666941382,0.70124919,0.90948532,1.097269857,1.204787742,1.088352079,0.736710473,0.424439672,0.207967503,0.005173708,-0.202938053,-0.226002775,0.284667339,0.884276531,1.008745269,0.904979147,0.685639398,0.294983815,-0.077778973,-0.235583154,-0.360449385,-0.677641215,-0.982189434,-1.106197928,-1.364711766,-1.971437977,-2.725165876,-3.13804043,-2.504828781,-1.294756472,-0.649245809,-0.839263888,-1.247526565,-1.238715754,-0.848100744,-0.488547075,-0.272316832,0.087843236,0.494174033,0.53706034,-0.008684825,-0.97201866,-1.880392853,-2.115397648,-1.353232912,-0.14138494,0.383035273,-0.099353774,-0.960166968,-1.648598065,-1.911696666,-1.600690916,-0.917893241,-0.345835751,-0.055532623,-0.164159518,-0.409347742,-0.484091526,-0.490891144,-0.486582002,-0.313379148,0.102238806,0.429263596,0.281452224,-0.050832662,-0.137057846,0.233951534,0.831606091,1.135704138,0.957256934,0.368612833,-0.405109261,-1.151259894,-1.648434727,-1.505443214,-0.846746178,-0.280306857,0.196142772,0.502768741,0.50059091,0.425383189,0.453901427,0.530703058,0.519587546,0.452335278,0.655183461,1.215161947,1.525517785,1.233768523
-0.014421936,-0.193834542,-0.663531208,-1.425663879,-2.295507589,-2.836870194,-2.559900962,-1.660965971,-1.036480204,-1.049550367,-1.144565186,-0.879594839,-0.584568169,-0.744402674,-1.412710167,-2.16745311,-2.303469322,-1.651824974,-1.057699532,-0.649044886,-0.127710158,0.285761778,0.4063872,0.362721508,0.331696208,0.421828201,0.527609105,0.618931243,0.509264696,0.074102024,-0.514467711,-1.075215098,-1.5093649,-1.507197562,-0.899283279,-0.303926146,-0.058499948,-0.129657594,-0.312214869,-0.260609719,0.061500856,0.408395479,0.699542812,0.903062736,0.827591146,0.419991193,-0.02676357,-0.302179377,-0.278243276,-0.073664536,0.210180737,0.669242661,0.890629591,0.849964834,0.822696527,0.774750896,0.596901737,0.353614031,0.255912825,0.267918068,0.302009303,0.794715024,1.695584127,2.224060912,2.192819981,1.705171505,0.846246399,-0.01357377,-0.311493678,0.173780595,0.986711341,1.585993332,1.691485573,1.311454634,0.704170543,0.22635452,-0.015212129,-0.134775455,-0.037413638,0.102994618,-0.239476462,-1.091965909,-1.92968063,-2.143334721,-1.770214162,-1.277313229,-0.927134715,-0.873109458,-1.079174704,-1.531840836,-2.103074459,-2.352305418,-1.849922253,-0.799889311,0.303742424,1.180970592,1.55425806,1.352268259,0.963523204,0.858478224,1.06089,1.084455356,0.563994625,-0.342445779,-1.162908244,-1.393266679,-1.126010928,-0.982573627,-0.83588853,-0.437295455,0.0461884,0.394152558,0.313282672,-0.027812702,-0.219632833,-0.268338631,-0.419581105,-0.592921346,-0.73817528,-0.864934795,-0.683439035,-0.237912036,0.050426209,-0.016853852,-0.491856449,-1.109374657,-1.48805474,-1.39788235,-1.004786629,-0.587434698,-0.497251093,-0.669013217,-0.708485762,-0.389718133,0.167887844,0.703576526,0.928810444,0.748530661,0.46982132,0.345466153,0.074442556,-0.694063124,-1.562421572,-1.76609358,-0.878001022,0.127758252,0.522287778,0.514883342,0.251054522,-0.261974896,-0.850542089,-1.397085746,-1.725436335,-1.749590742,-1.798527339,-1.789337624,-1.347109809,-0.641951412,-0.024886578,0.464391207,0.789687408,0.836856439,0.658598263,0.400931175,0.292671531,0.217722,-0.17942978,-0.804943316,-1.39086777,-1.824124926,-2.053169006,-1.667220576,-0.70885281,-0.111039475,0.092271227,0.139609087,0.241750897,0.390499936,0.330332799,0.257609658,0.267686486,0.237190354,0.2551394,0.297604096,0.085937438,-0.555533713,-1.31106753,-1.501084342,-0.681329054,0.354470801,0.984681844,1.263230334,1.442646042,1.624395828,1.541483635,1.177383312,0.866102763,0.857988391,0.932423359,0.724369321,0.250806482,-0.379861424,-1.007797874,-1.414919105
0.000423483,0.018989507,0.180482192,0.388309739,0.294963033,0.001602426,-0.260446831,-0.276437824,0.268461998,0.892539119,1.063918068,0.997925449,0.800521133,0.627212612,0.575908418,0.602650592,0.656390907,0.857235431,1.223556639,1.362440857,1.333140397,1.252022445,1.122956794,0.986649609,0.848923583,0.83301434,0.632369534,-0.016688455,-0.703457723,-1.154819099,-1.22476026,-0.67958351,-0.213414151,-0.224502866,-0.412168664,-0.406305563,-0.195323839,0.027288454,0.142053724,0.218223615,0.305647468,0.094880256,-0.47651513,-1.066897257,-1.451509819,-1.369648141,-0.484938564,0.49942966,0.804019104,0.709929517,0.910962551,1.483271151,1.854519275,1.892377127,1.794441224,1.582037305,1.187202615,0.680428623,0.231410656,-0.095452039,-0.418197655,-0.784144954,-0.977487381,-0.957300747,-1.070272835,-1.464826972,-1.956250915,-2.046448653,-1.420624344,-0.503385294,0.356038463,0.875290604,1.136750593,1.513526676,1.757992726,1.588992455,1.172929612,0.81925397,0.586477488,0.325192509,0.123118033,0.001915269,-0.298678419,-0.998410811,-1.90577373,-2.531777822,-2.126662579,-0.823702888,0.321076897,0.930608574,1.054741818,0.888101155,0.651242503,0.489056578,0.418969076,0.433186974,0.371718854,0.395848705,0.511615072,0.243272794,-0.384458246,-0.902597021,-0.785450687,-0.327402681,-0.080973395,-0.080191893,-0.092533664,-0.035267176,-0.019445053,0.272286652,0.874404472,1.380707369,1.644284267,1.637025717,1.506849528,1.285135655,0.919785466,0.302770312,-0.493311953,-1.025091997,-1.002576531,-0.799226996,-0.730850002,-1.076300474,-1.699601246,-2.153738418,-2.051320867,-1.462219751,-1.104656772,-1.097083181,-1.072490975,-0.832936985,-0.614731338,-0.728634379,-0.95063367,-0.831876161,-0.334371793,0.137947855,0.181335088,-0.213080558,-0.694734572,-0.80132303,-0.369545532,0.224809317,0.728383735,1.050050533,1.097784018,1.015412389,1.180359294,1.536816738,1.465298723,0.726515877,-0.267218693,-0.989667614,-1.288417049,-1.073117839,-0.190925359,0.594766885,0.788926511,0.706078216,0.683860581,0.655776321,0.468935619,0.294098383,0.431627864,0.576682655,0.53223963,0.222622031,-0.333951055,-0.670620167,-0.410103771,-0.061056288,-0.106974284,-0.475426664,-0.977246993,-1.168604846,-0.793208466,-0.218623355,0.487166395,1.079159941,1.220437359,1.069984813,0.818611974,0.433860354,0.097262313,0.02048428,0.102181885,0.258761938,0.381056045,0.257346982,-0.128613711,-0.398189766,-0.175026582,0.273560828,0.50684564,0.461557327,0.288313911,0.181943037,0.396363978,0.875876937,1.10618522,0.97956015,0.608680628,0.083971326
-0.000715044,-0.019407775,-0.167344118,-0.52435392,-0.790674601,-0.704779599,-0.429594629,-0.085316181,0.210930116,0.352260701,0.403614044,0.454326641,0.419275102,0.326439296,0.34006367,0.399690578,0.231975891,0.001593907,-0.066634406,0.136313435,0.41164659,0.425271155,0.348872137,0.201912366,0.041416949,0.125976681,0.379263306,0.430505076,0.246601987,-0.056770274,-0.334143931,-0.478224613,-0.514349254,-0.541756153,-0.570678525,-0.613321817,-0.843911645,-1.326816715,-1.644300413,-1.044734449,-0.024576302,0.629292761,0.802687316,0.519297773,0.070898603,-0.248581133,-0.292281739,-0.223682593,-0.204359353,-0.128508164,0.015132878,0.114762365,0.013899908,-0.37785885,-0.79153258,-0.92813211,-0.650687193,-0.106467173,0.428993154,0.94221169,1.160864424,0.950431913,0.681552992,0.615492574,0.608422618,0.510599797,0.300580311,0.183036392,0.244205336,0.410467012,0.55353895,0.655802874,0.628635006,0.056465544,-0.773965782,-1.10182604,-0.682203303,-0.251733443,0.028832988,0.466355853,0.977111709,1.206737065,1.154859352,1.002721933,0.808119397,0.62254104,0.504488561,0.489388671,0.503999585,0.223678726,-0.387772561,-1.090037707,-1.60822628,-1.921438524,-2.023554363,-1.454329017,-0.35072264,0.593966914,0.977442736,0.756475611,0.187823424,-0.031467973,0.480062049,1.056435261,1.250199504,0.969642957,0.307389273,-0.687016549,-1.768430008,-2.493519541,-2.429655821,-1.649975064,-0.689185563,-0.184626076,-0.244547789,-0.40993229,-0.308345692,-0.020678174,0.263011085,0.412607057,0.48654279,0.53329969,0.456334788,0.165214688,-0.151619937,-0.14382373,0.12104892,0.399162309,0.760825115,1.363540123,1.683270499,1.349738836,0.617015226,-0.245660448,-0.884599741,-0.940462832,-0.630068392,-0.388210425,-0.322358244,-0.415343876,-0.67105393,-1.023321151,-1.307362997,-1.238886185,-0.779000286,-0.34797582,-0.312068968,-0.778927185,-1.323740722,-1.27387927,-0.557554913,-0.116435001,-0.160652136,-0.238003252,-0.143864316,0.065919645,0.41793218,0.607805898,0.454281888,0.1864775,-0.202707284,-0.52548851,-0.326082025,0.120064566,0.194398993,-0.178051264,-0.597686487,-0.608188389,-0.506420447,-0.778757143,-1.216083872,-1.309217325,-0.717242248,0.118541427,0.519088202,0.372249401,0.024379854,-0.138777638,-0.126224633,-0.058668035,0.146103297,0.571965099,1.040836814,1.014999768,0.604432213,0.107033203,-0.486836893,-1.079176505,-1.421826782,-1.335224858,-1.026980294,-0.980417275,-1.231810449,-1.568344707,-1.54493414,-0.942709807,-0.275925284,0.176960242,0.183143178,-0.341750985,-1.123967831,-1.581798675,-1.210070767,-0.395608916
-0.054831517,-0.638725704,-1.565310167,-1.969678727,-1.134001772,0.21864475,1.009849271,0.941330243,0.796342531,0.975998121,0.860404028,0.381078746,-0.129344166,-0.635205677,-1.299629159,-1.964736975,-2.144871176,-1.720300089,-1.236107917,-0.729574307,0.212569635,1.098693648,1.329484503,0.922990029,0.031625507,-0.943809297,-1.390935044,-0.964224642,-0.223122041,0.493419227,1.240940466,1.732592901,1.672055997,1.308242222,1.056456487,1.031321922,1.218937641,1.478627375,1.445092043,0.818241612,-0.216360607,-1.145549393,-1.289103302,-0.486017223,0.527192095,1.070993722,1.025844764,0.746372421,0.693149767,0.961856161,1.100729991,0.832276902,0.326756255,-0.077015424,-0.024742311,0.556452111,1.286175287,1.671822041,1.452509321,0.99134429,0.611527712,0.242188925,-0.126615445,-0.351178561,-0.357729785,-0.207495206,-0.054335864,0.044344195,0.351836556,0.959472025,1.405897359,1.444791765,1.3208229,1.081994391,0.690876619,0.359996092,0.346109319,0.509814752,0.596407428,0.523192331,0.289075868,-0.15564953,-0.395393274,-0.084707925,0.047006634,-0.457511897,-0.851039786,-0.452504234,0.332728071,0.92537827,1.169816182,1.234673802,1.128148245,0.642952384,0.079350115,-0.206766236,-0.190438333,-0.008951207,0.144278243,0.062672728,-0.274084088,-0.669250689,-0.680071788,-0.194953021,0.315149367,0.603511098,0.415061573,-0.215759028,-0.810833404,-0.895764902,-0.685530813,-0.628809675,-0.522232121,-0.1431846,0.347845955,0.742430039,0.911885855,0.595225608,0.018374027,-0.386886293,-0.690390043,-0.891506718,-0.700893361,-0.507197838,-0.582207703,-0.701466651,-0.647955212,-0.597883152,-0.732286025,-0.573256363,0.137877765,0.946013597,1.441715026,1.503329096,1.178079657,0.519880437,-0.14055161,-0.398935,-0.218251252,-0.054568063,-0.00182182,0.282247648,0.564387718,0.529637729,0.309841047,-0.01516186,-0.262206658,-0.310172935,-0.443214548,-0.256167401,0.656150712,1.502723127,1.752914518,1.389111388,0.592701417,-0.198690903,-0.422046376,0.181284976,0.766143267,0.990592931,0.886537634,0.607369306,0.311165389,-0.11405186,-0.257236191,-0.127806112,-0.288281739,-0.629782307,-0.821088655,-0.613806149,0.007228205,0.923179749,1.721461111,1.987603274,1.688183688,1.202477934,0.765549458,0.359951856,0.016120765,-0.469848891,-1.335576778,-2.215184173,-2.51769211,-1.843940796,-0.71627908,0.200356704,0.639607882,0.711063036,0.695929105,0.6255634,0.335253056,-0.071007988,-0.371139426,-0.575334565,-0.749239043,-0.900574205,-1.036775259,-1.235706951,-1.558636098,-1.821487368,-1.697268886,-1.015728853,-0.260108567,0.243571487
0.024906391,0.296797339,0.613313052,0.352397182,-0.260709939,-0.882911857,-1.163600629,-0.50193593,0.502107384,0.985311862,1.047126971,0.876991704,0.676089835,0.523307471,0.416719011,0.228058874,-0.080283922,-0.383364129,-0.680508696,-0.957320997,-1.327127316,-1.934031349,-2.622179308,-3.002474034,-2.448690751,-1.135351495,0.078924765,0.812969534,0.880407613,0.361919535,-0.286773678,-0.603714429,-0.353144899,0.124274182,0.545019288,0.844989892,0.86839964,0.535390051,-0.081700613,-0.680834201,-0.985623164,-1.129811777,-1.224162414,-1.179669994,-0.931117972,-0.50505591,-0.450293897,-0.921829328,-1.561486585,-2.290517168,-3.198260945,-4.158703272,-4.239536813,-2.319028989,-0.488321648,0.138267096,0.209915689,0.376577277,0.86310018,1.530611284,1.889601981,1.650057373,1.263914664,0.908431313,0.454068026,0.144837866,0.144809764,0.209166487,0.088174261,-0.381042407,-1.152335908,-1.977094366,-2.398078079,-2.166373637,-1.944035656,-1.817432354,-1.517849785,-1.267763213,-1.069855978,-0.665076956,-0.160221095,0.062146581,-0.070593796,-0.315164274,-0.37522692,-0.073969748,0.486859934,0.777545143,0.55383762,0.157311891,0.049443053,0.230203656,0.415481816,0.396111658,0.167431743,0.20265465,0.696979538,1.11717653,1.128794444,0.818472061,0.576733614,0.599381896,0.388240202,-0.243037276,-0.829207085,-0.702479145,0.111242337,0.828893539,1.00470704,0.738407692,0.222136187,-0.502677678,-1.120752196,-1.243062895,-1.082425273,-1.03064322,-1.106221487,-1.073291979,-0.912845413,-0.713614849,-0.514967541,-0.483931764,-0.706946926,-1.120937187,-1.551360085,-1.88247937,-2.097861942,-2.241999873,-2.505335143,-3.04318739,-3.817048747,-4.539021017,-4.094016563,-2.731225607,-1.42576456,-0.448225042,0.298746106,0.873235247,1.172773521,1.116497531,0.725320342,0.027882349,-0.88145032,-1.73246367,-1.890903725,-1.23921077,-0.590666836,-0.134047651,0.189379786,0.338128279,0.283774462,0.220824744,0.235243167,0.324784641,0.611035829,0.933189688,0.911276044,0.592792791,0.357087671,0.164642884,-0.010859315,0.199952075,0.653810546,0.941821234,1.164231643,1.553494826,1.856432348,1.656332183,1.042166801,0.277535051,-0.438717294,-1.183921541,-1.922195571,-2.143166618,-1.49918842,-0.82219631,-0.475318964,-0.165900027,0.228999625,0.487054443,0.289873834,-0.308292672,-1.007109149,-1.36593487,-1.020614878,-0.472029632,-0.332054104,-0.642727018,-1.351046581,-2.217438672,-2.782151453,-2.533785611,-1.887204113,-1.614082409,-1.684930534,-1.538755194,-0.853252441,-0.096092349,0.425895404,0.692426994,0.53692992,-0.139408849,-1.037080968,-1.518355555
