"IC05","0.6237","-0.0100","0.0315","0.1528","0.3491","-0.1525","0.3394","-0.3874","-0.0534","0.2374","0.1733","0.3601","0.1269","0.2016","1.0395","1.0005","0.9852","0.5122","-1.5434","-0.2776","-0.2264","0.3978","0.4398","0.3641","-0.7272","-0.6587","0.6024","1.0543","1.8661","0.6907","0.9331","-0.5913","0.3514","0.5914","-1.2900","-1.6230","-1.9657","-0.9612","0.3023","-1.0198","-0.9145","-0.9424","-1.5548","-1.4735","-0.8036","-1.1224","-0.8425","-0.2679","-0.6325","-0.7581","-0.4791","-0.0036","-0.0722","-0.9298","-0.4309","-0.2825","-0.9562","0.3367","0.3620","0.4775","-0.1065","0.8372","0.7926","0.6857","1.2473","0.4541","0.8233","0.5036","-0.7695","0.4471","1.6283","1.9051","0.9501","-0.0347","3.5002","2.7129","2.3908","0.0038","0.0791","-0.0030","-0.0131","0.0157","-0.8826","-0.6868","0.2474","0.1719","-0.7779","-0.8471","-0.2124","-0.3315","-0.1277","0.2770","-0.4856","-1.4082","-1.4191","-0.6968","-1.5690","-0.5378","0.6395","-0.5486","1.9070","1.2139","1.4646","1.3747","0.8621","-0.5382","-5.1444","-1.5550","0.0166","-0.6287","-0.9619","-0.6803","-0.1090","-0.5485","-0.5747","-0.6535","-0.6374","-0.7684","-0.8617","-0.5913","0.0166","0.0949","0.6422","-0.0316","0.0954","-0.1594","-0.7138","-0.2701","0.3263","-0.7747","0.0633","0.0078","0.4056","0.1846","0.2012","0.7690","1.4999","1.2426","0.8750","2.1358","2.1812","1.6399","2.1637","2.0726","2.5383","1.5939","0.5119","-0.2365","-0.8525","-0.2239","-0.1256","-0.6366","-0.2680","-0.6148","-0.3093","-1.0539","-1.0881","-0.7585","-0.8598","-0.5449","-0.5332","-0.5862","0.4170","-0.1348","-1.6891","-1.0710","-0.3250","-0.3467","-0.3705","-0.8317","-0.0103","0.0005","-0.8813","-0.1856","-0.1493","-0.1150","-0.3302","0.0543","1.3468","-0.1364","-1.0677","-0.4877","0.6975","-0.1040","0.4090","0.4192","-1.2632","-2.1377","-0.5918","-0.3602","-0.5138","0.1671","0.3986","0.8760","-0.3078","-0.7262","0.1911","1.1739","1.2090","0.3947","-0.6096","0.7431","1.5946","1.6444"
"IC08",-0.3715,-0.5735,-0.3195,-0.0982,-0.1694,-0.9919,-0.6249,-0.5039,0.3602,0.7495,0.0596,-0.6252,-1.023,-1.1157,-0.5674,0.4476,0.6267,1.0082,0.4408,0.0875,1.0238,1.6129,1.4497,1.3667,1.2827,1.1768,0.9098,-0.5496,-0.7039,-0.363,-0.4418,-1.5293,-0.4149,0.8168,-0.6891,-1.1493,-1.6275,-1.3411,-1.044,-0.1841,1.34,2.0708,1.2009,1.373,1.5043,1.5721,-0.3345,-1.9084,-0.8587,-0.7819,-0.2054,-0.9114,-1.3746,-0.2382,0.419,0.6896,0.5673,0.1913,-0.1072,-0.1422,-0.1645,-0.3532,0.1145,-0.0014,-1.6004,-2.6266,-2.0903,0.2715,1.3036,0.5553,-0.4637,-0.4002,0.7839,0.7322,1.0573,1.5267,1.724,1.5961,2.3611,2.256,1.0988,-0.5195,-1.3301,-0.5539,-1.1279,-1.2628,-1.2559,-0.5268,-1.1124,-1.4982,-1.1537,-0.6204,-1.1549,-1.6413,-0.2376,0.4009,1.1456,0.1692,-1.0361,-2.0408,-0.513,1.4592,0.8613,1.7103,2.3222,3.3455,4.1665,1.9267,0.7119,-0.9639,-1.8618,-0.4663,-0.435,-0.7962,-1.5538,-0.8737,-0.4656,-0.5765,-0.1386,-0.5773,0.488,0.2175,-0.2979,-0.542,-0.3015,0.3108,0.1237,-0.2094,-0.5469,-1.2901,-0.8124,0.1859,0.8268,0.9168,0.0359,-0.1613,0.5713,0.4496,0.8347,1.2598,0.3207,-0.329,-0.9827,-0.5138,-0.2199,-0.4752,-1.0328,-1.4781,-1.1018,0.8866,1.5723,0.7977,-0.3248,-0.7207,-0.6498,-0.7038,0.0318,-0.0456,-0.127,0.1899,0.0225,0.8613,1.0279,0.3905,1.0921,1.3911,0.3857,-0.2465,-0.3665,-0.4248,-0.7179,0.1378,0.1318,-0.7273,0.1391,0.4405,-0.0374,-0.1728,0.5551,0.8466,0.3866,-0.8904,-0.6924,-0.1558,0.7196,0.4273,0.556,-0.665,-0.5955,-0.0797,-0.2455,0.1087,0.8184,0.3955,-0.0419,-0.4079,-0.3912,-0.0191,0.5968,0.2964,-0.3621,-0.7261,-0.7162,-0.268
"IC09",1.2777,0.3603,-0.7244,0.1528,-1.8887,-0.8303,-0.9517,-0.2509,-1.3373,-0.609,-0.2862,-1.0077,-0.7485,-0.1205,0.6444,0.3745,0.763,0.0968,0.0196,1.7328,3.6963,2.4204,1.6099,0.4321,0.0352,-0.3762,-1.1766,-0.4561,-0.7163,-0.5861,0.2089,0.1059,-1.1586,-0.7521,0.6362,-0.5514,0.1354,0.6933,1.4327,2.7755,2.7153,0.9701,-1.7992,-1.726,-0.8213,-1.0348,-1.0908,-1.4701,-1.4705,-1.499,-0.4561,0.8974,0.5451,0.193,-0.4158,-0.8666,-1.1417,-0.4249,0.515,0.1701,0.2176,0.8001,0.1234,0.7686,0.5535,0.1009,-0.3817,-1.2921,0.494,1.0384,1.3829,0.21,-0.2335,-0.8737,-0.2894,1.0195,1.0003,0.5795,-0.2171,-1.3927,-0.7653,-1.1845,-1.35,-2.0246,-0.8693,0.3034,0.1272,1.2862,2.5395,2.6694,1.994,0.2296,-0.3663,-0.6978,-0.3995,-0.7995,0.0508,0.1236,0.0653,2.0845,0.8124,-0.5667,0.3202,0.3602,-0.6453,-2.0485,-2.3226,-0.3327,0.5902,1.0753,-0.5235,-1.5574,-0.8273,-1.2201,0.0447,-0.1713,-0.183,0.1657,0.5656,0.9363,0.2617,2.0086,2.6195,1.3254,-0.1234,-0.7035,-1.583,-0.3566,0.246,0.128,0.1456,-0.314,-1.3812,-0.721,0.4948,0.5578,-0.1084,-0.6983,-0.5452,-0.6996,-0.5895,0.3541,1.2791,1.7536,0.5591,-0.8657,-0.9495,-0.6348,0.7549,0.4643,-0.5997,-1.3753,-1.0992,-0.7634,0.0779,0.2936,-0.154,0.1528,0.1664,0.2589,0.0061,0.1764,0.2097,-0.5885,-0.0566,-0.184,-0.123,1.4217,0.802,0.9932,0.416,-0.3673,-0.0379,0.3621,0.5019,0.7019,1.3364,1.6693,0.8751,0.6161,-0.5456,-0.7622,-0.969,-0.0975,0.8281,0.0941,-1.0322,-0.536,0.0018,-1.2037,-1.6296,-1.3652,-1.1484,0.3515,0.0963,0.0652,0.1732,0.0808,0.2023,0.4741,-0.2282,-0.5185,0.7204,0.6188
"IC15",-0.3162,0.4293,0.2661,0.1607,0.3488,0.1569,0.0531,0.3139,0.7866,0.9016,0.0335,-0.2003,-0.5124,0.2332,0.5018,-0.5291,-1.1629,-1.177,0.045,-0.2956,-0.06,-0.6209,-0.0108,-0.4326,-0.1787,-0.317,-0.4029,-0.8231,-1.8307,-1.0913,-1.4137,2.8178,3.6952,2.9056,3.7189,2.5961,0.7505,-0.6347,-2.2512,-0.6306,-0.5026,-0.7375,-1.1397,-1.4619,-1.7386,-1.3892,-0.8275,-1.1636,-0.7232,-0.4373,0.129,-0.3482,-0.4841,-0.1783,0.4104,-0.2083,0.0062,0.2936,-0.1639,0.0335,-0.2077,1.0802,0.613,0.7399,0.7675,0.6449,1.323,0.7719,0.4627,0.4437,-0.0882,0.4092,0.1285,0.2014,0.7328,0.2661,0.0494,-0.5708,-0.1522,-0.4489,-0.4566,0.0807,0.2001,0.9115,-0.0001,-0.3662,-0.5013,0.0681,0.0332,-0.5634,-0.5613,-0.6154,-0.2663,0.0325,0.6441,0.8114,1.0772,0.9445,-0.2315,-0.1164,0.0736,0.143,-0.0566,-1.2976,-1.328,-1.6,-1.2979,-0.9238,-1.4302,-0.7789,-1.0031,-0.1613,-0.6811,-1.3088,-0.5793,-0.2077,-0.379,-0.2076,0.7047,1.6512,1.8446,2.3945,1.9703,2.2215,0.7554,0.061,-0.5997,-0.7658,-0.6419,1.1977,1.8062,1.2119,0.5521,-0.0019,-0.0997,0.5186,0.5429,0.3243,-0.0634,-0.0064,0.1771,-0.7074,-0.6942,-1.065,-0.2014,-0.407,-0.9334,-0.854,-0.4226,0.1748,-0.9379,-0.5196,-0.9452,-1.572,-0.6461,-0.1734,-0.0154,0.2017,0.0748,0.5257,-0.0207,-0.8216,-0.3062,0.1406,0.5219,0.4632,0.4213,0.6465,0.7064,0.0737,0.6472,0.6094,0.9272,0.0525,-0.405,0.144,-0.4184,0.0734,-0.0386,-0.4073,-0.0289,0.4179,1.8115,2.9169,0.7444,-0.2341,-0.9552,-1.192,-1.4358,-1.4204,-0.8775,-0.3599,-1.9444,-1.2525,-0.8107,-0.4519,-1.2841,-0.4058,0.4975,1.2826,3.4391,2.173,0.1258,-0.8609
"IC16",-0.2384,0.5129,0.9199,-0.245,-0.8983,-1.1132,-1.372,-2.2427,-0.6016,-0.1889,-0.5417,-0.1981,0.4243,-0.4939,-0.4046,-0.3141,0.4564,0.8965,1.4019,1.3566,1.1734,0.8018,0.6266,0.4561,-0.0306,-2.1674,-1.7107,-1.3103,-1.4782,-0.0671,0.7471,0.1141,1.1923,2.1298,0.3636,-0.2959,0.7154,1.4729,3.1795,2.0666,1.2112,0.6739,-0.4245,-1.2366,-1.0862,0.3636,-0.0203,0.2749,1.1024,1.1859,0.929,-0.3129,0.0335,-0.4065,-0.85,-0.91,-1.2278,-0.2135,-0.4397,0.225,-0.7642,-0.3062,-0.7787,-1.4481,-1.2936,-1.4986,-1.5044,-0.0933,0.4319,0.1498,-0.961,-0.3061,-1.0382,-1.8673,-1.0195,0.5298,1.8468,1.2829,0.8477,0.3656,0.4518,1.4419,0.1146,-0.3145,-1.1875,0.0235,1.5935,-0.0395,0.2042,0.2097,-0.8259,-0.5378,-0.5372,-0.9695,0.747,1.7828,1.037,0.5659,0.7601,-0.8502,0.368,1.518,1.0932,0.2549,0.1833,-0.008,-0.0464,-0.2131,0.8102,0.1789,-0.7106,-0.145,-0.0603,0.2923,-0.3469,-0.43,-1.1092,-0.7645,0.2875,-1.8923,-1.4492,-0.3942,-0.4462,0.5458,1.2409,1.7453,1.4549,0.407,-0.8648,-1.4901,-0.1474,-0.0479,-0.1871,0.006,-1.097,0.0567,-0.2147,-0.0024,1.4203,1.3788,0.2273,-0.5983,0.5236,1.6613,0.8494,0.6307,-0.0903,-1.2041,-1.5706,-0.4727,-0.4756,-1.753,-1.8686,-1.1262,0.022,0.085,-0.7469,-0.8559,-0.8672,0.111,-0.2843,-0.2389,1.678,1.4563,-0.5066,0.1592,-0.3013,-0.8462,0.3725,-0.0106,-0.6199,0.5237,1.1004,1.125,2.4702,2.437,1.3872,0.9129,0.5227,-0.6012,-1.499,-0.9973,0.5898,0.7325,2.0717,1.9565,0.2786,-1.3105,-1.1011,-0.3714,-0.6987,0.08,-0.0444,0.9295,1.1749,-1.015,-0.9497,-0.695,-0.5046,0.3208,-1.3017,0.3019,-0.7681,-1.7825
"IC17",-0.4185,2.169,1.7584,0.2953,-0.2405,-0.3964,1.1101,1.5521,1.0918,0.1263,-1.6276,0.9982,0.2419,0.5388,-0.752,-1.3569,-1.6142,-0.7634,0.6708,0.1175,0.2946,0.228,-1.1319,-0.9233,-2.0134,-1.5756,-1.7835,-3.3607,-2.2011,-0.1645,-0.7447,2.0061,0.532,1.6624,0.5983,-0.6495,0.4204,-0.0018,-0.2212,3.5666,1.4231,0.8805,-0.3356,-0.4178,-0.9643,0.501,0.8944,0.6459,1.5361,-0.2162,-0.7977,-0.7251,0.0893,1.0411,0.7308,-0.141,1.606,0.8767,-0.2216,0.0035,-0.5857,-0.809,-1.1416,-1.4054,-0.2409,0.0987,0.4413,-0.0845,-0.0796,-0.8127,-0.0757,-0.9763,-2.3066,0.5666,1.2067,-0.0734,0.1936,0.0493,0.8894,0.7398,0.8164,0.5954,0.185,0.0787,-1.47,0.2677,0.2235,0.041,-0.3508,-0.5588,-0.4716,0.0568,0.2826,-0.1887,0.39,0.5619,0.1971,-0.8915,-0.2459,2.3872,-0.4397,0.0775,-0.1737,-0.8273,-0.3311,-0.4493,0.4987,-0.0498,-1.0275,-0.5052,0.1257,1.8757,-0.3255,-0.8435,0.2771,0.2433,0.1323,-0.8276,-0.6769,-0.2066,-0.2739,-0.9967,-1.0815,0.1622,0.2868,1.4005,1.9393,0.4743,-0.4235,0.5603,-0.4912,-0.0959,-0.0033,-0.1861,0.4395,-0.0034,-0.4238,-0.3022,-0.7299,-0.0724,0.2557,0.2039,-0.1128,0.4039,1.1928,-0.4407,0.2341,-0.7822,0.3097,1.3103,1.0352,1.9209,0.2733,-0.7977,-0.4628,-0.5942,0.4294,-0.6718,0.049,0.8194,-0.2717,-0.804,-1.3445,-0.5273,1.267,0.7702,-0.242,-0.4468,-0.7347,-1.1318,0.6857,0.6157,0.1589,-1.0703,-0.921,0.5682,0.5367,-0.5489,-1.8161,-0.9351,-0.7104,-0.9183,2.0669,-0.592,-1.3989,-1.1174,-1.3676,-1.0369,-1.5641,0.5251,3.6288,1.9913,0.6478,0.6604,0.6592,1.3442,0.9241,-0.3613,-0.1976,-1.1512,2.229,0.661,-0.6142,-1.3638
"IC18",0.9262,-0.1499,0.4697,1.1797,2.2428,0.6793,-0.1422,0.5085,0.8465,0.0467,1.0242,0.5646,-0.0366,0.4944,0.6449,0.2621,0.3051,0.0428,-2.313,-1.4016,-1.8987,-1.4622,-0.8849,0.047,-0.6374,0.0594,-0.7262,-1.5942,-1.209,-1.7389,-1.0233,-2.8882,-1.1563,1.4296,0.281,0.3274,-2.394,-1.8999,-1.4426,0.1029,1.448,0.9792,1.937,1.2367,1.0372,0.3399,0.0404,1.9096,1.0012,0.8263,1.9221,0.1828,0.1147,0.3384,0.7892,1.4159,0.9145,0.7437,0.6686,0.1796,1.1331,-0.5458,-0.0437,-0.4083,-0.1866,-1.0322,-1.1621,0.9181,-0.5932,-0.4447,-0.0766,-0.4746,1.3938,-0.5587,-0.4386,-0.0511,-1.0655,0.2348,-1.4946,-0.4914,-0.1126,0.391,0.9534,-0.7183,0.1744,-1.1751,-1.7179,0.4888,-0.2511,0.679,-0.3199,0.5672,-0.5937,1.0536,0.0477,-0.571,0.21,-0.4597,0.48,-0.4475,1.8412,1.1948,1.2175,1.0318,-1.0823,-1.1595,-1.9446,-1.0603,-0.6971,-2.4381,0.2835,-0.1724,-1.2358,-0.3059,0.0369,-0.1964,-0.6159,0.6176,1.3035,0.975,0.6861,-0.3694,0.7752,-0.9411,0.5867,-0.1908,0.8733,0.896,0.6073,0.6223,1.1572,0.6681,0.4327,0.4608,-0.1518,-0.0279,1.1384,1.0023,1.6141,-0.4439,0.0432,-0.5001,-0.2518,0.6313,-0.137,-0.7157,-0.8755,-0.0502,-0.1432,-1.3155,-0.6149,-0.5847,-0.6313,1.1355,-0.1849,-0.0204,-0.0757,-0.815,-0.0819,-0.8443,0.0149,0.2028,-1.5106,0.2435,0.4743,-0.1877,0.505,-0.5372,-0.1754,-0.012,-0.014,0.8506,1.1997,0.3504,0.8041,-0.9119,-1.1793,-1.429,-3.6637,-2.1777,-1.195,-1.1952,2.37,1.2501,1.5451,-0.2761,-0.761,-0.4031,0.4194,0.6022,0.7056,1.3259,1.1789,-0.1386,0.1212,-0.178,1.5558,1.975,0.1236,0.3779,-1.011,-0.0896,0.1638,-1.0721
"IC19",-1.1627,-1.3072,0.0282,-0.5653,0.3949,0.2363,0.4765,-0.0665,-0.0304,0.5311,0.3689,0.5733,0.9507,0.1676,-0.311,-0.0996,0.147,-0.2466,-0.1737,-0.0248,-0.3305,0.5146,0.6039,0.2461,0.1317,-0.9716,-0.7586,-0.1896,-0.0379,-0.1254,-0.1114,-0.235,-1.7603,0.0712,0.4829,0.0723,-0.3912,0.0029,-0.264,-0.0804,-1.0533,-0.5832,0.1826,0.9276,0.2645,0.9323,0.5382,-0.015,0.773,0.6292,0.6175,0.6292,1.2602,1.1415,0.2882,0.7129,0.5143,1.6126,0.2739,0.0249,-0.9796,-1.2959,0.439,0.3337,-0.5309,-0.3544,-0.9518,0.5889,0.2033,0.5018,0.1938,-0.1021,-0.9409,-0.7321,-0.3174,-0.1898,-0.485,-0.8366,-0.8828,0.3155,-0.3707,-0.2563,-1.2675,-1.606,-1.5828,-0.7044,0.4341,-1.1433,-0.7771,-0.1692,-0.6608,0.0798,0.3752,-0.3241,-0.0776,0.1862,0.5952,0.3818,2.3429,2.2424,0.6604,1.9157,1.5398,0.742,-0.8211,-0.5329,1.1059,0.041,0.6994,-0.0598,-0.5452,-0.1948,0.2043,0.8129,-0.6222,-0.0394,0.2459,-0.2082,0.1276,-1.4009,-0.5364,0.1741,-0.7374,-0.3865,-0.7713,0.4839,0.1957,-0.3733,-0.5276,-1.0087,-0.4096,0.1557,1.1382,0.7647,0.2896,0.6567,-0.8497,0.5638,0.296,0.774,0.1965,0.0735,0.969,1.5893,1.247,1.1649,0.3191,-0.77,-0.9574,-0.5347,0.2093,0.0751,-0.7187,-1.3954,-2.0548,-2.0132,-1.8308,-1.9906,-1.7284,-0.78,-1.3109,-1.2092,-1.022,-0.0459,-0.0285,-0.1484,-0.1042,0.4233,1.4401,1.1367,-0.1691,0.8449,1.4711,1.3526,2.046,2.2209,2.2594,2.6446,2.2715,1.3633,0.6064,1.299,-0.9489,-2.8898,1.1646,1.4957,-1.107,-2.3157,-1.7038,0.3688,0.7836,-0.3822,-0.2543,-0.7024,1.0008,0.9159,-0.7258,-3.6311,-3.1296,-1.7278,0.838,1.2954,1.2701,0.3096
"IC20",-0.5211,-0.741,0.2649,-0.174,0.3728,-0.2891,-0.9712,-1.7372,-0.0883,1.1697,0.7452,0.4474,0.4583,1.3805,1.5874,1.9228,1.5644,0.1367,-0.0046,0.0789,-1.1785,-0.155,0.0143,-0.5984,0.3592,-0.5876,-0.846,-0.1781,-0.711,-0.2424,-0.1286,-0.7766,-0.7671,1.5453,1.6356,0.4573,0.0358,0.1365,0.5238,-0.517,-2.0931,-2.604,-1.8334,-0.8042,-0.5565,-0.5126,1.2597,0.4677,-0.3466,0.772,0.0306,-0.6667,-1.0227,-0.3182,-0.1455,-0.614,0.4998,1.1322,-0.0986,0.1635,-0.6683,-0.1634,-0.0802,1.1428,1.0563,0.9741,0.2997,-0.3861,-0.0602,0.3644,-0.1482,0.29,-1.0928,-0.5893,5.1615,2.6502,3.0893,-0.734,-1.6795,-0.8626,-0.1018,-0.1163,-1.6635,-0.5678,0.1222,0.0847,0.2473,-0.4682,-0.4404,-0.0425,-0.0337,-0.3053,0.3257,-0.3197,-0.1382,1.1869,0.8643,0.6778,-0.2929,0.7812,-1.526,-0.7867,0.7712,-0.5123,0.7174,-1.6596,-3.7148,-0.797,-1.7028,-0.2164,0.0926,0.5894,1.1826,-0.648,-0.1542,-1.1862,0.2821,0.6651,-0.1935,0.0817,-0.2129,0.8941,-0.0129,0.2721,0.5973,0.0587,0.7331,1.6018,0.1785,-1.1866,-0.9757,-0.6868,0.5477,-0.4551,-0.8255,-0.112,-0.5857,-0.2521,-0.4765,1.1784,1.7685,1.4421,1.1925,0.7999,2.3812,1.2117,1.4116,0.1111,-0.2484,1.384,0.8547,0.4351,0.2786,-0.6662,-0.6196,-1.3502,-1.3826,-0.3944,-0.2684,-0.2601,-1.0246,-1.9991,-0.9801,-0.6185,-0.0574,-0.3825,-1.1078,-0.885,-1.3379,-0.8819,-0.373,-0.9033,0.6152,1.0973,0.3075,1.0275,-0.0568,-0.8131,1.0076,1.335,0.3938,0.3573,1.1678,-0.1834,-0.9869,0.5817,-0.0053,-0.1103,0.4231,-1.0379,0.3434,1.3088,-0.4166,-1.0074,-0.8661,0.6314,0.9143,-0.3553,-0.5488,0.6108,0.5913,-0.2447,-0.0266,0.1537
"IC23",-0.3722,-0.5251,0.5988,0.6773,0.5537,-1.5954,-0.7206,-0.6046,0.7412,0.5636,-0.8575,-0.5096,-0.5132,-0.3164,-0.2269,-0.1685,-0.8356,0.2526,0.0031,1.0595,0.7895,1.3493,1.515,1.0048,0.7117,0.7425,1.2849,0.764,-0.6289,-0.7321,0.1014,0.0195,2.1716,0.4876,-0.6772,-3.4119,-4.6859,-1.5154,0.1402,0.7125,0.1901,1.5118,2.0634,-1.9057,0.5197,0.3277,-1.7239,0.7221,0.0426,1.0493,0.4954,-1.1584,0.2514,-0.0057,0.2015,0.2361,1.0741,1.984,0.1361,-0.2871,-0.2037,-1.078,-1.2845,-1.3492,-0.6068,-0.6943,-1.4856,-0.4143,1.5515,0.9358,-0.5822,0.4223,0.4093,-0.0305,0.1982,-1.4758,-0.8546,-0.2261,0.6599,1.8154,-1.2618,0.7695,1.5691,1.1861,-1.1739,-0.3652,0.2632,0.665,0.1922,1.6146,-1.2741,0.4787,-0.6051,0.4948,-0.2374,-0.5933,1.1376,-1.2686,-0.0431,-1.2215,-0.3373,-0.601,-0.3834,0.8941,0.7296,1.5412,0.8385,0.8894,1.8838,0.0206,0.4618,1.3791,-0.2924,-1.4284,-0.5759,-0.5488,-0.5239,-1.6064,-1.1072,-0.7097,-0.0843,0.7083,0.5161,-0.9201,-0.3782,-1.0916,0.6676,0.5331,-0.2799,-0.4522,-0.511,-0.4115,0.4804,-2.0925,-1.1832,-0.2049,0.3053,-0.742,-0.1718,0.7704,1.8104,-1.1654,1.053,0.6798,0.3419,0.3714,0.1957,0.5525,-0.1432,-0.2198,0.5779,0.7049,0.6747,0.0519,-0.4144,0.9041,-0.5389,-0.6126,1.5392,1.1955,2.036,0.2443,-0.7365,1.838,1.0299,-0.3003,-1.5556,-1.1403,0.4558,-0.7662,-0.7622,0.1117,-0.4855,-2.6139,-0.5448,-0.9613,0.3357,-0.2994,-0.1801,0.667,0.1491,0.6767,-0.4095,-0.3414,-1.0556,-1.1683,0.0284,0.4185,-0.6641,-0.3445,0.56,1.4217,-0.602,0.0112,1.9488,0.4793,0.2465,1.2719,0.5294,0.4576,-0.6016,0.2094,-1.0551,-1.184
"IC24",1.7992,-1.0141,-0.5839,1.1298,1.61,-0.0088,-0.3217,0.8774,0.993,0.8643,0.7442,-0.4545,-0.3724,0.4235,1.2667,1.0305,-0.4912,-2.1597,-2.4628,-0.6684,0.7901,0.0843,-0.415,-0.5353,-0.6352,0.5218,1.0903,0.4431,0.3091,-1.884,-1.2476,0.0041,0.9199,0.3708,-1.2874,-0.3103,-0.0313,-0.1932,-0.1372,0.1324,1.246,0.4133,0.3105,-0.5312,-0.8918,-2.6678,-1.6225,-0.189,-0.5977,-0.5644,-0.7608,0.788,-0.7225,-0.7998,0.5011,0.2661,0.0566,-0.3029,0.1114,-0.3611,0.7365,0.7393,0.7504,0.2907,0.3073,0.5608,1.5267,1.3372,0.5764,0.5922,0.9843,1.0356,1.5774,0.2469,-1.3102,-0.1747,-1.101,-1.2538,-0.5692,-0.1091,-0.6476,-0.4112,0.7102,0.8561,0.8061,-0.3546,0.2269,1.9158,0.4571,0.6247,0.5275,-1.2851,-0.8139,0.9814,-0.4073,0.3521,-0.423,-0.0576,0.5975,-1.6218,1.3762,0.0273,-1.2269,-0.9969,-1.0753,0.1196,-0.677,-1.3801,-1.2441,-0.4859,0.1128,-0.3717,-0.428,-1.0667,-0.612,1.2707,1.5937,0.2705,-0.8845,0.4494,0.2801,-0.8146,-0.0891,-0.2252,0.3582,-0.1455,0.563,-1.1784,-0.2694,-0.3784,-0.399,0.3918,0.9452,0.9691,-0.2654,-0.6351,1.1984,0.447,0.648,1.7045,2.6741,2.3463,-0.6138,-0.9721,0.2298,-0.3435,-0.2598,0.4328,-1.4191,-2.261,-0.0604,0.0909,0.1603,0.4765,0.4698,0.0521,0.2314,-0.0591,0.2776,-0.384,0.1373,-0.1951,0.6954,0.6251,-0.055,-0.3243,1.0489,-0.3323,-0.9846,-0.69,0.9879,0.1655,0.1707,0.177,-1.4617,-0.528,0.3443,1.0102,1.627,0.755,0.1642,-0.6274,-0.9614,-3.0326,-1.5897,-0.8723,-1.3108,-1.7458,-0.325,-0.6065,-1.0121,-0.8217,-0.2306,-1.5741,-2.3986,-0.342,0.5798,0.7851,1.3686,0.6049,1.3599,4.0328,2.2612,1.5268
"IC26",0.8571,0.4632,0.3893,-0.8671,1.3764,1.0526,1.1014,-0.5363,1.1257,0.767,0.2662,-0.3434,-0.3198,-0.3717,-0.8404,-0.4835,-0.8119,-0.2104,-1.2409,-1.2529,-0.3263,1.09,0.5962,-0.581,-0.6104,-1.6852,-0.2255,-0.4431,-0.4774,-0.3944,-0.0183,-1.9962,-0.2987,1.6637,0.1,-0.3947,-1.4914,-0.3575,-0.0114,0.1695,-0.8233,0.1252,1.3454,0.4744,-0.7605,-0.6154,-0.667,-0.5383,0.9603,1.7949,1.9502,0.6477,0.1087,0.3357,-0.4029,1.2095,1.8756,1.716,0.75,0.8874,0.7024,-0.3315,0.5027,-0.1549,-0.0372,1.549,0.3014,1.8082,-0.1094,-0.6553,-0.5798,-0.9282,-0.6978,0.9867,-1.3994,-1.5108,-2.2708,-1.2107,-0.5365,0.3424,-0.618,-0.9383,-1.1552,-0.1299,-0.11,-0.5925,-0.2525,-1.0269,-0.4531,0.8035,0.6341,0.7096,-0.2307,-0.58,0.0497,0.8892,0.2796,1.2732,1.4844,0.1252,1.1888,0.9117,-0.3901,-1.9062,-0.8423,-0.5458,-0.6827,-0.0064,-0.0582,-1.5312,-1.4187,1.1218,0.1661,-0.7476,-0.9873,-0.3878,0.0467,0.1214,-0.617,-1.1386,0.9132,0.7177,0.6157,0.7471,0.785,1.5397,2.1862,1.2467,-0.2735,-0.925,0.6762,1.2015,1.2299,1.6739,0.1042,0.4494,0.7066,1.676,1.5676,1.7403,1.2367,-0.6289,-1.2592,-0.533,-0.8689,-1.1333,-0.9382,-1.8898,-2.5007,-1.8264,-0.0732,-0.1532,-0.9388,-0.7127,-1.3535,-1.6196,-2.1331,-1.4713,-0.3363,-0.0855,-0.9087,-0.817,0.7012,1.0622,-0.4569,0.743,1.6765,0.2002,0.6881,1.0377,0.7917,1.6397,1.1052,-0.6718,-0.2971,-0.0169,0.8559,2.1609,0.4046,-0.8918,-1.5262,-0.7147,1.6085,-0.6292,-0.7172,0.4611,-0.7304,-1.6615,-0.7761,0.424,0.2689,1.849,1.4131,0.0545,0.1702,1.1439,0.852,0.3065,0.1156,-0.9203,-0.6758,0.8242,-1.2989,-1.2379
"IC27",-1.184,-0.3068,-0.6096,-0.3958,-0.4426,-0.2318,-0.2403,0.318,0.3642,0.661,0.0016,0.436,-0.3814,0.2084,-0.0766,-0.6507,-0.7621,-0.3126,0.392,0.1044,0.071,0.178,0.1918,0.2294,0.0493,0.5809,-0.156,0.0017,-0.3577,0.1003,0.2242,1.6034,0.7636,1.3327,-0.0352,-0.8454,-0.5621,-1.1021,-1.7245,0.1967,-0.3056,0.6365,0.4923,-0.6043,-1.0739,-0.4444,0.6037,1.2274,1.9041,2.3404,2.1621,2.4806,1.5756,1.0709,0.2822,-1.2477,-0.7549,-1.0779,-1.1298,-0.5482,-1.3389,-0.8543,-1.1158,-1.0833,-0.9814,-0.883,-0.429,-0.5108,-0.4275,-0.3238,0.3447,0.5996,-0.5114,0.6459,-0.1494,-0.7012,-0.2625,-0.4885,-0.6364,-0.6231,0.7454,2.1654,2.2043,1.8968,0.0994,0.018,-0.1169,-0.5824,-0.872,-0.7738,-1.0164,-1.1487,-0.4597,-0.9081,-0.9406,-0.2602,0.0761,-0.0063,0.2187,1.5667,0.4126,0.4806,0.449,0.0566,0.7025,0.1517,-0.2873,0.0008,-0.0792,0.55,0.1748,0.3178,-0.7521,-0.9183,0.0745,-0.2421,-0.5252,-0.0156,1.2705,1.8898,1.4799,0.8736,0.484,1.2485,0.4965,0.3282,-0.0108,-0.9985,-0.3533,0.8281,0.3153,-0.0917,-0.3927,-0.6279,-0.2991,0.1444,-0.4358,-0.9914,-0.5397,-0.3604,-0.2785,-0.1759,-0.3481,-0.9686,-1.0028,-1.1716,-1.0371,-1.3452,-1.4287,-1.1086,-1.5456,-1.4969,-0.9682,-0.004,1.1416,1.2079,1.3422,1.5974,1.4654,1.6359,1.2376,0.7177,0.2095,0.8081,0.5374,-0.0386,-0.2126,0.2396,-0.2755,0.3813,0.6153,0.2944,-0.1353,0.0777,1.0156,1.9014,1.1113,-1.1854,-3.1376,-2.6334,-1.3076,-0.3894,-0.8914,-0.9675,-0.2541,0.5992,2.1049,1.589,0.565,0.4372,0.9606,0.346,0.4925,1.2013,1.8092,1.3837,0.4836,0.8675,1.3324,0.042,-0.8265,-2.4495,-2.9983,-3.3735
"IC29",1.7031,1.0345,1.8683,-0.1703,0.3355,0.1537,1.1567,1.1806,0.9142,0.232,-0.0101,0.19,-0.1047,-1.3742,-2.6199,-3.6262,-1.8109,-1.2986,-1.0489,0.5697,0.6602,1.2501,0.0487,-0.3429,0.04,-0.4565,-0.1925,-1.8998,-0.3973,0.095,1.0507,0.1982,0.4708,0.7936,-1.0715,-1.0477,-0.8385,-0.2313,0.8307,0.4003,1.5823,0.1926,-0.5915,-0.2137,0.1566,0.6359,0.7997,0.9615,0.5064,0.0186,-0.6541,-0.8956,-0.0476,-0.7247,-0.7679,0.9063,0.1686,1.3087,1.0365,1.1674,-0.6587,-2.2543,-1.4127,-1.1429,1.3908,1.6063,1.1692,1.6479,-0.5272,0.2289,0.4337,1.3645,1.4836,-0.4555,-0.6143,-1.0145,0.5464,0.5333,0.2322,0.187,-0.3285,0.7321,-0.9418,-1.8257,-1.3783,-1.9881,-0.0702,-0.293,-0.3113,-0.0151,-0.2245,1.3055,0.4457,-0.3627,-0.8227,0.2088,0.3865,0.1523,0.8129,-0.6833,-1.3757,-1.7549,-1.6114,-0.2429,-0.4138,0.0098,0.3657,2.7675,2.5655,-0.386,0.3532,0.5828,0.9767,0.3445,-1.6865,-0.7513,-1.0977,0.0384,-1.2789,-1.9114,-0.0082,0.0983,2.0619,1.0779,0.3513,1.0339,0.3879,1.4768,0.2692,-2.1533,-0.7356,0.1821,1.3958,-0.2802,-0.3076,-0.1726,-1.0078,0.2146,-0.2648,1.6244,1.8161,1.0188,1.8324,1.2141,1.8363,-0.4239,-1.8453,-0.8807,-1.2992,0.1246,0.5263,-0.5344,-0.0779,0.12,0.2856,-1.1627,-0.994,-0.6276,-1.2135,-0.7157,-0.7666,-0.2654,-0.2872,-0.2869,-0.7819,-0.0874,0.7035,-0.4811,0.3643,-0.7298,-1.0263,0.0922,-0.8787,1.307,-0.0271,0.4026,0.9068,0.1678,0.6424,-0.8777,-0.0104,-0.3032,0.5711,1.3682,-1.379,-0.4838,-0.4374,-0.0211,0.5031,-0.1773,0.5276,1.5065,0.9038,-0.5363,-0.9501,-0.3979,0.2663,1.4814,0.4274,0.797,-0.0993,-0.4074,-0.3988,-0.3006
"IC31",0.9593,0.1901,1.5608,0.532,0.6517,-0.6717,-1.6845,-2.1444,0.0099,0.4165,-0.0966,-1.2681,-1.4511,-0.2568,0.6055,0.2652,-0.374,-0.2149,0.43,0.342,-0.3669,0.6464,0.4466,-0.2924,0.0579,-1.362,-1.5438,-0.4391,-0.2024,-0.1301,0.85,-1.4281,-1.0056,2.8646,2.0477,1.1803,0.3573,1.0209,1.0755,1.1377,1.583,-0.524,-0.2623,-0.7096,0.3853,0.666,0.1412,-0.6202,-0.8569,1.2909,0.4742,-0.4412,0.7143,0.2107,-1.1734,-1.5049,-0.2781,0.3692,-0.3228,-0.9478,-0.6569,-0.8809,-0.1271,0.0589,0.6952,-0.7185,-1.5555,-0.1946,0.485,1.3106,0.3193,-1.3436,-1.5966,-0.736,1.6589,1.3775,1.288,-0.4158,-1.1885,-0.0205,0.0866,0.6919,-1.3448,-0.4749,0.4128,1.3634,1.5519,-0.5882,-0.3461,0.9255,0.1134,0.768,-0.4309,0.085,0.0197,0.2539,0.4572,-0.9176,0.1061,-0.5582,-0.7329,0.4347,1.6563,1.5775,-0.9559,-1.9968,-1.4492,-0.4751,0.4193,-0.0703,-0.6525,-1.1867,-1.106,-1.1363,-0.1804,-0.2037,-0.0351,0.6803,0.7908,-0.1403,0.1661,1.1188,1.6994,1.0068,0.9658,-0.364,0.3062,-0.8039,-0.4929,-0.7389,0.3965,0.3439,0.6642,0.3247,0.528,0.1355,-0.1614,1.2491,2.5498,2.4769,1.3946,-0.2273,0.4537,0.7527,0.6071,-0.6535,-1.1121,-1.5068,-1.9274,-0.9491,-1.095,-1.7863,-1.6208,-1.4803,-1.1497,-0.3317,-1.3974,-0.6075,-0.0396,-1.2257,-0.743,-0.8226,-1.1814,-0.425,-0.1102,0.1289,0.5989,0.6106,1.1468,0.2291,-0.9496,-0.2004,1.6947,2.5522,2.3126,1.7842,1.4425,1.0039,0.3948,0.114,-0.2528,-0.3946,1.416,0.7718,1.6792,1.4158,0.3089,-1.0724,-0.3214,-0.2328,-0.0383,-0.371,-1.2842,-1.2964,-0.7756,-1.7503,-1.0005,-0.2261,-1.2613,0.4754,0.698,1.1753,0.1196,-0.9121
"IC33",-1.601,1.0217,0.4175,0.4023,-0.4916,-1.2897,-0.0153,0.949,0.9757,1.2376,-0.4552,0.0543,-1.0856,1.0507,0.1079,0.2595,-0.697,0.0697,1.6216,0.2304,0.0399,-0.0041,-0.8156,-1.2387,-0.1095,0.3079,-0.134,-1.1048,-2.1119,0.0548,0.0625,2.2485,0.6478,2.7186,1.7707,-1.086,-0.6845,-0.7235,-2.1742,0.6076,0.0894,1.1153,0.4719,-1.1087,-1.7042,-0.2412,-0.3056,-1.3912,-0.1799,-0.4498,-0.858,-0.2963,-1.0568,0.3675,1.3629,0.0316,0.4805,-0.3315,-1.0668,-0.2503,0.364,1.0887,0.9623,0.0889,-1.0061,-0.2669,0.8194,-0.2601,0.4014,-0.1486,0.462,0.7,-0.0406,1.2558,-0.3557,0.193,0.6,1.2753,1.0461,0.1357,0.1804,0.0629,-0.5662,0.1251,0.0918,1.9427,1.0393,0.3866,0.23,0.7064,-0.4394,-0.9849,-0.4644,-1.3174,-0.6115,-0.3451,-0.0401,-1.259,-1.6747,0.4821,0.4274,0.8549,-1.1508,-0.8962,0.6283,-0.2638,-0.6436,-2.1113,-1.6361,0.2622,-0.3291,0.1112,-2.5977,-1.1913,0.2961,-0.122,0.2445,-0.8089,1.4232,2.3625,2.2803,1.4229,0.5454,1.1874,-0.2798,-0.3339,0.1179,-1.4626,-0.5509,1.4424,1.363,0.733,-0.8099,-1.9277,-1.1733,-0.5336,0.2378,0.3082,2.0055,3.7912,1.631,-0.435,-0.8451,-1.168,-0.2868,-0.4662,0.2769,-0.5921,0.4521,0.9013,-1.3119,-0.0375,-0.0336,-0.0306,0.4484,-0.3451,0.5636,0.2792,0.1296,1.0092,-0.141,-0.2127,-0.5986,-0.7583,0.1616,-1.6915,-1.4612,-0.1608,-0.7135,-0.7332,0.6438,0.0291,-0.4276,-1.1961,0.9355,1.0527,-0.871,-0.7858,-0.2914,-0.1708,1.0158,-0.3979,-0.7226,-0.1551,-0.7382,0.1568,0.0216,0.8502,0.9528,0.9617,1.9121,-0.1847,-1.3729,0.7226,1.8332,1.1021,-1.0017,-0.2279,0.1547,-0.7363,2.3597,0.0088,-0.9173,-2.1417
"IC36",0.6205,0.9165,0.8336,0.1613,-1.1909,0.9197,0.7809,1.1895,-0.8164,-0.3789,-0.279,-0.7202,-0.6284,-1.0874,-1.1873,-2.3676,-1.6111,-1.0799,-0.191,1.066,1.3958,0.3902,1.6909,0.094,0.3399,0.464,-0.5975,-0.2197,-1.2935,-0.2617,-0.191,-0.0747,-1.0707,-0.2847,0.6857,-0.7215,0.8618,0.6759,-0.2937,1.6468,2.2412,0.592,-0.7495,0.5637,0.9376,0.2423,0.1935,0.075,-0.4214,-1.5498,0.2683,1.095,0.7955,1.2337,0.1042,-0.5615,-0.38,-0.0664,0.5119,-0.097,-0.2892,-1.1625,-2.5587,-0.3308,-0.2528,0.8271,1.5179,0.3554,0.9517,0.206,-0.1685,-0.8285,-0.5803,-0.9365,-0.6257,-0.0393,0.4775,1.6955,0.0084,-0.74,0.768,0.6039,0.9738,-1.3559,-0.5727,0.4042,0.1777,0.0717,-1.6271,-1.2658,-0.1206,0.0549,0.0261,-0.7036,-1.5755,-2.8872,-1.3127,-0.1096,0.2132,2.7394,0.4891,-1.2086,0.5462,1.1251,1.6713,1.0515,1.8369,1.8865,1.0257,0.1754,-0.7253,-1.4124,0.2659,0.1034,0.1934,-0.8033,-0.7012,-0.7825,-1.3465,-1.5469,-2.2037,0.102,0.7403,1.0619,0.8937,-0.0028,-0.3231,1.1969,0.7718,0.3079,1.4785,2.0107,1.858,2.4102,1.6128,1.1339,-0.0798,-1.2259,-0.893,-1.1493,-0.3049,-0.0239,-0.348,-0.7571,-1.7653,-1.8668,-1.8331,-1.2372,-1.4109,-0.5791,0.2862,-0.5651,-0.1526,0.6743,0.7333,-0.2503,-0.7286,-0.7753,-1.1724,0.2562,0.2625,-0.2979,-0.7187,-0.9837,1.5523,2.1181,0.9912,0.6342,-0.0315,0.3503,0.6961,-0.5579,-0.362,-0.259,0.349,-0.5751,0.4645,0.6255,0.1362,-0.5985,-0.3374,1.3736,1.8567,-0.2846,0.1477,-0.8252,0.0077,0.1453,0.0302,-0.9006,0.815,1.2385,1.1701,1.3403,-0.3833,-0.8669,1.0435,0.2739,-0.2462,-0.8787,-0.2066,-0.6142,-1.1743,-1.4872
"IC37",0.4472,0.6173,1.1569,1.11,-0.2741,-0.6741,-1.2937,-0.8225,-0.6319,-0.5132,-0.051,0.7959,1.1326,0.2831,-0.9726,-1.7784,-0.8212,-0.3997,0.1531,0.4785,0.903,0.8813,0.7861,-0.1084,0.1964,-1.088,-2.1241,-1.7646,-1.9785,-0.5186,0.4704,-0.0447,-0.147,1.7887,2.1996,0.8861,0.6348,0.3738,1.6316,0.7398,0.4684,-0.8911,-1.6079,-0.4344,-0.3822,0.4245,0.3326,1.1268,1.7223,0.4764,-0.0161,-0.7407,0.1861,0.3855,-0.3667,0.2536,0.3347,0.6648,1.3172,1.103,-0.0096,-1.5455,-0.9102,-0.1892,-0.6279,-1.1177,-1.5644,-1.1544,-0.2246,0.097,-0.1992,-1.0472,-1.6788,-2.0033,1.8993,1.1233,2.0544,1.2187,-0.518,-0.0755,0.5298,1.4579,1.8818,-0.7022,-1.1797,-0.1257,0.3676,-0.2837,-1.1667,-1.098,-1.3284,-0.3131,-0.488,-0.687,-0.214,-0.2496,0.7689,-0.3545,1.244,3.0599,-0.9187,-0.9872,0.8669,0.8644,0.2215,-0.5697,-1.984,-0.1968,1.0545,0.3562,0.3151,-0.3895,0.4904,0.7486,-0.0138,-0.2146,0.5553,0.9128,0.5969,-0.3575,-1.1939,-0.5985,-0.3331,-0.2818,1.0932,0.777,0.6267,1.3984,0.9358,-0.6082,-1.4324,-1.0969,-0.6991,0.1151,0.3392,-0.2096,-1.3831,-1.1327,0.4346,-0.5809,-0.4807,0.6185,0.4951,0.7859,0.6197,0.874,0.3375,-0.5547,0.0971,0.0241,0.705,0.7899,0.0944,0.3339,-0.7355,-0.7244,-0.2644,-1.1404,-0.2121,-0.057,-1.0293,-0.5729,-1.3604,-1.0096,0.5596,0.7272,0.7735,-0.1667,-0.5032,0.1368,-0.2992,-0.6124,0.443,1.3406,1.4528,0.9165,0.7215,-0.8067,-1.8716,-1.3494,-0.8647,-0.553,2.3856,1.6232,1.6451,0.324,-1.316,-1.5417,-1.6707,-0.6594,1.6379,1.9317,2.3919,1.7997,0.8495,-0.4281,0.6105,-0.0906,-0.6231,0.1125,-0.2095,-1.564,-1.1386,-1.9327
"IC38",1.2671,0.9304,1.2305,0.3718,-0.2169,0.2104,-0.1224,-0.8766,0.1127,0.8401,0.9523,0.5572,1.2682,1.3168,0.8069,-0.9248,-0.9046,-0.8473,-0.716,0.1775,0.1716,-0.494,-0.9727,-1.1345,-1.6049,-0.9569,-0.7459,-1.1902,-0.815,-0.3488,0.2823,-0.1788,0.187,0.3968,1.3617,0.801,0.4667,0.3157,0.2505,-1.6461,-1.4715,-2.1104,-1.6331,-0.5449,-0.3388,-0.5532,-0.0705,0.4561,1.2652,2.261,1.3448,0.2451,-0.6237,-1.2026,-0.6555,0.0955,-0.2937,0.6484,1.4115,1.6552,1.1189,1.6523,1.5279,0.9763,0.7612,0.3341,0.8616,-0.4385,-1.7973,-0.8428,-0.0424,0.7331,0.544,-0.3116,1.1147,-0.5272,-0.3269,-0.3851,-1.3286,-2.7243,-2.2948,-1.1323,-1.5422,-1.7508,-0.878,-0.1848,-0.2323,0.089,1.258,0.7024,0.745,1.0983,0.3663,-0.2664,0.7741,2.226,1.2487,1.1548,2.2353,4.459,1.7144,-0.0781,0.5704,-0.2728,-1.6394,-1.1588,-2.1116,-1.6664,-1.9159,-1.3887,-0.3573,-1.2757,0.0006,-0.2546,-0.4277,-0.7197,-1.0714,-0.2333,-0.4351,0.4532,0.313,0.3062,0.2018,-0.3345,0.5566,0.461,-0.192,0.6396,1.1769,0.0167,-0.3341,-0.3787,-0.6546,-0.7998,-0.6255,0.1416,-0.484,-0.5995,-0.1539,-0.1554,0.2782,0.2131,0.3243,0.6197,2.0145,1.99,1.0579,1.0973,0.5064,0.1754,0.1892,0.3698,0.0028,0.3441,-0.025,-0.1776,-0.3787,0.6616,1.694,0.6114,-0.0141,-0.044,-0.6548,-1.4549,-0.9154,-0.3519,-1.2772,-1.4921,-0.5714,-0.363,-0.2568,0.2434,-0.3056,0.7851,0.1946,0.0724,0.5631,0.3906,0.3023,-0.7637,-1.0438,-0.8761,-0.5477,-0.9981,-1.0229,-0.7567,-0.8654,-0.3894,-0.8713,-0.9696,-0.0211,0.3794,0.3055,0.2171,-0.1157,-0.8454,0.7492,0.6296,-0.3967,0.7717,1.7951,1.5382,1.2203,1.1872
"IC41",0.5489,0.9247,1.2748,0.8287,-0.5867,-1.254,-1.1475,-0.6935,-0.4948,-0.3717,-0.49,-0.3827,0.5436,-0.0785,0.3887,-0.3697,-0.3776,0.304,0.5737,1.0756,1.1437,-0.3867,-0.9255,0.3446,-0.9681,-1.8157,-0.1558,-1.2036,-0.4833,-0.6514,0.6714,1.1807,2.9758,2.2729,-0.1796,-0.5254,0.2348,0.0899,0.1919,-0.5677,-1.175,-0.7007,-1.2749,-1.3585,-0.1374,0.7092,0.712,0.4237,1.239,1.0085,-0.2212,-0.0342,-0.1532,-0.6938,-0.2581,1.2876,1.434,1.5192,1.1325,0.9325,-0.7247,-0.5049,0.0272,-0.2251,-0.121,-1.2593,-1.1379,0.3917,-0.1987,-0.3164,0.218,0.5901,0.3652,-1.0068,-3.7058,-0.8427,-0.7765,-0.6531,-1.6693,-1.0809,0.2464,1.0611,-0.3045,-0.1089,-0.6589,0.7807,1.7754,0.7661,-0.3363,0.4438,0.8382,0.1906,0.4024,0.3028,2.0279,2.0238,0.4911,0.7606,1.1075,-2.1501,0.1933,0.22,-0.2367,0.8487,-0.1103,-0.9034,0.825,0.0003,0.4526,-0.5687,-1.4909,-1.0051,-0.7306,-0.0223,-1.1749,-0.1672,0.4745,0.0171,0.7843,-0.3211,-0.6352,-1.8045,-1.4187,0.2989,0.2555,0.5042,0.1803,-0.0081,0.4254,-0.8428,0.0407,0.4328,0.3519,0.1733,-0.3417,0.4485,0.8057,0.6356,1.7569,1.9002,1.321,1.0753,0.2623,0.5623,1.818,1.3545,-0.0491,-2.2966,-3.2949,-1.2057,-0.3376,-1.747,-1.9541,-0.8109,-0.1512,-1.4337,-1.4083,-0.6403,-0.4486,0.1225,0.1964,0.0831,1.0168,0.4258,0.4961,1.0208,0.7974,-0.8343,-0.3713,-0.8138,0.6258,1.4227,1.1307,1.7307,1.6661,1.0115,0.66,0.6173,1.7277,-0.7526,-2.1977,-1.5702,-0.4732,-1.1734,-0.0641,1.0576,0.8607,-1.6884,-0.1417,0.5377,0.4387,0.1619,-0.1519,-0.6688,-1.2209,-0.7972,-0.605,0.7406,0.9713,0.8772,-0.089,-0.698,0.0135,0.1627
"IC42",-1.1945,0.3601,0.3002,1.3028,-0.3237,0.0447,-1.1181,0.2923,-0.2774,0.6682,-0.0008,0.8413,0.0832,0.7467,-0.1848,-0.9657,-1.0379,-0.721,1.0089,0.8187,1.2628,-0.2314,-0.3926,-0.3944,0.8232,-0.4681,-1.0541,-0.5191,-1.2526,0.3313,-0.2884,0.8055,-0.1151,-0.1912,0.295,-0.7073,-0.3192,-0.6163,-0.2374,1.4873,1.2827,0.1801,-0.9507,-0.3866,-1.3098,-0.0409,0.9601,0.9924,1.152,-0.539,-1.2995,-1.3775,-1.7071,0.5005,0.7294,0.02,0.6504,0.6447,1.5429,-0.0997,0.1364,-0.5591,-0.9568,0.9021,-0.1573,1.3441,2.1889,0.902,1.5444,0.2357,0.9199,-0.0342,0.2404,0.0395,-1.3269,-0.6344,-1.0185,0.6211,-0.2879,-0.6844,0.0828,-0.4601,0.0062,-2.4305,-2.1631,-0.5949,-1.1108,0.9706,-0.1519,-0.6955,-0.6375,-1.2665,0.4977,0.6496,0.902,0.2476,1.0753,0.0075,0.0177,1.9404,-0.0153,-1.5817,-1.6079,0.0082,0.7831,-0.438,0.5376,-0.1494,-0.1661,-0.0206,-0.0975,0.8477,0.6273,0.8666,0.1576,-0.8592,0.1844,0.3494,1.8404,1.1926,-0.2541,-0.154,-0.3458,1.5671,1.8855,1.4723,-0.0195,0.1107,-1.152,-0.3701,-0.9658,-0.9249,-2.0081,-2.6667,-0.4602,-0.6559,-0.38,-1.1597,0.1741,0.6312,0.1909,0.9372,-0.6736,0.1175,-0.349,-0.5462,0.5907,-0.627,1.096,1.4413,0.9148,1.8351,0.4962,1.2962,0.602,-0.4838,0.7883,0.3769,0.8926,1.2471,-0.2923,-0.2156,-1.6948,-2.188,-0.7148,-2.3345,-2.0736,-0.4897,-1.6913,-1.2829,-0.4922,-1.3049,0.0922,-0.5455,1.1638,2.1074,1.2055,0.3362,-0.4138,-0.4658,0.1553,0.6986,2.1203,0.7527,1.473,0.3979,1.2259,1.0023,-0.3251,-0.6702,1.4522,0.6298,1.4148,0.6167,-0.9032,-0.9495,-1.366,-2.5333,-2.1296,-1.5484,1.8416,0.3381,0.6303,-0.0636
"IC43",1.1434,1.8534,1.6319,1.4429,-0.0568,-0.2728,-0.4564,-0.4425,-1.2037,-1.593,-0.5204,0.1066,0.3497,-0.3181,-0.2674,-0.9966,-1.247,-0.3195,0.4266,0.6912,0.8187,-0.7454,-1.111,-0.3385,-0.5723,-1.3162,-1.1852,-0.5631,-1.2663,-0.5536,0.0019,-0.4432,-1.0578,0.3396,2.0687,1.2081,0.4014,-0.9347,-1.1606,0.4044,1.0369,0.7092,0.3888,0.3032,0.0917,1.2484,1.0424,1.6783,1.6939,0.2567,1.3162,1.074,0.9376,0.7946,0.2056,0.9672,0.3135,-0.4663,0.2614,0.5109,0.7673,-0.1936,-0.2283,-0.5411,-0.8393,-0.5722,-1.0868,-0.2663,-0.5033,-1.196,-1.1546,-1.6433,-0.6195,-0.6428,-2.1724,-1.2209,-0.3245,1.1253,-0.5047,-1.3175,-0.884,0.4617,0.8843,-0.9164,-0.6112,-0.2164,0.1614,0.616,0.6748,0.4498,-0.6313,0.1276,-0.2442,-0.2147,0.2255,-0.9422,-0.7045,-1.4304,0.9305,5.1915,3.0875,1.4049,0.9648,1.613,0.0009,-0.0638,-0.2706,-1.1452,0.4882,-0.0746,0.006,-0.1659,-0.6011,0.388,-0.1018,0.3213,-0.5149,-0.4257,-0.0598,-1.6961,-1.421,-1.4669,-1.1704,-0.3788,0.6302,1.6618,1.122,0.3274,-0.2502,-0.8585,-0.6456,0.7513,0.4055,0.4594,-0.235,-0.2594,-0.6284,0.17,1.593,0.43,0.5553,0.6837,0.2428,0.1661,-0.8026,0.8004,0.1476,-0.5231,-0.9638,-1.9337,-0.9998,-0.2271,-0.6973,0.2915,-0.0239,0.8894,0.017,-1.4255,-0.4562,-0.0102,0.9549,1.4004,0.0967,-0.3793,0.0899,-0.2309,-0.2429,-0.6542,-0.3393,-0.0312,-0.9967,0.0237,0.3582,0.0131,0.8983,0.1133,0.8406,0.0735,-1.5049,-1.1366,-1.1077,-0.6636,1.5662,1.3679,3.1207,0.7782,1.0486,0.587,-1.9823,-1.1572,1.1977,1.1915,1.1974,0.5477,0.6041,-0.9735,-0.3929,-1.6284,-1.7887,-1.0562,0.6308,0.3544,0.7425,-0.7566
"IC44",-0.027,0.4771,0.5665,0.4692,-0.4748,-0.9594,-0.0156,-1.1166,-0.8976,-1.7757,-1.4721,-0.6004,-0.2954,-0.3649,0.0801,0.4865,0.8165,1.3722,1.1509,0.0824,0.189,0.076,-0.3602,0.6774,0.8332,0.0765,0.3892,0.2481,0.8041,1.1379,1.2329,0.8694,2.2729,2.9174,1.8268,1.6408,-0.991,-0.9966,-1.3423,-1.6039,-1.1318,-0.7764,-1.6646,-1.2897,-0.8622,-0.4505,-0.7822,-0.9799,-0.697,-0.0158,0.8309,-0.3516,-0.0011,-0.0722,0.8232,0.538,-0.3521,-0.17,-1.521,-0.1454,-0.3344,0.7688,0.3013,-0.751,-0.3188,-0.6715,-0.8681,-0.8809,-0.9799,-0.0786,-1.1709,-0.711,0.9366,0.8595,1.02,0.7078,1.3027,-0.0557,-0.1965,-1.3626,-1.6919,-0.4693,-0.3905,1.3666,1.2486,1.0411,1.3472,1.5595,2.5875,1.3946,1.053,0.5358,-0.6465,0.4279,1.0917,0.9836,-0.883,0.5932,0.0766,-0.272,1.0435,0.3064,0.1622,-1.7489,-0.484,-1.274,-2.7542,-0.9185,-0.8137,-0.6778,-0.6198,-0.6388,-0.335,0.0302,1.3077,0.7879,-0.3813,0.1273,-0.411,0.5766,0.0954,-0.8299,-1.3313,-0.4883,0.096,0.2487,-0.2498,0.3048,-0.1503,-0.2621,-0.198,-0.9188,-1.1055,-0.3348,-1.1386,-0.2215,1.5204,1.5392,1.849,1.5643,-0.0865,-0.8265,0.095,0.366,-0.1401,0.0691,1.7614,1.201,-0.3696,0.1201,-0.1555,-1.1507,-0.8694,-1.083,-0.3255,0.271,-0.3971,-0.2537,-0.3321,-0.2226,0.8683,1.1918,1.9868,0.3699,-1.191,0.782,-0.1121,-1.0385,-0.0532,0.0528,1.0646,1.0354,0.3383,-0.143,0.6683,-0.4802,-1.2401,-0.8808,0.6712,1.5745,0.3896,0.6608,0.7719,-0.9086,-0.9958,0.1762,0.2364,-0.3347,0.6027,0.718,-1.5311,-1.7044,-3.0962,-2.9456,-1.8091,-0.6337,0.9443,0.9405,1.2963,1.3662,-0.6796,1.3082,0.9377,1.0812
"IC45",1.2486,0.2092,-0.8949,-0.7498,-0.4495,0.508,0.7908,-1.3565,-1.376,-0.3601,-0.1541,0.0901,-0.1513,-1.2823,-0.3461,-0.2993,0.2943,-0.1059,0.324,0.1077,1.1947,1.2397,1.6762,0.3569,-0.7744,-0.7574,-1.1863,0.5366,-0.0025,-0.1205,0.7909,0.668,-0.204,0.736,1.2296,-0.7209,-1.9674,-1.6863,0.3982,2.6472,1.3875,0.405,0.4409,-0.1788,-0.3451,0.6135,0.5012,-0.181,0.3583,1.238,0.4203,-0.181,0.4685,-0.9144,-0.8323,-0.9079,-0.0552,0.4373,-0.5476,1.5148,-0.71,-1.1446,-1.6054,0.1406,-0.2564,-1.5683,-2.3,-1.633,0.8493,1.0936,0.3817,1.1565,-1.0463,-1.0111,-0.1529,-1.0491,1.3324,-0.2758,0.8856,0.4533,1.2968,2.5128,-0.0091,0.3742,-0.061,-0.1201,-0.0846,-0.3662,0.5692,-0.0373,0.2115,-0.0592,-0.4181,-1.6352,-0.8699,0.5372,1.2231,0.2678,-0.0505,-0.3121,-1.926,-1.7011,0.0574,-0.0817,0.8265,1.1477,0.1085,2.007,2.8064,0.7743,-1.7381,-0.1198,1.389,0.7335,-1.3034,-2.0064,-1.2017,-0.2138,0.7171,-0.7038,-0.5843,0.7231,-0.6856,0.1234,-0.137,0.955,0.3795,1.3484,0.5853,-1.7272,-1.4992,-0.5219,0.3846,-0.2111,-0.327,-0.2119,-0.8012,-0.7873,-0.1015,1.2053,1.6161,0.9908,1.5226,0.3031,0.4067,1.9967,0.9484,-0.7336,-1.0944,-0.643,-0.4008,-0.458,-0.7245,-1.2287,-0.6509,-0.9015,-1.2127,-0.9114,-1.1332,-0.4509,0.2989,-0.1071,-0.6919,0.3217,1.0047,0.5518,-0.2431,0.8319,1.8007,0.4151,-1.1057,-0.9413,-0.2053,-1.0133,1.9127,2.6276,2.1496,1.5731,-0.0611,-1.0716,-1.6115,-1.3585,-1.196,-0.1682,0.5692,1.2427,2.0455,0.455,-0.2966,0.1243,0.9301,0.1145,-1.0137,0.3233,1.4075,0.1227,-1.0099,-0.739,-0.3788,-1.1893,-1.1683,0.0567,-0.236,-0.2477
"IC46",-0.6158,0.5056,-0.123,0.3918,0.0034,0.9345,0.9934,0.2555,-0.7406,-0.9687,-1.8148,-1.4086,-1.6261,-1.4038,-1.1534,-0.5227,0.0438,0.7663,1.8928,0.6588,0.4531,-0.3805,-0.2293,0.1067,1.524,1.2409,0.1192,-0.1448,-0.6681,0.0306,-0.3674,-0.5724,-1.7888,1.608,2.7347,0.7623,0.7424,-0.1593,-0.1598,0.5365,0.5657,0.6837,0.0684,0.6701,0.655,1.1222,0.6755,-0.8508,-1.2089,-1.3599,-0.6618,-0.3498,-0.1128,0.6111,-0.3117,-0.7125,0.2988,-0.0956,-0.1291,0.0064,0.2616,-0.5583,-0.4502,0.9102,0.6141,-0.1262,-0.7387,-0.403,0.6408,-0.7052,-0.966,-1.3783,-1.5926,-1.4431,-1.4445,0.1989,0.6797,1.6366,0.505,1.5497,1.8781,1.6909,1.4853,-0.3189,-0.406,1.7814,1.2355,-0.5936,-1.8329,-1.5135,-1.1886,-0.63,-0.4761,-1.4974,-1.6611,-1.9034,-0.2266,-1.2681,-0.1985,1.694,-0.5546,0.4403,1.4164,1.9637,2.2649,1.4348,1.868,0.8489,0.3746,-0.6172,-1.0821,-0.8181,0.0005,0.6888,0.3381,-0.5398,0.4325,-0.5322,0.3777,-0.0631,-1.2308,-0.2635,-0.3574,0.233,-0.3538,-0.643,0.2361,1.0071,0.0212,0.3452,-0.6283,-0.619,-0.5752,-0.5956,1.144,0.8399,-0.1175,0.3868,0.7485,-0.3112,-1.4338,0.1931,-0.3491,-0.4643,-1.0947,-0.8231,0.2563,-0.9697,0.2676,1.2253,1.0396,1.6197,0.2692,-0.18,-1.1768,-1.2282,0.5044,-0.0275,0.2943,0.0594,-0.5247,0.499,-0.903,-0.851,1.164,0.0858,-0.2208,-0.1937,-0.0861,0.0213,-0.1864,-1.3008,0.6156,0.1865,0.1728,0.357,0.1334,0.4668,-0.1132,-1.1315,-1.065,-0.51,1.6949,0.0207,0.2572,0.1809,-0.3557,0.7849,-0.0057,-0.1215,2.3199,1.2005,1.8969,2.679,1.9906,1.4246,-0.3657,-1.0839,-1.3228,-1.2586,0.3487,-1.898,-1.68,-3.0748
"IC47",0.6997,0.7312,0.2849,0.4159,0.3108,-0.4228,0.0531,-0.3565,0.463,-0.0439,-0.3529,0.2069,0.3503,-0.4607,-0.8349,-0.5884,0.0698,1.7257,0.7428,-0.7984,-1.884,-2.5631,-1.9824,-0.6716,-1.0027,-1.0286,0.0051,-0.4029,0.2264,0.2298,-0.4777,-1.3593,0.0265,1.5372,-0.1748,0.5402,2.1722,2.4611,1.5579,1.1394,-1.0782,-0.5706,-0.0873,0.1641,1.0288,2.4219,0.9523,1.0594,0.0128,-0.4094,0.0879,-0.2686,0.7655,-0.4655,0.0457,0.686,0.5671,0.5892,-0.4162,-0.8253,-1.3919,-1.243,-0.6518,0.2617,0.7117,-0.4552,0.0918,1.3658,0.7499,-0.1055,-1.4121,-1.8241,-0.8918,-0.5557,-0.4029,1.2249,0.9031,-1.1677,-1.3255,0.0334,0.2584,0.4342,-1.457,-1.2234,-0.2272,0.6475,0.8725,0.2502,-0.0811,-0.2042,-0.8845,0.4041,-0.9868,-0.2606,0.4641,0.5076,-0.7743,-0.8621,0.0796,-1.8718,0.457,1.4698,1.8054,2.1793,0.043,-0.2666,0.0598,0.902,1.5263,-1.38,-1.0348,0.2729,0.2447,1.4271,-0.3251,0.0758,0.3317,0.1327,0.5569,-0.4988,0.1901,0.0699,0.4066,1.2056,0.0593,-0.9671,-0.4233,-0.581,-0.6737,-1.2199,0.2217,0.6085,0.0112,0.2667,-0.3348,0.5108,0.8935,0.8023,1.5753,0.5574,-0.7451,-2.5667,-0.5446,1.4796,1.1741,1.1267,-1.1471,-1.6062,-1.491,-0.478,0.5104,-0.9096,-1.0046,-1.0049,-0.8236,-0.3437,-0.6414,0.2219,0.624,-0.0902,-0.4304,-0.8507,0.2151,0.7134,-0.0272,0.7107,0.6654,-0.7399,0.2321,-1.4549,-1.5575,0.0725,0.832,0.9027,3.2989,0.9855,-0.6132,-1.3839,-0.1402,-0.2241,-1.3062,0.4066,1.8929,0.1131,2.5048,1.8886,0.8518,-1.388,-0.2508,1.9193,1.6944,0.9812,-0.2191,-0.737,-0.0744,-1.4565,-2.2824,-0.3914,-0.2515,-0.3314,-1.6512,0.8365,0.0387,-0.6967
"IC48",-1.2292,0.1994,-0.0385,0.7964,1.2119,1.3482,1.1882,0.3018,0.0187,-0.7268,0.7338,2.1448,1.3673,0.6888,-1.2258,-1.8245,-2.1087,-0.9571,-0.7224,-0.906,0.2742,0.5567,-0.7237,-0.2337,-0.049,-0.3488,-1.0295,-1.7832,-0.6559,0.2271,0.8403,0.1234,1.9281,0.5165,-0.542,-1.1919,-0.6831,-0.1365,-0.2549,-0.4508,1.4962,0.7825,-0.5454,-0.8654,-1.1238,0.2154,1.5575,0.97,1.5933,1.8612,-1.2183,-0.8021,-0.7521,-0.3231,-0.0586,1.0239,0.812,-0.3214,1.1166,1.3623,0.3402,-0.4314,-0.4534,-0.7207,-0.2665,-0.6197,-0.4428,-0.2006,-0.5358,-0.693,-0.168,-0.2139,-0.6816,-0.2507,-1.455,-0.7927,0.3147,0.6734,1.7138,1.0078,1.4254,1.8216,0.5436,-0.4108,-1.5346,-0.5499,0.3343,0.3182,0.7328,-1.1665,-1.0681,-0.2996,0.748,-0.2194,-0.2222,0.4353,-0.209,-0.4833,-0.3884,0.534,-0.3891,-0.6808,-0.5465,0.5513,1.1396,1.0181,-0.9454,-0.2228,-0.4354,0.2244,1.3894,1.4979,-0.3949,-1.6055,-1.2224,-0.3867,-0.9659,-0.3593,0.2162,1.0038,0.425,-0.7667,0.2807,1.0175,0.9353,3.1279,1.0103,-0.1675,-0.6251,-1.3449,-1.1943,0.7165,-0.384,-2.8618,-1.3554,-1.1813,-1.1913,-0.5802,-0.8043,1.0962,0.6005,0.911,0.5481,-0.7146,0.5333,0.559,0.454,-0.5957,-0.247,1.2284,1.7512,3.0684,2.1411,0.0974,-0.0017,0.062,0.606,1.2144,0.4269,-0.9881,-0.3084,0.1061,-0.529,-1.5206,-1.5279,-1.4836,-1.2062,-0.5144,-0.8329,-1.139,-0.0821,0.1037,-2.5898,-0.1722,-0.0235,1.5456,1.0821,-0.5392,0.1657,0.4558,0.6662,0.8545,0.0073,1.459,1.1781,1.2745,-0.6531,-0.9244,-0.7233,-1.1199,-1.7725,-0.8819,-0.4299,0.3269,0.292,0.0172,-1.2244,-0.3778,0.0714,0.7633,2.4162,0.8876,0.2451,0.0747
"IC49",-0.1879,0.5484,0.4189,1.0225,-0.425,0.2637,0.0197,-0.4621,-0.6779,0.0184,0.5423,-0.0629,-0.3925,-0.4644,-1.4574,-0.534,-0.0978,0.5054,0.6719,0.7373,0.5502,-0.1538,0.2353,0.5787,-0.8564,-1.574,-1.6933,-1.5558,-0.7934,-0.0902,0.0367,0.5403,2.8795,3.2147,2.7643,1.3951,0.6637,0.3624,0.5458,0.506,0.0217,-0.9256,-1.6721,-1.7111,-1.2212,-1.1925,-0.5774,-0.3435,-0.0773,0.1718,-0.2453,0.3159,-0.1064,0.1349,0.6394,-0.0077,-0.1179,-0.4137,-0.261,-0.6086,-0.2941,0.2599,-0.1539,-0.1854,-0.3775,-2.126,-1.6889,-0.7158,0.7542,1.3321,0.4565,-1.152,-1.3026,-0.8832,-0.7004,1.2291,1.461,1.6866,1.0515,0.8207,1.0988,0.7905,1.216,1.3631,1.1988,0.7514,-0.4208,-0.4449,-0.3207,-0.7683,-0.3142,-0.9195,-0.791,-0.3733,-0.0116,0.1638,0.1824,-0.2288,-0.2121,0.5169,0.5272,0.8039,1.3605,0.2046,-0.6435,-0.7967,-0.8097,0.1434,0.4872,0.2167,-0.6026,-1.5916,-1.3851,-1.5264,0.3503,0.7302,0.4445,0.5153,-0.4076,0.4328,-0.6227,-1.4093,-0.9427,0.3737,1.8607,0.5993,-1.0652,-1.1154,-0.1396,-0.115,-0.9354,-0.1083,0.0614,-0.2787,-0.1658,-0.4175,0.2488,0.8915,2.55,2.6693,1.1739,0.598,-0.1662,-0.6186,0.5928,0.2537,-1.2517,-1.4712,-0.352,0.2821,-0.6084,-1.3409,-0.3866,-0.2591,0.5392,1.5813,1.1736,1.0227,1.0535,-0.0697,-0.4616,-0.7642,-1.1485,-1.2525,0.612,-0.3422,-0.7667,0.3457,0.4579,-1.7504,-1.1803,0.2729,0.307,1.8239,1.7112,0.9756,-0.8768,-1.5048,-0.3686,0.8868,0.9115,-0.0719,0.9099,1.4349,1.2352,0.8732,-1.328,-1.6332,-0.2119,-0.3798,-1.3235,-1.4226,-2.1778,-0.3768,-0.4983,-1.9085,-1.6756,0.4575,0.3818,1.4668,2.3628,1.3717,0.9622,0.2325
"IC50",-0.2445,0.2345,0.5636,1.3882,-0.0623,0.2793,-0.7016,-0.0069,-0.0835,1.0258,0.3146,0.8722,1.0058,1.0382,0.8281,0.3596,0.2225,-0.5043,-0.3595,-0.2073,0.393,-0.6377,-1.1653,-1.9431,-1.5299,-1.633,-1.4925,-0.4304,-0.0694,0.582,0.9613,0.652,-0.7829,0.1317,0.4941,0.0178,0.8341,0.6853,0.4525,0.7307,-0.0641,-1.435,-2.0119,-1.0644,-1.0126,-0.157,0.292,1.2191,1.8617,0.6009,-0.4025,-1.5477,-1.8041,-1.3836,-0.6906,-0.1389,-0.2588,-0.2487,0.2278,0.0083,-0.2652,-0.4268,0.1395,1.8704,1.3495,1.5672,2.3386,0.1249,0.0054,0.8158,2.4025,1.6605,0.6621,-1.1176,-0.2092,-0.517,-0.6174,-0.7567,-1.0566,-1.3918,-0.6998,0.0255,0.2897,-1.0731,-0.1355,0.8819,0.8897,1.6505,0.2197,-0.1019,0.202,-0.0214,0.3209,0.1394,0.7835,0.6033,0.2134,0.358,0.055,-0.9756,-1.7694,-2.3001,-1.9734,-0.9256,-0.7069,-0.6808,0.3535,0.5808,0.7001,0.3289,0.8281,0.3029,0.3128,0.5327,-0.2582,-0.844,0.4342,-0.0567,0.1941,-0.1759,-0.8569,0.0632,0.0207,0.4218,0.3537,-1.085,-1.364,0.1516,-0.2382,0.1071,0.1158,-0.0843,-1.5912,-1.5321,-0.2995,0.0928,0.0281,-1.5825,-0.1953,0.4573,0.3195,1.6048,1.5248,3.4879,3.9162,3.0486,0.2605,-0.7469,1.5537,1.6756,1.4127,0.2659,-0.9503,0.6121,-0.969,-1.6275,-0.0232,-0.0682,0.1505,-0.6628,-1.4747,-0.6185,-0.8566,-1.0537,-0.4914,-1.4545,-1.497,-0.22,-1.3239,-0.7346,-0.6319,-0.9404,0.509,-0.1274,0.9697,0.7809,0.8214,-0.1339,-0.8495,-1.1952,-0.5421,-0.043,0.0678,-0.8417,1.1636,-0.6657,0.0388,-0.0168,0.0569,-0.1246,0.2118,0.4733,1.803,0.5485,-1.4903,-0.9171,1.4287,-0.0775,-0.7724,-0.1142,0.2202,0.4055,1.6619,0.9963
"IC51",-0.7495,0.7614,0.4592,0.0747,-0.7872,-0.9927,-0.744,0.2906,0.1128,1.6053,-0.0033,0.3911,0.054,-0.1239,0.0833,-0.3355,-0.9493,-1.509,0.2063,-0.4661,-0.5925,-0.6628,-0.1311,-0.6505,-1.0381,-0.1583,-0.7916,-0.1251,-0.5076,0.8054,0.5631,5.2963,2.274,3.3009,3.5649,1.286,-0.1856,-1.1485,-1.217,0.8138,-1.0535,-0.7056,-0.578,0.059,-0.6377,-0.5336,0.4314,-0.7056,-0.8503,-1.7946,-1.7532,-1.8476,-1.2397,-0.0547,0.962,-1.1047,-0.0746,-0.1439,-1.4275,-0.7668,-0.6734,1.1802,-0.2725,0.0969,-0.9963,-1.2918,0.8641,0.1629,2.0331,1.7733,0.6935,0.2305,-0.5951,0.4785,-0.0191,0.9707,0.7245,0.573,1.5092,0.9765,0.9233,1.1809,1.2438,1.2716,0.6612,1.2736,-0.016,0.144,-0.8867,-0.9986,-1.4236,-1.9384,-1.0402,-1.0877,-0.4301,-0.9213,-0.7128,-0.6701,-1.7297,-0.7336,0.0778,1.142,0.1722,-0.5563,0.2418,-1.3128,0.488,-0.2368,-1.0838,0.445,-0.7688,-0.235,-0.4957,-0.0342,0.9998,0.2885,1.5362,0.3903,0.594,1.0381,0.3126,0.3221,-0.8102,1.2641,0.5548,-0.1546,0.0805,-0.6044,-0.7776,0.9762,1.1899,0.112,0.487,-0.004,-0.5258,-0.1782,0.4554,0.2532,0.1461,0.48,1.1504,-0.6499,-1.2447,-0.8784,0.2798,-0.7317,-0.8855,-0.291,-0.3502,0.897,-0.0548,0.4427,0.9921,0.0702,0.1483,-0.6841,-0.4393,-0.2159,-1.2369,0.1352,-0.4314,-0.8451,-0.2536,-0.3278,1.5071,0.3282,-1.6605,-0.08,-0.3396,-0.9978,-0.2637,-0.8091,1.3189,-0.0143,-0.1938,0.0498,-0.7295,-0.1518,0.9475,0.4197,0.6977,1.642,1.9462,1.8411,1.5749,0.7767,0.4056,-0.2231,-0.2993,-1.2775,0.0411,-0.2022,-1.4265,0.4842,-0.918,-1.09,-0.8844,-0.8832,0.1673,0.7196,1.1042,0.3928,-0.0361,-1.5316
"IC54",1.6346,1.0207,-0.0547,-0.1015,-0.204,-0.8969,-0.0522,-0.5163,1.1474,1.5506,1.2769,0.827,-0.3899,0.0024,-0.0736,0.5206,-0.7204,-1.5828,-1.7135,-1.6624,0.3042,0.8598,0.5155,-1.0405,-2.3573,-1.379,-1.1835,-0.0348,0.2682,0.2654,1.0756,-0.292,0.332,0.0012,-0.4502,0.0676,-0.5979,1.3288,0.3301,1.1495,-0.3118,-2.806,-0.5001,-1.3044,-0.2081,0.2161,-0.0808,0.487,0.0655,2.3139,2.1893,1.6936,0.6549,-1.5017,-1.1531,-1.0705,1.0026,1.8737,1.0901,1.0987,-0.1071,1.0563,0.6813,0.6511,1.14,0.986,1.1678,-0.0905,-0.7974,-0.7653,-0.3932,0.3853,-0.9923,-0.5891,-0.5713,-1.1457,-0.7162,-2.1628,-1.8281,-1.6104,-0.8938,-0.4029,-1.5847,0.2485,-0.2181,0.1937,-0.1128,-0.6522,0.3974,1.5972,2.1009,1.2606,0.1505,-0.1936,-0.3686,1.2418,0.6215,1.7333,1.8563,-0.8952,-0.1009,-0.4011,-0.1544,-0.2486,-1.2412,-1.7464,-0.4216,0.1479,-0.4557,0.5803,0.1862,-1.0664,-0.2107,-1.2938,-0.616,-0.5341,-0.0807,0.2753,-1.4708,-0.6137,0.379,2.0131,2.7437,1.0491,0.2847,-1.3883,0.1096,0.6175,-0.094,-0.3282,0.0134,0.7816,0.7801,0.9079,1.0656,0.4623,0.4327,-0.3441,0.5629,1.0853,0.8026,0.923,-0.4124,0.5334,1.4061,1.1291,0.2177,-1.4562,-1.3476,-1.7521,-0.8569,-0.8491,-2.0273,-0.9402,-1.7169,-0.9918,-1.4088,-0.8765,-0.2716,-1.0125,-0.4292,-1.6791,-0.381,0.9572,0.5566,0.8419,0.2678,1.1113,0.2229,0.0725,1.1964,0.2043,0.8864,0.0317,-0.0152,1.0863,1.1073,1.9612,0.2915,0.611,0.7184,0.0976,0.0048,-1.2397,-0.0797,-0.0511,-1.3924,-1.3663,-0.7806,-0.1514,-0.6564,1.0398,0.2811,-0.795,-0.512,-0.8646,1.06,1.0016,0.1748,0.6571,-0.3789,0.9814,-0.3462,-0.3652
"IC56",0.8534,0.2056,0.8594,-1.113,-0.1441,-0.324,-0.7743,-2.3637,-0.8409,-0.1967,-1.1168,-1.0371,-0.3171,-1.2794,-0.6803,-0.1309,0.6844,0.2487,1.2052,1.1036,0.002,1.6503,0.9649,-0.4264,0.7711,-0.7414,0.1114,0.5745,-0.2073,0.0334,0.2444,0.6881,0.8549,2.7405,2.4211,0.5565,-0.6759,-0.9963,1.602,0.4417,-0.6679,-1.5261,-2.2695,-0.5883,-0.8812,0.7494,1.7902,-0.4762,-0.1398,1.33,0.5944,-0.2525,0.6824,1.4325,0.0725,-0.7526,-0.1221,0.0346,-0.7358,-0.442,-0.6538,-1.3084,0.1946,0.1892,-0.2826,-0.1044,-2.6767,-0.7521,0.7303,0.341,-1.0613,-1.0779,-0.576,-0.4192,0.4735,1.1091,2.1228,-0.313,-2.4051,-0.668,-0.0061,1.2307,-0.6487,-0.5406,-0.1243,1.1377,2.0474,-0.1865,0.6138,1.375,-0.5031,0.4426,0.24,-1.0075,-0.5817,0.4325,0.8637,-1.5557,-0.866,-0.4636,-1.9554,0.7096,0.8364,0.8087,0.9325,-1.7736,-1.5708,0.0147,2.1494,2.4108,0.5994,-0.0536,-0.6311,0.5155,0.7062,0.4895,0.4633,-0.2502,0.977,-0.4875,0.2758,0.7301,-0.5109,0.011,-0.5846,0.2549,-0.3304,-0.5579,0.4226,0.0022,0.1004,-0.356,0.5147,0.0761,-0.3042,-0.5759,-1.6622,1.1879,0.9906,0.8212,-0.5428,-1.0445,-0.0046,-0.245,-0.3957,-0.9607,0.2494,0.3804,-1.4202,-1.4463,-2.1474,-0.927,-0.1384,-0.7645,1.0795,0.6422,-0.0009,-0.7685,-0.4364,-0.3291,-1.8768,-0.278,1.3692,1.505,0.9248,-0.4096,0.1124,-0.6911,-0.2069,0.326,-0.297,0.0072,1.7698,2.1335,1.4036,1.7528,1.5391,1.4289,2.1922,-0.0075,-0.2266,-0.1012,-0.1441,0.0233,-0.6671,1.5454,0.2507,-0.6674,-0.1792,-0.9986,0.6922,-0.1091,-2.4171,-1.7823,-0.645,0.3958,-0.3626,0.2471,0.0456,0.3624,0.3798,-0.1852,-0.5482,-1.827
"IC58",-1.894,-1.466,0.3617,0.6786,0.2741,-0.393,-1.1828,-0.9658,-0.1457,-0.0832,0.1901,0.3959,0.6984,1.5847,0.5724,0.0809,-0.2855,0.2345,0.6516,1.3001,0.6009,0.5389,-0.208,-0.5501,0.908,0.0457,-0.1937,-0.8134,-0.6497,0.2832,1.3038,2.0484,2.615,2.3736,1.4527,-0.3556,-1.3069,-1.3008,-1.2539,-0.4047,1.5216,0.7987,-1.2577,-1.556,-2.5623,-1.8143,-0.5253,-0.7247,0.3909,-0.1028,-0.8284,-1.1592,-1.4396,0.5924,0.31,-0.1206,-0.3337,-0.956,-0.1878,-0.4701,0.8382,-0.872,-1.0229,-0.5953,-0.2583,1.1392,0.6972,0.3688,0.4581,1.2058,1.4636,0.259,-0.1034,-1.22,-1.7669,-0.2137,0.7331,1.9483,-0.0912,-0.9952,-0.5246,0.447,1.4479,-0.1924,-0.5936,0.3068,1.0794,2.0944,1.1456,0.0013,-0.8285,-0.5973,-0.4091,-0.033,0.6963,1.1818,1.3734,0.3041,-0.0068,1.8857,0.2129,-0.2454,-0.5567,-0.2271,0.9161,0.2019,-0.8379,-0.7488,0.2106,0.1222,0.0052,0.4631,-0.6566,-0.5381,0.0454,-0.674,-0.5261,-0.8061,-0.2526,-0.1664,-1.3962,-1.9648,-1.8915,-1.4576,1.0441,0.9348,0.4868,-0.0177,-1.2655,-0.8495,-1.6301,-0.139,-0.4156,-0.7721,-1.4621,-1.6414,-0.8958,-0.9131,0.5638,1.9048,1.2186,1.3718,0.6579,1.0123,1.2268,1.4829,2.3792,0.2609,0.0862,0.653,1.3813,2.5537,0.8425,0.5444,-0.3857,-0.826,0.0196,-0.0974,1.4451,1.2237,-0.1002,0.079,-0.4882,-0.996,-0.2189,-0.0222,0.1699,-0.1168,-0.9979,0.0687,-0.88,-1.5088,-1.2781,-1.1321,0.2953,1.0723,0.5945,0.3798,-1.1001,-0.8318,-0.0197,-0.6422,1.2272,-0.6141,-0.1354,-0.1244,-0.7859,0.4267,-1.0308,-1.45,-0.4406,-0.2048,0.1036,0.0402,-0.2802,0.4993,-0.0645,-0.8123,-0.7338,0.4643,3.4514,1.5057,0.1751,-0.8249
"IC60",0.306,-0.4667,-0.4169,-0.6572,0.7476,-0.6211,-0.9313,-0.8618,1.4343,0.972,1.3071,1.6903,1.6602,-0.0947,-0.7657,-0.5327,0.0754,-0.1155,-1.3334,-0.7734,0.376,1.8245,1.2454,0.0921,-1.5629,-1.6765,-0.0909,-1.2649,-0.8837,-0.5828,0.3912,0.1653,2.1684,1.5805,-0.3877,-0.5178,-0.5262,0.1474,0.1456,-0.7794,-0.9979,0.2364,-0.9728,-1.2306,-1.5871,-0.8639,-0.2539,0.6156,2.2355,1.9265,1.0072,-0.2339,-0.1319,-0.5478,-0.4015,0.8094,0.576,1.1126,0.0802,0.3748,0.3025,0.5116,0.8256,-0.2651,-0.6129,-1.1484,-1.2116,-0.2661,-0.917,0.148,-0.9268,-1.0563,0.245,0.3123,1.1545,0.5848,0.1146,-0.721,0.1342,-0.2958,-1.2006,-1.0474,-0.9036,0.0388,-0.975,-0.7497,0.6345,1.1187,1.8024,1.4537,0.9112,0.6495,-0.382,-0.0797,1.2333,2.138,1.4783,1.9444,0.9835,-1.3828,-0.3044,-0.1215,-0.3354,-1.3054,-1.3088,-0.8765,-2.0477,-1.4815,-0.9951,-0.9266,0.0156,0.7951,-0.4706,-1.0995,-1.1553,0.2083,-0.354,0.1854,0.638,0.7333,1.402,0.2381,-0.1138,-0.2677,0.1805,0.7668,0.8258,0.8816,0.7797,0.3025,1.4568,0.3898,-0.3499,0.2338,-0.9949,-0.3014,1.0702,0.3434,-0.2609,0.418,-0.1285,-1.3023,-0.6405,0.0165,0.7901,0.1355,-0.9182,-1.0996,-1.9103,-1.0207,-0.3525,-0.2504,0.0341,-0.4657,-0.4597,-0.8937,-1.1487,-0.76,-0.1071,0.5918,-0.0425,0.5371,1.6293,1.0987,0.2306,1.3063,1.1166,0.2721,0.8822,0.0194,0.6282,2.5153,1.2851,0.8336,1.1597,0.982,0.6358,0.7646,1.0681,-0.2409,-1.0536,-1.6251,-1.3284,-1.6556,-1.7952,-0.7328,-2.1534,-3.4153,-1.4741,0.7429,-0.2728,-0.8003,-1.2869,-0.2609,-0.1101,-0.8719,-0.0021,1.1661,1.3974,1.0365,0.2052,2.0598,0.9322,0.8969
"IC62",0.4689,0.9437,-0.6464,0.6987,-0.2254,-0.2117,-0.1364,0.4981,0.2856,0.0258,-0.1531,0.5459,-0.5352,-0.5265,-1.2837,-1.8647,-1.6802,-0.6001,0.8377,0.5681,1.8902,0.6623,-0.1,-0.0733,-0.4709,0.3017,-0.4494,-0.6872,-0.7269,0.0582,1.2184,2.6583,1.2701,0.6949,0.1857,-0.8405,-0.7669,-0.1248,-0.9611,-1.1527,-0.7077,0.0253,0.1562,0.1107,0.1746,0.4061,0.3763,1.1415,-0.3307,-0.8599,-0.8996,-0.7472,-1.0722,-0.4856,0.2234,0.5473,1.4045,1.412,1.9176,0.4905,-0.8902,-0.895,-0.6664,0.2633,1.2184,1.397,1.8795,0.3204,-0.7713,-1.1543,-0.1103,-1.2739,-1.4836,-1.2755,-1.7777,-1.5548,-1.0892,-0.4013,-0.027,0.2895,1.1356,2.1075,1.6533,-0.1371,-0.6724,0.3762,0.4491,0.8827,0.8462,0.0053,-0.3974,-0.5052,-0.1421,0.281,-0.4121,-0.5579,0.0023,0.4553,-0.1811,-0.0002,-0.5778,-1.6645,-1.2021,-0.3634,-0.0393,0.5137,0.2191,0.8235,1.0662,0.1887,1.4068,1.7231,1.527,0.7993,-0.0765,0.0657,-0.3306,-0.3859,0.2065,0.4608,-0.9113,-1.1166,-0.172,-0.4216,-0.5894,0.3141,0.8108,0.73,0.3556,-0.231,-1.4257,-1.1031,-1.1303,-0.72,-0.4089,-0.8462,-0.9582,-1.945,-1.4062,-0.4798,0.304,0.9324,1.2969,0.9197,-0.1644,-0.6314,-1.264,-0.6546,0.2138,1.0014,2.7736,3.3792,2.0376,1.3431,0.1076,-0.6304,-0.4756,0.1746,1.4914,-0.0148,-0.2145,-0.3827,-1.002,-1.1197,-0.305,0.6524,1.679,0.8655,-0.3899,-0.4737,0.5922,-0.5388,-1.4475,-0.9036,-1.1886,-1.0409,-0.0076,-0.6165,-1.9795,-1.6207,-0.7362,0.0524,0.6231,0.1054,0.0689,-0.5883,0.3544,0.1954,-0.1176,-0.1513,-0.2202,0.2629,2.1137,2.086,2.1334,1.6779,0.545,-0.0059,-0.2008,0.0426,2.0489,-1.5222,-2.4672,-1.769
"IC63",-0.4363,-0.1124,0.032,0.1582,-0.6576,-0.6074,0.8745,1.2196,0.3358,-1.4364,-0.8953,-0.6567,-0.7451,-1.7642,-1.6062,-1.2117,-0.403,0.6909,0.328,0.718,0.7684,0.3734,0.3058,1.1926,1.1257,0.528,0.1115,-1.0072,-0.8184,0.2258,1.0771,0.5011,1.3569,1.2222,0.7693,0.0479,-0.7552,-0.8898,-0.7756,0.1771,1.1565,0.6957,-0.4728,-0.2298,0.8092,1.0712,0.7038,-0.0517,-0.707,0.1054,0.3383,0.2586,0.4714,0.1934,-0.4289,0.3903,0.1386,-0.403,-0.1372,-0.5903,-1.0879,-0.6587,-0.8837,-1.018,0.7419,0.5243,-0.25,0.9206,1.2077,0.7968,-0.6213,-1.9651,-1.9313,-1.535,-0.6608,-0.1027,0.7003,0.6214,0.4356,0.4309,0.7452,1.7822,0.9814,0.7942,1.091,1.6519,0.9065,-1.2945,-1.3345,-1.9307,-2.0909,-0.723,-0.4951,-0.8862,-0.8959,-1.1513,-1.4718,-1.8682,-0.8077,0.6011,0.0925,-0.3072,0.4884,1.6893,1.653,1.0992,1.0828,1.3697,1.5299,0.6912,0.7751,0.3955,-0.0056,0.3242,0.2119,0.9986,0.4003,0.1358,-0.3194,-1.5881,-1.1933,-1.0886,0.2307,0.0146,-0.7629,0.2846,0.4709,0.275,0.9764,-0.2941,0.3797,0.5932,0.0513,-0.1913,0.2869,0.3669,-0.3094,1.0366,1.7067,1.2588,-0.6102,-1.4753,-0.1134,-0.5216,-0.5785,-0.4491,-1.5949,-0.6622,-1.0513,-0.7355,-0.4977,-1.4567,0.1397,0.1259,0.0429,-0.276,-1.3214,-1.6393,-1.671,-1.1872,0.2857,0.7218,1.1229,0.6748,0.8929,0.4984,1.2416,1.2153,0.4861,-0.6733,-0.1116,1.3814,0.4803,1.2888,1.1226,0.539,0.3204,-1.7896,-2.0721,-1.3318,-1.2586,-0.4467,0.9461,0.8425,0.6213,1.3333,1.6089,0.5072,0.4729,1.1514,1.3354,1.1678,0.4761,1.3029,1.6591,0.6915,-0.4415,0.7224,0.3973,-0.6099,-1.2003,-2.4502,-2.8645,-3.4769
"IC64",1.7676,-0.3711,-1.0701,1.6444,0.5594,0.013,-0.313,1.5427,-0.9595,-0.7394,-0.3136,-0.1788,-1.1597,0.2887,1.3256,-0.5372,-0.4381,-0.1769,-1.5845,-1.2625,0.4302,-0.7797,-0.059,-0.0056,-0.0889,1.6529,0.3093,-0.1015,0.1098,-1.8985,-1.4166,3.1483,1.8291,2.7331,0.6006,0.0374,0.3239,-0.7355,-1.514,-0.8532,-0.9859,0.2478,0.8319,0.659,-0.4367,-0.8758,-0.7413,0.6647,-0.5299,-1.0066,0.3833,0.6129,-0.5687,-1.1683,1.5785,-0.63,-0.9022,-0.3165,-0.0907,-0.4934,0.8417,2.0882,-0.4411,0.4527,-0.7908,-1.9629,1.0448,-1.0195,-0.6374,0.0537,0.7128,-0.0044,1.8195,1.0213,-0.8081,-1.1764,-1.9907,-0.0766,1.2648,0.0001,0.5034,-0.3272,0.6383,0.315,-0.2917,-0.7226,-0.6315,2.4839,0.9154,-0.0424,0.4789,-0.4418,-1.467,-0.0791,-0.8798,-0.5475,-0.1136,0.9108,0.9213,0.0116,1.6306,-0.9765,-1.2542,-0.1894,0.1542,0.7156,0.3587,1.25,1.0489,-0.5809,-0.2184,0.3199,0.9522,0.7928,-0.0135,-1.1261,-0.4821,0.022,1.2588,1.3588,-0.4109,-1.3672,-1.4865,-1.2096,-0.2898,1.0562,-0.4987,0.069,-0.2427,-0.0971,0.0279,-1.9632,-0.3256,0.1381,-0.6799,-1.1619,0.7128,-0.9867,-1.5715,0.0494,0.6791,0.4256,0.2215,-0.2001,0.034,0.0334,-0.3383,0.0798,-1.103,-0.6763,-0.0312,1.3589,0.8463,1.321,2.3274,-0.3271,-0.089,1.1313,0.2542,1.7087,2.0825,0.8389,0.6737,-0.8365,-0.6498,0.7785,0.4072,-0.3035,-0.4599,-0.6099,1.8138,-1.1119,-1.5876,-0.8408,-0.398,-0.7171,-0.8244,0.4274,1.9562,-0.2241,0.0259,0.4106,-1.4933,-0.2505,0.3358,-0.0219,-2.1004,-1.3921,0.8997,-1.5932,-1.0924,-1.5373,-1.2281,0.2476,-0.824,-0.3227,-0.2955,0.3128,1.1127,0.2492,0.9998,1.0463,2.0407,1.5982
"IC65",0.6188,-0.8802,-0.0246,0.4351,1.06,2.1789,1.228,1.1517,0.3131,0.3038,1.5475,-1.3023,-1.3802,-1.3758,-1.099,-0.2031,1.3794,-0.147,-1.9144,-0.493,-0.6483,-1.1101,-0.3065,-0.968,-0.6621,0.4484,2.4055,1.5308,-0.4604,-1.4887,-0.9063,-1.7939,-0.8232,-0.6862,-0.0625,0.2873,-0.7307,0.1713,2.2128,0.5781,0.5538,0.5309,1.6502,1.7713,1.2042,0.3378,-0.8235,-0.1032,-1.2506,-1.7722,-0.2362,-1.0034,-0.987,-0.7553,-0.3677,0.5205,-0.7459,0.3694,0.5168,-0.5841,0.0398,-0.5579,0.1477,0.0472,0.1759,0.4018,0.2418,1.3433,0.7749,0.7911,-0.6163,-0.6772,0.5292,-0.0481,1.4908,-0.0189,0.0394,1.3647,0.7778,1.7054,0.4553,-1.0903,-0.7948,-0.9241,1.0767,-1.5767,-0.721,0.4779,-0.2554,0.1461,-0.3051,-0.9315,-1.1684,0.6197,-0.631,-0.5887,0.7849,0.8046,-1.2244,-2.7976,0.4177,0.181,0.8869,0.5599,0.5595,2.8696,2.4263,0.852,-1.3752,-2.9204,-0.9374,0.1844,0.5198,-1.1719,-0.9436,0.4149,-0.7798,-0.0086,-0.7052,-0.4967,0.1169,-0.2535,-0.3303,-0.2974,0.7799,-0.8099,0.1369,-0.0699,-0.6288,-0.4946,1.1674,1.1004,0.7782,1.3037,-0.6208,0.3207,1.1842,0.337,0.8028,0.6691,2.2446,0.814,-0.2263,0.283,-0.0016,-0.6903,-1.7938,-0.1409,-1.2941,-1.3914,0.947,-0.1194,-0.2709,-0.4748,-0.8967,0.2232,0.1138,-0.2132,-0.2353,-0.9053,1.2736,1.5411,0.3793,0.7896,0.5876,0.3304,0.7615,-1.8471,-1.0443,-0.5228,-0.0396,1.3845,0.4598,0.1178,-0.4755,-2.4902,-0.8626,-0.3121,-0.4334,0.6437,0.6991,-0.192,-0.2548,-1.1248,-0.752,-1.0493,-0.6036,-0.0009,1.3963,1.3625,0.1866,0.3923,0.5599,-0.6216,-1.0022,-1.9325,-0.4505,0.8493,-0.1777,0.9328,-0.4272,2.5429,0.7819,0.4297
"IC66",-0.3705,-0.6093,-0.6572,0.0552,0.0687,0.7188,1.0481,0.606,-0.2339,-1.1688,-0.4151,-0.7952,-1.0806,-1.312,-0.8713,-0.3482,0.3211,0.07,-0.0896,0.4436,0.2176,-0.0969,0.1841,0.6796,0.7845,2.0478,2.2888,1.3431,0.3527,0.2992,1.3948,0.884,0.5636,-0.0416,-1.3372,-1.8667,-2.5113,-1.1927,-0.5105,0.6135,2.106,1.3888,0.2997,0.191,0.8635,0.9274,0.1758,0.0698,-0.7956,-0.9483,-0.9508,-1.6442,-0.7334,-0.6771,-0.0117,-0.2072,-0.9616,-1.072,-0.8658,-0.2096,-1.0767,-1.0764,-1.03,-0.4333,0.6424,-0.5431,-0.0356,0.3806,0.8908,1.1447,0.8446,0.8458,0.3099,-0.3609,-0.0813,0.5645,1.9066,1.8005,2.5774,2.4426,2.2678,1.5781,-0.8223,-1.6128,-0.8122,-0.3641,-0.2395,-0.4755,-0.4273,-1.297,-1.7211,-1.0796,-1.1593,-1.5308,-2.0042,-1.586,-0.3402,0.1162,-0.8418,-0.5738,0.3995,-0.6348,0.2921,1.3254,1.0756,2.2376,2.8629,3.4852,2.5457,-0.3205,-0.216,0.0521,0.1975,-0.388,-0.7233,-0.9072,-1.3994,-0.2478,-0.0281,-0.4311,-1.0996,-1.3592,-0.7902,-0.8712,0.0818,-0.22,-0.5936,-0.3034,0.1572,-0.2764,-0.0307,0.0142,-0.2179,-0.1856,-0.7275,-0.2168,-0.0188,0.0199,0.4545,0.1538,0.3067,0.7466,0.8938,0.9426,0.6008,0.4247,-0.5614,-0.5126,-0.1226,0.3461,1.5646,1.3939,1.2813,0.646,-0.7633,0.2499,0.555,0.2305,-0.0553,-0.2693,0.8226,1.0482,0.1101,-0.9589,-1.2637,-0.8551,-1.2313,-1.0912,-0.5797,-0.9709,-1.6138,-1.3062,-1.3757,-0.7205,0.1886,-0.1551,-0.0978,0.0605,0.4975,0.7367,1.2015,0.095,0.5081,0.9362,0.809,0.4668,0.8902,0.5504,0.4271,0.6339,-0.2082,0.6634,1.5149,1.1636,0.9344,-1.3014,-0.1035,-0.5004,-1.5655,-0.1297,-0.2197,-0.1572,-0.8098,-1.2972
"IC67",0.5496,-0.8567,-0.4479,-0.9359,0.2367,0.8798,0.1523,0.2502,1.4279,0.96,0.3608,-0.4631,0.2508,1.1173,-0.3288,-0.8978,-1.0324,-0.5939,-0.5457,-0.1349,-0.6657,-0.1635,0.0976,-1.6221,-0.9397,-0.9856,-0.3974,1.219,1.5921,0.9478,1.0317,0.1428,0.2039,1.1662,0.4176,-0.3846,0.1604,1.3167,1.4771,0.651,-1.309,-2.0879,-0.7834,-1.2647,-0.4626,-0.944,1.0598,1.7231,0.7085,0.3465,-1.7064,-1.5573,-1.1804,-0.5579,-0.6196,-0.4874,1.0351,0.8939,1.5524,-0.1584,-0.0829,-1.5741,-0.7493,0.2368,0.7495,0.9984,0.7712,0.886,0.5051,-0.2887,-0.398,-1.3893,-1.923,-0.7057,-0.5073,0.2339,-0.1624,1.1234,0.6923,1.6304,2.0951,1.6341,0.8872,-0.2831,0.0958,0.1736,0.2456,-0.2657,-1.7158,-0.9283,-0.107,0.4304,1.2621,1.1992,0.0885,0.6636,0.2842,-0.0115,0.7759,-1.2951,-2.7048,-2.2565,-1.7105,-1.1463,-0.4201,-0.2392,0.5855,0.8851,-0.1253,-0.7419,-0.4758,0.5436,1.2177,-0.2767,-0.3849,-0.8559,1.0272,0.4286,-0.7348,-0.7689,-0.3784,1.1966,1.4138,0.8781,1.3913,-0.4276,0.2454,-0.0815,0.1989,0.0808,-0.4391,0.3335,-0.0911,-0.4405,-0.7372,-0.9852,-0.5837,-0.7367,-0.1493,-0.1852,0.6504,1.2962,1.1241,1.1207,2.1777,1.3999,-1.3248,-1.4602,-0.7473,0.3054,2.0416,0.752,-0.3837,0.2299,-0.4992,-1.2009,-1.2176,0.3814,0.411,-0.8693,-1.1428,-2.0691,-0.6425,0.394,0.8427,0.9924,1.5085,0.3492,-0.7869,-0.7883,-0.8667,-0.7995,0.4581,1.2763,-0.2313,0.3574,0.7121,-0.8973,-0.9317,-0.3914,-0.3529,-0.4716,0.5343,0.6359,-0.1945,-1.2169,-1.1511,-1.1539,-0.3574,-0.157,1.3007,2.9229,2.3804,0.9937,-0.7324,-0.8306,-0.3358,0.9081,0.5026,0.5316,2.2989,-1.0699,-2.353,-1.201
"IC68",0.0002,-0.8078,-0.0382,0.229,-0.3191,-0.3081,-0.2909,-0.023,-0.7065,-0.4942,-0.1882,-1.176,-0.2889,0.2882,-0.0883,-0.2199,0.9619,0.4227,0.873,1.1112,1.0301,0.183,0.7088,1.3754,3.0071,2.6793,1.9997,0.5446,-0.4417,-0.5785,-0.0653,0.7704,0.0193,-2.3657,-2.3889,-1.276,-2.0359,-2.1071,-1.9459,-1.3041,0.1609,1.0494,0.8831,1.5235,0.0067,-1.004,-0.1805,-1.1795,-0.7007,-0.9787,-0.3022,-0.5716,-1.2641,0.409,1.0482,0.8206,-0.4876,0.2982,0.5758,0.1434,0.5725,0.9531,0.3478,-0.5627,-1.0516,0.0378,-0.3939,-0.7181,0.1829,1.3524,0.5223,1.3204,2.1879,0.8898,0.4655,-0.2814,-0.2761,1.3382,1.7889,0.3202,-0.4627,-1.6441,-0.2592,0.4026,-0.2046,-2.1587,-0.5091,1.3051,0.0335,-1.7371,-1.3819,-2.8234,-0.7201,-0.1131,-0.3074,0.3749,0.6494,1.2832,-1.1484,-0.6425,0.6579,-0.322,-0.0316,-0.0705,2.2093,2.6874,2.6508,2.4781,0.14,0.2494,0.157,-0.1554,-0.6614,-1.7151,-0.8057,-0.2281,-1.1035,-0.0561,-0.5581,0.9138,0.3957,-1.3216,-1.9117,-0.7102,0.5303,0.1928,-0.6057,-0.464,-0.7893,0.1244,0.0284,-0.6776,-1.0627,0.1047,-0.5659,0.076,0.9184,-0.0881,0.2429,0.7223,0.3804,0.8365,-0.8858,-1.1777,-0.3955,0.0474,0.2973,0.274,0.6601,1.3143,1.3961,-0.0377,-0.1387,-0.45,-0.5652,0.0072,1.0966,1.2336,0.6212,0.4828,0.4352,0.0824,0.7465,-0.471,-0.508,0.7745,0.8818,-0.4877,-1.0027,0.3398,0.3906,-0.0113,-0.6352,-0.6217,-0.8857,0.4192,0.1653,0.2962,1.1729,0.8656,-0.0509,-1.0443,-0.5112,-0.0264,-2.0203,-1.6518,-1.0606,-0.4067,-0.5054,-0.3036,-1.277,0.1386,0.8292,-0.6236,-1.0389,0.0707,-0.2492,0.1718,1.3277,1.623,2.0731,0.6747,-0.5825,-0.0032
"IC69",0.566,0.8925,0.8207,1.0928,-0.3006,-0.5495,-0.2011,-0.0319,-0.4758,-0.4163,-0.039,0.204,1.063,0.0534,-1.1259,-2.1116,-1.0963,-0.2604,1.0348,1.4058,1.3683,-0.124,-0.0961,0.0259,-0.3145,-0.7568,-1.5455,-0.949,-2.5869,-1.5106,0.0073,0.1259,-0.8952,0.0328,1.3865,0.3092,1.2165,0.8166,-0.8222,0.1162,0.2891,-0.2686,-0.6571,-0.1224,1.2803,1.2991,0.5626,1.658,1.4918,0.905,0.5629,-0.5277,0.5265,0.4976,0.6341,0.349,-0.0154,0.5535,1.4779,1.6037,0.2637,-0.4232,-0.6154,0.5469,-0.4264,-1.0227,-0.7097,-1.9276,-1.0703,-1.1979,-1.7934,-1.0951,-1.2112,-1.49,-0.9484,-1.3592,-0.0287,0.5412,0.3957,-0.8023,0.3569,1.7121,1.4098,-0.1804,0.0093,0.522,0.4386,0.4757,0.7462,0.2441,-0.8856,-0.2581,-0.0482,-0.6214,-0.4287,-0.3229,0.5239,-0.0088,-0.4235,1.3682,0.1625,-1.2969,0.187,0.3316,-0.5913,-0.2177,-0.8571,0.1334,1.5797,1.4256,0.799,-0.7889,1.1882,1.6378,0.9682,0.753,0.3406,0.6618,1.3242,1.1139,-0.3696,-0.2057,-0.9413,-0.9523,0.536,0.2554,0.1605,1.17,0.4181,-0.4907,-1.3089,-2.2108,-2.104,-2.2344,-1.1949,-0.5511,-1.3074,-1.5218,-0.4138,-1.6592,-1.3175,-0.9905,0.2039,0.1296,-0.0322,1.0284,0.6171,1.0628,0.9614,0.6151,1.9872,2.3977,2.1329,2.2943,0.3733,0.6227,0.8569,0.4335,0.2632,0.397,0.6611,-0.7326,-2.7643,-1.9424,-0.1048,0.6149,-1.0182,-1.4064,-0.6249,0.003,-0.9383,-0.9236,0.1552,0.5612,0.5764,0.0367,0.686,-0.9147,-1.6858,-1.1072,-0.5863,0.0194,0.1447,2.3212,2.8826,0.7397,0.1129,0.087,-0.1976,-0.5557,0.2189,1.1673,0.4788,-1.0065,0.0128,-0.9766,0.5883,-0.283,-1.092,-0.2526,0.0213,-0.5192,0.2643,0.6295
"IC71",-0.3474,-1.0048,-0.6788,0.2299,0.9906,0.0247,0.2188,0.5167,0.4975,0.3108,-0.2909,-0.4036,-0.0387,-0.7979,-0.5571,0.8994,1.1372,0.4932,-1.5679,-0.0569,0.9067,0.4256,0.8483,1.3917,0.5423,0.5856,1.6154,0.6054,0.0126,-0.6381,0.3084,-0.2145,1.5208,0.0051,-1.767,-1.6322,-2.3919,-1.4021,0.1396,0.7428,0.0479,-0.5963,-0.9687,-1.6098,-1.4136,-1.2697,-1.1911,-0.2344,-0.0334,-0.0544,0.5421,0.3586,-0.1667,-0.3208,0.0297,0.8712,0.3018,0.0429,-0.0566,0.181,0.0051,0.3563,0.7564,0.9703,0.9756,0.5929,0.1426,0.1222,0.7368,1.8722,1.9031,0.3486,0.3713,0.5312,0.2818,-0.057,-0.4257,-0.7689,0.8546,1.0563,-0.4399,-1.0363,-0.9387,0.2737,-0.4834,-1.2389,-0.7717,0.2475,-0.6052,-0.339,-0.9539,-2.1312,-2.4826,-0.9954,-0.152,0.6995,0.6769,1.5193,0.4117,-1.9351,-0.2902,-0.4518,-0.3732,0.4266,0.7802,1.4532,2.1151,2.9894,3.1774,0.8722,-0.2702,0.5832,0.0351,-1.6481,-2.0784,-0.5084,0.0893,-0.2027,0.0451,0.6133,0.8954,-1.9082,-2.1063,-1.1934,-0.4263,-0.4066,-0.8769,-1.1625,-0.0597,-0.5924,0.2679,0.2314,0.4962,0.4934,-0.0213,0.4722,1.5248,0.7072,0.4111,1.3009,1.4912,-0.3728,-1.1018,-0.4195,0.3096,-0.5452,-1.5318,-0.7176,0.307,1.2545,1.4283,-0.4612,0.3149,-0.067,-0.8388,-0.2356,-0.3485,0.3524,0.983,-0.1535,-1.0813,-1.2661,0.6576,1.3137,0.7911,-0.0537,-0.5708,0.1874,0.9165,0.2987,0.4811,1.6065,0.6181,-0.3997,-0.0177,0.3319,-0.0418,-0.8052,0.6543,1.1001,0.0562,-2.0067,-2.1995,0.7388,-0.9167,-1.7257,-1.5181,-2.0576,-0.8573,-0.1307,-0.8247,1.425,0.4669,-0.3211,-0.808,-0.8082,-1.0555,0.7945,2.694,2.1585,0.8232,1.0172,-0.1319,-0.1746
"IC72",1.2592,-0.2058,-0.1038,-0.7433,0.9895,0.4602,0.261,-0.9605,0.6096,-0.5096,0.1079,-0.0429,-0.3744,-0.0011,0.4642,0.9486,0.3512,-0.2726,0.6075,0.7179,-0.4236,-0.7717,-1.496,-2.1803,-0.3576,-0.3175,0.7872,1.1112,0.6324,0.7842,-0.036,-2.2177,-1.1159,-0.7421,-1.0088,-0.0503,0.0272,0.7659,-0.2175,-0.0064,1.0329,0.1323,-0.3696,0.4409,0.4054,1.3416,2.1994,0.6331,0.2244,-0.2837,-0.79,-1.2355,-1.0381,0.4599,-0.549,-0.0708,-0.0495,-0.5885,-0.5445,-0.4427,-0.6512,-1.6252,-0.6431,-0.2401,0.3297,1.669,0.4261,0.6247,-0.0371,0.7317,0.7929,0.8023,0.3598,0.1836,0.7382,1.03,2.1606,1.6318,1.1992,1.9437,2.0615,0.7998,-1.2438,-1.7982,-0.9341,-1.5417,-0.7815,-1.341,-0.9743,-1.5316,-1.9727,-1.0981,-0.2883,-0.5898,-0.4377,-0.8971,-0.9117,-0.5971,-1.0179,0.1606,-0.5267,0.5544,0.5717,0.6696,1.5984,1.2765,1.3472,0.7868,0.032,0.4492,0.5311,0.8058,0.5357,-0.4199,-1.6677,-1.3161,-0.6926,-0.4524,-0.8211,-1.3454,-0.5309,1.5196,1.1928,0.8943,0.0705,-0.5092,-0.0078,-0.5225,-1.5994,-0.8859,0.187,1.1388,-0.4701,-0.5851,-1.0774,0.0937,0.5941,1.1069,1.9179,2.4462,1.508,1.26,1.2468,1.6654,0.7361,-0.08,-0.3266,-0.4269,0.6397,1.1368,1.655,1.0359,-0.2175,-1.2008,-1.9887,-1.6781,-1.1785,-0.6497,-0.558,-1.3789,-1.3783,-0.0819,-0.1278,-1.9956,-2.1749,-1.1783,-0.0633,-0.6265,-0.982,0.4612,-1.7005,-1.2354,-0.492,-0.6601,0.6041,1.3559,0.4217,0.3395,0.7387,1.2441,1.3038,0.519,1.2041,0.19,1.1582,0.5548,0.9794,0.59,-0.2553,0.5468,0.6944,1.5992,1.8651,0.0097,-0.1955,-0.6348,-1.1436,-1.2495,-1.0331,-0.9565,0.126,1.2672,-0.5228,-1.3045
"IC73",-1.3753,-0.3582,-0.6531,0.5174,-0.1958,0.147,0.4602,1.4255,0.1716,-0.8546,-1.4877,-0.6991,-1.5022,-0.6018,-1.1788,-0.7047,-0.616,0.4299,1.5927,0.447,0.6747,0.9631,0.5298,0.8031,1.8312,2.0043,0.7975,-0.8017,-1.5059,-0.4146,-0.5031,1.0538,0.0291,0.0238,-0.6949,-1.4487,-1.3378,-1.3036,-0.5007,1.049,2.3468,3.4443,2.1453,1.7126,0.605,0.6258,0.4425,-1.4322,-1.0611,-1.1167,-1.7803,-1.2282,-0.9446,1.2394,0.8585,-0.0162,0.0375,-1.2854,-0.0151,-0.5793,-0.5626,-0.9188,-0.9305,-0.5458,-0.4111,0.057,-0.0626,0.2482,1.0639,0.426,0.851,-0.1228,-0.1145,0.8056,-0.1219,0.3893,0.0916,0.9394,1.3455,1.5925,1.486,0.2893,0.109,0.2098,-0.7675,-0.3773,-0.979,-0.8735,-1.782,-2.5603,-1.7365,-1.4212,-0.8402,-0.9548,-0.3412,-0.9915,-0.7687,-1.0172,-0.6572,0.7035,-0.1579,0.8082,-0.5162,0.1752,2.1432,2.4308,3.344,2.0648,1.2827,1.0505,0.377,1.8276,-0.1662,-0.0748,-0.0699,0.1905,0.3112,-0.6617,0.0205,-0.1225,-0.529,-1.6072,-1.1108,-0.3755,-0.6124,1.132,0.7205,-0.4569,-0.2358,0.4545,0.0734,0.4874,-0.4461,-1.4209,-0.0365,-0.3746,0.0027,-0.2102,-0.5191,0.7087,-0.4916,0.0137,-0.6712,-0.8761,-0.7608,-0.4928,0.4853,-0.5495,-0.2446,0.4634,-0.3762,0.5467,0.0309,-0.1749,0.1608,-0.7414,0.6606,0.2667,-0.5857,0.0533,-0.3855,-0.0359,-0.1192,-0.0246,0.9902,-0.4208,0.6011,1.7114,-0.4686,-0.2358,0.5846,-0.0247,-0.9073,-0.8036,0.113,1.4042,0.1876,-1.3824,-0.8751,0.4567,0.8859,0.4219,1.066,0.8555,0.6393,0.1827,0.6086,0.6812,-0.5853,0.0184,1.6707,0.4202,0.8682,1.3575,0.4574,0.7561,-1.2034,-0.8281,-0.5581,-1.4927,1.4616,-1.8497,-1.7173,-2.0595
"IC74",0.294,-0.9501,-0.3653,-1.2442,0.353,-0.1757,0.111,-1.1696,0.0466,0.2998,0.7166,0.4367,0.0963,-2.1548,-1.9069,-0.3219,-0.1418,0.4802,0.5132,0.4551,0.2615,1.0014,1.0674,1.0618,1.7601,0.6172,0.9714,0.5805,1.2359,1.5446,1.6505,-0.3082,0.6512,-0.5,-1.6258,-1.4559,-1.9483,-0.7708,0.7205,0.4117,-0.4481,0.2355,0.2661,-0.0215,-0.5637,-0.3632,0.4736,-0.9421,-0.2993,0.5949,-0.6293,-1.6748,-1.3042,0.8831,-0.8,-1.3642,0.0796,-0.0286,-0.8414,-0.3101,-0.8687,-0.566,-0.0146,0.743,0.7376,1.9834,-0.6849,0.4569,1.0591,0.8823,0.2457,0.9603,-0.6256,0.0211,0.4496,0.8543,1.4782,0.5195,0.5741,0.9422,0.6349,0.6004,-0.8942,-0.2356,-0.6475,-0.0331,1.0293,-0.2286,-0.8698,-0.304,-1.0847,-0.6767,-0.2095,-2.2812,-1.1458,0.6963,0.3773,0.0791,-1.6465,-2.0889,-1.8752,0.2832,0.0528,0.5513,1.4968,-0.2152,2.0493,2.4298,1.8428,1.4475,-0.321,0.4406,0.0213,0.6055,-1.6188,-2.2562,-0.6532,-0.3232,1.0107,-0.266,-0.0558,0.1245,-0.3062,0.7657,-0.4965,-0.118,0.8515,-0.1295,-0.0914,-1.1492,-0.6887,-0.7548,-0.6036,0.1403,-0.917,0.537,-0.9987,-0.3585,0.5489,0.7145,0.2488,-0.5675,0.353,1.5127,1.2151,1.6473,1.9863,0.708,-0.2996,0.5402,1.6576,0.0929,0.5664,-0.5576,-1.7405,-1.7273,-1.0448,0.0863,0.1347,-0.611,-1.702,-0.8168,0.4424,-0.1303,-0.5197,-0.3572,0.4448,-0.6111,-1.3721,0.4748,-1.9739,-1.6392,-0.5439,-0.6658,0.6699,1.1624,0.7297,1.0922,3.0245,2.2504,1.0779,-0.3236,0.2311,1.3461,-0.5654,0.2204,0.5181,0.0246,-0.7631,-0.6335,-1.0271,1.2686,0.6939,-0.2766,-0.388,0.4274,-0.9537,-1.6725,0.9261,0.5353,1.5779,0.3617,-2.2589,-1.6844
"IC75",1.2318,-0.2445,-0.2211,-0.9698,0.7182,0.0881,0.7018,-1.279,-0.387,-0.7671,-1.0473,-0.9203,-0.5699,-1.076,-0.7272,-0.0948,0.264,0.223,0.67,-0.4502,-0.4635,1.0521,0.5766,0.2404,0.7199,0.2045,1.0593,0.675,0.1035,0.0798,-0.1041,-1.6414,0.5904,1.2039,-0.1123,-0.3008,-0.7826,-0.6376,0.4452,-0.2131,0.1647,0.9796,1.5432,1.5221,1.0741,1.4247,0.6175,-0.7235,-0.3388,0.6467,0.3593,-0.6528,-0.277,0.0953,-0.9905,-0.6552,-0.8741,0.1885,0.512,0.7321,-0.6888,-1.1209,-0.2082,-0.2179,0.2201,-0.3532,-2.0323,-0.4885,-0.398,0.1438,0.4334,0.5025,-0.8537,-1.1415,0.1593,0.2288,0.8698,-0.2297,-0.0712,2.0619,1.2154,0.9816,-1.0538,-0.7124,-0.2346,-0.2392,0.7006,-0.9969,0.0821,0.2178,-1.0714,-0.0719,-0.6637,-1.6974,-0.7056,0.4034,1.5569,1.4886,1.4785,0.3272,-1.8978,-1.269,-1.1436,-0.5591,-0.4885,-0.0175,1.0733,2.1184,3.364,2.1248,0.1802,-0.3142,0.0699,1.0837,-1.1567,-1.1396,-1.0828,-0.8254,0.2502,-1.3601,-0.5772,-0.4123,-0.4217,0.0625,-0.6621,0.1215,0.8719,1.112,0.9182,-0.4115,-1.2518,-1.5306,0.011,0.1273,-0.0852,1.081,-0.1352,-0.0022,0.0407,1.6766,1.8647,1.1877,1.4469,1.5971,1.1058,0.8392,-0.2118,-1.1322,-1.6048,-1.395,-0.8414,-0.2453,-0.1934,-0.8985,-1.7297,-1.7658,-1.2981,-1.0094,-0.1858,-0.1271,-0.8447,-0.6715,-0.8398,-0.5712,-1.0911,-0.8296,0.8398,0.8539,1.7564,1.1994,-0.5029,-0.57,-0.1657,0.0908,1.3409,1.8105,1.3066,1.3391,2.0035,0.7171,-0.7095,-1.987,-0.9766,0.2192,0.8258,1.5391,1.3552,0.5127,-0.7693,-0.5298,0.7195,0.681,1.3675,1.5468,2.1242,0.4916,-0.6577,-1.6398,-1.392,-1.4127,-0.7878,0.1367,-1.3947,-2.387
"IC76",1.2207,-0.37,-0.1568,0.4555,0.248,-0.5706,-0.9278,-1.2236,-1.3,-0.8637,0.5319,0.731,0.2195,-1.0528,-1.1823,-1.1828,-0.3407,-0.2984,-0.2574,0.7511,0.6257,0.5825,0.6035,0.3405,-0.6396,-0.4778,-0.7401,0.2342,0.9425,0.6749,1.9869,2.772,1.9378,0.2657,0.4321,0.2473,0.105,0.6383,-0.0282,-0.3852,-0.2268,-0.1479,-0.4639,0.039,0.8301,0.4847,0.942,0.8807,0.4081,0.9617,-1.8752,-2.735,-1.5305,-0.6487,0.2346,0.3677,0.0873,-0.3525,-0.3981,-0.1513,-1.0623,-1.2701,-1.3117,-0.3523,-0.0929,-0.4202,0.1152,0.0454,0.1995,-0.3518,-1.2754,-0.9246,-0.7226,-0.4737,-0.4159,0.5462,1.486,1.1416,1.1087,1.5693,2.0388,1.5139,-1.0555,-2.1321,-1.4903,-0.9679,-0.0559,0.5182,0.8339,0.4793,0.5323,0.6554,1.3199,0.4481,-0.9872,-0.5098,-0.013,0.9379,0.1468,-0.2177,-0.4391,-0.2103,0.4599,0.7976,0.4122,0.5349,0.8141,0.9559,0.2209,-0.3522,0.004,-0.567,0.5383,0.2481,-0.5718,-0.9203,-0.1957,0.5718,0.2932,0.2521,-0.3111,0.1149,0.4186,0.3275,-0.5957,-0.2867,0.2461,0.0722,-0.9209,-1.8423,-1.19,-1.2628,-1.3528,-2.088,-1.6362,-1.0679,-1.5293,-1.3363,-1.3649,-0.6795,0.5384,1.566,2.1037,2.3201,2.7763,1.809,0.7615,0.4735,0.1688,1.3671,2.2645,1.6277,1.3506,0.6692,-0.2513,-0.8901,-0.5371,0.8643,-0.1628,-0.1532,-0.5186,-1.3746,-1.2314,-2.0282,-1.4824,-0.6203,-0.6402,-0.5282,-1.0826,-0.8776,-0.4375,-0.7826,-1.0055,0.2246,0.575,1.4393,1.4462,-0.0886,1.4832,1.6291,1.4305,1.0728,0.3083,2.1568,1.1557,0.782,-0.9501,-1.3177,-0.1223,-1.0909,-0.8218,0.3633,0.2244,0.302,-0.7683,-1.1645,-0.9716,-1.2206,-0.7577,0.7851,1.2648,-0.1102,-0.5666,-0.0987
"IC77",0.8561,-0.2965,-0.1357,-0.7344,-0.3175,-0.2852,-0.8358,-1.3872,-0.205,0.5482,0.3388,0.4728,0.2995,-0.9018,-0.9272,0.07,1.1132,1.2262,0.3877,0.2036,-0.3591,0.1266,0.5561,0.9765,0.7455,-0.5438,0.2153,-0.1353,0.5576,-0.0597,-0.6318,-2.4288,0.6213,1.4828,0.3537,-0.0924,-0.3867,-0.0607,0.226,0.1571,0.4346,0.0702,0.6204,0.5503,-0.0344,-0.2778,-0.8232,0.2538,-0.207,-0.1624,-0.4213,-0.2919,0.2355,-1.4989,-2.057,-0.4103,0.5471,1.7072,0.8063,-0.576,-1.3499,-1.1073,0.5417,1.0752,1.7413,0.423,-0.123,0.7373,-0.3601,-0.2115,1.047,1.6515,1.4363,-0.1574,0.2341,-0.6847,-1.7657,-3.2383,-2.9232,-0.8588,0.6844,2.0174,0.1799,-0.8368,-0.7863,1.178,1.5415,0.1393,0.4466,1.4622,-0.0092,-0.1666,-1.69,-1.807,-1.2713,-0.0211,0.8155,0.4687,1.2151,-1.1766,-1.8029,-1.2165,-0.5855,0.8258,-0.3195,1.0129,2.6402,1.7962,1.7112,0.0123,1.4307,1.878,1.5968,2.0018,-0.6931,-0.9189,0.0385,0.56,0.632,-0.5455,-0.3235,-0.3474,-0.0813,-0.935,-1.7512,-2.1504,-1.2182,-0.7438,-0.8294,-2.388,-1.4971,-0.8912,-0.1551,0.2779,0.2904,-0.0123,-1.3153,-0.9767,-0.2533,-0.1861,0.2517,0.4376,0.6056,1.1114,0.4956,0.4314,-0.0933,0.3149,0.4113,0.1297,1.9477,2.0332,1.6656,1.504,0.5336,0.2467,-0.561,-0.3059,1.1458,0.5885,0.0694,0.3017,-0.2361,0.0027,-0.2975,0.2357,0.6532,-0.7916,-0.6251,-0.7333,-1.6634,-1.6662,-0.7866,-0.6995,0.0472,-0.3464,-0.3974,-0.6815,-0.0821,-1.4167,-1.9917,-1.0032,-0.0931,0.5999,1.479,1.7344,1.4717,0.5459,0.5364,0.5813,0.9661,1.1368,0.8807,0.0312,0.4036,0.3007,0.3478,-0.3472,-0.4527,-0.0266,-0.7253,-0.8079,-0.6689,-1.0128
